file_name,accession,name,full_header,scientific_name
PQ997912.fasta,PQ997912.1,"Abroma augustum chloroplast, complete genome","PQ997912.1 Abroma augustum chloroplast, complete genome",Abroma augustum
PV582056.fasta,PV582056.1,"Abrus bottae voucher UQU_GT2026 chloroplast, complete genome","PV582056.1 Abrus bottae voucher UQU_GT2026 chloroplast, complete genome",Abrus bottae
PX334442.fasta,PX334442.1,"Abutilon abutiloides chloroplast, complete genome","PX334442.1 Abutilon abutiloides chloroplast, complete genome",Abutilon abutiloides
PX334443.fasta,PX334443.1,"Abutilon angulatum chloroplast, complete genome","PX334443.1 Abutilon angulatum chloroplast, complete genome",Abutilon angulatum
PX334445.fasta,PX334445.1,"Abutilon geranioides chloroplast, complete genome","PX334445.1 Abutilon geranioides chloroplast, complete genome",Abutilon geranioides
PX334446.fasta,PX334446.1,"Abutilon grandifolium chloroplast, complete genome","PX334446.1 Abutilon grandifolium chloroplast, complete genome",Abutilon grandifolium
PX334447.fasta,PX334447.1,"Abutilon hirtum chloroplast, complete genome","PX334447.1 Abutilon hirtum chloroplast, complete genome",Abutilon hirtum
PP897811.fasta,PP897811.1,"Abutilon indicum chloroplast, complete genome","PP897811.1 Abutilon indicum chloroplast, complete genome",Abutilon indicum
PX334444.fasta,PX334444.1,"Abutilon longicuspe chloroplast, complete genome","PX334444.1 Abutilon longicuspe chloroplast, complete genome",Abutilon longicuspe
OR162026.fasta,OR162026.1,"Abutilon theophrasti chloroplast, complete genome","OR162026.1 Abutilon theophrasti chloroplast, complete genome",Abutilon theophrasti
PV870721.fasta,PV870721.1,"Acaciella angustissima voucher 27548-MO chloroplast, complete genome","PV870721.1 Acaciella angustissima voucher 27548-MO chloroplast, complete genome",Acaciella angustissima
PZ094841.fasta,PZ094841.1,"Acanthophyllum aculeatum chloroplast, complete genome","PZ094841.1 Acanthophyllum aculeatum chloroplast, complete genome",Acanthophyllum aculeatum
PV995244.fasta,PV995244.1,"Acanthophyllum coloratum var. eglandulosum voucher YZP001504 chloroplast, complete genome","PV995244.1 Acanthophyllum coloratum var. eglandulosum voucher YZP001504 chloroplast, complete genome",Acanthophyllum coloratum
PX309500.fasta,PX309500.1,"Acer palmatum chloroplast, complete genome","PX309500.1 Acer palmatum chloroplast, complete genome",Acer palmatum
PQ380007.fasta,PQ380007.1,"Acer pictum subsp. okamotoanum chloroplast, complete genome","PQ380007.1 Acer pictum subsp. okamotoanum chloroplast, complete genome",Acer pictum
PP328799.fasta,PP328799.1,"Acer pseudoplatanus chloroplast, complete genome","PP328799.1 Acer pseudoplatanus chloroplast, complete genome",Acer pseudoplatanus
PP078684.fasta,PP078684.1,"Acer sinopurpurascens isolate ZXX21389 chloroplast, complete genome","PP078684.1 Acer sinopurpurascens isolate ZXX21389 chloroplast, complete genome",Acer sinopurpurascens
PQ412534.fasta,PQ412534.1,"Achillea ptarmica cultivar YAF01 chloroplast, complete genome","PQ412534.1 Achillea ptarmica cultivar YAF01 chloroplast, complete genome",Achillea ptarmica
PP316502.fasta,PP316502.1,"Achnatherum calamagrostis chloroplast, complete genome","PP316502.1 Achnatherum calamagrostis chloroplast, complete genome",Achnatherum calamagrostis
OR738466.fasta,OR738466.1,"Achyrocline hyperchlora chloroplast, complete genome","OR738466.1 Achyrocline hyperchlora chloroplast, complete genome",Achyrocline hyperchlora
PQ576951.fasta,PQ576951.1,"Acidosasa glauca voucher NZY152 chloroplast, complete genome","PQ576951.1 Acidosasa glauca voucher NZY152 chloroplast, complete genome",Acidosasa glauca
PQ576950.fasta,PQ576950.1,"Acidosasa purpurea voucher NZY041 chloroplast, complete genome","PQ576950.1 Acidosasa purpurea voucher NZY041 chloroplast, complete genome",Acidosasa purpurea
PP681647.fasta,PP681647.1,"Acidosasa venusta voucher XNH12 chloroplast, complete genome","PP681647.1 Acidosasa venusta voucher XNH12 chloroplast, complete genome",Acidosasa venusta
PV409667.fasta,PV409667.1,"Acis autumnalis chloroplast, complete genome","PV409667.1 Acis autumnalis chloroplast, complete genome",Acis autumnalis
PQ539379.fasta,PQ539379.1,"Acmispon americanus chloroplast, complete genome","PQ539379.1 Acmispon americanus chloroplast, complete genome",Acmispon americanus
PQ539367.fasta,PQ539367.1,"Acmispon glaber chloroplast, complete genome","PQ539367.1 Acmispon glaber chloroplast, complete genome",Acmispon glaber
PQ539368.fasta,PQ539368.1,"Acmispon parviflorus chloroplast, complete genome","PQ539368.1 Acmispon parviflorus chloroplast, complete genome",Acmispon parviflorus
PX380619.fasta,PX380619.1,"Aconitum alboviolaceum isolate XL01 chloroplast, complete genome","PX380619.1 Aconitum alboviolaceum isolate XL01 chloroplast, complete genome",Aconitum alboviolaceum
PX380620.fasta,PX380620.1,"Aconitum anthoroideum isolate 20240716001 chloroplast, complete genome","PX380620.1 Aconitum anthoroideum isolate 20240716001 chloroplast, complete genome",Aconitum anthoroideum
PX686330.fasta,PX686330.1,"Aconitum brunneum chloroplast, complete genome","PX686330.1 Aconitum brunneum chloroplast, complete genome",Aconitum brunneum
PX380622.fasta,PX380622.1,"Aconitum chrysotrichum isolate 20200806001 chloroplast, complete genome","PX380622.1 Aconitum chrysotrichum isolate 20200806001 chloroplast, complete genome",Aconitum chrysotrichum
PX380623.fasta,PX380623.1,"Aconitum coreanum isolate 2024092307 chloroplast, complete genome","PX380623.1 Aconitum coreanum isolate 2024092307 chloroplast, complete genome",Aconitum coreanum
PX380624.fasta,PX380624.1,"Aconitum fischeri var. arcuatum isolate 2024092305 chloroplast, complete genome","PX380624.1 Aconitum fischeri var. arcuatum isolate 2024092305 chloroplast, complete genome",Aconitum fischeri
PX380625.fasta,PX380625.1,"Aconitum flavum isolate WH061 chloroplast, complete genome","PX380625.1 Aconitum flavum isolate WH061 chloroplast, complete genome",Aconitum flavum
PX380626.fasta,PX380626.1,"Aconitum glandulosum isolate 20240803009 chloroplast, complete genome","PX380626.1 Aconitum glandulosum isolate 20240803009 chloroplast, complete genome",Aconitum glandulosum
PX380627.fasta,PX380627.1,"Aconitum hemsleyanum isolate 20200804017 chloroplast, complete genome","PX380627.1 Aconitum hemsleyanum isolate 20200804017 chloroplast, complete genome",Aconitum hemsleyanum
PX781441.fasta,PX781441.1,"Aconitum heterophyllum voucher 8658KASH chloroplast, complete genome","PX781441.1 Aconitum heterophyllum voucher 8658KASH chloroplast, complete genome",Aconitum heterophyllum
PX686329.fasta,PX686329.1,"Aconitum karakolicum chloroplast, complete genome","PX686329.1 Aconitum karakolicum chloroplast, complete genome",Aconitum karakolicum
PX380629.fasta,PX380629.1,"Aconitum kirinense isolate 2024092302 chloroplast, complete genome","PX380629.1 Aconitum kirinense isolate 2024092302 chloroplast, complete genome",Aconitum kirinense
PX380630.fasta,PX380630.1,"Aconitum kongboense isolate WH011 chloroplast, complete genome","PX380630.1 Aconitum kongboense isolate WH011 chloroplast, complete genome",Aconitum kongboense
PX380631.fasta,PX380631.1,"Aconitum kusnezoffii isolate 2024092309 chloroplast, complete genome","PX380631.1 Aconitum kusnezoffii isolate 2024092309 chloroplast, complete genome",Aconitum kusnezoffii
PX380632.fasta,PX380632.1,"Aconitum lethale isolate WH021 chloroplast, complete genome","PX380632.1 Aconitum lethale isolate WH021 chloroplast, complete genome",Aconitum lethale
PX380635.fasta,PX380635.1,"Aconitum leucostomum var. hopeiense isolate 2022082401 chloroplast, complete genome","PX380635.1 Aconitum leucostomum var. hopeiense isolate 2022082401 chloroplast, complete genome",Aconitum leucostomum
PX380636.fasta,PX380636.1,"Aconitum ludlowii isolate YD007 chloroplast, complete genome","PX380636.1 Aconitum ludlowii isolate YD007 chloroplast, complete genome",Aconitum ludlowii
PX380637.fasta,PX380637.1,"Aconitum macrorhynchum isolate 2024092303 chloroplast, complete genome","PX380637.1 Aconitum macrorhynchum isolate 2024092303 chloroplast, complete genome",Aconitum macrorhynchum
PP316503.fasta,PP316503.1,"Aconitum napellus chloroplast, complete genome","PP316503.1 Aconitum napellus chloroplast, complete genome",Aconitum napellus
PX380639.fasta,PX380639.1,"Aconitum naviculare isolate WH030 chloroplast, complete genome","PX380639.1 Aconitum naviculare isolate WH030 chloroplast, complete genome",Aconitum naviculare
PX380640.fasta,PX380640.1,"Aconitum pendulum isolate 2023080806 chloroplast, complete genome","PX380640.1 Aconitum pendulum isolate 2023080806 chloroplast, complete genome",Aconitum pendulum
PX380641.fasta,PX380641.1,"Aconitum pulchellum isolate 2022080905 chloroplast, complete genome","PX380641.1 Aconitum pulchellum isolate 2022080905 chloroplast, complete genome",Aconitum pulchellum
PX686331.fasta,PX686331.1,"Aconitum refractum chloroplast, complete genome","PX686331.1 Aconitum refractum chloroplast, complete genome",Aconitum refractum
PX380643.fasta,PX380643.1,"Aconitum rotundifolium isolate 20240809004 chloroplast, complete genome","PX380643.1 Aconitum rotundifolium isolate 20240809004 chloroplast, complete genome",Aconitum rotundifolium
PX380644.fasta,PX380644.1,"Aconitum scaposum isolate 2023041402 chloroplast, complete genome","PX380644.1 Aconitum scaposum isolate 2023041402 chloroplast, complete genome",Aconitum scaposum
PX380645.fasta,PX380645.1,"Aconitum sinomontanum isolate 2022062401 chloroplast, complete genome","PX380645.1 Aconitum sinomontanum isolate 2022062401 chloroplast, complete genome",Aconitum sinomontanum
PX380646.fasta,PX380646.1,"Aconitum soongaricum isolate 20240802010 chloroplast, complete genome","PX380646.1 Aconitum soongaricum isolate 20240802010 chloroplast, complete genome",Aconitum soongaricum
PX380647.fasta,PX380647.1,"Aconitum spiripetalum isolate WH063 chloroplast, complete genome","PX380647.1 Aconitum spiripetalum isolate WH063 chloroplast, complete genome",Aconitum spiripetalum
PX380648.fasta,PX380648.1,"Aconitum tanguticum isolate 20200805003 chloroplast, complete genome","PX380648.1 Aconitum tanguticum isolate 20200805003 chloroplast, complete genome",Aconitum tanguticum
PX380649.fasta,PX380649.1,"Aconitum tatsienense isolate 20200804019 chloroplast, complete genome","PX380649.1 Aconitum tatsienense isolate 20200804019 chloroplast, complete genome",Aconitum tatsienense
PP316504.fasta,PP316504.1,"Aconitum tauricum chloroplast, complete genome","PP316504.1 Aconitum tauricum chloroplast, complete genome",Aconitum tauricum
PX380650.fasta,PX380650.1,"Aconitum vilmorinianum isolate 2022080310 chloroplast, complete genome","PX380650.1 Aconitum vilmorinianum isolate 2022080310 chloroplast, complete genome",Aconitum vilmorinianum
PV364611.fasta,PV364611.1,"Aconitum violaceum chloroplast, complete genome","PV364611.1 Aconitum violaceum chloroplast, complete genome",Aconitum violaceum
PQ675796.fasta,PQ675796.1,"Aconogonon microcarpum chloroplast, complete genome","PQ675796.1 [Aconogonon] microcarpum chloroplast, complete genome",Aconogonon microcarpum
OR855733.fasta,OR855733.1,"Acorus gramineus voucher DBS01265 chloroplast, complete genome","OR855733.1 Acorus gramineus voucher DBS01265 chloroplast, complete genome",Acorus gramineus
PQ456445.fasta,PQ456445.1,"Acorus shannai isolate 2 chloroplast, complete genome","PQ456445.1 Acorus shannai isolate 2 chloroplast, complete genome",Acorus shannai
PV870684.fasta,PV870684.1,"Acosmium lentiscifolium voucher Cardoso 2216-HUEFS chloroplast, complete genome","PV870684.1 Acosmium lentiscifolium voucher Cardoso 2216-HUEFS chloroplast, complete genome",Acosmium lentiscifolium
PX652373.fasta,PX652373.1,"Acrisione denticulata voucher L chloroplast, complete genome","PX652373.1 Acrisione denticulata voucher L chloroplast, complete genome",Acrisione denticulata
PP531564.fasta,PP531564.1,"Acronema astrantiifolium chloroplast, complete genome","PP531564.1 Acronema astrantiifolium chloroplast, complete genome",Acronema astrantiifolium
PP531566.fasta,PP531566.1,"Acronema chienii chloroplast, complete genome","PP531566.1 Acronema chienii chloroplast, complete genome",Acronema chienii
PP531560.fasta,PP531560.1,"Acronema chinense var. humile chloroplast, complete genome","PP531560.1 Acronema chinense var. humile chloroplast, complete genome",Acronema chinense
PP531557.fasta,PP531557.1,"Acronema commutatum chloroplast, complete genome","PP531557.1 Acronema commutatum chloroplast, complete genome",Acronema commutatum
PP531565.fasta,PP531565.1,"Acronema crassifolium chloroplast, complete genome","PP531565.1 Acronema crassifolium chloroplast, complete genome",Acronema crassifolium
PP531563.fasta,PP531563.1,"Acronema forrestii chloroplast, complete genome","PP531563.1 Acronema forrestii chloroplast, complete genome",Acronema forrestii
PP531556.fasta,PP531556.1,"Acronema gracile chloroplast, complete genome","PP531556.1 Acronema gracile chloroplast, complete genome",Acronema gracile
PP531555.fasta,PP531555.1,"Acronema graminifolium chloroplast, complete genome","PP531555.1 Acronema graminifolium chloroplast, complete genome",Acronema graminifolium
PP531554.fasta,PP531554.1,"Acronema handelii chloroplast, complete genome","PP531554.1 Acronema handelii chloroplast, complete genome",Acronema handelii
PP531553.fasta,PP531553.1,"Acronema hookeri chloroplast, complete genome","PP531553.1 Acronema hookeri chloroplast, complete genome",Acronema hookeri
PP531558.fasta,PP531558.1,"Acronema minus chloroplast, complete genome","PP531558.1 Acronema minus chloroplast, complete genome",Acronema minus
PP531561.fasta,PP531561.1,"Acronema muscicola chloroplast, complete genome","PP531561.1 Acronema muscicola chloroplast, complete genome",Acronema muscicola
PX091988.fasta,PX091988.1,"Acronema nervosum chloroplast, complete genome","PX091988.1 Acronema nervosum chloroplast, complete genome",Acronema nervosum
PP531552.fasta,PP531552.1,"Acronema paniculatum chloroplast, complete genome","PP531552.1 Acronema paniculatum chloroplast, complete genome",Acronema paniculatum
PP531562.fasta,PP531562.1,"Acronema schneideri chloroplast, complete genome","PP531562.1 Acronema schneideri chloroplast, complete genome",Acronema schneideri
PP531545.fasta,PP531545.1,"Acronema tenerum chloroplast, complete genome","PP531545.1 Acronema tenerum chloroplast, complete genome",Acronema tenerum
PQ675797.fasta,PQ675797.1,"Actaea dahurica chloroplast, complete genome","PQ675797.1 Actaea dahurica chloroplast, complete genome",Actaea dahurica
PQ675798.fasta,PQ675798.1,"Actaea heracleifolia chloroplast, complete genome","PQ675798.1 Actaea heracleifolia chloroplast, complete genome",Actaea heracleifolia
PQ675799.fasta,PQ675799.1,"Actaea simplex chloroplast, complete genome","PQ675799.1 Actaea simplex chloroplast, complete genome",Actaea simplex
PP316505.fasta,PP316505.1,"Actaea spicata chloroplast, complete genome","PP316505.1 Actaea spicata chloroplast, complete genome",Actaea spicata
PZ096696.fasta,PZ096696.1,"Actaea vaginata chloroplast, complete genome","PZ096696.1 Actaea vaginata chloroplast, complete genome",Actaea vaginata
OM949906.fasta,OM949906.1,"Actinidia arguta var. hypoleuca voucher Lixw2019-85 chloroplast, complete genome","OM949906.1 Actinidia arguta var. hypoleuca voucher Lixw2019-85 chloroplast, complete genome",Actinidia arguta
OM949886.fasta,OM949886.1,"Actinidia callosa var. henryi voucher Lixw2772 chloroplast, complete genome","OM949886.1 Actinidia callosa var. henryi voucher Lixw2772 chloroplast, complete genome",Actinidia callosa
OM949912.fasta,OM949912.1,"Actinidia chengkouensis voucher Lixw2725 chloroplast, complete genome","OM949912.1 Actinidia chengkouensis voucher Lixw2725 chloroplast, complete genome",Actinidia chengkouensis
ON880467.fasta,ON880467.1,"Actinidia chinensis voucher Lixw2016-136 chloroplast, complete genome","ON880467.1 Actinidia chinensis voucher Lixw2016-136 chloroplast, complete genome",Actinidia chinensis
OM949890.fasta,OM949890.1,"Actinidia chrysantha voucher Lixw2844 chloroplast, complete genome","OM949890.1 Actinidia chrysantha voucher Lixw2844 chloroplast, complete genome",Actinidia chrysantha
OM949905.fasta,OM949905.1,"Actinidia cylindrica voucher Lixw2010-34 chloroplast, complete genome","OM949905.1 Actinidia cylindrica voucher Lixw2010-34 chloroplast, complete genome",Actinidia cylindrica
ON880466.fasta,ON880466.1,"Actinidia deliciosa voucher Lixw2017-1719 chloroplast, complete genome","ON880466.1 Actinidia deliciosa voucher Lixw2017-1719 chloroplast, complete genome",Actinidia deliciosa
OM949893.fasta,OM949893.1,"Actinidia eriantha voucher Lixw2870 chloroplast, complete genome","OM949893.1 Actinidia eriantha voucher Lixw2870 chloroplast, complete genome",Actinidia eriantha
OM949917.fasta,OM949917.1,"Actinidia farinosa voucher Lixw2760 chloroplast, complete genome","OM949917.1 Actinidia farinosa voucher Lixw2760 chloroplast, complete genome",Actinidia farinosa
OM949913.fasta,OM949913.1,"Actinidia fasciculoides voucher Lixw2740 chloroplast, complete genome","OM949913.1 Actinidia fasciculoides voucher Lixw2740 chloroplast, complete genome",Actinidia fasciculoides
OM949932.fasta,OM949932.1,"Actinidia fortunatii voucher Lixw2742 chloroplast, complete genome","OM949932.1 Actinidia fortunatii voucher Lixw2742 chloroplast, complete genome",Actinidia fortunatii
OM949920.fasta,OM949920.1,"Actinidia fulvicoma voucher Lixw2755 chloroplast, complete genome","OM949920.1 Actinidia fulvicoma voucher Lixw2755 chloroplast, complete genome",Actinidia fulvicoma
OM949892.fasta,OM949892.1,"Actinidia glaucocallosa voucher Lixw2858 chloroplast, complete genome","OM949892.1 Actinidia glaucocallosa voucher Lixw2858 chloroplast, complete genome",Actinidia glaucocallosa
OM949889.fasta,OM949889.1,"Actinidia glaucophylla voucher Lixw2843 chloroplast, complete genome","OM949889.1 Actinidia glaucophylla voucher Lixw2843 chloroplast, complete genome",Actinidia glaucophylla
OM949914.fasta,OM949914.1,"Actinidia grandiflora voucher Lixw2727 chloroplast, complete genome","OM949914.1 Actinidia grandiflora voucher Lixw2727 chloroplast, complete genome",Actinidia grandiflora
OM949894.fasta,OM949894.1,"Actinidia hemsleyana voucher Lixw2871 chloroplast, complete genome","OM949894.1 Actinidia hemsleyana voucher Lixw2871 chloroplast, complete genome",Actinidia hemsleyana
OM949904.fasta,OM949904.1,"Actinidia henryi voucher Lixw2759 chloroplast, complete genome","OM949904.1 Actinidia henryi voucher Lixw2759 chloroplast, complete genome",Actinidia henryi
OM949927.fasta,OM949927.1,"Actinidia holotricha voucher Lixw2729 chloroplast, complete genome","OM949927.1 Actinidia holotricha voucher Lixw2729 chloroplast, complete genome",Actinidia holotricha
OM949937.fasta,OM949937.1,"Actinidia hubeiensis isolate SRR3723870 chloroplast, complete genome","OM949937.1 Actinidia hubeiensis isolate SRR3723870 chloroplast, complete genome",Actinidia hubeiensis
OM949936.fasta,OM949936.1,"Actinidia indochinensis voucher Lixw2754 chloroplast, complete genome","OM949936.1 Actinidia indochinensis voucher Lixw2754 chloroplast, complete genome",Actinidia indochinensis
OM949897.fasta,OM949897.1,"Actinidia kolomikta voucher Lixw2892 chloroplast, complete genome","OM949897.1 Actinidia kolomikta voucher Lixw2892 chloroplast, complete genome",Actinidia kolomikta
OM949921.fasta,OM949921.1,"Actinidia laevissima voucher Lixw2010-100 chloroplast, complete genome","OM949921.1 Actinidia laevissima voucher Lixw2010-100 chloroplast, complete genome",Actinidia laevissima
OM949902.fasta,OM949902.1,"Actinidia lanceolata voucher Lixw3013 chloroplast, complete genome","OM949902.1 Actinidia lanceolata voucher Lixw3013 chloroplast, complete genome",Actinidia lanceolata
OM949887.fasta,OM949887.1,"Actinidia latifolia voucher Lixw2774 chloroplast, complete genome","OM949887.1 Actinidia latifolia voucher Lixw2774 chloroplast, complete genome",Actinidia latifolia
OM949922.fasta,OM949922.1,"Actinidia liangguangensis voucher Lixw2755_1 chloroplast, complete genome","OM949922.1 Actinidia liangguangensis voucher Lixw2755_1 chloroplast, complete genome",Actinidia liangguangensis
OM949923.fasta,OM949923.1,"Actinidia lijiangensis voucher Lixw2018-73 chloroplast, complete genome","OM949923.1 Actinidia lijiangensis voucher Lixw2018-73 chloroplast, complete genome",Actinidia lijiangensis
OM949924.fasta,OM949924.1,"Actinidia linguiensis voucher Lixw2020-8752 chloroplast, complete genome","OM949924.1 Actinidia linguiensis voucher Lixw2020-8752 chloroplast, complete genome",Actinidia linguiensis
OM949907.fasta,OM949907.1,"Actinidia longicarpa voucher Lixw2019-84 chloroplast, complete genome","OM949907.1 Actinidia longicarpa voucher Lixw2019-84 chloroplast, complete genome",Actinidia longicarpa
OM949891.fasta,OM949891.1,"Actinidia macrosperma voucher Lixw2854 chloroplast, complete genome","OM949891.1 Actinidia macrosperma voucher Lixw2854 chloroplast, complete genome",Actinidia macrosperma
OM949901.fasta,OM949901.1,"Actinidia melanandra voucher Lixw2996 chloroplast, complete genome","OM949901.1 Actinidia melanandra voucher Lixw2996 chloroplast, complete genome",Actinidia melanandra
OM949926.fasta,OM949926.1,"Actinidia melliana voucher Lixw2755_2 chloroplast, complete genome","OM949926.1 Actinidia melliana voucher Lixw2755_2 chloroplast, complete genome",Actinidia melliana
OM949915.fasta,OM949915.1,"Actinidia obovata voucher Lixw2745 chloroplast, complete genome","OM949915.1 Actinidia obovata voucher Lixw2745 chloroplast, complete genome",Actinidia obovata
OM949931.fasta,OM949931.1,"Actinidia persicina voucher Lixw2019-82 chloroplast, complete genome","OM949931.1 Actinidia persicina voucher Lixw2019-82 chloroplast, complete genome",Actinidia persicina
OM949918.fasta,OM949918.1,"Actinidia pilosula voucher Lixw2749 chloroplast, complete genome","OM949918.1 Actinidia pilosula voucher Lixw2749 chloroplast, complete genome",Actinidia pilosula
OM949899.fasta,OM949899.1,"Actinidia polygama voucher Lixw2894 chloroplast, complete genome","OM949899.1 Actinidia polygama voucher Lixw2894 chloroplast, complete genome",Actinidia polygama
OM949928.fasta,OM949928.1,"Actinidia rongshuiensis voucher Lixw2019-81 chloroplast, complete genome","OM949928.1 Actinidia rongshuiensis voucher Lixw2019-81 chloroplast, complete genome",Actinidia rongshuiensis
OM949903.fasta,OM949903.1,"Actinidia rubricaulis var. coriacea voucher Lixw3015 chloroplast, complete genome","OM949903.1 Actinidia rubricaulis var. coriacea voucher Lixw3015 chloroplast, complete genome",Actinidia rubricaulis
OM949934.fasta,OM949934.1,"Actinidia rubus voucher Lixw2732 chloroplast, complete genome","OM949934.1 Actinidia rubus voucher Lixw2732 chloroplast, complete genome",Actinidia rubus
OM949911.fasta,OM949911.1,"Actinidia rudis voucher Lixw2753 chloroplast, complete genome","OM949911.1 Actinidia rudis voucher Lixw2753 chloroplast, complete genome",Actinidia rudis
OM949930.fasta,OM949930.1,"Actinidia rufa voucher Lixw2018-70 chloroplast, complete genome","OM949930.1 Actinidia rufa voucher Lixw2018-70 chloroplast, complete genome",Actinidia rufa
OM949919.fasta,OM949919.1,"Actinidia rufotricha voucher Lixw2750 chloroplast, complete genome","OM949919.1 Actinidia rufotricha voucher Lixw2750 chloroplast, complete genome",Actinidia rufotricha
OM949895.fasta,OM949895.1,"Actinidia sabiifolia voucher Lixw2877 chloroplast, complete genome","OM949895.1 Actinidia sabiifolia voucher Lixw2877 chloroplast, complete genome",Actinidia sabiifolia
OM949885.fasta,OM949885.1,"Actinidia sorbifolia voucher Lixw2741 chloroplast, complete genome","OM949885.1 Actinidia sorbifolia voucher Lixw2741 chloroplast, complete genome",Actinidia sorbifolia
OM949908.fasta,OM949908.1,"Actinidia styracifolia voucher Lixw2018-78 chloroplast, complete genome","OM949908.1 Actinidia styracifolia voucher Lixw2018-78 chloroplast, complete genome",Actinidia styracifolia
OM949909.fasta,OM949909.1,"Actinidia suberifolia voucher Lixw2010-233 chloroplast, complete genome","OM949909.1 Actinidia suberifolia voucher Lixw2010-233 chloroplast, complete genome",Actinidia suberifolia
OM949910.fasta,OM949910.1,"Actinidia tetramera voucher Lixw2761 chloroplast, complete genome","OM949910.1 Actinidia tetramera voucher Lixw2761 chloroplast, complete genome",Actinidia tetramera
PX754132.fasta,PX754132.1,"Actinidia trichogyna chloroplast, complete genome","PX754132.1 Actinidia trichogyna chloroplast, complete genome",Actinidia trichogyna
OM949929.fasta,OM949929.1,"Actinidia umbelloides voucher Lixw2736 chloroplast, complete genome","OM949929.1 Actinidia umbelloides voucher Lixw2736 chloroplast, complete genome",Actinidia umbelloides
OM949896.fasta,OM949896.1,"Actinidia valvata voucher Lixw2883 chloroplast, complete genome","OM949896.1 Actinidia valvata voucher Lixw2883 chloroplast, complete genome",Actinidia valvata
OM949933.fasta,OM949933.1,"Actinidia venosa voucher Lixw2730 chloroplast, complete genome","OM949933.1 Actinidia venosa voucher Lixw2730 chloroplast, complete genome",Actinidia venosa
OM949884.fasta,OM949884.1,"Actinidia vitifolia voucher Lixw2018-57 chloroplast, complete genome","OM949884.1 Actinidia vitifolia voucher Lixw2018-57 chloroplast, complete genome",Actinidia vitifolia
OM949935.fasta,OM949935.1,"Actinidia zhejiangensis voucher Lixw2018-75 chloroplast, complete genome","OM949935.1 Actinidia zhejiangensis voucher Lixw2018-75 chloroplast, complete genome",Actinidia zhejiangensis
PV938953.fasta,PV938953.1,"Actinostemma tenerum chloroplast, complete genome","PV938953.1 Actinostemma tenerum chloroplast, complete genome",Actinostemma tenerum
MT052998.fasta,MT052998.1,"Adansonia digitata voucher PDBK2014-1798 chloroplast, complete genome","MT052998.1 Adansonia digitata voucher PDBK2014-1798 chloroplast, complete genome",Adansonia digitata
MT052999.fasta,MT052999.1,"Adansonia grandidieri voucher PDBK2014-1838 chloroplast, complete genome","MT052999.1 Adansonia grandidieri voucher PDBK2014-1838 chloroplast, complete genome",Adansonia grandidieri
MT053000.fasta,MT053000.1,"Adansonia gregorii voucher PDBK2015-0004 chloroplast, complete genome","MT053000.1 Adansonia gregorii voucher PDBK2015-0004 chloroplast, complete genome",Adansonia gregorii
MT053001.fasta,MT053001.1,"Adansonia kilima voucher PDBK2014-1843 chloroplast, complete genome","MT053001.1 Adansonia kilima voucher PDBK2014-1843 chloroplast, complete genome",Adansonia kilima
MT053002.fasta,MT053002.1,"Adansonia madagascariensis voucher PDBK2014-1842 chloroplast, complete genome","MT053002.1 Adansonia madagascariensis voucher PDBK2014-1842 chloroplast, complete genome",Adansonia madagascariensis
MT053003.fasta,MT053003.1,"Adansonia perrieri voucher PDBK2014-1808 chloroplast, complete genome","MT053003.1 Adansonia perrieri voucher PDBK2014-1808 chloroplast, complete genome",Adansonia perrieri
MT053004.fasta,MT053004.1,"Adansonia rubrostipa voucher PDBK2014-1811 chloroplast, complete genome","MT053004.1 Adansonia rubrostipa voucher PDBK2014-1811 chloroplast, complete genome",Adansonia rubrostipa
MT053005.fasta,MT053005.1,"Adansonia suarezensis voucher PDBK2017-1261 chloroplast, complete genome","MT053005.1 Adansonia suarezensis voucher PDBK2017-1261 chloroplast, complete genome",Adansonia suarezensis
MT053006.fasta,MT053006.1,"Adansonia za voucher PDBK2017-0809 chloroplast, complete genome","MT053006.1 Adansonia za voucher PDBK2017-0809 chloroplast, complete genome",Adansonia za
PV870845.fasta,PV870845.1,"Adenocarpus decorticans voucher Yi15478-Kew chloroplast, complete genome","PV870845.1 Adenocarpus decorticans voucher Yi15478-Kew chloroplast, complete genome",Adenocarpus decorticans
PV870825.fasta,PV870825.1,"Adenolobus garipensis voucher Yi15118-Yi Lab chloroplast, complete genome","PV870825.1 Adenolobus garipensis voucher Yi15118-Yi Lab chloroplast, complete genome",Adenolobus garipensis
PV364363.fasta,PV364363.1,"Adenophora himalayana chloroplast, complete genome","PV364363.1 Adenophora himalayana chloroplast, complete genome",Adenophora himalayana
PV339537.fasta,PV339537.1,"Adenophora koreana voucher SJUH001459 chloroplast, complete genome","PV339537.1 Adenophora koreana voucher SJUH001459 chloroplast, complete genome",Adenophora koreana
PZ309718.fasta,PZ309718.1,"Adenophora lamarckii chloroplast, complete genome","PZ309718.1 Adenophora lamarckii chloroplast, complete genome",Adenophora lamarckii
PZ309721.fasta,PZ309721.1,"Adenophora palustris chloroplast, complete genome","PZ309721.1 Adenophora palustris chloroplast, complete genome",Adenophora palustris
PV944217.fasta,PV944217.1,"Adenophora pinifolia chloroplast, complete genome","PV944217.1 Adenophora pinifolia chloroplast, complete genome",Adenophora pinifolia
PZ309722.fasta,PZ309722.1,"Adenophora polyantha chloroplast, complete genome","PZ309722.1 Adenophora polyantha chloroplast, complete genome",Adenophora polyantha
PZ309726.fasta,PZ309726.1,"Adenophora tashiroi chloroplast, complete genome","PZ309726.1 Adenophora tashiroi chloroplast, complete genome",Adenophora tashiroi
PZ309725.fasta,PZ309725.1,"Adenophora triphylla var. japonica chloroplast, complete genome","PZ309725.1 Adenophora triphylla var. japonica chloroplast, complete genome",Adenophora triphylla
PV870719.fasta,PV870719.1,"Adenopodia patens voucher 29440-MO chloroplast, complete genome","PV870719.1 Adenopodia patens voucher 29440-MO chloroplast, complete genome",Adenopodia patens
OR896870.fasta,OR896870.1,"Adenostyles alliariae chloroplast, complete genome","OR896870.1 Adenostyles alliariae chloroplast, complete genome",Adenostyles alliariae
OR896871.fasta,OR896871.1,"Adenostyles glabra chloroplast, complete genome","OR896871.1 Adenostyles glabra chloroplast, complete genome",Adenostyles glabra
PV870722.fasta,PV870722.1,"Adesmia emarginata voucher 34138-MO chloroplast, complete genome","PV870722.1 Adesmia emarginata voucher 34138-MO chloroplast, complete genome",Adesmia emarginata
PP056258.fasta,PP056258.1,"Adina rubella isolate CXZ795 chloroplast, complete genome","PP056258.1 Adina rubella isolate CXZ795 chloroplast, complete genome",Adina rubella
PX223407.fasta,PX223407.1,"Adonis aestivalis subsp. parviflora isolate I-4422 chloroplast, complete genome","PX223407.1 Adonis aestivalis subsp. parviflora isolate I-4422 chloroplast, complete genome",Adonis aestivalis
PQ632088.fasta,PQ632088.1,"Aegilops speltoides var. aucheri voucher VSRI:k-1594 chloroplast, complete genome","PQ632088.1 Aegilops speltoides var. aucheri voucher VSRI:k-1594 chloroplast, complete genome",Aegilops speltoides
OR884982.fasta,OR884982.1,"Aegopodium podagraria chloroplast, complete genome","OR884982.1 Aegopodium podagraria chloroplast, complete genome",Aegopodium podagraria
PX741072.fasta,PX741072.1,"Aeschynanthus acuminatus isolate MMJT chloroplast, complete genome","PX741072.1 Aeschynanthus acuminatus isolate MMJT chloroplast, complete genome",Aeschynanthus acuminatus
PV870793.fasta,PV870793.1,"Aeschynomene brevifolia voucher Yi14592-Yi Lab chloroplast, complete genome","PV870793.1 Aeschynomene brevifolia voucher Yi14592-Yi Lab chloroplast, complete genome",Aeschynomene brevifolia
PP809759.fasta,PP809759.1,"Aesculus assamica chloroplast, complete genome","PP809759.1 Aesculus assamica chloroplast, complete genome",Aesculus assamica
PP809761.fasta,PP809761.1,"Aesculus chinensis chloroplast, complete genome","PP809761.1 Aesculus chinensis chloroplast, complete genome",Aesculus chinensis
PP809762.fasta,PP809762.1,"Aesculus hippocastanum chloroplast, complete genome","PP809762.1 Aesculus hippocastanum chloroplast, complete genome",Aesculus hippocastanum
PX251891.fasta,PX251891.1,"Aesculus pavia isolate 20250804 chloroplast, complete genome","PX251891.1 Aesculus pavia isolate 20250804 chloroplast, complete genome",Aesculus pavia
PP809764.fasta,PP809764.1,"Aesculus polyneura chloroplast, complete genome","PP809764.1 Aesculus polyneura chloroplast, complete genome",Aesculus polyneura
PP809765.fasta,PP809765.1,"Aesculus tsiangii chloroplast, complete genome","PP809765.1 Aesculus tsiangii chloroplast, complete genome",Aesculus tsiangii
PP809766.fasta,PP809766.1,"Aesculus turbinata chloroplast, complete genome","PP809766.1 Aesculus turbinata chloroplast, complete genome",Aesculus turbinata
PP809768.fasta,PP809768.1,"Aesculus wangii chloroplast, complete genome","PP809768.1 Aesculus wangii chloroplast, complete genome",Aesculus wangii
PV600844.fasta,PV600844.1,"Aframomum angustifolium chloroplast, complete genome","PV600844.1 Aframomum angustifolium chloroplast, complete genome",Aframomum angustifolium
PV600846.fasta,PV600846.1,"Aframomum daniellii chloroplast, complete genome","PV600846.1 Aframomum daniellii chloroplast, complete genome",Aframomum daniellii
PV600845.fasta,PV600845.1,"Aframomum melegueta chloroplast, complete genome","PV600845.1 Aframomum melegueta chloroplast, complete genome",Aframomum melegueta
PV600847.fasta,PV600847.1,"Aframomum sceptrum chloroplast, complete genome","PV600847.1 Aframomum sceptrum chloroplast, complete genome",Aframomum sceptrum
PV870817.fasta,PV870817.1,"Afzelia quanzensis voucher Yi15207-KUN chloroplast, complete genome","PV870817.1 Afzelia quanzensis voucher Yi15207-KUN chloroplast, complete genome",Afzelia quanzensis
PP765882.fasta,PP765882.1,"Agapetes guangxiensis chloroplast, complete genome","PP765882.1 Agapetes guangxiensis chloroplast, complete genome",Agapetes guangxiensis
PV574233.fasta,PV574233.1,"Ageratina adenophora chloroplast, complete genome","PV574233.1 Ageratina adenophora chloroplast, complete genome",Ageratina adenophora
PP843013.fasta,PP843013.1,"Ageratum houstonianum chloroplast, complete genome","PP843013.1 Ageratum houstonianum chloroplast, complete genome",Ageratum houstonianum
PX425319.fasta,PX425319.1,"Agrimonia coreana isolate KIOM202001023206 chloroplast, complete genome","PX425319.1 Agrimonia coreana isolate KIOM202001023206 chloroplast, complete genome",Agrimonia coreana
PQ634275.fasta,PQ634275.1,"Agrimonia eupatoria chloroplast, complete genome","PQ634275.1 Agrimonia eupatoria chloroplast, complete genome",Agrimonia eupatoria
PX425320.fasta,PX425320.1,"Agrimonia gorovoii isolate YSG_KIOM-2020-252 chloroplast, complete genome","PX425320.1 Agrimonia gorovoii isolate YSG_KIOM-2020-252 chloroplast, complete genome",Agrimonia gorovoii
PX425321.fasta,PX425321.1,"Agrimonia nipponica isolate YSG_KIOM-2020-250 chloroplast, complete genome","PX425321.1 Agrimonia nipponica isolate YSG_KIOM-2020-250 chloroplast, complete genome",Agrimonia nipponica
PX425322.fasta,PX425322.1,"Agrimonia pilosa isolate YSG_KIOM-2020-251 chloroplast, complete genome","PX425322.1 Agrimonia pilosa isolate YSG_KIOM-2020-251 chloroplast, complete genome",Agrimonia pilosa
MH649287.fasta,MH649287.1,"Agriophyllum minus voucher CAS_MXF_AM01 chloroplast, complete genome","MH649287.1 Agriophyllum minus voucher CAS_MXF_AM01 chloroplast, complete genome",Agriophyllum minus
MH649286.fasta,MH649286.1,"Agriophyllum squarrosum chloroplast, complete genome","MH649286.1 Agriophyllum squarrosum chloroplast, complete genome",Agriophyllum squarrosum
PV605572.fasta,PV605572.1,"Agropyron cristatum subsp. cristatum chloroplast, complete genome","PV605572.1 Agropyron cristatum subsp. cristatum chloroplast, complete genome",Agropyron cristatum
PV605574.fasta,PV605574.1,"Agropyron desertorum chloroplast, complete genome","PV605574.1 Agropyron desertorum chloroplast, complete genome",Agropyron desertorum
PV605575.fasta,PV605575.1,"Agropyron fragile subsp. sibiricum chloroplast, complete genome","PV605575.1 Agropyron fragile subsp. sibiricum chloroplast, complete genome",Agropyron fragile
PV605573.fasta,PV605573.1,"Agropyron mongolicum chloroplast, complete genome","PV605573.1 Agropyron mongolicum chloroplast, complete genome",Agropyron mongolicum
PV605571.fasta,PV605571.1,"Agropyron pectiniforme chloroplast, complete genome","PV605571.1 Agropyron pectiniforme chloroplast, complete genome",Agropyron pectiniforme
PP316507.fasta,PP316507.1,"Agrostis alpina chloroplast, complete genome","PP316507.1 Agrostis alpina chloroplast, complete genome",Agrostis alpina
PP316506.fasta,PP316506.1,"Agrostis schraderiana chloroplast, complete genome","PP316506.1 Agrostis schraderiana chloroplast, complete genome",Agrostis schraderiana
PQ653532.fasta,PQ653532.1,"Ainsliaea erectifolia voucher SXX0023_2 chloroplast, complete genome","PQ653532.1 Ainsliaea erectifolia voucher SXX0023_2 chloroplast, complete genome",Ainsliaea erectifolia
PQ653534.fasta,PQ653534.1,"Ainsliaea laxiflora voucher SXX0154_2 chloroplast, complete genome","PQ653534.1 Ainsliaea laxiflora voucher SXX0154_2 chloroplast, complete genome",Ainsliaea laxiflora
PV553478.fasta,PV553478.1,"Aiouea chavarriana voucher B. Hammel 17298 chloroplast, complete genome","PV553478.1 Aiouea chavarriana voucher B. Hammel 17298 chloroplast, complete genome",Aiouea chavarriana
OR264207.fasta,OR264207.1,"Aiouea montana voucher 2153 chloroplast, complete genome","OR264207.1 Aiouea montana voucher 2153 chloroplast, complete genome",Aiouea montana
PQ766598.fasta,PQ766598.1,"Aizoon canariense chloroplast, complete genome","PQ766598.1 Aizoon canariense chloroplast, complete genome",Aizoon canariense
PP234599.fasta,PP234599.1,"Ajania fruticulosa isolate p92 chloroplast, complete genome","PP234599.1 Ajania fruticulosa isolate p92 chloroplast, complete genome",Ajania fruticulosa
PP234562.fasta,PP234562.1,"Ajania khartensis isolate p51 chloroplast, complete genome","PP234562.1 Ajania khartensis isolate p51 chloroplast, complete genome",Ajania khartensis
PX316520.fasta,PX316520.1,"Ajania sericea chloroplast, complete genome","PX316520.1 Ajania sericea chloroplast, complete genome",Ajania sericea
PP024532.fasta,PP024532.1,"Ajuga genevensis chloroplast, complete genome","PP024532.1 Ajuga genevensis chloroplast, complete genome",Ajuga genevensis
PV243805.fasta,PV243805.1,"Ajuga lupulina chloroplast, complete genome","PV243805.1 Ajuga lupulina chloroplast, complete genome",Ajuga lupulina
PP024533.fasta,PP024533.1,"Ajuga pyramidalis subsp. pyramidalis chloroplast, complete genome","PP024533.1 Ajuga pyramidalis subsp. pyramidalis chloroplast, complete genome",Ajuga pyramidalis
PP024534.fasta,PP024534.1,"Ajuga reptans chloroplast, complete genome","PP024534.1 Ajuga reptans chloroplast, complete genome",Ajuga reptans
PV192927.fasta,PV192927.1,"Ajuga turkestanica chloroplast, complete genome","PV192927.1 Ajuga turkestanica chloroplast, complete genome",Ajuga turkestanica
OR565921.fasta,OR565921.1,"Ajugoides humilis voucher CI-248463 chloroplast, complete genome","OR565921.1 Ajugoides humilis voucher CI-248463 chloroplast, complete genome",Ajugoides humilis
PZ316349.fasta,PZ316349.1,"Akebia trifoliata chloroplast, complete genome","PZ316349.1 Akebia trifoliata chloroplast, complete genome",Akebia trifoliata
PV409668.fasta,PV409668.1,"Alania cunninghamii chloroplast, complete genome","PV409668.1 Alania cunninghamii chloroplast, complete genome",Alania cunninghamii
PX694267.fasta,PX694267.1,"Alcea rosea isolate M34 chloroplast, complete genome","PX694267.1 Alcea rosea isolate M34 chloroplast, complete genome",Alcea rosea
PP316508.fasta,PP316508.1,"Alchemilla exigua chloroplast, complete genome","PP316508.1 Alchemilla exigua chloroplast, complete genome",Alchemilla exigua
PP316509.fasta,PP316509.1,"Alchemilla glaucescens chloroplast, complete genome","PP316509.1 Alchemilla glaucescens chloroplast, complete genome",Alchemilla glaucescens
PP316510.fasta,PP316510.1,"Alchemilla monticola chloroplast, complete genome","PP316510.1 Alchemilla monticola chloroplast, complete genome",Alchemilla monticola
PP316511.fasta,PP316511.1,"Alchemilla transiens chloroplast, complete genome","PP316511.1 Alchemilla transiens chloroplast, complete genome",Alchemilla transiens
PX223350.fasta,PX223350.1,"Alchemilla vetteri chloroplast, complete genome","PX223350.1 Alchemilla vetteri chloroplast, complete genome",Alchemilla vetteri
PP056259.fasta,PP056259.1,"Aletris spicata isolate DBS01506 chloroplast, complete genome","PP056259.1 Aletris spicata isolate DBS01506 chloroplast, complete genome",Aletris spicata
BK071820.fasta,BK071820.1,"Alfredia acantholepis chloroplast, complete genome","BK071820.1 TPA_asm: Alfredia acantholepis chloroplast, complete genome",Alfredia acantholepis
BK071821.fasta,BK071821.1,"Alfredia cernua chloroplast, complete genome","BK071821.1 TPA_asm: Alfredia cernua chloroplast, complete genome",Alfredia cernua
PV870672.fasta,PV870672.1,"Alhagi sparsifolia voucher 15CS10275-KUN chloroplast, complete genome","PV870672.1 Alhagi sparsifolia voucher 15CS10275-KUN chloroplast, complete genome",Alhagi sparsifolia
PV541173.fasta,PV541173.1,"Alisma wahlenbergii voucher Juntunen & Kuoppala s.n. (TUR417134) chloroplast, complete genome","PV541173.1 Alisma wahlenbergii voucher Juntunen & Kuoppala s.n. (TUR417134) chloroplast, complete genome",Alisma wahlenbergii
PZ015912.fasta,PZ015912.1,"Allium atrosanguineum isolate ipbb_2.1.4.1 chloroplast, complete genome","PZ015912.1 Allium atrosanguineum isolate ipbb_2.1.4.1 chloroplast, complete genome",Allium atrosanguineum
PQ639274.fasta,PQ639274.1,"Allium carolinianum chloroplast, complete genome","PQ639274.1 Allium carolinianum chloroplast, complete genome",Allium carolinianum
PZ015913.fasta,PZ015913.1,"Allium cretaceum isolate ipbb_2.1.45.1 chloroplast, complete genome","PZ015913.1 Allium cretaceum isolate ipbb_2.1.45.1 chloroplast, complete genome",Allium cretaceum
PP234550.fasta,PP234550.1,"Allium cyaneum isolate p30 chloroplast, complete genome","PP234550.1 Allium cyaneum isolate p30 chloroplast, complete genome",Allium cyaneum
PV817865.fasta,PV817865.1,"Allium funckiifolium isolate AF2 chloroplast, complete genome","PV817865.1 Allium funckiifolium isolate AF2 chloroplast, complete genome",Allium funckiifolium
PZ015914.fasta,PZ015914.1,"Allium inconspicuum isolate ipbb_2.1.17.2 chloroplast, complete genome","PZ015914.1 Allium inconspicuum isolate ipbb_2.1.17.2 chloroplast, complete genome",Allium inconspicuum
PZ015915.fasta,PZ015915.1,"Allium inderiense isolate ipbb_2.1.46.1 chloroplast, complete genome","PZ015915.1 Allium inderiense isolate ipbb_2.1.46.1 chloroplast, complete genome",Allium inderiense
PZ015923.fasta,PZ015923.1,"Allium korolkowii isolate ipbb_2.1.37.1 chloroplast, complete genome","PZ015923.1 Allium korolkowii isolate ipbb_2.1.37.1 chloroplast, complete genome",Allium korolkowii
PV684023.fasta,PV684023.1,"Allium ledebourianum chloroplast, complete genome","PV684023.1 Allium ledebourianum chloroplast, complete genome",Allium ledebourianum
PZ015916.fasta,PZ015916.1,"Allium lineare isolate ipbb_2.1.21.2 chloroplast, complete genome","PZ015916.1 Allium lineare isolate ipbb_2.1.21.2 chloroplast, complete genome",Allium lineare
PQ351923.fasta,PQ351923.1,"Allium listera isolate KYHC chloroplast, complete genome","PQ351923.1 Allium listera isolate KYHC chloroplast, complete genome",Allium listera
OR884983.fasta,OR884983.1,"Allium lusitanicum chloroplast, complete genome","OR884983.1 Allium lusitanicum chloroplast, complete genome",Allium lusitanicum
LC923089.fasta,LC923089.1,"Allium macrostemon WOYA331 chloroplast DNA, complete genome","LC923089.1 Allium macrostemon WOYA331 chloroplast DNA, complete genome",Allium macrostemon
PX878715.fasta,PX878715.1,"Allium microdictyon chloroplast, complete genome","PX878715.1 Allium microdictyon chloroplast, complete genome",Allium microdictyon
PZ015917.fasta,PZ015917.1,"Allium montanostepposum isolate ipbb_2.1.38.3 chloroplast, complete genome","PZ015917.1 Allium montanostepposum isolate ipbb_2.1.38.3 chloroplast, complete genome",Allium montanostepposum
PV817870.fasta,PV817870.1,"Allium nanodes isolate AN1 chloroplast, complete genome","PV817870.1 Allium nanodes isolate AN1 chloroplast, complete genome",Allium nanodes
PZ015918.fasta,PZ015918.1,"Allium nutans isolate ipbb_2.1.24.3 chloroplast, complete genome","PZ015918.1 Allium nutans isolate ipbb_2.1.24.3 chloroplast, complete genome",Allium nutans
PV817888.fasta,PV817888.1,"Allium ochotense isolate AOCH1 chloroplast, complete genome","PV817888.1 Allium ochotense isolate AOCH1 chloroplast, complete genome",Allium ochotense
OR884984.fasta,OR884984.1,"Allium oleraceum subsp. oleraceum chloroplast, complete genome","OR884984.1 Allium oleraceum subsp. oleraceum chloroplast, complete genome",Allium oleraceum
PZ269957.fasta,PZ269957.1,"Allium ophiophyllum chloroplast, complete genome","PZ269957.1 Allium ophiophyllum chloroplast, complete genome",Allium ophiophyllum
PV817886.fasta,PV817886.1,"Allium ovalifolium var. cordifolium isolate AOC3 chloroplast, complete genome","PV817886.1 Allium ovalifolium var. cordifolium isolate AOC3 chloroplast, complete genome",Allium ovalifolium
PV817901.fasta,PV817901.1,"Allium prattii isolate AP3 chloroplast, complete genome","PV817901.1 Allium prattii isolate AP3 chloroplast, complete genome",Allium prattii
PP234549.fasta,PP234549.1,"Allium przewalskianum isolate p28 chloroplast, complete genome","PP234549.1 Allium przewalskianum isolate p28 chloroplast, complete genome",Allium przewalskianum
PZ015919.fasta,PZ015919.1,"Allium sabulosum isolate ipbb_2.1.29.1 chloroplast, complete genome","PZ015919.1 Allium sabulosum isolate ipbb_2.1.29.1 chloroplast, complete genome",Allium sabulosum
OR884985.fasta,OR884985.1,"Allium schoenoprasum chloroplast, complete genome","OR884985.1 Allium schoenoprasum chloroplast, complete genome",Allium schoenoprasum
PZ015920.fasta,PZ015920.1,"Allium subscabrum isolate ipbb_2.1.44.1 chloroplast, complete genome","PZ015920.1 Allium subscabrum isolate ipbb_2.1.44.1 chloroplast, complete genome",Allium subscabrum
PZ015921.fasta,PZ015921.1,"Allium tianschanicum isolate ipbb_2.1.42.1 chloroplast, complete genome","PZ015921.1 Allium tianschanicum isolate ipbb_2.1.42.1 chloroplast, complete genome",Allium tianschanicum
PV409669.fasta,PV409669.1,"Allium tripedale chloroplast, complete genome","PV409669.1 Allium tripedale chloroplast, complete genome",Allium tripedale
PQ038330.fasta,PQ038330.1,"Allium tuberosum cultivar Dajingou chloroplast, complete genome","PQ038330.1 Allium tuberosum cultivar Dajingou chloroplast, complete genome",Allium tuberosum
PZ015922.fasta,PZ015922.1,"Allium turkestanicum isolate ipbb_2.1.43.1 chloroplast, complete genome","PZ015922.1 Allium turkestanicum isolate ipbb_2.1.43.1 chloroplast, complete genome",Allium turkestanicum
PQ586983.fasta,PQ586983.1,"Allium vavilovii chloroplast, complete genome","PQ586983.1 Allium vavilovii chloroplast, complete genome",Allium vavilovii
OR884986.fasta,OR884986.1,"Allium victorialis chloroplast, complete genome","OR884986.1 Allium victorialis chloroplast, complete genome",Allium victorialis
PP056265.fasta,PP056265.1,"Allium yingshanense isolate ZXX202619 chloroplast, complete genome","PP056265.1 Allium yingshanense isolate ZXX202619 chloroplast, complete genome",Allium yingshanense
PQ834813.fasta,PQ834813.1,"Allophylus viridis chloroplast, complete genome","PQ834813.1 Allophylus viridis chloroplast, complete genome",Allophylus viridis
PQ899000.fasta,PQ899000.1,"Alniaria alnifolia voucher 1443 chloroplast, complete genome","PQ899000.1 Alniaria alnifolia voucher 1443 chloroplast, complete genome",Alniaria alnifolia
OR995482.fasta,OR995482.1,"Alniaria folgneri isolate B.B.Liu_dd1011 chloroplast, complete genome","OR995482.1 Alniaria folgneri isolate B.B.Liu_dd1011 chloroplast, complete genome",Alniaria folgneri
PQ899002.fasta,PQ899002.1,"Alniaria yuana voucher 2246 chloroplast, complete genome","PQ899002.1 Alniaria yuana voucher 2246 chloroplast, complete genome",Alniaria yuana
OL891508.fasta,OL891508.1,"Alnus acuminata chloroplast, complete genome","OL891508.1 Alnus acuminata chloroplast, complete genome",Alnus acuminata
OL891504.fasta,OL891504.1,"Alnus alnobetula subsp. mandschurica chloroplast, complete genome","OL891504.1 Alnus alnobetula subsp. mandschurica chloroplast, complete genome",Alnus alnobetula
OL891518.fasta,OL891518.1,"Alnus fauriei chloroplast, complete genome","OL891518.1 Alnus fauriei chloroplast, complete genome",Alnus fauriei
OL891514.fasta,OL891514.1,"Alnus ferdinandi-coburgii chloroplast, complete genome","OL891514.1 Alnus ferdinandi-coburgii chloroplast, complete genome",Alnus ferdinandi-coburgii
OL891506.fasta,OL891506.1,"Alnus firma chloroplast, complete genome","OL891506.1 Alnus firma chloroplast, complete genome",Alnus firma
OL891521.fasta,OL891521.1,"Alnus formosana chloroplast, complete genome","OL891521.1 Alnus formosana chloroplast, complete genome",Alnus formosana
OL891511.fasta,OL891511.1,"Alnus hirsuta var. sibirica chloroplast, complete genome","OL891511.1 Alnus hirsuta var. sibirica chloroplast, complete genome",Alnus hirsuta
OL891509.fasta,OL891509.1,"Alnus incana subsp. tenuifolia chloroplast, complete genome","OL891509.1 Alnus incana subsp. tenuifolia chloroplast, complete genome",Alnus incana
OL891517.fasta,OL891517.1,"Alnus lanata chloroplast, complete genome","OL891517.1 Alnus lanata chloroplast, complete genome",Alnus lanata
OL891520.fasta,OL891520.1,"Alnus maritima chloroplast, complete genome","OL891520.1 Alnus maritima chloroplast, complete genome",Alnus maritima
OL891510.fasta,OL891510.1,"Alnus matsumurae chloroplast, complete genome","OL891510.1 Alnus matsumurae chloroplast, complete genome",Alnus matsumurae
OL891507.fasta,OL891507.1,"Alnus pendula chloroplast, complete genome","OL891507.1 Alnus pendula chloroplast, complete genome",Alnus pendula
OL891512.fasta,OL891512.1,"Alnus rhombifolia chloroplast, complete genome","OL891512.1 Alnus rhombifolia chloroplast, complete genome",Alnus rhombifolia
OL891515.fasta,OL891515.1,"Alnus serrulata chloroplast, complete genome","OL891515.1 Alnus serrulata chloroplast, complete genome",Alnus serrulata
OL891519.fasta,OL891519.1,"Alnus serrulatoides chloroplast, complete genome","OL891519.1 Alnus serrulatoides chloroplast, complete genome",Alnus serrulatoides
OL891513.fasta,OL891513.1,"Alnus trabeculosa chloroplast, complete genome","OL891513.1 Alnus trabeculosa chloroplast, complete genome",Alnus trabeculosa
OL891516.fasta,OL891516.1,"Alnus x mayrii chloroplast, complete genome","OL891516.1 Alnus x mayrii chloroplast, complete genome",Alnus mayrii
PX309501.fasta,PX309501.1,"Alocasia navicularis chloroplast, complete genome","PX309501.1 Alocasia navicularis chloroplast, complete genome",Alocasia navicularis
PP316512.fasta,PP316512.1,"Alopecurus myosuroides chloroplast, complete genome","PP316512.1 Alopecurus myosuroides chloroplast, complete genome",Alopecurus myosuroides
PP316513.fasta,PP316513.1,"Alopecurus pratensis subsp. pratensis chloroplast, complete genome","PP316513.1 Alopecurus pratensis subsp. pratensis chloroplast, complete genome",Alopecurus pratensis
PV669995.fasta,PV669995.1,"Alpinia kwangsiensis chloroplast, complete genome","PV669995.1 Alpinia kwangsiensis chloroplast, complete genome",Alpinia kwangsiensis
PQ568881.fasta,PQ568881.1,"Alpinia ligulata chloroplast, complete genome","PQ568881.1 Alpinia ligulata chloroplast, complete genome",Alpinia ligulata
PX309534.fasta,PX309534.1,"Alpinia zerumbet chloroplast, complete genome","PX309534.1 Alpinia zerumbet chloroplast, complete genome",Alpinia zerumbet
OR264208.fasta,OR264208.1,"Alseodaphnopsis hainanensis voucher SEP008 chloroplast, complete genome","OR264208.1 Alseodaphnopsis hainanensis voucher SEP008 chloroplast, complete genome",Alseodaphnopsis hainanensis
OR264210.fasta,OR264210.1,"Alseodaphnopsis petiolaris voucher XTBGLQM0631 chloroplast, complete genome","OR264210.1 Alseodaphnopsis petiolaris voucher XTBGLQM0631 chloroplast, complete genome",Alseodaphnopsis petiolaris
PX309502.fasta,PX309502.1,"Alstroemeria aurea chloroplast, complete genome","PX309502.1 Alstroemeria aurea chloroplast, complete genome",Alstroemeria aurea
OP133596.fasta,OP133596.1,"Alyxia sinensis voucher C.F. Zhang et al. 6059 chloroplast, complete genome","OP133596.1 Alyxia sinensis voucher C.F. Zhang et al. 6059 chloroplast, complete genome",Alyxia sinensis
PP596895.fasta,PP596895.1,"Amaranthus cruentus chloroplast, complete genome","PP596895.1 Amaranthus cruentus chloroplast, complete genome",Amaranthus cruentus
PQ375111.fasta,PQ375111.1,"Amaranthus powellii subsp. bouchonii chloroplast, complete genome","PQ375111.1 Amaranthus powellii subsp. bouchonii chloroplast, complete genome",Amaranthus powellii
PQ632085.fasta,PQ632085.1,"Amblyopyrum muticum voucher VSRI:k-3979 chloroplast, complete genome","PQ632085.1 Amblyopyrum muticum voucher VSRI:k-3979 chloroplast, complete genome",Amblyopyrum muticum
PV870762.fasta,PV870762.1,"Amburana cearensis voucher Queiroz 7075-HUEFS chloroplast, complete genome","PV870762.1 Amburana cearensis voucher Queiroz 7075-HUEFS chloroplast, complete genome",Amburana cearensis
PV870788.fasta,PV870788.1,"Amherstia nobilis voucher Yi14664-Yi Lab chloroplast, complete genome","PV870788.1 Amherstia nobilis voucher Yi14664-Yi Lab chloroplast, complete genome",Amherstia nobilis
PP056263.fasta,PP056263.1,"Ammannia baccifera isolate ZSY0749 chloroplast, complete genome","PP056263.1 Ammannia baccifera isolate ZSY0749 chloroplast, complete genome",Ammannia baccifera
PV870692.fasta,PV870692.1,"Ammopiptanthus mongolicus voucher Ya Jidong-Yi Lab chloroplast, complete genome","PV870692.1 Ammopiptanthus mongolicus voucher Ya Jidong-Yi Lab chloroplast, complete genome",Ammopiptanthus mongolicus
PX987620.fasta,PX987620.1,"Amomum cinnamomeum chloroplast, complete genome","PX987620.1 Amomum cinnamomeum chloroplast, complete genome",Amomum cinnamomeum
PX769913.fasta,PX769913.1,"Amorphophallus allenii chloroplast, complete genome","PX769913.1 Amorphophallus allenii chloroplast, complete genome",Amorphophallus allenii
PX508299.fasta,PX508299.1,"Amorphophallus atroviridis chloroplast, complete genome","PX508299.1 Amorphophallus atroviridis chloroplast, complete genome",Amorphophallus atroviridis
PZ226531.fasta,PZ226531.1,"Amorphophallus fornicatus chloroplast, complete genome","PZ226531.1 Amorphophallus fornicatus chloroplast, complete genome",Amorphophallus fornicatus
PX852198.fasta,PX852198.1,"Amorphophallus gigas isolate Ag1 chloroplast, complete genome","PX852198.1 Amorphophallus gigas isolate Ag1 chloroplast, complete genome",Amorphophallus gigas
PZ235491.fasta,PZ235491.1,"Amorphophallus hewitii chloroplast, complete genome","PZ235491.1 Amorphophallus hewitii chloroplast, complete genome",Amorphophallus hewitii
PX804936.fasta,PX804936.1,"Amorphophallus josefbogneri chloroplast, complete genome","PX804936.1 Amorphophallus josefbogneri chloroplast, complete genome",Amorphophallus josefbogneri
PX833257.fasta,PX833257.1,"Amorphophallus maxwellii chloroplast, complete genome","PX833257.1 Amorphophallus maxwellii chloroplast, complete genome",Amorphophallus maxwellii
PX710723.fasta,PX710723.1,"Amorphophallus mossambicensis chloroplast, complete genome","PX710723.1 Amorphophallus mossambicensis chloroplast, complete genome",Amorphophallus mossambicensis
PX872556.fasta,PX872556.1,"Amorphophallus myosuroides chloroplast, complete genome","PX872556.1 Amorphophallus myosuroides chloroplast, complete genome",Amorphophallus myosuroides
PX683778.fasta,PX683778.1,"Amorphophallus ochroleucus chloroplast, complete genome","PX683778.1 Amorphophallus ochroleucus chloroplast, complete genome",Amorphophallus ochroleucus
PZ266516.fasta,PZ266516.1,"Amorphophallus pendulus chloroplast, complete genome","PZ266516.1 Amorphophallus pendulus chloroplast, complete genome",Amorphophallus pendulus
PZ266517.fasta,PZ266517.1,"Amorphophallus titanum chloroplast, complete genome","PZ266517.1 Amorphophallus titanum chloroplast, complete genome",Amorphophallus titanum
PQ472910.fasta,PQ472910.1,"Ampelocalamus luodianensis chloroplast, complete genome","PQ472910.1 Ampelocalamus luodianensis chloroplast, complete genome",Ampelocalamus luodianensis
PQ472911.fasta,PQ472911.1,"Ampelocalamus microphyllus chloroplast, complete genome","PQ472911.1 Ampelocalamus microphyllus chloroplast, complete genome",Ampelocalamus microphyllus
PP391084.fasta,PP391084.1,"Ampelopsis delavayana chloroplast, complete genome","PP391084.1 Ampelopsis delavayana chloroplast, complete genome",Ampelopsis delavayana
PP391085.fasta,PP391085.1,"Ampelopsis glandulosa var. heterophylla chloroplast, complete genome","PP391085.1 Ampelopsis glandulosa var. heterophylla chloroplast, complete genome",Ampelopsis glandulosa
PV870755.fasta,PV870755.1,"Amphimas pterocarpoides voucher GH0226-Michelle Lab chloroplast, complete genome","PV870755.1 Amphimas pterocarpoides voucher GH0226-Michelle Lab chloroplast, complete genome",Amphimas pterocarpoides
BK071822.fasta,BK071822.1,"Amphoricarpos autariatus chloroplast, complete genome","BK071822.1 TPA_asm: Amphoricarpos autariatus chloroplast, complete genome",Amphoricarpos autariatus
OP133593.fasta,OP133593.1,"Amsonia tabernaemontana voucher C.F. Zhang 6456 chloroplast, complete genome","OP133593.1 Amsonia tabernaemontana voucher C.F. Zhang 6456 chloroplast, complete genome",Amsonia tabernaemontana
ON929846.fasta,ON929846.1,"Anabasis brevifolia chloroplast, complete genome","ON929846.1 Anabasis brevifolia chloroplast, complete genome",Anabasis brevifolia
ON929849.fasta,ON929849.1,"Anabasis elatior chloroplast, complete genome","ON929849.1 Anabasis elatior chloroplast, complete genome",Anabasis elatior
ON929847.fasta,ON929847.1,"Anabasis eriopoda chloroplast, complete genome","ON929847.1 Anabasis eriopoda chloroplast, complete genome",Anabasis eriopoda
ON929850.fasta,ON929850.1,"Anabasis pelliotii chloroplast, complete genome","ON929850.1 Anabasis pelliotii chloroplast, complete genome",Anabasis pelliotii
ON929848.fasta,ON929848.1,"Anabasis salsa chloroplast, complete genome","ON929848.1 Anabasis salsa chloroplast, complete genome",Anabasis salsa
ON929851.fasta,ON929851.1,"Anabasis truncata chloroplast, complete genome","ON929851.1 Anabasis truncata chloroplast, complete genome",Anabasis truncata
PP316514.fasta,PP316514.1,"Anacamptis pyramidalis chloroplast, complete genome","PP316514.1 Anacamptis pyramidalis chloroplast, complete genome",Anacamptis pyramidalis
PV239785.fasta,PV239785.1,"Anacardium occidentale chloroplast, complete genome","PV239785.1 Anacardium occidentale chloroplast, complete genome",Anacardium occidentale
OR712469.fasta,OR712469.1,"Anacolosa pervilleana voucher Razafimandibison et al. 2218 chloroplast, complete genome","OR712469.1 Anacolosa pervilleana voucher Razafimandibison et al. 2218 chloroplast, complete genome",Anacolosa pervilleana
PV339529.fasta,PV339529.1,"Anacyclus homogamos voucher RG1275 chloroplast, complete genome","PV339529.1 Anacyclus homogamos voucher RG1275 chloroplast, complete genome",Anacyclus homogamos
PV339530.fasta,PV339530.1,"Anacyclus linearilobus voucher IA2339 chloroplast, complete genome","PV339530.1 Anacyclus linearilobus voucher IA2339 chloroplast, complete genome",Anacyclus linearilobus
PV339532.fasta,PV339532.1,"Anacyclus maroccanus voucher AA33 chloroplast, complete genome","PV339532.1 Anacyclus maroccanus voucher AA33 chloroplast, complete genome",Anacyclus maroccanus
PV339526.fasta,PV339526.1,"Anacyclus monanthos voucher CA16194 chloroplast, complete genome","PV339526.1 Anacyclus monanthos voucher CA16194 chloroplast, complete genome",Anacyclus monanthos
PV339527.fasta,PV339527.1,"Anacyclus pyrethrum voucher AQ3531 chloroplast, complete genome","PV339527.1 Anacyclus pyrethrum voucher AQ3531 chloroplast, complete genome",Anacyclus pyrethrum
PV339528.fasta,PV339528.1,"Anacyclus radiatus voucher IA2177 chloroplast, complete genome","PV339528.1 Anacyclus radiatus voucher IA2177 chloroplast, complete genome",Anacyclus radiatus
OR832862.fasta,OR832862.1,"Anadelphia scyphofera strain AN21TNTL0087 chloroplast, complete genome","OR832862.1 Anadelphia scyphofera strain AN21TNTL0087 chloroplast, complete genome",Anadelphia scyphofera
PX438801.fasta,PX438801.1,"Anadenanthera colubrina var. cebil isolate Acolubrina_Jujuy#1 chloroplast, complete genome","PX438801.1 Anadenanthera colubrina var. cebil isolate Acolubrina_Jujuy#1 chloroplast, complete genome",Anadenanthera colubrina
PP316515.fasta,PP316515.1,"Anagallis arvensis chloroplast, complete genome","PP316515.1 Anagallis arvensis chloroplast, complete genome",Anagallis arvensis
PV870746.fasta,PV870746.1,"Anagyris foetida voucher 1214-MO chloroplast, complete genome","PV870746.1 Anagyris foetida voucher 1214-MO chloroplast, complete genome",Anagyris foetida
PX309503.fasta,PX309503.1,"Ananas comosus chloroplast, complete genome","PX309503.1 Ananas comosus chloroplast, complete genome",Ananas comosus
OR783468.fasta,OR783468.1,"Anaphalioides mariae chloroplast, complete genome","OR783468.1 Anaphalioides mariae chloroplast, complete genome",Anaphalioides mariae
PX910299.fasta,PX910299.1,"Anaphalis hookeri voucher 90489 chloroplast, complete genome","PX910299.1 Anaphalis hookeri voucher 90489 chloroplast, complete genome",Anaphalis hookeri
OR771720.fasta,OR771720.1,"Anaphalis margaritacea chloroplast, complete genome","OR771720.1 Anaphalis margaritacea chloroplast, complete genome",Anaphalis margaritacea
PX316522.fasta,PX316522.1,"Anaphalis pannosa chloroplast, complete genome","PX316522.1 Anaphalis pannosa chloroplast, complete genome",Anaphalis pannosa
PP024535.fasta,PP024535.1,"Anchusa officinalis chloroplast, complete genome","PP024535.1 Anchusa officinalis chloroplast, complete genome",Anchusa officinalis
OR783474.fasta,OR783474.1,"Andicolea thuyoides chloroplast, complete genome","OR783474.1 Andicolea thuyoides chloroplast, complete genome",Andicolea thuyoides
PQ963857.fasta,PQ963857.1,"Andropogon amethystinus chloroplast, complete genome","PQ963857.1 Andropogon amethystinus chloroplast, complete genome",Andropogon amethystinus
OM948749.fasta,OM948749.1,"Androsace ciliifolia chloroplast, complete genome","OM948749.1 Androsace ciliifolia chloroplast, complete genome",Androsace ciliifolia
OM948774.fasta,OM948774.1,"Androsace delavayi chloroplast, complete genome","OM948774.1 Androsace delavayi chloroplast, complete genome",Androsace delavayi
OM948775.fasta,OM948775.1,"Androsace erecta chloroplast, complete genome","OM948775.1 Androsace erecta chloroplast, complete genome",Androsace erecta
OM948755.fasta,OM948755.1,"Androsace forrestiana chloroplast, complete genome","OM948755.1 Androsace forrestiana chloroplast, complete genome",Androsace forrestiana
OM948776.fasta,OM948776.1,"Androsace geraniifolia chloroplast, complete genome","OM948776.1 Androsace geraniifolia chloroplast, complete genome",Androsace geraniifolia
OM948773.fasta,OM948773.1,"Androsace globifera chloroplast, complete genome","OM948773.1 Androsace globifera chloroplast, complete genome",Androsace globifera
OM948771.fasta,OM948771.1,"Androsace gmelinii var. geophila chloroplast, complete genome","OM948771.1 Androsace gmelinii var. geophila chloroplast, complete genome",Androsace gmelinii
OM948747.fasta,OM948747.1,"Androsace henryi chloroplast, complete genome","OM948747.1 Androsace henryi chloroplast, complete genome",Androsace henryi
OM948764.fasta,OM948764.1,"Androsace incana chloroplast, complete genome","OM948764.1 Androsace incana chloroplast, complete genome",Androsace incana
OM948752.fasta,OM948752.1,"Androsace integra chloroplast, complete genome","OM948752.1 Androsace integra chloroplast, complete genome",Androsace integra
OM948753.fasta,OM948753.1,"Androsace limprichtii chloroplast, complete genome","OM948753.1 Androsace limprichtii chloroplast, complete genome",Androsace limprichtii
OM948766.fasta,OM948766.1,"Androsace longifolia chloroplast, complete genome","OM948766.1 Androsace longifolia chloroplast, complete genome",Androsace longifolia
OM948756.fasta,OM948756.1,"Androsace mariae chloroplast, complete genome","OM948756.1 Androsace mariae chloroplast, complete genome",Androsace mariae
OM948763.fasta,OM948763.1,"Androsace maxima chloroplast, complete genome","OM948763.1 Androsace maxima chloroplast, complete genome",Androsace maxima
OM948751.fasta,OM948751.1,"Androsace minor chloroplast, complete genome","OM948751.1 Androsace minor chloroplast, complete genome",Androsace minor
OM948758.fasta,OM948758.1,"Androsace rigida chloroplast, complete genome","OM948758.1 Androsace rigida chloroplast, complete genome",Androsace rigida
OM948781.fasta,OM948781.1,"Androsace robusta chloroplast, complete genome","OM948781.1 Androsace robusta chloroplast, complete genome",Androsace robusta
OM948782.fasta,OM948782.1,"Androsace selago chloroplast, complete genome","OM948782.1 Androsace selago chloroplast, complete genome",Androsace selago
OM948765.fasta,OM948765.1,"Androsace septentrionalis chloroplast, complete genome","OM948765.1 Androsace septentrionalis chloroplast, complete genome",Androsace septentrionalis
OM948754.fasta,OM948754.1,"Androsace spinulifera chloroplast, complete genome","OM948754.1 Androsace spinulifera chloroplast, complete genome",Androsace spinulifera
OM948777.fasta,OM948777.1,"Androsace strigillosa chloroplast, complete genome","OM948777.1 Androsace strigillosa chloroplast, complete genome",Androsace strigillosa
OM948757.fasta,OM948757.1,"Androsace sublanata chloroplast, complete genome","OM948757.1 Androsace sublanata chloroplast, complete genome",Androsace sublanata
OM948750.fasta,OM948750.1,"Androsace tanggulashanensis chloroplast, complete genome","OM948750.1 Androsace tanggulashanensis chloroplast, complete genome",Androsace tanggulashanensis
OM948769.fasta,OM948769.1,"Androsace tapete chloroplast, complete genome","OM948769.1 Androsace tapete chloroplast, complete genome",Androsace tapete
OM948767.fasta,OM948767.1,"Androsace umbellata chloroplast, complete genome","OM948767.1 Androsace umbellata chloroplast, complete genome",Androsace umbellata
OM948748.fasta,OM948748.1,"Androsace wardii chloroplast, complete genome","OM948748.1 Androsace wardii chloroplast, complete genome",Androsace wardii
PP234566.fasta,PP234566.1,"Androsace yargongensis isolate p56 chloroplast, complete genome","PP234566.1 Androsace yargongensis isolate p56 chloroplast, complete genome",Androsace yargongensis
OM948759.fasta,OM948759.1,"Androsace zambalensis chloroplast, complete genome","OM948759.1 Androsace zambalensis chloroplast, complete genome",Androsace zambalensis
PX686326.fasta,PX686326.1,"Anemonastrum geum chloroplast, complete genome","PX686326.1 Anemonastrum geum chloroplast, complete genome",Anemonastrum geum
PX686335.fasta,PX686335.1,"Anemonastrum imbricatum chloroplast, complete genome","PX686335.1 Anemonastrum imbricatum chloroplast, complete genome",Anemonastrum imbricatum
PX705446.fasta,PX705446.1,"Anemone amurensis chloroplast, complete genome","PX705446.1 Anemone amurensis chloroplast, complete genome",Anemone amurensis
PP541875.fasta,PP541875.1,"Anemone montana subsp. montana chloroplast, complete genome","PP541875.1 Anemone montana subsp. montana chloroplast, complete genome",Anemone montana
PV069741.fasta,PV069741.1,"Anemone patens isolate Kopna_Gora_105 chloroplast, complete genome","PV069741.1 Anemone patens isolate Kopna_Gora_105 chloroplast, complete genome",Anemone patens
PZ291083.fasta,PZ291083.1,"Anemone tenuiloba isolate XLBTW chloroplast, complete genome","PZ291083.1 Anemone tenuiloba isolate XLBTW chloroplast, complete genome",Anemone tenuiloba
PV621856.fasta,PV621856.1,"Anemone tomentosa chloroplast, complete genome","PV621856.1 Anemone tomentosa chloroplast, complete genome",Anemone tomentosa
PP316516.fasta,PP316516.1,"Anemone trifolia subsp. trifolia chloroplast, complete genome","PP316516.1 Anemone trifolia subsp. trifolia chloroplast, complete genome",Anemone trifolia
PV600761.fasta,PV600761.1,"Angelica acutiloba chloroplast, complete genome","PV600761.1 Angelica acutiloba chloroplast, complete genome",Angelica acutiloba
PV600762.fasta,PV600762.1,"Angelica gigas chloroplast, complete genome","PV600762.1 Angelica gigas chloroplast, complete genome",Angelica gigas
PV613211.fasta,PV613211.1,"Angelica paeoniifolia isolate L-3 chloroplast, complete genome","PV613211.1 Angelica paeoniifolia isolate L-3 chloroplast, complete genome",Angelica paeoniifolia
PV170628.fasta,PV170628.1,"Angelica sinensis chloroplast, complete genome","PV170628.1 Angelica sinensis chloroplast, complete genome",Angelica sinensis
PV613212.fasta,PV613212.1,"Angelica sylvestris isolate L-2 chloroplast, complete genome","PV613212.1 Angelica sylvestris isolate L-2 chloroplast, complete genome",Angelica sylvestris
PV553477.fasta,PV553477.1,"Aniba guianensis voucher C.C. Berg & al. BG688 chloroplast, complete genome","PV553477.1 Aniba guianensis voucher C.C. Berg & al. BG688 chloroplast, complete genome",Aniba guianensis
PQ010071.fasta,PQ010071.1,"Anigozanthos flavidus voucher MCN:Neyland 1884 chloroplast, complete genome","PQ010071.1 Anigozanthos flavidus voucher MCN:Neyland 1884 chloroplast, complete genome",Anigozanthos flavidus
PQ468981.fasta,PQ468981.1,"Anna mollifolia isolate 18 chloroplast, complete genome","PQ468981.1 Anna mollifolia isolate 18 chloroplast, complete genome",Anna mollifolia
PQ468982.fasta,PQ468982.1,"Anna ophiorrhizoides isolate 19 chloroplast, complete genome","PQ468982.1 Anna ophiorrhizoides isolate 19 chloroplast, complete genome",Anna ophiorrhizoides
PQ468985.fasta,PQ468985.1,"Anna rubidiflora isolate 22 chloroplast, complete genome","PQ468985.1 Anna rubidiflora isolate 22 chloroplast, complete genome",Anna rubidiflora
PQ468984.fasta,PQ468984.1,"Anna submontana isolate 21 chloroplast, complete genome","PQ468984.1 Anna submontana isolate 21 chloroplast, complete genome",Anna submontana
PV870714.fasta,PV870714.1,"Annea afzelii voucher 1726-MO chloroplast, complete genome","PV870714.1 Annea afzelii voucher 1726-MO chloroplast, complete genome",Annea afzelii
PQ591845.fasta,PQ591845.1,"Anoectochilus brevilabris chloroplast, complete genome","PQ591845.1 Anoectochilus brevilabris chloroplast, complete genome",Anoectochilus brevilabris
PX648175.fasta,PX648175.1,"Anoectochilus burmannicus cultivar JXL_7 chloroplast, complete genome","PX648175.1 Anoectochilus burmannicus cultivar JXL_7 chloroplast, complete genome",Anoectochilus burmannicus
PX648172.fasta,PX648172.1,"Anoectochilus chapaensis cultivar JXL_4 chloroplast, complete genome","PX648172.1 Anoectochilus chapaensis cultivar JXL_4 chloroplast, complete genome",Anoectochilus chapaensis
PX648174.fasta,PX648174.1,"Anoectochilus formosanus cultivar JXL_6 chloroplast, complete genome","PX648174.1 Anoectochilus formosanus cultivar JXL_6 chloroplast, complete genome",Anoectochilus formosanus
PQ604654.fasta,PQ604654.1,"Anoectochilus lylei chloroplast, complete genome","PQ604654.1 Anoectochilus lylei chloroplast, complete genome",Anoectochilus lylei
PX648173.fasta,PX648173.1,"Anoectochilus nandanensis cultivar JXL_5 chloroplast, complete genome","PX648173.1 Anoectochilus nandanensis cultivar JXL_5 chloroplast, complete genome",Anoectochilus nandanensis
PX648185.fasta,PX648185.1,"Anoectochilus roxburghii cultivar JXL_17 chloroplast, complete genome","PX648185.1 Anoectochilus roxburghii cultivar JXL_17 chloroplast, complete genome",Anoectochilus roxburghii
PX648170.fasta,PX648170.1,"Anoectochilus zhejiangensis cultivar JXL_2 chloroplast, complete genome","PX648170.1 Anoectochilus zhejiangensis cultivar JXL_2 chloroplast, complete genome",Anoectochilus zhejiangensis
OR896894.fasta,OR896894.1,"Antennaria carpatica subsp. helvetica chloroplast, complete genome","OR896894.1 Antennaria carpatica subsp. helvetica chloroplast, complete genome",Antennaria carpatica
OR896872.fasta,OR896872.1,"Anthericum liliago chloroplast, complete genome","OR896872.1 Anthericum liliago chloroplast, complete genome",Anthericum liliago
PP216491.fasta,PP216491.1,"Anthogonium gracile chloroplast, complete genome","PP216491.1 Anthogonium gracile chloroplast, complete genome",Anthogonium gracile
PV870739.fasta,PV870739.1,"Anthonotha stipulacea voucher 591-MO chloroplast, complete genome","PV870739.1 Anthonotha stipulacea voucher 591-MO chloroplast, complete genome",Anthonotha stipulacea
OR978662.fasta,OR978662.1,"Anthostema madagascariense isolate WNE13 chloroplast, complete genome","OR978662.1 Anthostema madagascariense isolate WNE13 chloroplast, complete genome",Anthostema madagascariense
OR978663.fasta,OR978663.1,"Anthostema senegalense isolate WN-E-14_ chloroplast, complete genome","OR978663.1 Anthostema senegalense isolate WN-E-14_ chloroplast, complete genome",Anthostema senegalense
PP316517.fasta,PP316517.1,"Anthoxanthum nipponicum chloroplast, complete genome","PP316517.1 Anthoxanthum nipponicum chloroplast, complete genome",Anthoxanthum nipponicum
PP316518.fasta,PP316518.1,"Anthoxanthum odoratum chloroplast, complete genome","PP316518.1 Anthoxanthum odoratum chloroplast, complete genome",Anthoxanthum odoratum
OR884987.fasta,OR884987.1,"Anthriscus sylvestris subsp. sylvestris chloroplast, complete genome","OR884987.1 Anthriscus sylvestris subsp. sylvestris chloroplast, complete genome",Anthriscus sylvestris
PP190939.fasta,PP190939.1,"Anthyllis vulneraria subsp. alpicola chloroplast, complete genome","PP190939.1 Anthyllis vulneraria subsp. alpicola chloroplast, complete genome",Anthyllis vulneraria
PP316519.fasta,PP316519.1,"Antirrhinum majus chloroplast, complete genome","PP316519.1 Antirrhinum majus chloroplast, complete genome",Antirrhinum majus
PV870844.fasta,PV870844.1,"Antopetitia abyssinica voucher Yi15575-KUN chloroplast, complete genome","PV870844.1 Antopetitia abyssinica voucher Yi15575-KUN chloroplast, complete genome",Antopetitia abyssinica
PV870807.fasta,PV870807.1,"Aotus ericoides voucher Yi14836-Yi Lab chloroplast, complete genome","PV870807.1 Aotus ericoides voucher Yi14836-Yi Lab chloroplast, complete genome",Aotus ericoides
PV870709.fasta,PV870709.1,"Aphanocalyx microphyllus voucher 20303-MO chloroplast, complete genome","PV870709.1 Aphanocalyx microphyllus voucher 20303-MO chloroplast, complete genome",Aphanocalyx microphyllus
PV870738.fasta,PV870738.1,"Aphanocalyx obscurus voucher 972-MO chloroplast, complete genome","PV870738.1 Aphanocalyx obscurus voucher 972-MO chloroplast, complete genome",Aphanocalyx obscurus
PV870827.fasta,PV870827.1,"Apios americana voucher Yi15356-KUN chloroplast, complete genome","PV870827.1 Apios americana voucher Yi15356-KUN chloroplast, complete genome",Apios americana
PV870761.fasta,PV870761.1,"Apios chendezhaoana voucher PZ01-KUN chloroplast, complete genome","PV870761.1 Apios chendezhaoana voucher PZ01-KUN chloroplast, complete genome",Apios chendezhaoana
MK751398.fasta,MK751398.1,"Apium graveolens chloroplast, complete genome","MK751398.1 Apium graveolens chloroplast, complete genome",Apium graveolens
PV553465.fasta,PV553465.1,"Apollonias arnottii voucher C.E. Ridsdale 497 chloroplast, complete genome","PV553465.1 Apollonias arnottii voucher C.E. Ridsdale 497 chloroplast, complete genome",Apollonias arnottii
PV870812.fasta,PV870812.1,"Apoplanesia paniculata voucher Yi14840-Yi Lab chloroplast, complete genome","PV870812.1 Apoplanesia paniculata voucher Yi14840-Yi Lab chloroplast, complete genome",Apoplanesia paniculata
OR712470.fasta,OR712470.1,"Aptandra tubicina voucher H. van der Werff & R. Vasquez 13846 chloroplast, complete genome","OR712470.1 Aptandra tubicina voucher H. van der Werff & R. Vasquez 13846 chloroplast, complete genome",Aptandra tubicina
OR771713.fasta,OR771713.1,"Aquilaria banaensis chloroplast, complete genome","OR771713.1 Aquilaria banaensis chloroplast, complete genome",Aquilaria banaensis
PP887496.fasta,PP887496.1,"Aquilaria crassna chloroplast, complete genome","PP887496.1 Aquilaria crassna chloroplast, complete genome",Aquilaria crassna
PQ576418.fasta,PQ576418.2,"Aquilaria khasiana voucher ML93819 chloroplast, complete genome","PQ576418.2 Aquilaria khasiana voucher ML93819 chloroplast, complete genome",Aquilaria khasiana
PP887495.fasta,PP887495.1,"Aquilaria sinensis chloroplast, complete genome","PP887495.1 Aquilaria sinensis chloroplast, complete genome",Aquilaria sinensis
PV564728.fasta,PV564728.1,"Aquilegia alpina isolate P929 chloroplast, complete genome","PV564728.1 Aquilegia alpina isolate P929 chloroplast, complete genome",Aquilegia alpina
PV564729.fasta,PV564729.1,"Aquilegia amurensis isolate P934 chloroplast, complete genome","PV564729.1 Aquilegia amurensis isolate P934 chloroplast, complete genome",Aquilegia amurensis
PV564730.fasta,PV564730.1,"Aquilegia apuana isolate P924 chloroplast, complete genome","PV564730.1 Aquilegia apuana isolate P924 chloroplast, complete genome",Aquilegia apuana
PV564731.fasta,PV564731.1,"Aquilegia aradanica isolate X335 chloroplast, complete genome","PV564731.1 Aquilegia aradanica isolate X335 chloroplast, complete genome",Aquilegia aradanica
PV564732.fasta,PV564732.1,"Aquilegia atrata isolate P918 chloroplast, complete genome","PV564732.1 Aquilegia atrata isolate P918 chloroplast, complete genome",Aquilegia atrata
PV564733.fasta,PV564733.1,"Aquilegia atrovinosa isolate P933 chloroplast, complete genome","PV564733.1 Aquilegia atrovinosa isolate P933 chloroplast, complete genome",Aquilegia atrovinosa
PV564734.fasta,PV564734.1,"Aquilegia aurea isolate X330 chloroplast, complete genome","PV564734.1 Aquilegia aurea isolate X330 chloroplast, complete genome",Aquilegia aurea
PV564735.fasta,PV564735.1,"Aquilegia barbaricina isolate P920 chloroplast, complete genome","PV564735.1 Aquilegia barbaricina isolate P920 chloroplast, complete genome",Aquilegia barbaricina
PV564736.fasta,PV564736.1,"Aquilegia barnebyi isolate X337 chloroplast, complete genome","PV564736.1 Aquilegia barnebyi isolate X337 chloroplast, complete genome",Aquilegia barnebyi
PV564737.fasta,PV564737.1,"Aquilegia barykinae isolate X338 chloroplast, complete genome","PV564737.1 Aquilegia barykinae isolate X338 chloroplast, complete genome",Aquilegia barykinae
PV564738.fasta,PV564738.1,"Aquilegia bertolonii isolate P909 chloroplast, complete genome","PV564738.1 Aquilegia bertolonii isolate P909 chloroplast, complete genome",Aquilegia bertolonii
PV564739.fasta,PV564739.1,"Aquilegia borodinii isolate P903 chloroplast, complete genome","PV564739.1 Aquilegia borodinii isolate P903 chloroplast, complete genome",Aquilegia borodinii
PV564740.fasta,PV564740.1,"Aquilegia brevistyla isolate P906 chloroplast, complete genome","PV564740.1 Aquilegia brevistyla isolate P906 chloroplast, complete genome",Aquilegia brevistyla
PV564741.fasta,PV564741.1,"Aquilegia buergeriana isolate P897 chloroplast, complete genome","PV564741.1 Aquilegia buergeriana isolate P897 chloroplast, complete genome",Aquilegia buergeriana
PV564743.fasta,PV564743.1,"Aquilegia canadensis isolate P893 chloroplast, complete genome","PV564743.1 Aquilegia canadensis isolate P893 chloroplast, complete genome",Aquilegia canadensis
PV564745.fasta,PV564745.1,"Aquilegia champagnatii isolate X341 chloroplast, complete genome","PV564745.1 Aquilegia champagnatii isolate X341 chloroplast, complete genome",Aquilegia champagnatii
PV564746.fasta,PV564746.1,"Aquilegia chrysantha isolate P896 chloroplast, complete genome","PV564746.1 Aquilegia chrysantha isolate P896 chloroplast, complete genome",Aquilegia chrysantha
PV564742.fasta,PV564742.1,"Aquilegia coerulea isolate X58 chloroplast, complete genome","PV564742.1 Aquilegia coerulea isolate X58 chloroplast, complete genome",Aquilegia coerulea
PV564749.fasta,PV564749.1,"Aquilegia colchica isolate X343 chloroplast, complete genome","PV564749.1 Aquilegia colchica isolate X343 chloroplast, complete genome",Aquilegia colchica
PV564750.fasta,PV564750.1,"Aquilegia cossoniana isolate X345 chloroplast, complete genome","PV564750.1 Aquilegia cossoniana isolate X345 chloroplast, complete genome",Aquilegia cossoniana
PV564751.fasta,PV564751.1,"Aquilegia daingolica isolate P917 chloroplast, complete genome","PV564751.1 Aquilegia daingolica isolate P917 chloroplast, complete genome",Aquilegia daingolica
PV564752.fasta,PV564752.1,"Aquilegia dumeticola isolate P921 chloroplast, complete genome","PV564752.1 Aquilegia dumeticola isolate P921 chloroplast, complete genome",Aquilegia dumeticola
PV564753.fasta,PV564753.1,"Aquilegia ecalcarata isolate P661 chloroplast, complete genome","PV564753.1 Aquilegia ecalcarata isolate P661 chloroplast, complete genome",Aquilegia ecalcarata
PV564754.fasta,PV564754.1,"Aquilegia einseleana isolate P930 chloroplast, complete genome","PV564754.1 Aquilegia einseleana isolate P930 chloroplast, complete genome",Aquilegia einseleana
PV564755.fasta,PV564755.1,"Aquilegia elegantula isolate P892 chloroplast, complete genome","PV564755.1 Aquilegia elegantula isolate P892 chloroplast, complete genome",Aquilegia elegantula
PV564756.fasta,PV564756.1,"Aquilegia eximia isolate P887 chloroplast, complete genome","PV564756.1 Aquilegia eximia isolate P887 chloroplast, complete genome",Aquilegia eximia
PV564757.fasta,PV564757.1,"Aquilegia flabellata isolate X348 chloroplast, complete genome","PV564757.1 Aquilegia flabellata isolate X348 chloroplast, complete genome",Aquilegia flabellata
PV564758.fasta,PV564758.1,"Aquilegia flavescens isolate P895 chloroplast, complete genome","PV564758.1 Aquilegia flavescens isolate P895 chloroplast, complete genome",Aquilegia flavescens
PV564759.fasta,PV564759.1,"Aquilegia formosa isolate P904 chloroplast, complete genome","PV564759.1 Aquilegia formosa isolate P904 chloroplast, complete genome",Aquilegia formosa
PV564760.fasta,PV564760.1,"Aquilegia fragrans isolate X52 chloroplast, complete genome","PV564760.1 Aquilegia fragrans isolate X52 chloroplast, complete genome",Aquilegia fragrans
PV564761.fasta,PV564761.1,"Aquilegia gegica isolate P925 chloroplast, complete genome","PV564761.1 Aquilegia gegica isolate P925 chloroplast, complete genome",Aquilegia gegica
PV564762.fasta,PV564762.1,"Aquilegia glandulosa isolate P900 chloroplast, complete genome","PV564762.1 Aquilegia glandulosa isolate P900 chloroplast, complete genome",Aquilegia glandulosa
PV564763.fasta,PV564763.1,"Aquilegia grata isolate P908 chloroplast, complete genome","PV564763.1 Aquilegia grata isolate P908 chloroplast, complete genome",Aquilegia grata
PV564764.fasta,PV564764.1,"Aquilegia hebeica isolate MG11 chloroplast, complete genome","PV564764.1 Aquilegia hebeica isolate MG11 chloroplast, complete genome",Aquilegia hebeica
PV564765.fasta,PV564765.1,"Aquilegia incurvata isolate X53 chloroplast, complete genome","PV564765.1 Aquilegia incurvata isolate X53 chloroplast, complete genome",Aquilegia incurvata
PV564766.fasta,PV564766.1,"Aquilegia iulia isolate P931 chloroplast, complete genome","PV564766.1 Aquilegia iulia isolate P931 chloroplast, complete genome",Aquilegia iulia
PV564767.fasta,PV564767.1,"Aquilegia japonica isolate X511 chloroplast, complete genome","PV564767.1 Aquilegia japonica isolate X511 chloroplast, complete genome",Aquilegia japonica
PV564768.fasta,PV564768.1,"Aquilegia jonesii isolate P907 chloroplast, complete genome","PV564768.1 Aquilegia jonesii isolate P907 chloroplast, complete genome",Aquilegia jonesii
PV564769.fasta,PV564769.1,"Aquilegia jucunda isolate P901 chloroplast, complete genome","PV564769.1 Aquilegia jucunda isolate P901 chloroplast, complete genome",Aquilegia jucunda
PV564770.fasta,PV564770.1,"Aquilegia kansuensis isolate X334 chloroplast, complete genome","PV564770.1 Aquilegia kansuensis isolate X334 chloroplast, complete genome",Aquilegia kansuensis
PV564771.fasta,PV564771.1,"Aquilegia karelinii isolate P916 chloroplast, complete genome","PV564771.1 Aquilegia karelinii isolate P916 chloroplast, complete genome",Aquilegia karelinii
PV564772.fasta,PV564772.1,"Aquilegia kubanica isolate X355 chloroplast, complete genome","PV564772.1 Aquilegia kubanica isolate X355 chloroplast, complete genome",Aquilegia kubanica
PV564773.fasta,PV564773.1,"Aquilegia lactiflora isolate P914 chloroplast, complete genome","PV564773.1 Aquilegia lactiflora isolate P914 chloroplast, complete genome",Aquilegia lactiflora
PV564774.fasta,PV564774.1,"Aquilegia laramiensis isolate X356 chloroplast, complete genome","PV564774.1 Aquilegia laramiensis isolate X356 chloroplast, complete genome",Aquilegia laramiensis
PV564775.fasta,PV564775.1,"Aquilegia longissima isolate P889 chloroplast, complete genome","PV564775.1 Aquilegia longissima isolate P889 chloroplast, complete genome",Aquilegia longissima
PV564776.fasta,PV564776.1,"Aquilegia lucensis isolate X357 chloroplast, complete genome","PV564776.1 Aquilegia lucensis isolate X357 chloroplast, complete genome",Aquilegia lucensis
PV564777.fasta,PV564777.1,"Aquilegia magellensis isolate P923 chloroplast, complete genome","PV564777.1 Aquilegia magellensis isolate P923 chloroplast, complete genome",Aquilegia magellensis
PV564778.fasta,PV564778.1,"Aquilegia moorcroftiana isolate P912 chloroplast, complete genome","PV564778.1 Aquilegia moorcroftiana isolate P912 chloroplast, complete genome",Aquilegia moorcroftiana
PV564780.fasta,PV564780.1,"Aquilegia nigricans isolate P910 chloroplast, complete genome","PV564780.1 Aquilegia nigricans isolate P910 chloroplast, complete genome",Aquilegia nigricans
PV564781.fasta,PV564781.1,"Aquilegia nugorensis isolate P919 chloroplast, complete genome","PV564781.1 Aquilegia nugorensis isolate P919 chloroplast, complete genome",Aquilegia nugorensis
PV564782.fasta,PV564782.1,"Aquilegia nuragica isolate X359 chloroplast, complete genome","PV564782.1 Aquilegia nuragica isolate X359 chloroplast, complete genome",Aquilegia nuragica
PV564783.fasta,PV564783.1,"Aquilegia olympica isolate P911 chloroplast, complete genome","PV564783.1 Aquilegia olympica isolate P911 chloroplast, complete genome",Aquilegia olympica
PV564784.fasta,PV564784.1,"Aquilegia oxysepala isolate P898 chloroplast, complete genome","PV564784.1 Aquilegia oxysepala isolate P898 chloroplast, complete genome",Aquilegia oxysepala
PV564785.fasta,PV564785.1,"Aquilegia pubescens isolate P905 chloroplast, complete genome","PV564785.1 Aquilegia pubescens isolate P905 chloroplast, complete genome",Aquilegia pubescens
PV564786.fasta,PV564786.1,"Aquilegia pubiflora isolate X56 chloroplast, complete genome","PV564786.1 Aquilegia pubiflora isolate X56 chloroplast, complete genome",Aquilegia pubiflora
PV564787.fasta,PV564787.1,"Aquilegia reuteri isolate P922 chloroplast, complete genome","PV564787.1 Aquilegia reuteri isolate P922 chloroplast, complete genome",Aquilegia reuteri
PV564788.fasta,PV564788.1,"Aquilegia rockii isolate P913 chloroplast, complete genome","PV564788.1 Aquilegia rockii isolate P913 chloroplast, complete genome",Aquilegia rockii
PV564789.fasta,PV564789.1,"Aquilegia saximontana isolate X362 chloroplast, complete genome","PV564789.1 Aquilegia saximontana isolate X362 chloroplast, complete genome",Aquilegia saximontana
PV564790.fasta,PV564790.1,"Aquilegia shockleyi isolate P890 chloroplast, complete genome","PV564790.1 Aquilegia shockleyi isolate P890 chloroplast, complete genome",Aquilegia shockleyi
PV564791.fasta,PV564791.1,"Aquilegia sibirica isolate P902 chloroplast, complete genome","PV564791.1 Aquilegia sibirica isolate P902 chloroplast, complete genome",Aquilegia sibirica
PV564792.fasta,PV564792.1,"Aquilegia sicula isolate X364 chloroplast, complete genome","PV564792.1 Aquilegia sicula isolate X364 chloroplast, complete genome",Aquilegia sicula
PV564793.fasta,PV564793.1,"Aquilegia skinneri isolate P891 chloroplast, complete genome","PV564793.1 Aquilegia skinneri isolate P891 chloroplast, complete genome",Aquilegia skinneri
PV564794.fasta,PV564794.1,"Aquilegia synakensis isolate X365 chloroplast, complete genome","PV564794.1 Aquilegia synakensis isolate X365 chloroplast, complete genome",Aquilegia synakensis
PV564795.fasta,PV564795.1,"Aquilegia thalictrifolia isolate P926 chloroplast, complete genome","PV564795.1 Aquilegia thalictrifolia isolate P926 chloroplast, complete genome",Aquilegia thalictrifolia
PV564796.fasta,PV564796.1,"Aquilegia turczaninovii isolate X366 chloroplast, complete genome","PV564796.1 Aquilegia turczaninovii isolate X366 chloroplast, complete genome",Aquilegia turczaninovii
PV564797.fasta,PV564797.1,"Aquilegia vestinae isolate P927 chloroplast, complete genome","PV564797.1 Aquilegia vestinae isolate P927 chloroplast, complete genome",Aquilegia vestinae
PV564798.fasta,PV564798.1,"Aquilegia viridiflora isolate P899 chloroplast, complete genome","PV564798.1 Aquilegia viridiflora isolate P899 chloroplast, complete genome",Aquilegia viridiflora
PV564799.fasta,PV564799.1,"Aquilegia viscosa isolate P932 chloroplast, complete genome","PV564799.1 Aquilegia viscosa isolate P932 chloroplast, complete genome",Aquilegia viscosa
PV564800.fasta,PV564800.1,"Aquilegia vitalii isolate X368 chloroplast, complete genome","PV564800.1 Aquilegia vitalii isolate X368 chloroplast, complete genome",Aquilegia vitalii
PV564779.fasta,PV564779.1,"Aquilegia vulgaris subsp. nevadensis isolate X358 chloroplast, complete genome","PV564779.1 Aquilegia vulgaris subsp. nevadensis isolate X358 chloroplast, complete genome",Aquilegia vulgaris
PV564744.fasta,PV564744.1,"Aquilegia wittmanniana isolate X340 chloroplast, complete genome","PV564744.1 Aquilegia wittmanniana isolate X340 chloroplast, complete genome",Aquilegia wittmanniana
PV564801.fasta,PV564801.1,"Aquilegia xinjiangensis isolate X369 chloroplast, complete genome","PV564801.1 Aquilegia xinjiangensis isolate X369 chloroplast, complete genome",Aquilegia xinjiangensis
PV564802.fasta,PV564802.1,"Aquilegia yabeana isolate MG03 chloroplast, complete genome","PV564802.1 Aquilegia yabeana isolate MG03 chloroplast, complete genome",Aquilegia yabeana
PP103296.fasta,PP103296.1,"Arabidopsis halleri subsp. occidentalis chloroplast, complete genome","PP103296.1 Arabidopsis halleri subsp. occidentalis chloroplast, complete genome",Arabidopsis halleri
PV530470.fasta,PV530470.1,"Arabidopsis thaliana isolate DWH chloroplast, complete genome","PV530470.1 Arabidopsis thaliana isolate DWH chloroplast, complete genome",Arabidopsis thaliana
PQ463257.fasta,PQ463257.1,"Arachis decora voucher VSW9955 chloroplast, complete genome","PQ463257.1 Arachis decora voucher VSW9955 chloroplast, complete genome",Arachis decora
PQ463259.fasta,PQ463259.1,"Arachis porphyrocalyx voucher VSPmWiSv7303 chloroplast, complete genome","PQ463259.1 Arachis porphyrocalyx voucher VSPmWiSv7303 chloroplast, complete genome",Arachis porphyrocalyx
PQ463258.fasta,PQ463258.1,"Arachis praecox voucher VSGr6416 chloroplast, complete genome","PQ463258.1 Arachis praecox voucher VSGr6416 chloroplast, complete genome",Arachis praecox
PP386171.fasta,PP386171.1,"Aralia apioides chloroplast, complete genome","PP386171.1 Aralia apioides chloroplast, complete genome",Aralia apioides
PP386174.fasta,PP386174.1,"Aralia atropurpurea chloroplast, complete genome","PP386174.1 Aralia atropurpurea chloroplast, complete genome",Aralia atropurpurea
PQ385618.fasta,PQ385618.1,"Aralia chinensis isolate GX2 chloroplast, complete genome","PQ385618.1 Aralia chinensis isolate GX2 chloroplast, complete genome",Aralia chinensis
PP386168.fasta,PP386168.1,"Aralia continentalis chloroplast, complete genome","PP386168.1 Aralia continentalis chloroplast, complete genome",Aralia continentalis
PP386170.fasta,PP386170.1,"Aralia cordata chloroplast, complete genome","PP386170.1 Aralia cordata chloroplast, complete genome",Aralia cordata
PV700452.fasta,PV700452.1,"Aralia elata isolate NX3 chloroplast, complete genome","PV700452.1 Aralia elata isolate NX3 chloroplast, complete genome",Aralia elata
PV870695.fasta,PV870695.1,"Archidendropsis streptocarpa voucher 18198-MO chloroplast, complete genome","PV870695.1 Archidendropsis streptocarpa voucher 18198-MO chloroplast, complete genome",Archidendropsis streptocarpa
PV472655.fasta,PV472655.1,"Archiphysalis chamaesarachoides chloroplast, complete genome","PV472655.1 Archiphysalis chamaesarachoides chloroplast, complete genome",Archiphysalis chamaesarachoides
PV472654.fasta,PV472654.1,"Archiphysalis sinensis chloroplast, complete genome","PV472654.1 Archiphysalis sinensis chloroplast, complete genome",Archiphysalis sinensis
PX733921.fasta,PX733921.1,"Arctium lappa isolate RIT chloroplast, complete genome","PX733921.1 Arctium lappa isolate RIT chloroplast, complete genome",Arctium lappa
BK071823.fasta,BK071823.1,"Arctium minus chloroplast, complete genome","BK071823.1 TPA_asm: Arctium minus chloroplast, complete genome",Arctium minus
BK071824.fasta,BK071824.1,"Arctium nemorosum chloroplast, complete genome","BK071824.1 TPA_asm: Arctium nemorosum chloroplast, complete genome",Arctium nemorosum
MW829277.fasta,MW829277.1,"Ardisia crispa chloroplast, complete genome","MW829277.1 Ardisia crispa chloroplast, complete genome",Ardisia crispa
PX309504.fasta,PX309504.1,"Ardisia japonica chloroplast, complete genome","PX309504.1 Ardisia japonica chloroplast, complete genome",Ardisia japonica
MW829278.fasta,MW829278.2,"Ardisia maclurei chloroplast, complete genome","MW829278.2 Ardisia maclurei chloroplast, complete genome",Ardisia maclurei
PV608499.fasta,PV608499.1,"Ardisia silvestris chloroplast, complete genome","PV608499.1 Ardisia silvestris chloroplast, complete genome",Ardisia silvestris
MW785254.fasta,MW785254.1,"Areca caliso voucher A.D.E. Elmer 14839 (P00742110) chloroplast, complete genome","MW785254.1 Areca caliso voucher A.D.E. Elmer 14839 (P00742110) chloroplast, complete genome",Areca caliso
MW785258.fasta,MW785258.1,"Areca catechu chloroplast, complete genome","MW785258.1 Areca catechu chloroplast, complete genome",Areca catechu
MW785262.fasta,MW785262.1,"Areca macrocalyx chloroplast, complete genome","MW785262.1 Areca macrocalyx chloroplast, complete genome",Areca macrocalyx
MW785260.fasta,MW785260.1,"Areca triandra voucher M. Jeanson 69 (P00889502) chloroplast, complete genome","MW785260.1 Areca triandra voucher M. Jeanson 69 (P00889502) chloroplast, complete genome",Areca triandra
MW785255.fasta,MW785255.1,"Areca vestiaria voucher M. Le Guillou 1841 (P02146304) chloroplast, complete genome","MW785255.1 Areca vestiaria voucher M. Le Guillou 1841 (P02146304) chloroplast, complete genome",Areca vestiaria
PP103297.fasta,PP103297.1,"Arenaria leptoclados subsp. leptoclados chloroplast, complete genome","PP103297.1 Arenaria leptoclados subsp. leptoclados chloroplast, complete genome",Arenaria leptoclados
PX057649.fasta,PX057649.1,"Argentina anserina isolate M291 chloroplast, complete genome","PX057649.1 Argentina anserina isolate M291 chloroplast, complete genome",Argentina anserina
PX057650.fasta,PX057650.1,"Argentina leuconota isolate M293 chloroplast, complete genome","PX057650.1 Argentina leuconota isolate M293 chloroplast, complete genome",Argentina leuconota
PP234515.fasta,PP234515.1,"Argentina stenophylla var. emergens isolate p120 chloroplast, complete genome","PP234515.1 Argentina stenophylla var. emergens isolate p120 chloroplast, complete genome",Argentina stenophylla
PV870804.fasta,PV870804.1,"Argyrocytisus battandieri voucher Yi14813-KUN chloroplast, complete genome","PV870804.1 Argyrocytisus battandieri voucher Yi14813-KUN chloroplast, complete genome",Argyrocytisus battandieri
PV870773.fasta,PV870773.1,"Argyrolobium transvaalense voucher RL1224-Michelle Lab chloroplast, complete genome","PV870773.1 Argyrolobium transvaalense voucher RL1224-Michelle Lab chloroplast, complete genome",Argyrolobium transvaalense
PP190941.fasta,PP190941.1,"Argyrolobium zanonii subsp. zanonii chloroplast, complete genome","PP190941.1 Argyrolobium zanonii subsp. zanonii chloroplast, complete genome",Argyrolobium zanonii
OR995483.fasta,OR995483.1,"Aria graeca isolate B.B.Liu_dd1012 chloroplast, complete genome","OR995483.1 Aria graeca isolate B.B.Liu_dd1012 chloroplast, complete genome",Aria graeca
OR995484.fasta,OR995484.1,"Aria pannonica isolate B.B.Liu_dd1013 chloroplast, complete genome","OR995484.1 Aria pannonica isolate B.B.Liu_dd1013 chloroplast, complete genome",Aria pannonica
PV231676.fasta,PV231676.1,"Arisaema heterophyllum voucher JH220531001 chloroplast, complete genome","PV231676.1 Arisaema heterophyllum voucher JH220531001 chloroplast, complete genome",Arisaema heterophyllum
PV068279.fasta,PV068279.1,"Arisaema lackneri chloroplast, complete genome","PV068279.1 Arisaema lackneri chloroplast, complete genome",Arisaema lackneri
PV067999.fasta,PV067999.1,"Arisaema sinii chloroplast, complete genome","PV067999.1 Arisaema sinii chloroplast, complete genome",Arisaema sinii
PQ651946.fasta,PQ651946.1,"Arisaema takesimense chloroplast, complete genome","PQ651946.1 Arisaema takesimense chloroplast, complete genome",Arisaema takesimense
PZ161599.fasta,PZ161599.1,"Aristida triseta voucher KPP864 chloroplast, complete genome","PZ161599.1 Aristida triseta voucher KPP864 chloroplast, complete genome",Aristida triseta
PP056235.fasta,PP056235.1,"Aristolochia dabieshanensis isolate DBS01489 chloroplast, complete genome","PP056235.1 Aristolochia dabieshanensis isolate DBS01489 chloroplast, complete genome",Aristolochia dabieshanensis
OR187839.fasta,OR187839.1,"Aristolochia kwangsiensis chloroplast, complete genome","OR187839.1 Aristolochia kwangsiensis chloroplast, complete genome",Aristolochia kwangsiensis
PP786657.fasta,PP786657.1,"Aristolochia ringens chloroplast, complete genome","PP786657.1 Aristolochia ringens chloroplast, complete genome",Aristolochia ringens
OR896896.fasta,OR896896.1,"Arnica montana subsp. montana chloroplast, complete genome","OR896896.1 Arnica montana subsp. montana chloroplast, complete genome",Arnica montana
OR995413.fasta,OR995413.1,"Aronia arbutifolia voucher C.Elam#425 (PE-01807398) chloroplast, complete genome","OR995413.1 Aronia arbutifolia voucher C.Elam#425 (PE-01807398) chloroplast, complete genome",Aronia arbutifolia
PP316520.fasta,PP316520.1,"Arrhenatherum elatius subsp. elatius chloroplast, complete genome","PP316520.1 Arrhenatherum elatius subsp. elatius chloroplast, complete genome",Arrhenatherum elatius
PP898105.fasta,PP898105.1,"Artemisia adamsii chloroplast, complete genome","PP898105.1 Artemisia adamsii chloroplast, complete genome",Artemisia adamsii
PP898085.fasta,PP898085.1,"Artemisia bhutanica chloroplast, complete genome","PP898085.1 Artemisia bhutanica chloroplast, complete genome",Artemisia bhutanica
PP898101.fasta,PP898101.1,"Artemisia blepharolepis chloroplast, complete genome","PP898101.1 Artemisia blepharolepis chloroplast, complete genome",Artemisia blepharolepis
PP898079.fasta,PP898079.1,"Artemisia comaiensis chloroplast, complete genome","PP898079.1 Artemisia comaiensis chloroplast, complete genome",Artemisia comaiensis
PQ850018.fasta,PQ850018.1,"Artemisia desertorum isolate G022 chloroplast, complete genome","PQ850018.1 Artemisia desertorum isolate G022 chloroplast, complete genome",Artemisia desertorum
PQ850015.fasta,PQ850015.1,"Artemisia dracunculus isolate G001 chloroplast, complete genome","PQ850015.1 Artemisia dracunculus isolate G001 chloroplast, complete genome",Artemisia dracunculus
PQ850012.fasta,PQ850012.1,"Artemisia dubia isolate G006 chloroplast, complete genome","PQ850012.1 Artemisia dubia isolate G006 chloroplast, complete genome",Artemisia dubia
PQ850016.fasta,PQ850016.1,"Artemisia eriopoda isolate G024 chloroplast, complete genome","PQ850016.1 Artemisia eriopoda isolate G024 chloroplast, complete genome",Artemisia eriopoda
PP898075.fasta,PP898075.1,"Artemisia fulgens var. meiguensis chloroplast, complete genome","PP898075.1 Artemisia fulgens var. meiguensis chloroplast, complete genome",Artemisia fulgens
PQ850011.fasta,PQ850011.1,"Artemisia giraldii isolate G007 chloroplast, complete genome","PQ850011.1 Artemisia giraldii isolate G007 chloroplast, complete genome",Artemisia giraldii
PP898091.fasta,PP898091.1,"Artemisia gyitangensis chloroplast, complete genome","PP898091.1 Artemisia gyitangensis chloroplast, complete genome",Artemisia gyitangensis
PP234576.fasta,PP234576.1,"Artemisia hedinii isolate p68 chloroplast, complete genome","PP234576.1 Artemisia hedinii isolate p68 chloroplast, complete genome",Artemisia hedinii
PV600490.fasta,PV600490.1,"Artemisia ifranensis isolate 6DEHV1Z051 chloroplast, complete genome","PV600490.1 Artemisia ifranensis isolate 6DEHV1Z051 chloroplast, complete genome",Artemisia ifranensis
PP898104.fasta,PP898104.1,"Artemisia integrifolia chloroplast, complete genome","PP898104.1 Artemisia integrifolia chloroplast, complete genome",Artemisia integrifolia
PP898086.fasta,PP898086.1,"Artemisia jilongensis chloroplast, complete genome","PP898086.1 Artemisia jilongensis chloroplast, complete genome",Artemisia jilongensis
PP898096.fasta,PP898096.1,"Artemisia lingyeouruennii chloroplast, complete genome","PP898096.1 Artemisia lingyeouruennii chloroplast, complete genome",Artemisia lingyeouruennii
PP493341.fasta,PP493341.1,"Artemisia littoricola chloroplast, complete genome","PP493341.1 Artemisia littoricola chloroplast, complete genome",Artemisia littoricola
PP234573.fasta,PP234573.1,"Artemisia macrocephala isolate p64 chloroplast, complete genome","PP234573.1 Artemisia macrocephala isolate p64 chloroplast, complete genome",Artemisia macrocephala
PP898080.fasta,PP898080.1,"Artemisia mairei chloroplast, complete genome","PP898080.1 Artemisia mairei chloroplast, complete genome",Artemisia mairei
PP898076.fasta,PP898076.1,"Artemisia mattfeldii var. etomentosa chloroplast, complete genome","PP898076.1 Artemisia mattfeldii var. etomentosa chloroplast, complete genome",Artemisia mattfeldii
PP898083.fasta,PP898083.1,"Artemisia minor chloroplast, complete genome","PP898083.1 Artemisia minor chloroplast, complete genome",Artemisia minor
PP898103.fasta,PP898103.1,"Artemisia mongolica chloroplast, complete genome","PP898103.1 Artemisia mongolica chloroplast, complete genome",Artemisia mongolica
PQ850006.fasta,PQ850006.1,"Artemisia nanschanica isolate G012 chloroplast, complete genome","PQ850006.1 Artemisia nanschanica isolate G012 chloroplast, complete genome",Artemisia nanschanica
PP898094.fasta,PP898094.1,"Artemisia neosinensis chloroplast, complete genome","PP898094.1 Artemisia neosinensis chloroplast, complete genome",Artemisia neosinensis
PP898084.fasta,PP898084.1,"Artemisia nortonii chloroplast, complete genome","PP898084.1 Artemisia nortonii chloroplast, complete genome",Artemisia nortonii
PP898077.fasta,PP898077.1,"Artemisia phyllobotrys chloroplast, complete genome","PP898077.1 Artemisia phyllobotrys chloroplast, complete genome",Artemisia phyllobotrys
PQ850001.fasta,PQ850001.1,"Artemisia prattii isolate G020 chloroplast, complete genome","PQ850001.1 Artemisia prattii isolate G020 chloroplast, complete genome",Artemisia prattii
PP898098.fasta,PP898098.1,"Artemisia qinlingensis chloroplast, complete genome","PP898098.1 Artemisia qinlingensis chloroplast, complete genome",Artemisia qinlingensis
PX309299.fasta,PX309299.1,"Artemisia schmidtiana chloroplast, complete genome","PX309299.1 Artemisia schmidtiana chloroplast, complete genome",Artemisia schmidtiana
PP898102.fasta,PP898102.1,"Artemisia selengensis chloroplast, complete genome","PP898102.1 Artemisia selengensis chloroplast, complete genome",Artemisia selengensis
PP898073.fasta,PP898073.1,"Artemisia sericea chloroplast, complete genome","PP898073.1 Artemisia sericea chloroplast, complete genome",Artemisia sericea
PP898074.fasta,PP898074.1,"Artemisia sichuanensis chloroplast, complete genome","PP898074.1 Artemisia sichuanensis chloroplast, complete genome",Artemisia sichuanensis
PP898097.fasta,PP898097.1,"Artemisia smithii chloroplast, complete genome","PP898097.1 Artemisia smithii chloroplast, complete genome",Artemisia smithii
PP898082.fasta,PP898082.1,"Artemisia stricta chloroplast, complete genome","PP898082.1 Artemisia stricta chloroplast, complete genome",Artemisia stricta
PP898100.fasta,PP898100.1,"Artemisia sylvatica chloroplast, complete genome","PP898100.1 Artemisia sylvatica chloroplast, complete genome",Artemisia sylvatica
PP898088.fasta,PP898088.1,"Artemisia tafelii chloroplast, complete genome","PP898088.1 Artemisia tafelii chloroplast, complete genome",Artemisia tafelii
PP898099.fasta,PP898099.1,"Artemisia tangutica chloroplast, complete genome","PP898099.1 Artemisia tangutica chloroplast, complete genome",Artemisia tangutica
PP898072.fasta,PP898072.1,"Artemisia tournefortiana chloroplast, complete genome","PP898072.1 Artemisia tournefortiana chloroplast, complete genome",Artemisia tournefortiana
PP898095.fasta,PP898095.1,"Artemisia tridactyla chloroplast, complete genome","PP898095.1 Artemisia tridactyla chloroplast, complete genome",Artemisia tridactyla
PP898078.fasta,PP898078.1,"Artemisia viscidissima chloroplast, complete genome","PP898078.1 Artemisia viscidissima chloroplast, complete genome",Artemisia viscidissima
PP898092.fasta,PP898092.1,"Artemisia waltonii var. yushuensis chloroplast, complete genome","PP898092.1 Artemisia waltonii var. yushuensis chloroplast, complete genome",Artemisia waltonii
PP234582.fasta,PP234582.1,"Artemisia wellbyi isolate p75 chloroplast, complete genome","PP234582.1 Artemisia wellbyi isolate p75 chloroplast, complete genome",Artemisia wellbyi
PP898089.fasta,PP898089.1,"Artemisia yongii chloroplast, complete genome","PP898089.1 Artemisia yongii chloroplast, complete genome",Artemisia yongii
PP234531.fasta,PP234531.1,"Artemisia younghusbandii isolate p146 chloroplast, complete genome","PP234531.1 Artemisia younghusbandii isolate p146 chloroplast, complete genome",Artemisia younghusbandii
PP898093.fasta,PP898093.1,"Artemisia yunnanensis chloroplast, complete genome","PP898093.1 Artemisia yunnanensis chloroplast, complete genome",Artemisia yunnanensis
PP898081.fasta,PP898081.1,"Artemisiella stracheyi chloroplast, complete genome","PP898081.1 Artemisiella stracheyi chloroplast, complete genome",Artemisiella stracheyi
PV870704.fasta,PV870704.1,"Arthroclianthus leratii voucher 18482-MO chloroplast, complete genome","PV870704.1 Arthroclianthus leratii voucher 18482-MO chloroplast, complete genome",Arthroclianthus leratii
PV917083.fasta,PV917083.1,"Artocarpus altilis chloroplast, complete genome","PV917083.1 Artocarpus altilis chloroplast, complete genome",Artocarpus altilis
PX111449.fasta,PX111449.1,"Artocarpus gongshanensis isolate ENC866357 chloroplast, complete genome","PX111449.1 Artocarpus gongshanensis isolate ENC866357 chloroplast, complete genome",Artocarpus gongshanensis
PQ835412.fasta,PQ835412.1,"Artocarpus heterophyllus isolate YNHBLM chloroplast, complete genome","PQ835412.1 Artocarpus heterophyllus isolate YNHBLM chloroplast, complete genome",Artocarpus heterophyllus
PQ835411.fasta,PQ835411.1,"Artocarpus integer isolate LLBLM chloroplast, complete genome","PQ835411.1 Artocarpus integer isolate LLBLM chloroplast, complete genome",Artocarpus integer
PX696983.fasta,PX696983.1,"Artocarpus nitidus subsp. lingnanensis chloroplast, complete genome","PX696983.1 Artocarpus nitidus subsp. lingnanensis chloroplast, complete genome",Artocarpus nitidus
PQ493654.fasta,PQ493654.1,"Artocarpus tamaran chloroplast, complete genome","PQ493654.1 Artocarpus tamaran chloroplast, complete genome",Artocarpus tamaran
PP216493.fasta,PP216493.1,"Arundina graminifolia chloroplast, complete genome","PP216493.1 Arundina graminifolia chloroplast, complete genome",Arundina graminifolia
PX309505.fasta,PX309505.1,"Arundo donax chloroplast, complete genome","PX309505.1 Arundo donax chloroplast, complete genome",Arundo donax
PQ728875.fasta,PQ728875.1,"Ascarina rubricaulis chloroplast, complete genome","PQ728875.1 Ascarina rubricaulis chloroplast, complete genome",Ascarina rubricaulis
PQ728876.fasta,PQ728876.1,"Ascarina swamyana chloroplast, complete genome","PQ728876.1 Ascarina swamyana chloroplast, complete genome",Ascarina swamyana
PP883950.fasta,PP883950.1,"Asemeia violacea chloroplast, complete genome","PP883950.1 Asemeia violacea chloroplast, complete genome",Asemeia violacea
PP234598.fasta,PP234598.1,"Askellia flexuosa isolate p91 chloroplast, complete genome","PP234598.1 Askellia flexuosa isolate p91 chloroplast, complete genome",Askellia flexuosa
PX891042.fasta,PX891042.1,"Asparagus adscendens chloroplast, complete genome","PX891042.1 Asparagus adscendens chloroplast, complete genome",Asparagus adscendens
OQ851310.fasta,OQ851310.1,"Asparagus angulofractus voucher 08CS299 chloroplast, complete genome","OQ851310.1 Asparagus angulofractus voucher 08CS299 chloroplast, complete genome",Asparagus angulofractus
OQ851320.fasta,OQ851320.1,"Asparagus brachyphyllus voucher XiaNH0366 chloroplast, complete genome","OQ851320.1 Asparagus brachyphyllus voucher XiaNH0366 chloroplast, complete genome",Asparagus brachyphyllus
PV276193.fasta,PV276193.1,"Asparagus cochinchinensis isolate A3 chloroplast, complete genome","PV276193.1 Asparagus cochinchinensis isolate A3 chloroplast, complete genome",Asparagus cochinchinensis
OQ851329.fasta,OQ851329.1,"Asparagus dauricus voucher AHC2019011 chloroplast, complete genome","OQ851329.1 Asparagus dauricus voucher AHC2019011 chloroplast, complete genome",Asparagus dauricus
PV658263.fasta,PV658263.1,"Asparagus densiflorus cultivar Sprengeri chloroplast, complete genome","PV658263.1 Asparagus densiflorus cultivar Sprengeri chloroplast, complete genome",Asparagus densiflorus
OQ851309.fasta,OQ851309.1,"Asparagus filicinus voucher 10CS1940 chloroplast, complete genome","OQ851309.1 Asparagus filicinus voucher 10CS1940 chloroplast, complete genome",Asparagus filicinus
OQ851318.fasta,OQ851318.1,"Asparagus gobicus voucher NMZA0196 chloroplast, complete genome","OQ851318.1 Asparagus gobicus voucher NMZA0196 chloroplast, complete genome",Asparagus gobicus
OQ851313.fasta,OQ851313.1,"Asparagus longiflorus voucher ChenSL1751 chloroplast, complete genome","OQ851313.1 Asparagus longiflorus voucher ChenSL1751 chloroplast, complete genome",Asparagus longiflorus
OQ851327.fasta,OQ851327.1,"Asparagus lycopodineus voucher TianXH1015 chloroplast, complete genome","OQ851327.1 Asparagus lycopodineus voucher TianXH1015 chloroplast, complete genome",Asparagus lycopodineus
OQ851347.fasta,OQ851347.1,"Asparagus macowanii voucher 2019099 chloroplast, complete genome","OQ851347.1 Asparagus macowanii voucher 2019099 chloroplast, complete genome",Asparagus macowanii
PX562783.fasta,PX562783.1,"Asparagus meioclados isolate A11 chloroplast, complete genome","PX562783.1 Asparagus meioclados isolate A11 chloroplast, complete genome",Asparagus meioclados
OR187836.fasta,OR187836.1,"Asparagus myriacanthus chloroplast, complete genome","OR187836.1 Asparagus myriacanthus chloroplast, complete genome",Asparagus myriacanthus
OQ851311.fasta,OQ851311.1,"Asparagus neglectus voucher 16CS13513 chloroplast, complete genome","OQ851311.1 Asparagus neglectus voucher 16CS13513 chloroplast, complete genome",Asparagus neglectus
PV087174.fasta,PV087174.1,"Asparagus nelsii chloroplast, complete genome","PV087174.1 Asparagus nelsii chloroplast, complete genome",Asparagus nelsii
OR896873.fasta,OR896873.1,"Asparagus officinalis subsp. officinalis chloroplast, complete genome","OR896873.1 Asparagus officinalis subsp. officinalis chloroplast, complete genome",Asparagus officinalis
OQ851315.fasta,OQ851315.1,"Asparagus oligoclonos voucher lilan614 chloroplast, complete genome","OQ851315.1 Asparagus oligoclonos voucher lilan614 chloroplast, complete genome",Asparagus oligoclonos
OQ851328.fasta,OQ851328.1,"Asparagus schoberioides voucher AHC2019001 chloroplast, complete genome","OQ851328.1 Asparagus schoberioides voucher AHC2019001 chloroplast, complete genome",Asparagus schoberioides
OQ851331.fasta,OQ851331.1,"Asparagus setaceus voucher 2019103 chloroplast, complete genome","OQ851331.1 Asparagus setaceus voucher 2019103 chloroplast, complete genome",Asparagus setaceus
PX070074.fasta,PX070074.1,"Asparagus taliensis isolate A6 chloroplast, complete genome","PX070074.1 Asparagus taliensis isolate A6 chloroplast, complete genome",Asparagus taliensis
OQ851321.fasta,OQ851321.1,"Asparagus tibeticus voucher ZhongY130 chloroplast, complete genome","OQ851321.1 Asparagus tibeticus voucher ZhongY130 chloroplast, complete genome",Asparagus tibeticus
OQ851314.fasta,OQ851314.1,"Asparagus trichoclados voucher GLGE12287 chloroplast, complete genome","OQ851314.1 Asparagus trichoclados voucher GLGE12287 chloroplast, complete genome",Asparagus trichoclados
OQ851332.fasta,OQ851332.1,"Asparagus virgatus voucher XPX-1 chloroplast, complete genome","OQ851332.1 Asparagus virgatus voucher XPX-1 chloroplast, complete genome",Asparagus virgatus
PX309506.fasta,PX309506.1,"Aspidistra elatior chloroplast, complete genome","PX309506.1 Aspidistra elatior chloroplast, complete genome",Aspidistra elatior
PV087175.fasta,PV087175.1,"Aspidistra fenghuangensis chloroplast, complete genome","PV087175.1 Aspidistra fenghuangensis chloroplast, complete genome",Aspidistra fenghuangensis
PQ873013.fasta,PQ873013.1,"Aspidistra subrotata chloroplast, complete genome","PQ873013.1 Aspidistra subrotata chloroplast, complete genome",Aspidistra subrotata
PQ112544.fasta,PQ112544.1,"Aspidopterys cavaleriei chloroplast, complete genome","PQ112544.1 Aspidopterys cavaleriei chloroplast, complete genome",Aspidopterys cavaleriei
PQ112545.fasta,PQ112545.1,"Aspidopterys concava chloroplast, complete genome","PQ112545.1 Aspidopterys concava chloroplast, complete genome",Aspidopterys concava
PQ112543.fasta,PQ112543.1,"Aspidopterys glabriuscula chloroplast, complete genome","PQ112543.1 Aspidopterys glabriuscula chloroplast, complete genome",Aspidopterys glabriuscula
PV409670.fasta,PV409670.1,"Astelia alpina chloroplast, complete genome","PV409670.1 Astelia alpina chloroplast, complete genome",Astelia alpina
OR896874.fasta,OR896874.1,"Aster amellus chloroplast, complete genome","OR896874.1 Aster amellus chloroplast, complete genome",Aster amellus
PP234603.fasta,PP234603.1,"Aster asteroides isolate p97 chloroplast, complete genome","PP234603.1 Aster asteroides isolate p97 chloroplast, complete genome",Aster asteroides
OR896897.fasta,OR896897.1,"Aster bellidiastrum chloroplast, complete genome","OR896897.1 Aster bellidiastrum chloroplast, complete genome",Aster bellidiastrum
PP234528.fasta,PP234528.1,"Aster boweri isolate p143 chloroplast, complete genome","PP234528.1 Aster boweri isolate p143 chloroplast, complete genome",Aster boweri
PX645512.fasta,PX645512.1,"Aster danyangensis chloroplast, complete genome","PX645512.1 Aster danyangensis chloroplast, complete genome",Aster danyangensis
PV564080.fasta,PV564080.1,"Aster indicus chloroplast, complete genome","PV564080.1 Aster indicus chloroplast, complete genome",Aster indicus
PZ250460.fasta,PZ250460.1,"Aster lautureanus chloroplast, complete genome","PZ250460.1 Aster lautureanus chloroplast, complete genome",Aster lautureanus
PP234575.fasta,PP234575.1,"Aster prainii isolate p66 chloroplast, complete genome","PP234575.1 Aster prainii isolate p66 chloroplast, complete genome",Aster prainii
PP234574.fasta,PP234574.1,"Aster semiprostratus isolate p65 chloroplast, complete genome","PP234574.1 Aster semiprostratus isolate p65 chloroplast, complete genome",Aster semiprostratus
PQ436353.fasta,PQ436353.1,"Asteracantha longifolia chloroplast, complete genome","PQ436353.1 Asteracantha longifolia chloroplast, complete genome",Asteracantha longifolia
PP328800.fasta,PP328800.1,"Astragalus alpinus chloroplast, complete genome","PP328800.1 Astragalus alpinus chloroplast, complete genome",Astragalus alpinus
PV870668.fasta,PV870668.1,"Astragalus arbuscula voucher 15CS10169-KUN chloroplast, complete genome","PV870668.1 Astragalus arbuscula voucher 15CS10169-KUN chloroplast, complete genome",Astragalus arbuscula
PP328801.fasta,PP328801.1,"Astragalus australis chloroplast, complete genome","PP328801.1 Astragalus australis chloroplast, complete genome",Astragalus australis
PX999252.fasta,PX999252.1,"Astragalus bhotanensis chloroplast, complete genome","PX999252.1 Astragalus bhotanensis chloroplast, complete genome",Astragalus bhotanensis
PV870770.fasta,PV870770.1,"Astragalus chinensis voucher Yi336-KUN chloroplast, complete genome","PV870770.1 Astragalus chinensis voucher Yi336-KUN chloroplast, complete genome",Astragalus chinensis
PV423827.fasta,PV423827.1,"Astragalus cicer chloroplast, complete genome","PV423827.1 Astragalus cicer chloroplast, complete genome",Astragalus cicer
PX999255.fasta,PX999255.1,"Astragalus degensis chloroplast, complete genome","PX999255.1 Astragalus degensis chloroplast, complete genome",Astragalus degensis
PV870843.fasta,PV870843.1,"Astragalus effusus voucher Yi15464-Kew chloroplast, complete genome","PV870843.1 Astragalus effusus voucher Yi15464-Kew chloroplast, complete genome",Astragalus effusus
PZ307143.fasta,PZ307143.1,"Astragalus ellipsoideus chloroplast, complete genome","PZ307143.1 Astragalus ellipsoideus chloroplast, complete genome",Astragalus ellipsoideus
PZ369833.fasta,PZ369833.1,"Astragalus floridulus isolate xz41 chloroplast, complete genome","PZ369833.1 Astragalus floridulus isolate xz41 chloroplast, complete genome",Astragalus floridulus
PX999253.fasta,PX999253.1,"Astragalus khasianus chloroplast, complete genome","PX999253.1 Astragalus khasianus chloroplast, complete genome",Astragalus khasianus
PV423828.fasta,PV423828.1,"Astragalus laxmannii chloroplast, complete genome","PV423828.1 Astragalus laxmannii chloroplast, complete genome",Astragalus laxmannii
PZ117412.fasta,PZ117412.1,"Astragalus lhorongensis chloroplast, complete genome","PZ117412.1 Astragalus lhorongensis chloroplast, complete genome",Astragalus lhorongensis
PV870772.fasta,PV870772.1,"Astragalus lonchocarpus voucher R.M. King 13725-MO chloroplast, complete genome","PV870772.1 Astragalus lonchocarpus voucher R.M. King 13725-MO chloroplast, complete genome",Astragalus lonchocarpus
PZ369834.fasta,PZ369834.1,"Astragalus melilotoides isolate xz23 chloroplast, complete genome","PZ369834.1 Astragalus melilotoides isolate xz23 chloroplast, complete genome",Astragalus melilotoides
PV761671.fasta,PV761671.1,"Astragalus membranaceus chloroplast, complete genome","PV761671.1 Astragalus membranaceus chloroplast, complete genome",Astragalus membranaceus
PV870666.fasta,PV870666.1,"Astragalus mongholicus voucher 15CS10165-KUN chloroplast, complete genome","PV870666.1 Astragalus mongholicus voucher 15CS10165-KUN chloroplast, complete genome",Astragalus mongholicus
PZ369835.fasta,PZ369835.1,"Astragalus muliensis isolate xz45 chloroplast, complete genome","PZ369835.1 Astragalus muliensis isolate xz45 chloroplast, complete genome",Astragalus muliensis
PX928918.fasta,PX928918.1,"Astragalus nuratensis chloroplast, complete genome","PX928918.1 Astragalus nuratensis chloroplast, complete genome",Astragalus nuratensis
PV910879.fasta,PV910879.1,"Astragalus polycladus voucher 20240717-4 chloroplast, complete genome","PV910879.1 Astragalus polycladus voucher 20240717-4 chloroplast, complete genome",Astragalus polycladus
PZ369836.fasta,PZ369836.1,"Astragalus psilosepalus isolate xz46 chloroplast, complete genome","PZ369836.1 Astragalus psilosepalus isolate xz46 chloroplast, complete genome",Astragalus psilosepalus
PX711949.fasta,PX711949.1,"Astragalus rumpens isolate A55 chloroplast, complete genome","PX711949.1 Astragalus rumpens isolate A55 chloroplast, complete genome",Astragalus rumpens
PZ369837.fasta,PZ369837.1,"Astragalus scaberrimus isolate xz30 chloroplast, complete genome","PZ369837.1 Astragalus scaberrimus isolate xz30 chloroplast, complete genome",Astragalus scaberrimus
PZ117411.fasta,PZ117411.1,"Astragalus smithianus chloroplast, complete genome","PZ117411.1 Astragalus smithianus chloroplast, complete genome",Astragalus smithianus
PX999251.fasta,PX999251.1,"Astragalus strictus chloroplast, complete genome","PX999251.1 Astragalus strictus chloroplast, complete genome",Astragalus strictus
PX754582.fasta,PX754582.1,"Astragalus tongolensis chloroplast, complete genome","PX754582.1 Astragalus tongolensis chloroplast, complete genome",Astragalus tongolensis
PV156653.fasta,PV156653.1,"Astragalus yunnanensis subsp. incanus chloroplast, complete genome","PV156653.1 Astragalus yunnanensis subsp. incanus chloroplast, complete genome",Astragalus yunnanensis
PX711948.fasta,PX711948.1,"Astragalus zerabulaki isolate A56 voucher Zerabulak Mountain chloroplast, complete genome","PX711948.1 Astragalus zerabulaki isolate A56 voucher Zerabulak Mountain chloroplast, complete genome",Astragalus zerabulaki
OR896875.fasta,OR896875.1,"Astrantia major chloroplast, complete genome","OR896875.1 Astrantia major chloroplast, complete genome",Astrantia major
PV394223.fasta,PV394223.1,"Astrohibiscus caesius chloroplast, complete genome","PV394223.1 Astrohibiscus caesius chloroplast, complete genome",Astrohibiscus caesius
PP680763.fasta,PP680763.1,"Asystasia gangetica chloroplast, complete genome","PP680763.1 Asystasia gangetica chloroplast, complete genome",Asystasia gangetica
PP190931.fasta,PP190931.1,"Atocion rupestre chloroplast, complete genome","PP190931.1 Atocion rupestre chloroplast, complete genome",Atocion rupestre
BK071825.fasta,BK071825.1,"Atractylis echinata chloroplast, complete genome","BK071825.1 TPA_asm: Atractylis echinata chloroplast, complete genome",Atractylis echinata
BK071826.fasta,BK071826.1,"Atractylis humilis chloroplast, complete genome","BK071826.1 TPA_asm: Atractylis humilis chloroplast, complete genome",Atractylis humilis
PQ523294.fasta,PQ523294.1,"Atraphaxis frutescens chloroplast, complete genome","PQ523294.1 Atraphaxis frutescens chloroplast, complete genome",Atraphaxis frutescens
PQ523295.fasta,PQ523295.1,"Atraphaxis pungens chloroplast, complete genome","PQ523295.1 Atraphaxis pungens chloroplast, complete genome",Atraphaxis pungens
PP234538.fasta,PP234538.1,"Atriplex centralasiatica isolate p155 chloroplast, complete genome","PP234538.1 Atriplex centralasiatica isolate p155 chloroplast, complete genome",Atriplex centralasiatica
PP952454.fasta,PP952454.1,"Atropa belladonna chloroplast, complete genome","PP952454.1 Atropa belladonna chloroplast, complete genome",Atropa belladonna
PV618399.fasta,PV618399.1,"Attalea bassleriana chloroplast, complete genome","PV618399.1 Attalea bassleriana chloroplast, complete genome",Attalea bassleriana
PV618400.fasta,PV618400.1,"Attalea maripa chloroplast, complete genome","PV618400.1 Attalea maripa chloroplast, complete genome",Attalea maripa
PV618401.fasta,PV618401.1,"Attalea moorei chloroplast, complete genome","PV618401.1 Attalea moorei chloroplast, complete genome",Attalea moorei
PV870711.fasta,PV870711.1,"Aubrevillea platycarpa voucher 20107-MO chloroplast, complete genome","PV870711.1 Aubrevillea platycarpa voucher 20107-MO chloroplast, complete genome",Aubrevillea platycarpa
PV870789.fasta,PV870789.1,"Austrocallerya australis voucher Yi14594-Yi Lab chloroplast, complete genome","PV870789.1 Austrocallerya australis voucher Yi14594-Yi Lab chloroplast, complete genome",Austrocallerya australis
PP316521.fasta,PP316521.1,"Avena barbata chloroplast, complete genome","PP316521.1 Avena barbata chloroplast, complete genome",Avena barbata
PP328777.fasta,PP328777.1,"Avena sterilis subsp. ludoviciana chloroplast, complete genome","PP328777.1 Avena sterilis subsp. ludoviciana chloroplast, complete genome",Avena sterilis
PP336762.fasta,PP336762.1,"Avenula pubescens chloroplast, complete genome","PP336762.1 Avenula pubescens chloroplast, complete genome",Avenula pubescens
PP234580.fasta,PP234580.1,"Axyris prostrata isolate p73 chloroplast, complete genome","PP234580.1 Axyris prostrata isolate p73 chloroplast, complete genome",Axyris prostrata
OQ198448.fasta,OQ198448.1,"Azilia eryngioides chloroplast, complete genome","OQ198448.1 Azilia eryngioides chloroplast, complete genome",Azilia eryngioides
PQ469841.fasta,PQ469841.1,"Baccaurea ramiflora cultivar Ha Chau chloroplast, complete genome","PQ469841.1 Baccaurea ramiflora cultivar Ha Chau chloroplast, complete genome",Baccaurea ramiflora
PP840338.fasta,PP840338.1,"Ballota nigra subsp. meridionalis chloroplast, complete genome","PP840338.1 Ballota nigra subsp. meridionalis chloroplast, complete genome",Ballota nigra
PQ472912.fasta,PQ472912.1,"Bambusa emeiensis f. viridiflava chloroplast, complete genome","PQ472912.1 Bambusa emeiensis f. viridiflava chloroplast, complete genome",Bambusa emeiensis
PQ576953.fasta,PQ576953.1,"Bambusa vulgaris voucher BO39 chloroplast, complete genome","PQ576953.1 Bambusa vulgaris voucher BO39 chloroplast, complete genome",Bambusa vulgaris
PV870744.fasta,PV870744.1,"Baphia leptostemma voucher 667-MO chloroplast, complete genome","PV870744.1 Baphia leptostemma voucher 667-MO chloroplast, complete genome",Baphia leptostemma
PV870838.fasta,PV870838.1,"Baptisia australis voucher Yi15469-KUN chloroplast, complete genome","PV870838.1 Baptisia australis voucher Yi15469-KUN chloroplast, complete genome",Baptisia australis
PP103298.fasta,PP103298.1,"Barbarea bracteosa chloroplast, complete genome","PP103298.1 Barbarea bracteosa chloroplast, complete genome",Barbarea bracteosa
PQ858234.fasta,PQ858234.1,"Barbeya oleoides voucher ZSD498 chloroplast, complete genome","PQ858234.1 Barbeya oleoides voucher ZSD498 chloroplast, complete genome",Barbeya oleoides
PV870777.fasta,PV870777.1,"Barklya syringifolia voucher Yi14483-Yi Lab chloroplast, complete genome","PV870777.1 Barklya syringifolia voucher Yi14483-Yi Lab chloroplast, complete genome",Barklya syringifolia
PP328778.fasta,PP328778.1,"Bartsia alpina chloroplast, complete genome","PP328778.1 Bartsia alpina chloroplast, complete genome",Bartsia alpina
ON929874.fasta,ON929874.1,"Bassia hyssopifolia chloroplast, complete genome","ON929874.1 Bassia hyssopifolia chloroplast, complete genome",Bassia hyssopifolia
ON929873.fasta,ON929873.1,"Bassia prostrata chloroplast, complete genome","ON929873.1 Bassia prostrata chloroplast, complete genome",Bassia prostrata
ON929877.fasta,ON929877.1,"Bassia scoparia chloroplast, complete genome","ON929877.1 Bassia scoparia chloroplast, complete genome",Bassia scoparia
ON929872.fasta,ON929872.1,"Bassia stellaris chloroplast, complete genome","ON929872.1 Bassia stellaris chloroplast, complete genome",Bassia stellaris
PQ826992.fasta,PQ826992.1,"Bauhinia brachycarpa voucher FJTCMCP20200114 chloroplast, complete genome","PQ826992.1 Bauhinia brachycarpa voucher FJTCMCP20200114 chloroplast, complete genome",Bauhinia brachycarpa
PQ826995.fasta,PQ826995.1,"Bauhinia galpinii voucher FJTCMCPS07 chloroplast, complete genome","PQ826995.1 Bauhinia galpinii voucher FJTCMCPS07 chloroplast, complete genome",Bauhinia galpinii
PQ826996.fasta,PQ826996.1,"Bauhinia monandra voucher FJTCMCPS09 chloroplast, complete genome","PQ826996.1 Bauhinia monandra voucher FJTCMCPS09 chloroplast, complete genome",Bauhinia monandra
PQ826994.fasta,PQ826994.1,"Bauhinia purpurea voucher FJTCMCP20200128 chloroplast, complete genome","PQ826994.1 Bauhinia purpurea voucher FJTCMCP20200128 chloroplast, complete genome",Bauhinia purpurea
PQ826993.fasta,PQ826993.1,"Bauhinia variegata var. candida voucher FJTCMCP20200118 chloroplast, complete genome","PQ826993.1 Bauhinia variegata var. candida voucher FJTCMCP20200118 chloroplast, complete genome",Bauhinia variegata
PX512824.fasta,PX512824.1,"Beccarinda tonkinensis isolate XZB2002 chloroplast, complete genome","PX512824.1 Beccarinda tonkinensis isolate XZB2002 chloroplast, complete genome",Beccarinda tonkinensis
PZ316380.fasta,PZ316380.1,"Begonia aconitifolia chloroplast, complete genome","PZ316380.1 Begonia aconitifolia chloroplast, complete genome",Begonia aconitifolia
PZ316381.fasta,PZ316381.1,"Begonia ampla chloroplast, complete genome","PZ316381.1 Begonia ampla chloroplast, complete genome",Begonia ampla
PZ316382.fasta,PZ316382.1,"Begonia ankaranensis chloroplast, complete genome","PZ316382.1 Begonia ankaranensis chloroplast, complete genome",Begonia ankaranensis
PZ316383.fasta,PZ316383.1,"Begonia austroguangxiensis chloroplast, complete genome","PZ316383.1 Begonia austroguangxiensis chloroplast, complete genome",Begonia austroguangxiensis
PZ316384.fasta,PZ316384.1,"Begonia baccata chloroplast, complete genome","PZ316384.1 Begonia baccata chloroplast, complete genome",Begonia baccata
PZ316385.fasta,PZ316385.1,"Begonia balansana chloroplast, complete genome","PZ316385.1 Begonia balansana chloroplast, complete genome",Begonia balansana
PZ316386.fasta,PZ316386.1,"Begonia biflora chloroplast, complete genome","PZ316386.1 Begonia biflora chloroplast, complete genome",Begonia biflora
PZ316387.fasta,PZ316387.1,"Begonia bogneri chloroplast, complete genome","PZ316387.1 Begonia bogneri chloroplast, complete genome",Begonia bogneri
PZ316388.fasta,PZ316388.1,"Begonia boliviensis chloroplast, complete genome","PZ316388.1 Begonia boliviensis chloroplast, complete genome",Begonia boliviensis
PZ316389.fasta,PZ316389.1,"Begonia bowerae chloroplast, complete genome","PZ316389.1 Begonia bowerae chloroplast, complete genome",Begonia bowerae
PZ316390.fasta,PZ316390.1,"Begonia bullatifolia chloroplast, complete genome","PZ316390.1 Begonia bullatifolia chloroplast, complete genome",Begonia bullatifolia
PZ316391.fasta,PZ316391.1,"Begonia chingipengii chloroplast, complete genome","PZ316391.1 Begonia chingipengii chloroplast, complete genome",Begonia chingipengii
OQ091927.fasta,OQ091927.1,"Begonia chloroneura chloroplast, complete genome","OQ091927.1 Begonia chloroneura chloroplast, complete genome",Begonia chloroneura
PZ316392.fasta,PZ316392.1,"Begonia cleopatrae chloroplast, complete genome","PZ316392.1 Begonia cleopatrae chloroplast, complete genome",Begonia cleopatrae
PZ316393.fasta,PZ316393.1,"Begonia conchifolia chloroplast, complete genome","PZ316393.1 Begonia conchifolia chloroplast, complete genome",Begonia conchifolia
PZ258586.fasta,PZ258586.1,"Begonia convolvulacea chloroplast, complete genome","PZ258586.1 Begonia convolvulacea chloroplast, complete genome",Begonia convolvulacea
PZ316394.fasta,PZ316394.1,"Begonia cubensis chloroplast, complete genome","PZ316394.1 Begonia cubensis chloroplast, complete genome",Begonia cubensis
PZ316395.fasta,PZ316395.1,"Begonia cucullata chloroplast, complete genome","PZ316395.1 Begonia cucullata chloroplast, complete genome",Begonia cucullata
PZ316396.fasta,PZ316396.1,"Begonia cylindrica chloroplast, complete genome","PZ316396.1 Begonia cylindrica chloroplast, complete genome",Begonia cylindrica
PZ316397.fasta,PZ316397.1,"Begonia darthvaderiana chloroplast, complete genome","PZ316397.1 Begonia darthvaderiana chloroplast, complete genome",Begonia darthvaderiana
OQ029585.fasta,OQ029585.1,"Begonia daxinensis chloroplast, complete genome","OQ029585.1 Begonia daxinensis chloroplast, complete genome",Begonia daxinensis
PZ316398.fasta,PZ316398.1,"Begonia dipetala chloroplast, complete genome","PZ316398.1 Begonia dipetala chloroplast, complete genome",Begonia dipetala
PZ316399.fasta,PZ316399.1,"Begonia dregei chloroplast, complete genome","PZ316399.1 Begonia dregei chloroplast, complete genome",Begonia dregei
PZ316400.fasta,PZ316400.1,"Begonia egregia chloroplast, complete genome","PZ316400.1 Begonia egregia chloroplast, complete genome",Begonia egregia
PZ258588.fasta,PZ258588.1,"Begonia fagifolia chloroplast, complete genome","PZ258588.1 Begonia fagifolia chloroplast, complete genome",Begonia fagifolia
PZ316401.fasta,PZ316401.1,"Begonia fangii chloroplast, complete genome","PZ316401.1 Begonia fangii chloroplast, complete genome",Begonia fangii
PZ316402.fasta,PZ316402.1,"Begonia fenicis chloroplast, complete genome","PZ316402.1 Begonia fenicis chloroplast, complete genome",Begonia fenicis
PQ675783.fasta,PQ675783.1,"Begonia filiformis chloroplast, complete genome","PQ675783.1 Begonia filiformis chloroplast, complete genome",Begonia filiformis
PZ316403.fasta,PZ316403.1,"Begonia fimbristipula chloroplast, complete genome","PZ316403.1 Begonia fimbristipula chloroplast, complete genome",Begonia fimbristipula
PZ316404.fasta,PZ316404.1,"Begonia foliosa chloroplast, complete genome","PZ316404.1 Begonia foliosa chloroplast, complete genome",Begonia foliosa
PZ258589.fasta,PZ258589.1,"Begonia formosana chloroplast, complete genome","PZ258589.1 Begonia formosana chloroplast, complete genome",Begonia formosana
OQ091929.fasta,OQ091929.1,"Begonia gironellae chloroplast, complete genome","OQ091929.1 Begonia gironellae chloroplast, complete genome",Begonia gironellae
PZ258590.fasta,PZ258590.1,"Begonia glabra chloroplast, complete genome","PZ258590.1 Begonia glabra chloroplast, complete genome",Begonia glabra
PZ316405.fasta,PZ316405.1,"Begonia goegoensis chloroplast, complete genome","PZ316405.1 Begonia goegoensis chloroplast, complete genome",Begonia goegoensis
PZ316406.fasta,PZ316406.1,"Begonia grandis chloroplast, complete genome","PZ316406.1 Begonia grandis chloroplast, complete genome",Begonia grandis
OQ091930.fasta,OQ091930.1,"Begonia guangdongensis chloroplast, complete genome","OQ091930.1 Begonia guangdongensis chloroplast, complete genome",Begonia guangdongensis
PZ316407.fasta,PZ316407.1,"Begonia hainanensis chloroplast, complete genome","PZ316407.1 Begonia hainanensis chloroplast, complete genome",Begonia hainanensis
OQ029586.fasta,OQ029586.1,"Begonia heracleifolia chloroplast, complete genome","OQ029586.1 Begonia heracleifolia chloroplast, complete genome",Begonia heracleifolia
PZ316408.fasta,PZ316408.1,"Begonia herbacea chloroplast, complete genome","PZ316408.1 Begonia herbacea chloroplast, complete genome",Begonia herbacea
PZ258591.fasta,PZ258591.1,"Begonia incarnata chloroplast, complete genome","PZ258591.1 Begonia incarnata chloroplast, complete genome",Begonia incarnata
PQ572754.fasta,PQ572754.1,"Begonia jingxiensis chloroplast, complete genome","PQ572754.1 Begonia jingxiensis chloroplast, complete genome",Begonia jingxiensis
PZ316409.fasta,PZ316409.1,"Begonia kingiana chloroplast, complete genome","PZ316409.1 Begonia kingiana chloroplast, complete genome",Begonia kingiana
PZ316410.fasta,PZ316410.1,"Begonia kui chloroplast, complete genome","PZ316410.1 Begonia kui chloroplast, complete genome",Begonia kui
PZ316411.fasta,PZ316411.1,"Begonia lanceolata chloroplast, complete genome","PZ316411.1 Begonia lanceolata chloroplast, complete genome",Begonia lanceolata
PZ316412.fasta,PZ316412.1,"Begonia lanternaria chloroplast, complete genome","PZ316412.1 Begonia lanternaria chloroplast, complete genome",Begonia lanternaria
PZ316413.fasta,PZ316413.1,"Begonia leprosa chloroplast, complete genome","PZ316413.1 Begonia leprosa chloroplast, complete genome",Begonia leprosa
PZ258592.fasta,PZ258592.1,"Begonia listada chloroplast, complete genome","PZ258592.1 Begonia listada chloroplast, complete genome",Begonia listada
PZ316414.fasta,PZ316414.1,"Begonia liuyanii chloroplast, complete genome","PZ316414.1 Begonia liuyanii chloroplast, complete genome",Begonia liuyanii
PZ316415.fasta,PZ316415.1,"Begonia longiciliata chloroplast, complete genome","PZ316415.1 Begonia longiciliata chloroplast, complete genome",Begonia longiciliata
PZ316416.fasta,PZ316416.1,"Begonia longifolia chloroplast, complete genome","PZ316416.1 Begonia longifolia chloroplast, complete genome",Begonia longifolia
PZ316417.fasta,PZ316417.1,"Begonia lubbersii chloroplast, complete genome","PZ316417.1 Begonia lubbersii chloroplast, complete genome",Begonia lubbersii
PQ675781.fasta,PQ675781.1,"Begonia luochengensis chloroplast, complete genome","PQ675781.1 Begonia luochengensis chloroplast, complete genome",Begonia luochengensis
PZ316418.fasta,PZ316418.1,"Begonia luzonensis chloroplast, complete genome","PZ316418.1 Begonia luzonensis chloroplast, complete genome",Begonia luzonensis
PZ316419.fasta,PZ316419.1,"Begonia lyallii chloroplast, complete genome","PZ316419.1 Begonia lyallii chloroplast, complete genome",Begonia lyallii
PZ316420.fasta,PZ316420.1,"Begonia maculata chloroplast, complete genome","PZ316420.1 Begonia maculata chloroplast, complete genome",Begonia maculata
PZ316421.fasta,PZ316421.1,"Begonia majungaensis chloroplast, complete genome","PZ316421.1 Begonia majungaensis chloroplast, complete genome",Begonia majungaensis
PZ316422.fasta,PZ316422.1,"Begonia mannii chloroplast, complete genome","PZ316422.1 Begonia mannii chloroplast, complete genome",Begonia mannii
PZ316423.fasta,PZ316423.1,"Begonia masoniana chloroplast, complete genome","PZ316423.1 Begonia masoniana chloroplast, complete genome",Begonia masoniana
PZ316424.fasta,PZ316424.1,"Begonia megalophyllaria chloroplast, complete genome","PZ316424.1 Begonia megalophyllaria chloroplast, complete genome",Begonia megalophyllaria
PZ316425.fasta,PZ316425.1,"Begonia meyeri-johannis chloroplast, complete genome","PZ316425.1 Begonia meyeri-johannis chloroplast, complete genome",Begonia meyeri-johannis
PZ316426.fasta,PZ316426.1,"Begonia microsperma chloroplast, complete genome","PZ316426.1 Begonia microsperma chloroplast, complete genome",Begonia microsperma
PZ258593.fasta,PZ258593.1,"Begonia nantoensis chloroplast, complete genome","PZ258593.1 Begonia nantoensis chloroplast, complete genome",Begonia nantoensis
PZ316427.fasta,PZ316427.1,"Begonia natunaensis chloroplast, complete genome","PZ316427.1 Begonia natunaensis chloroplast, complete genome",Begonia natunaensis
PZ316428.fasta,PZ316428.1,"Begonia nelumbifolia chloroplast, complete genome","PZ316428.1 Begonia nelumbifolia chloroplast, complete genome",Begonia nelumbifolia
PZ316429.fasta,PZ316429.1,"Begonia peltatifolia chloroplast, complete genome","PZ316429.1 Begonia peltatifolia chloroplast, complete genome",Begonia peltatifolia
OQ091925.fasta,OQ091925.1,"Begonia plebeja chloroplast, complete genome","OQ091925.1 Begonia plebeja chloroplast, complete genome",Begonia plebeja
PZ316430.fasta,PZ316430.1,"Begonia polilloensis chloroplast, complete genome","PZ316430.1 Begonia polilloensis chloroplast, complete genome",Begonia polilloensis
PZ316431.fasta,PZ316431.1,"Begonia polygonoides chloroplast, complete genome","PZ316431.1 Begonia polygonoides chloroplast, complete genome",Begonia polygonoides
PZ316432.fasta,PZ316432.1,"Begonia pustulata chloroplast, complete genome","PZ316432.1 Begonia pustulata chloroplast, complete genome",Begonia pustulata
PZ316433.fasta,PZ316433.1,"Begonia radicans chloroplast, complete genome","PZ316433.1 Begonia radicans chloroplast, complete genome",Begonia radicans
PZ316434.fasta,PZ316434.1,"Begonia rajah chloroplast, complete genome","PZ316434.1 Begonia rajah chloroplast, complete genome",Begonia rajah
PZ316435.fasta,PZ316435.1,"Begonia ravenii chloroplast, complete genome","PZ316435.1 Begonia ravenii chloroplast, complete genome",Begonia ravenii
PZ316436.fasta,PZ316436.1,"Begonia retinervia chloroplast, complete genome","PZ316436.1 Begonia retinervia chloroplast, complete genome",Begonia retinervia
PZ316437.fasta,PZ316437.1,"Begonia rufipila chloroplast, complete genome","PZ316437.1 Begonia rufipila chloroplast, complete genome",Begonia rufipila
PZ316438.fasta,PZ316438.1,"Begonia salaziensis chloroplast, complete genome","PZ316438.1 Begonia salaziensis chloroplast, complete genome",Begonia salaziensis
PZ316439.fasta,PZ316439.1,"Begonia santos-limae chloroplast, complete genome","PZ316439.1 Begonia santos-limae chloroplast, complete genome",Begonia santos-limae
PZ258594.fasta,PZ258594.1,"Begonia scapigera chloroplast, complete genome","PZ258594.1 Begonia scapigera chloroplast, complete genome",Begonia scapigera
OQ091926.fasta,OQ091926.1,"Begonia silletensis subsp. mengyangensis chloroplast, complete genome","OQ091926.1 Begonia silletensis subsp. mengyangensis chloroplast, complete genome",Begonia silletensis
PZ258595.fasta,PZ258595.1,"Begonia sinofloribunda chloroplast, complete genome","PZ258595.1 Begonia sinofloribunda chloroplast, complete genome",Begonia sinofloribunda
PZ316440.fasta,PZ316440.1,"Begonia soli-mutata chloroplast, complete genome","PZ316440.1 Begonia soli-mutata chloroplast, complete genome",Begonia soli-mutata
PQ619425.fasta,PQ619425.1,"Begonia subcoriacea chloroplast, complete genome","PQ619425.1 Begonia subcoriacea chloroplast, complete genome",Begonia subcoriacea
PZ316441.fasta,PZ316441.1,"Begonia sublongipes chloroplast, complete genome","PZ316441.1 Begonia sublongipes chloroplast, complete genome",Begonia sublongipes
PZ316442.fasta,PZ316442.1,"Begonia sudjanae chloroplast, complete genome","PZ316442.1 Begonia sudjanae chloroplast, complete genome",Begonia sudjanae
PZ316443.fasta,PZ316443.1,"Begonia susaniae chloroplast, complete genome","PZ316443.1 Begonia susaniae chloroplast, complete genome",Begonia susaniae
PZ316444.fasta,PZ316444.1,"Begonia taiwaniana chloroplast, complete genome","PZ316444.1 Begonia taiwaniana chloroplast, complete genome",Begonia taiwaniana
OQ029584.fasta,OQ029584.1,"Begonia thelmae chloroplast, complete genome","OQ029584.1 Begonia thelmae chloroplast, complete genome",Begonia thelmae
PZ258596.fasta,PZ258596.1,"Begonia thiemei chloroplast, complete genome","PZ258596.1 Begonia thiemei chloroplast, complete genome",Begonia thiemei
PZ316445.fasta,PZ316445.1,"Begonia ulmifolia chloroplast, complete genome","PZ316445.1 Begonia ulmifolia chloroplast, complete genome",Begonia ulmifolia
PZ316446.fasta,PZ316446.1,"Begonia undulata chloroplast, complete genome","PZ316446.1 Begonia undulata chloroplast, complete genome",Begonia undulata
PZ316447.fasta,PZ316447.1,"Begonia vankerckhovenii chloroplast, complete genome","PZ316447.1 Begonia vankerckhovenii chloroplast, complete genome",Begonia vankerckhovenii
PZ316448.fasta,PZ316448.1,"Begonia variabilis chloroplast, complete genome","PZ316448.1 Begonia variabilis chloroplast, complete genome",Begonia variabilis
PZ258597.fasta,PZ258597.1,"Begonia variifolia chloroplast, complete genome","PZ258597.1 Begonia variifolia chloroplast, complete genome",Begonia variifolia
PZ316449.fasta,PZ316449.1,"Begonia vittariifolia chloroplast, complete genome","PZ316449.1 Begonia vittariifolia chloroplast, complete genome",Begonia vittariifolia
PZ316450.fasta,PZ316450.1,"Begonia wallichiana chloroplast, complete genome","PZ316450.1 Begonia wallichiana chloroplast, complete genome",Begonia wallichiana
PQ675782.fasta,PQ675782.1,"Begonia wangii chloroplast, complete genome","PQ675782.1 Begonia wangii chloroplast, complete genome",Begonia wangii
PQ899492.fasta,PQ899492.1,"Beilschmiedia fordii isolate SY9435 chloroplast, complete genome","PQ899492.1 Beilschmiedia fordii isolate SY9435 chloroplast, complete genome",Beilschmiedia fordii
PQ899493.fasta,PQ899493.1,"Beilschmiedia kunstleri isolate SY6649 chloroplast, complete genome","PQ899493.1 Beilschmiedia kunstleri isolate SY6649 chloroplast, complete genome",Beilschmiedia kunstleri
PQ899494.fasta,PQ899494.1,"Beilschmiedia purpurascens isolate SY7255 chloroplast, complete genome","PQ899494.1 Beilschmiedia purpurascens isolate SY7255 chloroplast, complete genome",Beilschmiedia purpurascens
PQ899495.fasta,PQ899495.1,"Beilschmiedia robusta isolate SY57856 chloroplast, complete genome","PQ899495.1 Beilschmiedia robusta isolate SY57856 chloroplast, complete genome",Beilschmiedia robusta
OR264211.fasta,OR264211.1,"Beilschmiedia tsangii voucher SCBG00000913 chloroplast, complete genome","OR264211.1 Beilschmiedia tsangii voucher SCBG00000913 chloroplast, complete genome",Beilschmiedia tsangii
PQ899496.fasta,PQ899496.1,"Beilschmiedia tungfangensis isolate SY6626 chloroplast, complete genome","PQ899496.1 Beilschmiedia tungfangensis isolate SY6626 chloroplast, complete genome",Beilschmiedia tungfangensis
PQ899497.fasta,PQ899497.1,"Beilschmiedia yunnanensis isolate SY6618 chloroplast, complete genome","PQ899497.1 Beilschmiedia yunnanensis isolate SY6618 chloroplast, complete genome",Beilschmiedia yunnanensis
PP541864.fasta,PP541864.1,"Bellardiochloa variegata chloroplast, complete genome","PP541864.1 Bellardiochloa variegata chloroplast, complete genome",Bellardiochloa variegata
PQ210128.fasta,PQ210128.1,"Bellevalia hyacinthoides voucher W20100970-A chloroplast, complete genome","PQ210128.1 Bellevalia hyacinthoides voucher W20100970-A chloroplast, complete genome",Bellevalia hyacinthoides
OR896898.fasta,OR896898.1,"Bellis perennis chloroplast, complete genome","OR896898.1 Bellis perennis chloroplast, complete genome",Bellis perennis
OR783475.fasta,OR783475.1,"Belloa kunthiana chloroplast, complete genome","OR783475.1 Belloa kunthiana chloroplast, complete genome",Belloa kunthiana
PQ858235.fasta,PQ858235.1,"Bencomia exstipulata chloroplast, complete genome","PQ858235.1 Bencomia exstipulata chloroplast, complete genome",Bencomia exstipulata
PV928260.fasta,PV928260.1,"Benthamiella patagonica chloroplast, complete genome","PV928260.1 Benthamiella patagonica chloroplast, complete genome",Benthamiella patagonica
BK071827.fasta,BK071827.1,"Berardia lanuginosa chloroplast, complete genome","BK071827.1 TPA_asm: Berardia lanuginosa chloroplast, complete genome",Berardia lanuginosa
BK071828.fasta,BK071828.1,"Berardia subacaulis chloroplast, complete genome","BK071828.1 TPA_asm: Berardia subacaulis chloroplast, complete genome",Berardia subacaulis
PZ335589.fasta,PZ335589.1,"Berberis lycium isolate Blycium-ZB-01 chloroplast, complete genome","PZ335589.1 Berberis lycium isolate Blycium-ZB-01 chloroplast, complete genome",Berberis lycium
PQ858236.fasta,PQ858236.1,"Berchemia floribunda voucher 1226760 chloroplast, complete genome","PQ858236.1 Berchemia floribunda voucher 1226760 chloroplast, complete genome",Berchemia floribunda
PX776296.fasta,PX776296.1,"Berchemiella wilsonii var. pubipetiolata chloroplast, complete genome","PX776296.1 Berchemiella wilsonii var. pubipetiolata chloroplast, complete genome",Berchemiella wilsonii
OR668896.fasta,OR668896.1,"Bergenia ciliata chloroplast, complete genome","OR668896.1 Bergenia ciliata chloroplast, complete genome",Bergenia ciliata
PQ591706.fasta,PQ591706.1,"Bergenia crassifolia chloroplast, complete genome","PQ591706.1 Bergenia crassifolia chloroplast, complete genome",Bergenia crassifolia
OR238388.fasta,OR238388.1,"Bergenia purpurascens chloroplast, complete genome","OR238388.1 Bergenia purpurascens chloroplast, complete genome",Bergenia purpurascens
PV870747.fasta,PV870747.1,"Berlinia brazzavillensis voucher 1387-MO chloroplast, complete genome","PV870747.1 Berlinia brazzavillensis voucher 1387-MO chloroplast, complete genome",Berlinia brazzavillensis
PV870699.fasta,PV870699.1,"Berlinia bruneelii voucher 186-MO chloroplast, complete genome","PV870699.1 Berlinia bruneelii voucher 186-MO chloroplast, complete genome",Berlinia bruneelii
PV870710.fasta,PV870710.1,"Berlinia grandiflora voucher 50819-MO chloroplast, complete genome","PV870710.1 Berlinia grandiflora voucher 50819-MO chloroplast, complete genome",Berlinia grandiflora
PX309507.fasta,PX309507.1,"Beschorneria septentrionalis chloroplast, complete genome","PX309507.1 Beschorneria septentrionalis chloroplast, complete genome",Beschorneria septentrionalis
PQ580703.fasta,PQ580703.1,"Beta corolliflora chloroplast, complete genome","PQ580703.1 Beta corolliflora chloroplast, complete genome",Beta corolliflora
PV069736.fasta,PV069736.1,"Beta trojana chloroplast, complete genome","PV069736.1 Beta trojana chloroplast, complete genome",Beta trojana
PV069737.fasta,PV069737.1,"Beta vulgaris subsp. adanensis chloroplast, complete genome","PV069737.1 Beta vulgaris subsp. adanensis chloroplast, complete genome",Beta vulgaris
PP103299.fasta,PP103299.1,"Betonica alopecuros chloroplast, complete genome","PP103299.1 Betonica alopecuros chloroplast, complete genome",Betonica alopecuros
PP551950.fasta,PP551950.1,"Betula klokovii x Betula pendula voucher UA-KS-4Bkp chloroplast, complete genome","PP551950.1 Betula klokovii x Betula pendula voucher UA-KS-4Bkp chloroplast, complete genome",Betula klokovii
PP516537.fasta,PP516537.1,"Betula pendula subsp. pendula voucher UA-KM-3Bp chloroplast, complete genome","PP516537.1 Betula pendula subsp. pendula voucher UA-KM-3Bp chloroplast, complete genome",Betula pendula
PP545465.fasta,PP545465.1,"Betula pubescens voucher UA-DS-3Bp chloroplast, complete genome","PP545465.1 Betula pubescens voucher UA-DS-3Bp chloroplast, complete genome",Betula pubescens
OQ579166.fasta,OQ579166.1,"Biancaea decapetala chloroplast, complete genome","OQ579166.1 Biancaea decapetala chloroplast, complete genome",Biancaea decapetala
PV567383.fasta,PV567383.1,"Bidens alba var. radiata chloroplast, complete genome","PV567383.1 Bidens alba var. radiata chloroplast, complete genome",Bidens alba
PV870766.fasta,PV870766.1,"Bionia pedicellata voucher Queiroz 16045-HUEFS chloroplast, complete genome","PV870766.1 Bionia pedicellata voucher Queiroz 16045-HUEFS chloroplast, complete genome",Bionia pedicellata
PZ301186.fasta,PZ301186.1,"Bistorta affinis chloroplast, complete genome","PZ301186.1 Bistorta affinis chloroplast, complete genome",Bistorta affinis
PP328779.fasta,PP328779.1,"Bistorta vivipara chloroplast, complete genome","PP328779.1 Bistorta vivipara chloroplast, complete genome",Bistorta vivipara
PV870737.fasta,PV870737.1,"Bituminaria bituminosa voucher 1912-MO chloroplast, complete genome","PV870737.1 Bituminaria bituminosa voucher 1912-MO chloroplast, complete genome",Bituminaria bituminosa
PV409671.fasta,PV409671.1,"Blandfordia cunninghamii chloroplast, complete genome","PV409671.1 Blandfordia cunninghamii chloroplast, complete genome",Blandfordia cunninghamii
PQ571141.fasta,PQ571141.1,"Blepharoglossum condylobulbon chloroplast, complete genome","PQ571141.1 Blepharoglossum condylobulbon chloroplast, complete genome",Blepharoglossum condylobulbon
PP216483.fasta,PP216483.1,"Bletilla ochracea chloroplast, complete genome","PP216483.1 Bletilla ochracea chloroplast, complete genome",Bletilla ochracea
OR884979.fasta,OR884979.1,"Blitum bonus-henricus chloroplast, complete genome","OR884979.1 Blitum bonus-henricus chloroplast, complete genome",Blitum bonus-henricus
OR884978.fasta,OR884978.1,"Blitum virgatum subsp. virgatum chloroplast, complete genome","OR884978.1 Blitum virgatum subsp. virgatum chloroplast, complete genome",Blitum virgatum
PX394520.fasta,PX394520.1,"Blumea axillaris chloroplast, complete genome","PX394520.1 Blumea axillaris chloroplast, complete genome",Blumea axillaris
PV870676.fasta,PV870676.1,"Bobgunnia madagascariensis voucher Liu Jian-Liu Jian chloroplast, complete genome","PV870676.1 Bobgunnia madagascariensis voucher Liu Jian-Liu Jian chloroplast, complete genome",Bobgunnia madagascariensis
PX316406.fasta,PX316406.1,"Bocquillonia castaneifolia chloroplast, complete genome","PX316406.1 Bocquillonia castaneifolia chloroplast, complete genome",Bocquillonia castaneifolia
PQ766620.fasta,PQ766620.1,"Boehmeria clidemioides var. diffusa isolate XYZM chloroplast, complete genome","PQ766620.1 Boehmeria clidemioides var. diffusa isolate XYZM chloroplast, complete genome",Boehmeria clidemioides
PV415133.fasta,PV415133.1,"Boehmeria japonica chloroplast, complete genome","PV415133.1 Boehmeria japonica chloroplast, complete genome",Boehmeria japonica
PX240024.fasta,PX240024.1,"Boehmeria nivea chloroplast, complete genome","PX240024.1 Boehmeria nivea chloroplast, complete genome",Boehmeria nivea
OR643823.fasta,OR643823.1,"Boehmeria tricuspis chloroplast, complete genome","OR643823.1 Boehmeria tricuspis chloroplast, complete genome",Boehmeria tricuspis
OR832744.fasta,OR832744.1,"Bombax ceiba chloroplast, complete genome","OR832744.1 Bombax ceiba chloroplast, complete genome",Bombax ceiba
PX694244.fasta,PX694244.1,"Bombycidendron grewiifolium isolate M10 chloroplast, complete genome","PX694244.1 Bombycidendron grewiifolium isolate M10 chloroplast, complete genome",Bombycidendron grewiifolium
PX694238.fasta,PX694238.1,"Bombycidendron vidalianum isolate M04 chloroplast, complete genome","PX694238.1 Bombycidendron vidalianum isolate M04 chloroplast, complete genome",Bombycidendron vidalianum
PP056266.fasta,PP056266.1,"Bonnaya antipoda isolate DBS00228 chloroplast, complete genome","PP056266.1 Bonnaya antipoda isolate DBS00228 chloroplast, complete genome",Bonnaya antipoda
PV870801.fasta,PV870801.1,"Bossiaea bracteosa voucher Yi14818-KUN chloroplast, complete genome","PV870801.1 Bossiaea bracteosa voucher Yi14818-KUN chloroplast, complete genome",Bossiaea bracteosa
PQ586176.fasta,PQ586176.1,"Boswellia bullata chloroplast, complete genome","PQ586176.1 Boswellia bullata chloroplast, complete genome",Boswellia bullata
PQ586133.fasta,PQ586133.1,"Boswellia dioscoridis chloroplast, complete genome","PQ586133.1 Boswellia dioscoridis chloroplast, complete genome",Boswellia dioscoridis
PQ586177.fasta,PQ586177.1,"Boswellia elongata chloroplast, complete genome","PQ586177.1 Boswellia elongata chloroplast, complete genome",Boswellia elongata
PQ586134.fasta,PQ586134.1,"Boswellia frereana chloroplast, complete genome","PQ586134.1 Boswellia frereana chloroplast, complete genome",Boswellia frereana
PQ594818.fasta,PQ594818.1,"Boswellia serrata chloroplast, complete genome","PQ594818.1 Boswellia serrata chloroplast, complete genome",Boswellia serrata
PZ289360.fasta,PZ289360.1,"Bothriospermum chinense chloroplast, complete genome","PZ289360.1 Bothriospermum chinense chloroplast, complete genome",Bothriospermum chinense
OR166988.fasta,OR166988.1,"Botryodiscia tetrandra isolate Y62 chloroplast, complete genome","OR166988.1 Botryodiscia tetrandra isolate Y62 chloroplast, complete genome",Botryodiscia tetrandra
OR344375.fasta,OR344375.1,"Bougainvillea buttiana cultivar Double Salmon chloroplast, complete genome","OR344375.1 Bougainvillea buttiana cultivar Double Salmon chloroplast, complete genome",Bougainvillea buttiana
OR344374.fasta,OR344374.1,"Bougainvillea glabra cultivar Los Banos Beauty chloroplast, complete genome","OR344374.1 Bougainvillea glabra cultivar Los Banos Beauty chloroplast, complete genome",Bougainvillea glabra
OR344369.fasta,OR344369.1,"Bougainvillea hybrid cultivar cultivar Barbara Karst chloroplast, complete genome","OR344369.1 Bougainvillea hybrid cultivar cultivar Barbara Karst chloroplast, complete genome",Bougainvillea hybrid
PX309508.fasta,PX309508.1,"Bougainvillea spectabilis chloroplast, complete genome","PX309508.1 Bougainvillea spectabilis chloroplast, complete genome",Bougainvillea spectabilis
OP133591.fasta,OP133591.1,"Bousigonia angustifolia voucher C.F. Zhang et al. 5998 chloroplast, complete genome","OP133591.1 Bousigonia angustifolia voucher C.F. Zhang et al. 5998 chloroplast, complete genome",Bousigonia angustifolia
PQ851672.fasta,PQ851672.1,"Brachybotrys paridiformis chloroplast, complete genome","PQ851672.1 Brachybotrys paridiformis chloroplast, complete genome",Brachybotrys paridiformis
PQ149858.fasta,PQ149858.1,"Brachycorythis henryi isolate CYBYL chloroplast, complete genome","PQ149858.1 Brachycorythis henryi isolate CYBYL chloroplast, complete genome",Brachycorythis henryi
PQ149859.fasta,PQ149859.1,"Brachycorythis menglianensis isolate MLBYL chloroplast, complete genome","PQ149859.1 Brachycorythis menglianensis isolate MLBYL chloroplast, complete genome",Brachycorythis menglianensis
PX652375.fasta,PX652375.1,"Brachyglottis kirkii voucher US chloroplast, complete genome","PX652375.1 Brachyglottis kirkii voucher US chloroplast, complete genome",Brachyglottis kirkii
PQ846075.fasta,PQ846075.1,"Brassica juncea subsp. napiformis chloroplast, complete genome","PQ846075.1 Brassica juncea subsp. napiformis chloroplast, complete genome",Brassica juncea
PV294938.fasta,PV294938.1,"Brassica napus cultivar Abasin-95 chloroplast, complete genome","PV294938.1 Brassica napus cultivar Abasin-95 chloroplast, complete genome",Brassica napus
PX244600.fasta,PX244600.1,"Brassica rapa var. parachinensis chloroplast, complete genome","PX244600.1 Brassica rapa var. parachinensis chloroplast, complete genome",Brassica rapa
PQ783626.fasta,PQ783626.1,"Brassica tournefortii chloroplast, complete genome","PQ783626.1 Brassica tournefortii chloroplast, complete genome",Brassica tournefortii
PX283821.fasta,PX283821.1,"Braya humilis chloroplast, complete genome","PX283821.1 Braya humilis chloroplast, complete genome",Braya humilis
PQ068595.fasta,PQ068595.1,"Bredia enchengensis isolate Liu851new chloroplast, complete genome","PQ068595.1 Bredia enchengensis isolate Liu851new chloroplast, complete genome",Bredia enchengensis
PQ068613.fasta,PQ068613.1,"Bredia esquirolii isolate Liu769_4 chloroplast, complete genome","PQ068613.1 Bredia esquirolii isolate Liu769_4 chloroplast, complete genome",Bredia esquirolii
PQ068662.fasta,PQ068662.1,"Bredia fordii var. micrantha isolate Liu880_5 chloroplast, complete genome","PQ068662.1 Bredia fordii var. micrantha isolate Liu880_5 chloroplast, complete genome",Bredia fordii
PQ068666.fasta,PQ068666.1,"Bredia latisepala isolate Liu557_4 chloroplast, complete genome","PQ068666.1 Bredia latisepala isolate Liu557_4 chloroplast, complete genome",Bredia latisepala
PQ068679.fasta,PQ068679.1,"Bredia longearistata isolate Liu881_2 chloroplast, complete genome","PQ068679.1 Bredia longearistata isolate Liu881_2 chloroplast, complete genome",Bredia longearistata
PQ068691.fasta,PQ068691.1,"Bredia repens isolate Liu746 chloroplast, complete genome","PQ068691.1 Bredia repens isolate Liu746 chloroplast, complete genome",Bredia repens
PQ068705.fasta,PQ068705.1,"Bredia tuberculata isolate Liu629_4 chloroplast, complete genome","PQ068705.1 Bredia tuberculata isolate Liu629_4 chloroplast, complete genome",Bredia tuberculata
PQ068713.fasta,PQ068713.1,"Bredia yunnanensis isolate Liu627_4 chloroplast, complete genome","PQ068713.1 Bredia yunnanensis isolate Liu627_4 chloroplast, complete genome",Bredia yunnanensis
OR187838.fasta,OR187838.1,"Breynia androgyna chloroplast, complete genome","OR187838.1 Breynia androgyna chloroplast, complete genome",Breynia androgyna
PX309509.fasta,PX309509.1,"Breynia disticha chloroplast, complete genome","PX309509.1 Breynia disticha chloroplast, complete genome",Breynia disticha
PZ316348.fasta,PZ316348.1,"Breynia vitis-idaea chloroplast, complete genome","PZ316348.1 Breynia vitis-idaea chloroplast, complete genome",Breynia vitis-idaea
PP328780.fasta,PP328780.1,"Briza media chloroplast, complete genome","PP328780.1 Briza media chloroplast, complete genome",Briza media
PP328785.fasta,PP328785.1,"Bromus benekenii chloroplast, complete genome","PP328785.1 Bromus benekenii chloroplast, complete genome",Bromus benekenii
PP328784.fasta,PP328784.1,"Bromus condensatus subsp. microtrichus chloroplast, complete genome","PP328784.1 Bromus condensatus subsp. microtrichus chloroplast, complete genome",Bromus condensatus
PP328783.fasta,PP328783.1,"Bromus diandrus chloroplast, complete genome","PP328783.1 Bromus diandrus chloroplast, complete genome",Bromus diandrus
PP328781.fasta,PP328781.1,"Bromus hordeaceus subsp. hordeaceus chloroplast, complete genome","PP328781.1 Bromus hordeaceus subsp. hordeaceus chloroplast, complete genome",Bromus hordeaceus
PP328782.fasta,PP328782.1,"Bromus inermis subsp. inermis chloroplast, complete genome","PP328782.1 Bromus inermis subsp. inermis chloroplast, complete genome",Bromus inermis
PP328786.fasta,PP328786.1,"Bromus sterilis chloroplast, complete genome","PP328786.1 Bromus sterilis chloroplast, complete genome",Bromus sterilis
PP328787.fasta,PP328787.1,"Bromus tectorum chloroplast, complete genome","PP328787.1 Bromus tectorum chloroplast, complete genome",Bromus tectorum
PP584595.fasta,PP584595.1,"Broussonetia kaempferi chloroplast, complete genome","PP584595.1 Broussonetia kaempferi chloroplast, complete genome",Broussonetia kaempferi
PQ826491.fasta,PQ826491.1,"Broussonetia kazinoki chloroplast, complete genome","PQ826491.1 Broussonetia kazinoki chloroplast, complete genome",Broussonetia kazinoki
PP577929.fasta,PP577929.1,"Broussonetia kurzii chloroplast, complete genome","PP577929.1 Broussonetia kurzii chloroplast, complete genome",Broussonetia kurzii
PP584592.fasta,PP584592.1,"Broussonetia monoica chloroplast, complete genome","PP584592.1 Broussonetia monoica chloroplast, complete genome",Broussonetia monoica
PP584596.fasta,PP584596.1,"Broussonetia papyrifera chloroplast, complete genome","PP584596.1 Broussonetia papyrifera chloroplast, complete genome",Broussonetia papyrifera
PV870776.fasta,PV870776.1,"Brownea ariza voucher Yi14429-KUN chloroplast, complete genome","PV870776.1 Brownea ariza voucher Yi14429-KUN chloroplast, complete genome",Brownea ariza
PV870701.fasta,PV870701.1,"Browneopsis ucayalina voucher 15391-MO chloroplast, complete genome","PV870701.1 Browneopsis ucayalina voucher 15391-MO chloroplast, complete genome",Browneopsis ucayalina
PX309510.fasta,PX309510.1,"Brugmansia arborea chloroplast, complete genome","PX309510.1 Brugmansia arborea chloroplast, complete genome",Brugmansia arborea
PP952455.fasta,PP952455.1,"Brugmansia aurea chloroplast, complete genome","PP952455.1 Brugmansia aurea chloroplast, complete genome",Brugmansia aurea
PZ011229.fasta,PZ011229.1,"Bruguiera gymnorhiza chloroplast, complete genome","PZ011229.1 Bruguiera gymnorhiza chloroplast, complete genome",Bruguiera gymnorhiza
PQ790046.fasta,PQ790046.1,"Bruguiera hainesii voucher CD-BH1 chloroplast, complete genome","PQ790046.1 Bruguiera hainesii voucher CD-BH1 chloroplast, complete genome",Bruguiera hainesii
PV409672.fasta,PV409672.1,"Brunsvigia grandiflora chloroplast, complete genome","PV409672.1 Brunsvigia grandiflora chloroplast, complete genome",Brunsvigia grandiflora
PZ098269.fasta,PZ098269.1,"Brylkinia caudata voucher US:4165687 chloroplast, complete genome","PZ098269.1 Brylkinia caudata voucher US:4165687 chloroplast, complete genome",Brylkinia caudata
PX797483.fasta,PX797483.1,"Buchanania cochinchinensis chloroplast, complete genome","PX797483.1 Buchanania cochinchinensis chloroplast, complete genome",Buchanania cochinchinensis
PP056268.fasta,PP056268.1,"Buckleya henryi isolate ZSY0171 chloroplast, complete genome","PP056268.1 Buckleya henryi isolate ZSY0171 chloroplast, complete genome",Buckleya henryi
PX562731.fasta,PX562731.1,"Buglossoides arvensis chloroplast, complete genome","PX562731.1 Buglossoides arvensis chloroplast, complete genome",Buglossoides arvensis
PV409673.fasta,PV409673.1,"Bulbine bulbosa chloroplast, complete genome","PV409673.1 Bulbine bulbosa chloroplast, complete genome",Bulbine bulbosa
PQ276427.fasta,PQ276427.1,"Bulbophyllum chondriophorum voucher YJX870 chloroplast, complete genome","PQ276427.1 Bulbophyllum chondriophorum voucher YJX870 chloroplast, complete genome",Bulbophyllum chondriophorum
OR896899.fasta,OR896899.1,"Buphthalmum salicifolium subsp. salicifolium chloroplast, complete genome","OR896899.1 Buphthalmum salicifolium subsp. salicifolium chloroplast, complete genome",Buphthalmum salicifolium
OR778864.fasta,OR778864.1,"Bupleurum baimaense chloroplast, complete genome","OR778864.1 Bupleurum baimaense chloroplast, complete genome",Bupleurum baimaense
PV989638.fasta,PV989638.1,"Bupleurum chinense isolate 2811 chloroplast, complete genome","PV989638.1 Bupleurum chinense isolate 2811 chloroplast, complete genome",Bupleurum chinense
OR778865.fasta,OR778865.1,"Bupleurum commelynoideum chloroplast, complete genome","OR778865.1 Bupleurum commelynoideum chloroplast, complete genome",Bupleurum commelynoideum
PX571100.fasta,PX571100.1,"Bupleurum komarovianum chloroplast, complete genome","PX571100.1 Bupleurum komarovianum chloroplast, complete genome",Bupleurum komarovianum
OR896876.fasta,OR896876.1,"Bupleurum petraeum chloroplast, complete genome","OR896876.1 Bupleurum petraeum chloroplast, complete genome",Bupleurum petraeum
OR811239.fasta,OR811239.1,"Bupleurum smithii chloroplast, complete genome","OR811239.1 Bupleurum smithii chloroplast, complete genome",Bupleurum smithii
OR896877.fasta,OR896877.1,"Bupleurum stellatum chloroplast, complete genome","OR896877.1 Bupleurum stellatum chloroplast, complete genome",Bupleurum stellatum
PX220297.fasta,PX220297.1,"Bursera paradoxa chloroplast, complete genome","PX220297.1 Bursera paradoxa chloroplast, complete genome",Bursera paradoxa
PZ054916.fasta,PZ054916.1,"Buxus papillosa chloroplast, complete genome","PZ054916.1 Buxus papillosa chloroplast, complete genome",Buxus papillosa
PZ054917.fasta,PZ054917.1,"Buxus wallichiana chloroplast, complete genome","PZ054917.1 Buxus wallichiana chloroplast, complete genome",Buxus wallichiana
OQ198449.fasta,OQ198449.1,"Cachrys libanotis chloroplast, complete genome","OQ198449.1 Cachrys libanotis chloroplast, complete genome",Cachrys libanotis
PV870811.fasta,PV870811.1,"Cadia purpurea voucher Yi15007-Yi Lab chloroplast, complete genome","PV870811.1 Cadia purpurea voucher Yi15007-Yi Lab chloroplast, complete genome",Cadia purpurea
PP328788.fasta,PP328788.1,"Calamagrostis epigejos subsp. epigejos chloroplast, complete genome","PP328788.1 Calamagrostis epigejos subsp. epigejos chloroplast, complete genome",Calamagrostis epigejos
PX797484.fasta,PX797484.1,"Calamus erectus chloroplast, complete genome","PX797484.1 Calamus erectus chloroplast, complete genome",Calamus erectus
PQ300633.fasta,PQ300633.1,"Calanthe columnaris chloroplast, complete genome","PQ300633.1 Calanthe columnaris chloroplast, complete genome",Calanthe columnaris
PQ300634.fasta,PQ300634.1,"Calanthe flava chloroplast, complete genome","PQ300634.1 Calanthe flava chloroplast, complete genome",Calanthe flava
OR896900.fasta,OR896900.1,"Calendula arvensis chloroplast, complete genome","OR896900.1 Calendula arvensis chloroplast, complete genome",Calendula arvensis
OR896901.fasta,OR896901.1,"Calendula officinalis chloroplast, complete genome","OR896901.1 Calendula officinalis chloroplast, complete genome",Calendula officinalis
PV929844.fasta,PV929844.1,"Callicarpa nudiflora chloroplast, complete genome","PV929844.1 Callicarpa nudiflora chloroplast, complete genome",Callicarpa nudiflora
PQ834833.fasta,PQ834833.1,"Callisia fragrans chloroplast, complete genome","PQ834833.1 Callisia fragrans chloroplast, complete genome",Callisia fragrans
PV870820.fasta,PV870820.1,"Calobota angustifolia voucher Yi15127-KUN chloroplast, complete genome","PV870820.1 Calobota angustifolia voucher Yi15127-KUN chloroplast, complete genome",Calobota angustifolia
PQ846559.fasta,PQ846559.1,"Calodendrum capense isolate EM122 chloroplast, complete genome","PQ846559.1 Calodendrum capense isolate EM122 chloroplast, complete genome",Calodendrum capense
PV296132.fasta,PV296132.1,"Calotropis procera chloroplast, complete genome","PV296132.1 Calotropis procera chloroplast, complete genome",Calotropis procera
PV870715.fasta,PV870715.1,"Calpocalyx brevibracteatus voucher 2199-MO chloroplast, complete genome","PV870715.1 Calpocalyx brevibracteatus voucher 2199-MO chloroplast, complete genome",Calpocalyx brevibracteatus
PP328789.fasta,PP328789.1,"Caltha palustris chloroplast, complete genome","PP328789.1 Caltha palustris chloroplast, complete genome",Caltha palustris
OR978664.fasta,OR978664.1,"Calycopeplus casuarinoides isolate WN-E-16-23 chloroplast, complete genome","OR978664.1 Calycopeplus casuarinoides isolate WN-E-16-23 chloroplast, complete genome",Calycopeplus casuarinoides
OR978665.fasta,OR978665.1,"Calycopeplus collinus isolate WNE17 chloroplast, complete genome","OR978665.1 Calycopeplus collinus isolate WNE17 chloroplast, complete genome",Calycopeplus collinus
OR978666.fasta,OR978666.1,"Calycopeplus oligandrus isolate WNE19 chloroplast, complete genome","OR978666.1 Calycopeplus oligandrus isolate WNE19 chloroplast, complete genome",Calycopeplus oligandrus
PQ448270.fasta,PQ448270.1,"Calydorea approximata voucher Eggers et al. 767 (ICN) chloroplast, complete genome","PQ448270.1 Calydorea approximata voucher Eggers et al. 767 (ICN) chloroplast, complete genome",Calydorea approximata
PV938954.fasta,PV938954.1,"Calystegia pubescens chloroplast, complete genome","PV938954.1 Calystegia pubescens chloroplast, complete genome",Calystegia pubescens
PP103300.fasta,PP103300.1,"Calystegia sepium chloroplast, complete genome","PP103300.1 Calystegia sepium chloroplast, complete genome",Calystegia sepium
OQ503547.fasta,OQ503547.1,"Camellia azalea isolate KM1 chloroplast, complete genome","OQ503547.1 Camellia azalea isolate KM1 chloroplast, complete genome",Camellia azalea
PZ180086.fasta,PZ180086.1,"Camellia cattienensis voucher DLU00008048 chloroplast, complete genome","PZ180086.1 Camellia cattienensis voucher DLU00008048 chloroplast, complete genome",Camellia cattienensis
OQ503618.fasta,OQ503618.1,"Camellia costata isolate re431 chloroplast, complete genome","OQ503618.1 Camellia costata isolate re431 chloroplast, complete genome",Camellia costata
OQ503550.fasta,OQ503550.1,"Camellia costei isolate KM7 chloroplast, complete genome","OQ503550.1 Camellia costei isolate KM7 chloroplast, complete genome",Camellia costei
OQ503591.fasta,OQ503591.1,"Camellia crassicolumna isolate re370 chloroplast, complete genome","OQ503591.1 Camellia crassicolumna isolate re370 chloroplast, complete genome",Camellia crassicolumna
OQ503549.fasta,OQ503549.1,"Camellia cuspidata isolate KM6 chloroplast, complete genome","OQ503549.1 Camellia cuspidata isolate KM6 chloroplast, complete genome",Camellia cuspidata
PQ539948.fasta,PQ539948.1,"Camellia delicata chloroplast, complete genome","PQ539948.1 Camellia delicata chloroplast, complete genome",Camellia delicata
OQ503598.fasta,OQ503598.1,"Camellia fangchengensis isolate re381 chloroplast, complete genome","OQ503598.1 Camellia fangchengensis isolate re381 chloroplast, complete genome",Camellia fangchengensis
OQ503567.fasta,OQ503567.1,"Camellia formosensis isolate re091 chloroplast, complete genome","OQ503567.1 Camellia formosensis isolate re091 chloroplast, complete genome",Camellia formosensis
PP056260.fasta,PP056260.1,"Camellia fraterna isolate DBS01634 chloroplast, complete genome","PP056260.1 Camellia fraterna isolate DBS01634 chloroplast, complete genome",Camellia fraterna
PV821918.fasta,PV821918.1,"Camellia furfuracea chloroplast, complete genome","PV821918.1 Camellia furfuracea chloroplast, complete genome",Camellia furfuracea
OQ503595.fasta,OQ503595.1,"Camellia grandibracteata isolate re375 chloroplast, complete genome","OQ503595.1 Camellia grandibracteata isolate re375 chloroplast, complete genome",Camellia grandibracteata
PQ586980.fasta,PQ586980.1,"Camellia gymnogyna isolate GLM245166 chloroplast, complete genome","PQ586980.1 Camellia gymnogyna isolate GLM245166 chloroplast, complete genome",Camellia gymnogyna
PZ054906.fasta,PZ054906.1,"Camellia hamyenensis isolate HY1 chloroplast, complete genome","PZ054906.1 Camellia hamyenensis isolate HY1 chloroplast, complete genome",Camellia hamyenensis
PQ658191.fasta,PQ658191.1,"Camellia ilicifolia isolate lz20230801-2 chloroplast, complete genome","PQ658191.1 Camellia ilicifolia isolate lz20230801-2 chloroplast, complete genome",Camellia ilicifolia
OQ503554.fasta,OQ503554.1,"Camellia impressinervis isolate KM35 chloroplast, complete genome","OQ503554.1 Camellia impressinervis isolate KM35 chloroplast, complete genome",Camellia impressinervis
OQ503617.fasta,OQ503617.1,"Camellia irrawadiensis isolate re430 chloroplast, complete genome","OQ503617.1 Camellia irrawadiensis isolate re430 chloroplast, complete genome",Camellia irrawadiensis
PX924887.fasta,PX924887.1,"Camellia japonica chloroplast, complete genome","PX924887.1 Camellia japonica chloroplast, complete genome",Camellia japonica
OQ503592.fasta,OQ503592.1,"Camellia kwangsiensis isolate re372 chloroplast, complete genome","OQ503592.1 Camellia kwangsiensis isolate re372 chloroplast, complete genome",Camellia kwangsiensis
PQ539949.fasta,PQ539949.1,"Camellia kweichowensis chloroplast, complete genome","PQ539949.1 Camellia kweichowensis chloroplast, complete genome",Camellia kweichowensis
OQ503613.fasta,OQ503613.1,"Camellia leptophylla isolate re426 chloroplast, complete genome","OQ503613.1 Camellia leptophylla isolate re426 chloroplast, complete genome",Camellia leptophylla
PQ539950.fasta,PQ539950.1,"Camellia longistyla chloroplast, complete genome","PQ539950.1 Camellia longistyla chloroplast, complete genome",Camellia longistyla
PQ849573.fasta,PQ849573.1,"Camellia luteoflora chloroplast, complete genome","PQ849573.1 Camellia luteoflora chloroplast, complete genome",Camellia luteoflora
PV345991.fasta,PV345991.1,"Camellia melliana chloroplast, complete genome","PV345991.1 Camellia melliana chloroplast, complete genome",Camellia melliana
PV821920.fasta,PV821920.1,"Camellia nitidissima chloroplast, complete genome","PV821920.1 Camellia nitidissima chloroplast, complete genome",Camellia nitidissima
PQ539951.fasta,PQ539951.1,"Camellia paucipetala chloroplast, complete genome","PQ539951.1 Camellia paucipetala chloroplast, complete genome",Camellia paucipetala
OQ503616.fasta,OQ503616.1,"Camellia pilosperma isolate re429 chloroplast, complete genome","OQ503616.1 Camellia pilosperma isolate re429 chloroplast, complete genome",Camellia pilosperma
PQ539952.fasta,PQ539952.1,"Camellia pitardii chloroplast, complete genome","PQ539952.1 Camellia pitardii chloroplast, complete genome",Camellia pitardii
OQ503614.fasta,OQ503614.1,"Camellia ptilophylla isolate re427 chloroplast, complete genome","OQ503614.1 Camellia ptilophylla isolate re427 chloroplast, complete genome",Camellia ptilophylla
OQ503556.fasta,OQ503556.1,"Camellia quinquelocularis isolate PA07 chloroplast, complete genome","OQ503556.1 Camellia quinquelocularis isolate PA07 chloroplast, complete genome",Camellia quinquelocularis
OQ503548.fasta,OQ503548.1,"Camellia reticulata isolate KM4 chloroplast, complete genome","OQ503548.1 Camellia reticulata isolate KM4 chloroplast, complete genome",Camellia reticulata
PQ658189.fasta,PQ658189.1,"Camellia rubimuricata isolate 2 chloroplast, complete genome","PQ658189.1 Camellia rubimuricata isolate 2 chloroplast, complete genome",Camellia rubimuricata
OQ503553.fasta,OQ503553.1,"Camellia sasanqua isolate KM28 chloroplast, complete genome","OQ503553.1 Camellia sasanqua isolate KM28 chloroplast, complete genome",Camellia sasanqua
PV243281.fasta,PV243281.1,"Camellia shangshii isolate 3806_02 chloroplast, complete genome","PV243281.1 Camellia shangshii isolate 3806_02 chloroplast, complete genome",Camellia shangshii
PV915198.fasta,PV915198.1,"Camellia sinensis isolate ro-jblpw90 cultivar Wuniuzaocha chloroplast, complete genome","PV915198.1 Camellia sinensis isolate ro-jblpw90 cultivar Wuniuzaocha chloroplast, complete genome",Camellia sinensis
PQ586982.fasta,PQ586982.1,"Camellia tachangensis var. remotiserrata isolate YH02 chloroplast, complete genome","PQ586982.1 Camellia tachangensis var. remotiserrata isolate YH02 chloroplast, complete genome",Camellia tachangensis
OQ503604.fasta,OQ503604.1,"Camellia taliensis isolate re411 chloroplast, complete genome","OQ503604.1 Camellia taliensis isolate re411 chloroplast, complete genome",Camellia taliensis
OQ503552.fasta,OQ503552.1,"Camellia tsaii isolate KM23 chloroplast, complete genome","OQ503552.1 Camellia tsaii isolate KM23 chloroplast, complete genome",Camellia tsaii
PV612622.fasta,PV612622.1,"Camellia yokdonensis chloroplast, complete genome","PV612622.1 Camellia yokdonensis chloroplast, complete genome",Camellia yokdonensis
OQ503551.fasta,OQ503551.1,"Camellia yunnanensis var. camellioides isolate KM8 chloroplast, complete genome","OQ503551.1 Camellia yunnanensis var. camellioides isolate KM8 chloroplast, complete genome",Camellia yunnanensis
PX794984.fasta,PX794984.1,"Campeiostachys dahurica var. cylindrica isolate P11 chloroplast, complete genome","PX794984.1 Campeiostachys dahurica var. cylindrica isolate P11 chloroplast, complete genome",Campeiostachys dahurica
PX795004.fasta,PX795004.1,"Campeiostachys nutans isolate 2024072312 chloroplast, complete genome","PX795004.1 Campeiostachys nutans isolate 2024072312 chloroplast, complete genome",Campeiostachys nutans
OR264217.fasta,OR264217.1,"Camphora bodinieri voucher CFL2756 chloroplast, complete genome","OR264217.1 Camphora bodinieri voucher CFL2756 chloroplast, complete genome",Camphora bodinieri
OR264223.fasta,OR264223.1,"Camphora illicioides voucher MX057 chloroplast, complete genome","OR264223.1 Camphora illicioides voucher MX057 chloroplast, complete genome",Camphora illicioides
ON929876.fasta,ON929876.1,"Camphorosma monspeliaca chloroplast, complete genome","ON929876.1 Camphorosma monspeliaca chloroplast, complete genome",Camphorosma monspeliaca
PQ595655.fasta,PQ595655.1,"Camptostemon philippinensis chloroplast, complete genome","PQ595655.1 Camptostemon philippinensis chloroplast, complete genome",Camptostemon philippinensis
ON149840.fasta,ON149840.1,"Cananga odorata chloroplast, complete genome","ON149840.1 Cananga odorata chloroplast, complete genome",Cananga odorata
PQ768873.fasta,PQ768873.1,"Canarium ovatum chloroplast, complete genome","PQ768873.1 Canarium ovatum chloroplast, complete genome",Canarium ovatum
PV174432.fasta,PV174432.1,"Canavalia ensiformis chloroplast, complete genome","PV174432.1 Canavalia ensiformis chloroplast, complete genome",Canavalia ensiformis
PV216845.fasta,PV216845.1,"Canella winterana chloroplast, complete genome","PV216845.1 Canella winterana chloroplast, complete genome",Canella winterana
PQ858238.fasta,PQ858238.1,"Cannabis sativa voucher Felina 32 chloroplast, complete genome","PQ858238.1 Cannabis sativa voucher Felina 32 chloroplast, complete genome",Cannabis sativa
PP706108.fasta,PP706108.1,"Capparis cartilaginea chloroplast, complete genome","PP706108.1 Capparis cartilaginea chloroplast, complete genome",Capparis cartilaginea
PP706111.fasta,PP706111.1,"Capparis spinosa var. deserti chloroplast, complete genome","PP706111.1 Capparis spinosa var. deserti chloroplast, complete genome",Capparis spinosa
PP103301.fasta,PP103301.1,"Capsella rubella chloroplast, complete genome","PP103301.1 Capsella rubella chloroplast, complete genome",Capsella rubella
PP952456.fasta,PP952456.1,"Capsicum annuum chloroplast, complete genome","PP952456.1 Capsicum annuum chloroplast, complete genome",Capsicum annuum
PP952457.fasta,PP952457.1,"Capsicum baccatum chloroplast, complete genome","PP952457.1 Capsicum baccatum chloroplast, complete genome",Capsicum baccatum
PV870771.fasta,PV870771.1,"Caragana erinacea voucher Yi378-KUN chloroplast, complete genome","PV870771.1 Caragana erinacea voucher Yi378-KUN chloroplast, complete genome",Caragana erinacea
PV870669.fasta,PV870669.1,"Caragana halodendron voucher 15CS10318-KUN chloroplast, complete genome","PV870669.1 Caragana halodendron voucher 15CS10318-KUN chloroplast, complete genome",Caragana halodendron
PV870829.fasta,PV870829.1,"Caragana rosea voucher Yi15294-Yi Lab chloroplast, complete genome","PV870829.1 Caragana rosea voucher Yi15294-Yi Lab chloroplast, complete genome",Caragana rosea
PP103302.fasta,PP103302.1,"Cardamine amara subsp. amara chloroplast, complete genome","PP103302.1 Cardamine amara subsp. amara chloroplast, complete genome",Cardamine amara
PP719683.fasta,PP719683.1,"Cardamine anhuiensis chloroplast, complete genome","PP719683.1 Cardamine anhuiensis chloroplast, complete genome",Cardamine anhuiensis
PP719684.fasta,PP719684.1,"Cardamine engleriana chloroplast, complete genome","PP719684.1 Cardamine engleriana chloroplast, complete genome",Cardamine engleriana
PP719685.fasta,PP719685.1,"Cardamine fragariifolia chloroplast, complete genome","PP719685.1 Cardamine fragariifolia chloroplast, complete genome",Cardamine fragariifolia
PP719686.fasta,PP719686.1,"Cardamine hygrophila chloroplast, complete genome","PP719686.1 Cardamine hygrophila chloroplast, complete genome",Cardamine hygrophila
PP780912.fasta,PP780912.1,"Cardamine komarovii voucher KRIB 0093216 chloroplast, complete genome","PP780912.1 Cardamine komarovii voucher KRIB 0093216 chloroplast, complete genome",Cardamine komarovii
PP780911.fasta,PP780911.1,"Cardamine leucantha voucher KRIB 0085766 chloroplast, complete genome","PP780911.1 Cardamine leucantha voucher KRIB 0085766 chloroplast, complete genome",Cardamine leucantha
PX328981.fasta,PX328981.1,"Cardamine libagouensis chloroplast, complete genome","PX328981.1 Cardamine libagouensis chloroplast, complete genome",Cardamine libagouensis
PP719687.fasta,PP719687.1,"Cardamine lyrata chloroplast, complete genome","PP719687.1 Cardamine lyrata chloroplast, complete genome",Cardamine lyrata
PP103303.fasta,PP103303.1,"Cardamine rivularis chloroplast, complete genome","PP103303.1 Cardamine rivularis chloroplast, complete genome",Cardamine rivularis
PP780910.fasta,PP780910.1,"Cardamine scutata voucher KRIB 0094944 chloroplast, complete genome","PP780910.1 Cardamine scutata voucher KRIB 0094944 chloroplast, complete genome",Cardamine scutata
OR387683.fasta,OR387683.1,"Cardiospermum halicacabum chloroplast, complete genome","OR387683.1 Cardiospermum halicacabum chloroplast, complete genome",Cardiospermum halicacabum
BK071829.fasta,BK071829.1,"Cardopatium corymbosum chloroplast, complete genome","BK071829.1 TPA_asm: Cardopatium corymbosum chloroplast, complete genome",Cardopatium corymbosum
OR896902.fasta,OR896902.1,"Carduus acanthoides chloroplast, complete genome","OR896902.1 Carduus acanthoides chloroplast, complete genome",Carduus acanthoides
OR896903.fasta,OR896903.1,"Carduus defloratus subsp. defloratus chloroplast, complete genome","OR896903.1 Carduus defloratus subsp. defloratus chloroplast, complete genome",Carduus defloratus
OR896904.fasta,OR896904.1,"Carduus nutans chloroplast, complete genome","OR896904.1 Carduus nutans chloroplast, complete genome",Carduus nutans
OR896905.fasta,OR896905.1,"Carduus personata chloroplast, complete genome","OR896905.1 Carduus personata chloroplast, complete genome",Carduus personata
OR896906.fasta,OR896906.1,"Carduus pycnocephalus subsp. pycnocephalus chloroplast, complete genome","OR896906.1 Carduus pycnocephalus subsp. pycnocephalus chloroplast, complete genome",Carduus pycnocephalus
PX108826.fasta,PX108826.1,"Carica papaya cultivar Hongfei1 chloroplast, complete genome","PX108826.1 Carica papaya cultivar Hongfei1 chloroplast, complete genome",Carica papaya
PQ301464.fasta,PQ301464.1,"Carissa carandas isolate BAU chloroplast, complete genome","PQ301464.1 Carissa carandas isolate BAU chloroplast, complete genome",Carissa carandas
PV364605.fasta,PV364605.1,"Carissa spinarum chloroplast, complete genome","PV364605.1 Carissa spinarum chloroplast, complete genome",Carissa spinarum
BK071830.fasta,BK071830.1,"Carlina acanthifolia chloroplast, complete genome","BK071830.1 TPA_asm: Carlina acanthifolia chloroplast, complete genome",Carlina acanthifolia
BK071831.fasta,BK071831.1,"Carlina corymbosa chloroplast, complete genome","BK071831.1 TPA_asm: Carlina corymbosa chloroplast, complete genome",Carlina corymbosa
BK071832.fasta,BK071832.1,"Carlina vulgaris chloroplast, complete genome","BK071832.1 TPA_asm: Carlina vulgaris chloroplast, complete genome",Carlina vulgaris
PV870797.fasta,PV870797.1,"Carmichaelia australis voucher Yi14805-KUN chloroplast, complete genome","PV870797.1 Carmichaelia australis voucher Yi14805-KUN chloroplast, complete genome",Carmichaelia australis
PV870809.fasta,PV870809.1,"Carmichaelia crassicaulis voucher Yi14853-Yi Lab chloroplast, complete genome","PV870809.1 Carmichaelia crassicaulis voucher Yi14853-Yi Lab chloroplast, complete genome",Carmichaelia crassicaulis
ON929853.fasta,ON929853.1,"Caroxylon dzhungaricum chloroplast, complete genome","ON929853.1 Caroxylon dzhungaricum chloroplast, complete genome",Caroxylon dzhungaricum
ON929857.fasta,ON929857.1,"Caroxylon nitrarium chloroplast, complete genome","ON929857.1 Caroxylon nitrarium chloroplast, complete genome",Caroxylon nitrarium
ON929858.fasta,ON929858.1,"Caroxylon orientale chloroplast, complete genome","ON929858.1 Caroxylon orientale chloroplast, complete genome",Caroxylon orientale
PX109652.fasta,PX109652.1,"Carpesium cernuum isolate nie2263 chloroplast, complete genome","PX109652.1 Carpesium cernuum isolate nie2263 chloroplast, complete genome",Carpesium cernuum
PX113344.fasta,PX113344.1,"Carpesium cordatum isolate Bo-091 chloroplast, complete genome","PX113344.1 Carpesium cordatum isolate Bo-091 chloroplast, complete genome",Carpesium cordatum
PX113345.fasta,PX113345.1,"Carpesium divaricatum isolate ZHD-081 chloroplast, complete genome","PX113345.1 Carpesium divaricatum isolate ZHD-081 chloroplast, complete genome",Carpesium divaricatum
PX113346.fasta,PX113346.1,"Carpesium macrocephalum isolate kifir255 chloroplast, complete genome","PX113346.1 Carpesium macrocephalum isolate kifir255 chloroplast, complete genome",Carpesium macrocephalum
PV325052.fasta,PV325052.1,"Carpesium nepalense chloroplast, complete genome","PV325052.1 Carpesium nepalense chloroplast, complete genome",Carpesium nepalense
BK071833.fasta,BK071833.1,"Carthamus dianius chloroplast, complete genome","BK071833.1 TPA_asm: Carthamus dianius chloroplast, complete genome",Carthamus dianius
OR884988.fasta,OR884988.1,"Carum carvi chloroplast, complete genome","OR884988.1 Carum carvi chloroplast, complete genome",Carum carvi
OQ148756.fasta,OQ148756.1,"Carya sinensis isolate H5_MTA03 chloroplast, complete genome","OQ148756.1 Carya sinensis isolate H5_MTA03 chloroplast, complete genome",Carya sinensis
OR264212.fasta,OR264212.1,"Caryodaphnopsis tonkinensis voucher SEP006 chloroplast, complete genome","OR264212.1 Caryodaphnopsis tonkinensis voucher SEP006 chloroplast, complete genome",Caryodaphnopsis tonkinensis
PV276164.fasta,PV276164.1,"Casearia aculeata voucher Borsch et al., 5243 chloroplast, complete genome","PV276164.1 Casearia aculeata voucher Borsch et al., 5243 chloroplast, complete genome",Casearia aculeata
PV276169.fasta,PV276169.1,"Casearia arborea voucher B 10 0670063 chloroplast, complete genome","PV276169.1 Casearia arborea voucher B 10 0670063 chloroplast, complete genome",Casearia arborea
PV276170.fasta,PV276170.1,"Casearia comocladifolia voucher Fuentes, S. et al., 1212 chloroplast, complete genome","PV276170.1 Casearia comocladifolia voucher Fuentes, S. et al., 1212 chloroplast, complete genome",Casearia comocladifolia
PV276168.fasta,PV276168.1,"Casearia mollis voucher Borsch et al. 5611 (HAJB,B) chloroplast, complete genome","PV276168.1 Casearia mollis voucher Borsch et al. 5611 (HAJB,B) chloroplast, complete genome",Casearia mollis
PV276167.fasta,PV276167.1,"Casearia nitida voucher B 10 0531804 chloroplast, complete genome","PV276167.1 Casearia nitida voucher B 10 0531804 chloroplast, complete genome",Casearia nitida
PV276166.fasta,PV276166.1,"Casearia spinescens voucher B 10 0454572 chloroplast, complete genome","PV276166.1 Casearia spinescens voucher B 10 0454572 chloroplast, complete genome",Casearia spinescens
PV276165.fasta,PV276165.1,"Casearia sylvestris voucher B 10 0454589 chloroplast, complete genome","PV276165.1 Casearia sylvestris voucher B 10 0454589 chloroplast, complete genome",Casearia sylvestris
PV153503.fasta,PV153503.1,"Cassine glauca chloroplast, complete genome","PV153503.1 Cassine glauca chloroplast, complete genome",Cassine glauca
OR783469.fasta,OR783469.1,"Cassinia subtropica chloroplast, complete genome","OR783469.1 Cassinia subtropica chloroplast, complete genome",Cassinia subtropica
OR936138.fasta,OR936138.1,"Castanopsis purpurella chloroplast, complete genome","OR936138.1 Castanopsis purpurella chloroplast, complete genome",Castanopsis purpurella
PV870781.fasta,PV870781.1,"Castanospermum australe voucher Yi14474-Yi Lab chloroplast, complete genome","PV870781.1 Castanospermum australe voucher Yi14474-Yi Lab chloroplast, complete genome",Castanospermum australe
PP328790.fasta,PP328790.1,"Catapodium rigidum subsp. rigidum chloroplast, complete genome","PP328790.1 Catapodium rigidum subsp. rigidum chloroplast, complete genome",Catapodium rigidum
PQ677098.fasta,PQ677098.1,"Catharanthus roseus isolate E.D.P chloroplast, complete genome","PQ677098.1 Catharanthus roseus isolate E.D.P chloroplast, complete genome",Catharanthus roseus
OR712471.fasta,OR712471.1,"Cathedra acuminata voucher J. A. Ratter et al. 6782 chloroplast, complete genome","OR712471.1 Cathedra acuminata voucher J. A. Ratter et al. 6782 chloroplast, complete genome",Cathedra acuminata
PV944218.fasta,PV944218.1,"Cathetus virgatus chloroplast, complete genome","PV944218.1 Cathetus virgatus chloroplast, complete genome",Cathetus virgatus
PX393107.fasta,PX393107.1,"Causonis japonica chloroplast, complete genome","PX393107.1 Causonis japonica chloroplast, complete genome",Causonis japonica
PQ858239.fasta,PQ858239.1,"Ceanothus divergens voucher RPBG68.025 chloroplast, complete genome","PQ858239.1 Ceanothus divergens voucher RPBG68.025 chloroplast, complete genome",Ceanothus divergens
PP747016.fasta,PP747016.1,"Cedrela fissilis chloroplast, complete genome","PP747016.1 Cedrela fissilis chloroplast, complete genome",Cedrela fissilis
MT053007.fasta,MT053007.1,"Ceiba speciosa voucher PDBK2014-1535 chloroplast, complete genome","MT053007.1 Ceiba speciosa voucher PDBK2014-1535 chloroplast, complete genome",Ceiba speciosa
LC915730.fasta,LC915730.1,"Cenchrus americanus IP 17956 chloroplast DNA, complete genome","LC915730.1 Cenchrus americanus IP 17956 chloroplast DNA, complete genome",Cenchrus americanus
PP234578.fasta,PP234578.1,"Cenchrus flaccidus isolate p6 chloroplast, complete genome","PP234578.1 Cenchrus flaccidus isolate p6 chloroplast, complete genome",Cenchrus flaccidus
PQ720777.fasta,PQ720777.1,"Cenchrus fungigraminus chloroplast, complete genome","PQ720777.1 Cenchrus fungigraminus chloroplast, complete genome",Cenchrus fungigraminus
PP098463.fasta,PP098463.1,"Cenchrus purpurascens isolate Liqiu chloroplast, complete genome","PP098463.1 Cenchrus purpurascens isolate Liqiu chloroplast, complete genome",Cenchrus purpurascens
PP098462.fasta,PP098462.1,"Cenchrus purpureus isolate Purple chloroplast, complete genome","PP098462.1 Cenchrus purpureus isolate Purple chloroplast, complete genome",Cenchrus purpureus
OR909615.fasta,OR909615.1,"Centaurea bracteata chloroplast, complete genome","OR909615.1 Centaurea bracteata chloroplast, complete genome",Centaurea bracteata
OR909628.fasta,OR909628.1,"Centaurea jacea chloroplast, complete genome","OR909628.1 Centaurea jacea chloroplast, complete genome",Centaurea jacea
OR909616.fasta,OR909616.1,"Centaurea nigrescens subsp. nigrescens chloroplast, complete genome","OR909616.1 Centaurea nigrescens subsp. nigrescens chloroplast, complete genome",Centaurea nigrescens
OR909631.fasta,OR909631.1,"Centaurea scabiosa subsp. grinensis chloroplast, complete genome","OR909631.1 Centaurea scabiosa subsp. grinensis chloroplast, complete genome",Centaurea scabiosa
OR909617.fasta,OR909617.1,"Centaurea stoebe chloroplast, complete genome","OR909617.1 Centaurea stoebe chloroplast, complete genome",Centaurea stoebe
OR909618.fasta,OR909618.1,"Centaurea triumfettii chloroplast, complete genome","OR909618.1 Centaurea triumfettii chloroplast, complete genome",Centaurea triumfettii
BK071834.fasta,BK071834.1,"Centaurothamnus maximus chloroplast, complete genome","BK071834.1 TPA_asm: Centaurothamnus maximus chloroplast, complete genome",Centaurothamnus maximus
PV026107.fasta,PV026107.1,"Centranthus trinervis isolate CT25 chloroplast, complete genome","PV026107.1 Centranthus trinervis isolate CT25 chloroplast, complete genome",Centranthus trinervis
PV870824.fasta,PV870824.1,"Centrolobium robustum voucher Yi15250-KUN chloroplast, complete genome","PV870824.1 Centrolobium robustum voucher Yi15250-KUN chloroplast, complete genome",Centrolobium robustum
PV870716.fasta,PV870716.1,"Centrosema sagittatum voucher 33577-MO chloroplast, complete genome","PV870716.1 Centrosema sagittatum voucher 33577-MO chloroplast, complete genome",Centrosema sagittatum
PP328791.fasta,PP328791.1,"Cephalanthera damasonium chloroplast, complete genome","PP328791.1 Cephalanthera damasonium chloroplast, complete genome",Cephalanthera damasonium
PV752076.fasta,PV752076.1,"Cephalanthera erecta chloroplast, complete genome","PV752076.1 Cephalanthera erecta chloroplast, complete genome",Cephalanthera erecta
PP328792.fasta,PP328792.1,"Cephalanthera longifolia chloroplast, complete genome","PP328792.1 Cephalanthera longifolia chloroplast, complete genome",Cephalanthera longifolia
PP103304.fasta,PP103304.1,"Cerastium brachypetalum subsp. brachypetalum chloroplast, complete genome","PP103304.1 Cerastium brachypetalum subsp. brachypetalum chloroplast, complete genome",Cerastium brachypetalum
PQ636466.fasta,PQ636466.1,"Cerastium davuricum voucher SE24 chloroplast, complete genome","PQ636466.1 Cerastium davuricum voucher SE24 chloroplast, complete genome",Cerastium davuricum
PP103305.fasta,PP103305.1,"Cerastium fontanum chloroplast, complete genome","PP103305.1 Cerastium fontanum chloroplast, complete genome",Cerastium fontanum
PP103306.fasta,PP103306.1,"Cerastium glomeratum chloroplast, complete genome","PP103306.1 Cerastium glomeratum chloroplast, complete genome",Cerastium glomeratum
PP103308.fasta,PP103308.1,"Cerastium lucorum chloroplast, complete genome","PP103308.1 Cerastium lucorum chloroplast, complete genome",Cerastium lucorum
PP103307.fasta,PP103307.1,"Cerastium pumilum subsp. glutinosum chloroplast, complete genome","PP103307.1 Cerastium pumilum subsp. glutinosum chloroplast, complete genome",Cerastium pumilum
PP103309.fasta,PP103309.1,"Cerastium semidecandrum chloroplast, complete genome","PP103309.1 Cerastium semidecandrum chloroplast, complete genome",Cerastium semidecandrum
PV219191.fasta,PV219191.1,"Ceratophyllum demersum var. inerme chloroplast, complete genome","PV219191.1 Ceratophyllum demersum var. inerme chloroplast, complete genome",Ceratophyllum demersum
ON729383.fasta,ON729383.1,"Cercidiphyllum japonicum chloroplast, complete genome","ON729383.1 Cercidiphyllum japonicum chloroplast, complete genome",Cercidiphyllum japonicum
ON729384.fasta,ON729384.1,"Cercidiphyllum magnificum chloroplast, complete genome","ON729384.1 Cercidiphyllum magnificum chloroplast, complete genome",Cercidiphyllum magnificum
PV929843.fasta,PV929843.1,"Cercis chuniana chloroplast, complete genome","PV929843.1 Cercis chuniana chloroplast, complete genome",Cercis chuniana
PQ869153.fasta,PQ869153.1,"Cercocarpus ledifolius voucher Yi14146 chloroplast, complete genome","PQ869153.1 Cercocarpus ledifolius voucher Yi14146 chloroplast, complete genome",Cercocarpus ledifolius
OP133580.fasta,OP133580.1,"Ceropegia dolichophylla voucher C.F. Zhang et al. DY062 chloroplast, complete genome","OP133580.1 Ceropegia dolichophylla voucher C.F. Zhang et al. DY062 chloroplast, complete genome",Ceropegia dolichophylla
OP133586.fasta,OP133586.1,"Ceropegia longifolia voucher C.F. Zhang et al. 6482 chloroplast, complete genome","OP133586.1 Ceropegia longifolia voucher C.F. Zhang et al. 6482 chloroplast, complete genome",Ceropegia longifolia
OP133584.fasta,OP133584.1,"Ceropegia nilotica voucher C.F. Zhang 6230 chloroplast, complete genome","OP133584.1 Ceropegia nilotica voucher C.F. Zhang 6230 chloroplast, complete genome",Ceropegia nilotica
PP328793.fasta,PP328793.1,"Chaenorhinum minus subsp. minus chloroplast, complete genome","PP328793.1 Chaenorhinum minus subsp. minus chloroplast, complete genome",Chaenorhinum minus
OR884989.fasta,OR884989.1,"Chaerophyllum aureum chloroplast, complete genome","OR884989.1 Chaerophyllum aureum chloroplast, complete genome",Chaerophyllum aureum
OR884990.fasta,OR884990.1,"Chaerophyllum temulum chloroplast, complete genome","OR884990.1 Chaerophyllum temulum chloroplast, complete genome",Chaerophyllum temulum
PX091990.fasta,PX091990.1,"Chaerophyllum villosum chloroplast, complete genome","PX091990.1 Chaerophyllum villosum chloroplast, complete genome",Chaerophyllum villosum
PQ586436.fasta,PQ586436.1,"Chaetoseris hastata chloroplast, complete genome","PQ586436.1 Chaetoseris hastata chloroplast, complete genome",Chaetoseris hastata
PQ586437.fasta,PQ586437.1,"Chaetoseris hispida chloroplast, complete genome","PQ586437.1 Chaetoseris hispida chloroplast, complete genome",Chaetoseris hispida
PQ586439.fasta,PQ586439.1,"Chaetoseris lutea chloroplast, complete genome","PQ586439.1 Chaetoseris lutea chloroplast, complete genome",Chaetoseris lutea
PQ586441.fasta,PQ586441.1,"Chaetoseris lyriformis chloroplast, complete genome","PQ586441.1 Chaetoseris lyriformis chloroplast, complete genome",Chaetoseris lyriformis
PQ586444.fasta,PQ586444.1,"Chaetoseris sichuanensis chloroplast, complete genome","PQ586444.1 Chaetoseris sichuanensis chloroplast, complete genome",Chaetoseris sichuanensis
PQ586446.fasta,PQ586446.1,"Chaetoseris yunnanensis chloroplast, complete genome","PQ586446.1 Chaetoseris yunnanensis chloroplast, complete genome",Chaetoseris yunnanensis
PQ180372.fasta,PQ180372.1,"Chaiturus marrubiastrum chloroplast, complete genome","PQ180372.1 Chaiturus marrubiastrum chloroplast, complete genome",Chaiturus marrubiastrum
PX959588.fasta,PX959588.1,"Chamaecrista ensiformis chloroplast, complete genome","PX959588.1 Chamaecrista ensiformis chloroplast, complete genome",Chamaecrista ensiformis
PX922769.fasta,PX922769.1,"Chamaecrista fasciculata chloroplast, complete genome","PX922769.1 Chamaecrista fasciculata chloroplast, complete genome",Chamaecrista fasciculata
PP190942.fasta,PP190942.1,"Chamaecytisus purpureus chloroplast, complete genome","PP190942.1 Chamaecytisus purpureus chloroplast, complete genome",Chamaecytisus purpureus
PV786081.fasta,PV786081.1,"Chamaelirium luteum chloroplast, complete genome","PV786081.1 Chamaelirium luteum chloroplast, complete genome",Chamaelirium luteum
PV786080.fasta,PV786080.1,"Chamaelirium viridiflorum chloroplast, complete genome","PV786080.1 Chamaelirium viridiflorum chloroplast, complete genome",Chamaelirium viridiflorum
OR995414.fasta,OR995414.1,"Chamaemeles coriacea voucher C.Lobo#4736 chloroplast, complete genome","OR995414.1 Chamaemeles coriacea voucher C.Lobo#4736 chloroplast, complete genome",Chamaemeles coriacea
PQ551033.fasta,PQ551033.1,"Chamaesium delavayi chloroplast, complete genome","PQ551033.1 Chamaesium delavayi chloroplast, complete genome",Chamaesium delavayi
PQ551025.fasta,PQ551025.1,"Changium smyrnioides chloroplast, complete genome","PQ551025.1 Changium smyrnioides chloroplast, complete genome",Changium smyrnioides
BK071835.fasta,BK071835.1,"Chardinia orientalis chloroplast, complete genome","BK071835.1 TPA_asm: Chardinia orientalis chloroplast, complete genome",Chardinia orientalis
PQ153239.fasta,PQ153239.1,"Chasmanthium latifolium chloroplast, complete genome","PQ153239.1 Chasmanthium latifolium chloroplast, complete genome",Chasmanthium latifolium
BK071836.fasta,BK071836.1,"Cheirolophus crassifolius chloroplast, complete genome","BK071836.1 TPA_asm: Cheirolophus crassifolius chloroplast, complete genome",Cheirolophus crassifolius
BK071837.fasta,BK071837.1,"Cheirolophus intybaceus chloroplast, complete genome","BK071837.1 TPA_asm: Cheirolophus intybaceus chloroplast, complete genome",Cheirolophus intybaceus
PX501756.fasta,PX501756.1,"Cheirostylis pusilla chloroplast, complete genome","PX501756.1 Cheirostylis pusilla chloroplast, complete genome",Cheirostylis pusilla
PX438587.fasta,PX438587.1,"Cheirostylis sherriffii chloroplast, complete genome","PX438587.1 Cheirostylis sherriffii chloroplast, complete genome",Cheirostylis sherriffii
PP840334.fasta,PP840334.1,"Chelidonium majus chloroplast, complete genome","PP840334.1 Chelidonium majus chloroplast, complete genome",Chelidonium majus
PP056262.fasta,PP056262.1,"Chenopodiastrum gracilispicum isolate HYF0054 chloroplast, complete genome","PP056262.1 Chenopodiastrum gracilispicum isolate HYF0054 chloroplast, complete genome",Chenopodiastrum gracilispicum
OR884981.fasta,OR884981.1,"Chenopodiastrum hybridum chloroplast, complete genome","OR884981.1 Chenopodiastrum hybridum chloroplast, complete genome",Chenopodiastrum hybridum
OR884980.fasta,OR884980.1,"Chenopodium album chloroplast, complete genome","OR884980.1 Chenopodium album chloroplast, complete genome",Chenopodium album
PP234530.fasta,PP234530.1,"Chenopodium karoi isolate p145 chloroplast, complete genome","PP234530.1 Chenopodium karoi isolate p145 chloroplast, complete genome",Chenopodium karoi
PV870846.fasta,PV870846.1,"Chesneya polystichoides voucher ZTYL-KUN chloroplast, complete genome","PV870846.1 Chesneya polystichoides voucher ZTYL-KUN chloroplast, complete genome",Chesneya polystichoides
OR783470.fasta,OR783470.1,"Chevreulia acuminata chloroplast, complete genome","OR783470.1 Chevreulia acuminata chloroplast, complete genome",Chevreulia acuminata
PV021571.fasta,PV021571.1,"Chimonobambusa damingshanensis voucher WM241225 chloroplast, complete genome","PV021571.1 Chimonobambusa damingshanensis voucher WM241225 chloroplast, complete genome",Chimonobambusa damingshanensis
PQ459320.fasta,PQ459320.1,"Chimonobambusa montigena chloroplast, complete genome","PQ459320.1 Chimonobambusa montigena chloroplast, complete genome",Chimonobambusa montigena
PQ459324.fasta,PQ459324.1,"Chimonobambusa paucispinosa chloroplast, complete genome","PQ459324.1 Chimonobambusa paucispinosa chloroplast, complete genome",Chimonobambusa paucispinosa
PP681661.fasta,PP681661.1,"Chimonobambusa quadrangularis voucher NZY214 chloroplast, complete genome","PP681661.1 Chimonobambusa quadrangularis voucher NZY214 chloroplast, complete genome",Chimonobambusa quadrangularis
PQ459321.fasta,PQ459321.1,"Chimonobambusa sichuanensis chloroplast, complete genome","PQ459321.1 Chimonobambusa sichuanensis chloroplast, complete genome",Chimonobambusa sichuanensis
PQ459322.fasta,PQ459322.1,"Chimonobambusa tuberculata chloroplast, complete genome","PQ459322.1 Chimonobambusa tuberculata chloroplast, complete genome",Chimonobambusa tuberculata
PQ459323.fasta,PQ459323.1,"Chimonobambusa tumidissinoda chloroplast, complete genome","PQ459323.1 Chimonobambusa tumidissinoda chloroplast, complete genome",Chimonobambusa tumidissinoda
PQ459325.fasta,PQ459325.1,"Chimonobambusa utilis chloroplast, complete genome","PQ459325.1 Chimonobambusa utilis chloroplast, complete genome",Chimonobambusa utilis
PQ472913.fasta,PQ472913.1,"Chimonocalamus delicatus chloroplast, complete genome","PQ472913.1 Chimonocalamus delicatus chloroplast, complete genome",Chimonocalamus delicatus
PV786079.fasta,PV786079.1,"Chionographis chinensis chloroplast, complete genome","PV786079.1 Chionographis chinensis chloroplast, complete genome",Chionographis chinensis
PV786082.fasta,PV786082.1,"Chionographis japonica chloroplast, complete genome","PV786082.1 Chionographis japonica chloroplast, complete genome",Chionographis japonica
PV786083.fasta,PV786083.1,"Chionographis koidzumiana chloroplast, complete genome","PV786083.1 Chionographis koidzumiana chloroplast, complete genome",Chionographis koidzumiana
PQ728877.fasta,PQ728877.1,"Chloranthus angustifolius chloroplast, complete genome","PQ728877.1 Chloranthus angustifolius chloroplast, complete genome",Chloranthus angustifolius
PP078678.fasta,PP078678.1,"Chloranthus coccineus isolate ZXX21164 chloroplast, complete genome","PP078678.1 Chloranthus coccineus isolate ZXX21164 chloroplast, complete genome",Chloranthus coccineus
PQ728879.fasta,PQ728879.1,"Chloranthus erectus chloroplast, complete genome","PQ728879.1 Chloranthus erectus chloroplast, complete genome",Chloranthus erectus
PQ728880.fasta,PQ728880.1,"Chloranthus fortunei chloroplast, complete genome","PQ728880.1 Chloranthus fortunei chloroplast, complete genome",Chloranthus fortunei
PQ728881.fasta,PQ728881.1,"Chloranthus henryi chloroplast, complete genome","PQ728881.1 Chloranthus henryi chloroplast, complete genome",Chloranthus henryi
PQ728883.fasta,PQ728883.1,"Chloranthus nervosus chloroplast, complete genome","PQ728883.1 Chloranthus nervosus chloroplast, complete genome",Chloranthus nervosus
PQ728884.fasta,PQ728884.1,"Chloranthus oldhamii chloroplast, complete genome","PQ728884.1 Chloranthus oldhamii chloroplast, complete genome",Chloranthus oldhamii
PQ728882.fasta,PQ728882.1,"Chloranthus serratus chloroplast, complete genome","PQ728882.1 Chloranthus serratus chloroplast, complete genome",Chloranthus serratus
PQ728886.fasta,PQ728886.1,"Chloranthus sessilifolius chloroplast, complete genome","PQ728886.1 Chloranthus sessilifolius chloroplast, complete genome",Chloranthus sessilifolius
PQ728887.fasta,PQ728887.1,"Chloranthus spicatus chloroplast, complete genome","PQ728887.1 Chloranthus spicatus chloroplast, complete genome",Chloranthus spicatus
OR990552.fasta,OR990552.1,"Chlorocrepis staticifolia chloroplast, complete genome","OR990552.1 Chlorocrepis staticifolia chloroplast, complete genome",Chlorocrepis staticifolia
PV870723.fasta,PV870723.1,"Chloroleucon mangense voucher 33614-MO chloroplast, complete genome","PV870723.1 Chloroleucon mangense voucher 33614-MO chloroplast, complete genome",Chloroleucon mangense
PX309297.fasta,PX309297.1,"Chorizanthe novoana voucher CONC 198237 chloroplast, complete genome","PX309297.1 Chorizanthe novoana voucher CONC 198237 chloroplast, complete genome",Chorizanthe novoana
PV870799.fasta,PV870799.1,"Chorizema cordatum voucher Yi14834-Yi Lab chloroplast, complete genome","PV870799.1 Chorizema cordatum voucher Yi14834-Yi Lab chloroplast, complete genome",Chorizema cordatum
PQ788856.fasta,PQ788856.1,"Chrysanthemum seticuspe cultivar Gojo-0 chloroplast, complete genome","PQ788856.1 Chrysanthemum seticuspe cultivar Gojo-0 chloroplast, complete genome",Chrysanthemum seticuspe
PX591007.fasta,PX591007.1,"Chrysanthemum x morifolium isolate BLQY chloroplast, complete genome","PX591007.1 Chrysanthemum x morifolium isolate BLQY chloroplast, complete genome",Chrysanthemum morifolium
PV087144.fasta,PV087144.1,"Chrysodracon forbesii chloroplast, complete genome","PV087144.1 Chrysodracon forbesii chloroplast, complete genome",Chrysodracon forbesii
PP328794.fasta,PP328794.1,"Chrysosplenium alternifolium chloroplast, complete genome","PP328794.1 Chrysosplenium alternifolium chloroplast, complete genome",Chrysosplenium alternifolium
PZ286360.fasta,PZ286360.1,"Chrysosplenium insularis voucher JJ-200325-001 chloroplast, complete genome","PZ286360.1 Chrysosplenium insularis voucher JJ-200325-001 chloroplast, complete genome",Chrysosplenium insularis
PQ551024.fasta,PQ551024.1,"Chuanminshen violaceum chloroplast, complete genome","PQ551024.1 Chuanminshen violaceum chloroplast, complete genome",Chuanminshen violaceum
ON729345.fasta,ON729345.1,"Chunia bucklandioides chloroplast, complete genome","ON729345.1 Chunia bucklandioides chloroplast, complete genome",Chunia bucklandioides
PV476734.fasta,PV476734.1,"Chusquea contrerasii chloroplast, complete genome","PV476734.1 Chusquea contrerasii chloroplast, complete genome",Chusquea contrerasii
PV424174.fasta,PV424174.1,"Chusquea cortesii chloroplast, complete genome","PV424174.1 Chusquea cortesii chloroplast, complete genome",Chusquea cortesii
PZ172408.fasta,PZ172408.1,"Cicer chorassanicum isolate ICC17141 chloroplast, complete genome","PZ172408.1 Cicer chorassanicum isolate ICC17141 chloroplast, complete genome",Cicer chorassanicum
PZ172409.fasta,PZ172409.1,"Cicer cuneatum isolate ICC17162 chloroplast, complete genome","PZ172409.1 Cicer cuneatum isolate ICC17162 chloroplast, complete genome",Cicer cuneatum
PX659842.fasta,PX659842.1,"Cicer judaicum chloroplast, complete genome","PX659842.1 Cicer judaicum chloroplast, complete genome",Cicer judaicum
PZ188367.fasta,PZ188367.1,"Cicer pinnatifidum chloroplast, complete genome","PZ188367.1 Cicer pinnatifidum chloroplast, complete genome",Cicer pinnatifidum
PZ172410.fasta,PZ172410.1,"Cicer yamashitae isolate ICC17117 chloroplast, complete genome","PZ172410.1 Cicer yamashitae isolate ICC17117 chloroplast, complete genome",Cicer yamashitae
OR990531.fasta,OR990531.1,"Cicerbita muralis subsp. muralis chloroplast, complete genome","OR990531.1 Cicerbita muralis subsp. muralis chloroplast, complete genome",Cicerbita muralis
PQ283862.fasta,PQ283862.1,"Cicuta virosa isolate LHM1252 chloroplast, complete genome","PQ283862.1 Cicuta virosa isolate LHM1252 chloroplast, complete genome",Cicuta virosa
OP946452.fasta,OP946452.1,"Cinchona macrocalyx voucher IC45 chloroplast, complete genome","OP946452.1 Cinchona macrocalyx voucher IC45 chloroplast, complete genome",Cinchona macrocalyx
PX354551.fasta,PX354551.1,"Cinchona micrantha isolate 18UTM chloroplast, complete genome","PX354551.1 Cinchona micrantha isolate 18UTM chloroplast, complete genome",Cinchona micrantha
OP946451.fasta,OP946451.1,"Cinchona officinalis voucher KUELAP330 chloroplast, complete genome","OP946451.1 Cinchona officinalis voucher KUELAP330 chloroplast, complete genome",Cinchona officinalis
OR502875.fasta,OR502875.1,"Cinchona pitayensis voucher UM02 chloroplast, complete genome","OR502875.1 Cinchona pitayensis voucher UM02 chloroplast, complete genome",Cinchona pitayensis
PV553476.fasta,PV553476.1,"Cinnadenia paniculata voucher P.K. Loc & al. HAL9188 chloroplast, complete genome","PV553476.1 Cinnadenia paniculata voucher P.K. Loc & al. HAL9188 chloroplast, complete genome",Cinnadenia paniculata
OR264213.fasta,OR264213.1,"Cinnamomum appelianum voucher MX058 chloroplast, complete genome","OR264213.1 Cinnamomum appelianum voucher MX058 chloroplast, complete genome",Cinnamomum appelianum
PQ456192.fasta,PQ456192.1,"Cinnamomum aromaticum isolate Cc chloroplast, complete genome","PQ456192.1 Cinnamomum aromaticum isolate Cc chloroplast, complete genome",Cinnamomum aromaticum
OR264214.fasta,OR264214.1,"Cinnamomum austrosinense voucher S137 chloroplast, complete genome","OR264214.1 Cinnamomum austrosinense voucher S137 chloroplast, complete genome",Cinnamomum austrosinense
OR264215.fasta,OR264215.1,"Cinnamomum austroyunnanense voucher MX098 chloroplast, complete genome","OR264215.1 Cinnamomum austroyunnanense voucher MX098 chloroplast, complete genome",Cinnamomum austroyunnanense
PQ576718.fasta,PQ576718.1,"Cinnamomum balansae voucher VHBG.2024 chloroplast, complete genome","PQ576718.1 Cinnamomum balansae voucher VHBG.2024 chloroplast, complete genome",Cinnamomum balansae
OR264216.fasta,OR264216.1,"Cinnamomum bejolghota voucher XTBGLQM0045 chloroplast, complete genome","OR264216.1 Cinnamomum bejolghota voucher XTBGLQM0045 chloroplast, complete genome",Cinnamomum bejolghota
OR264218.fasta,OR264218.1,"Cinnamomum burmanni voucher SEP001 chloroplast, complete genome","OR264218.1 Cinnamomum burmanni voucher SEP001 chloroplast, complete genome",Cinnamomum burmanni
OR264219.fasta,OR264219.1,"Cinnamomum camphora voucher SEP002 chloroplast, complete genome","OR264219.1 Cinnamomum camphora voucher SEP002 chloroplast, complete genome",Cinnamomum camphora
OR264221.fasta,OR264221.1,"Cinnamomum chartophyllum voucher XTBGLQM0164 chloroplast, complete genome","OR264221.1 Cinnamomum chartophyllum voucher XTBGLQM0164 chloroplast, complete genome",Cinnamomum chartophyllum
OR264222.fasta,OR264222.1,"Cinnamomum glanduliferum voucher CFL3513 chloroplast, complete genome","OR264222.1 Cinnamomum glanduliferum voucher CFL3513 chloroplast, complete genome",Cinnamomum glanduliferum
OR264224.fasta,OR264224.1,"Cinnamomum iners voucher XTBGLQM0484 chloroplast, complete genome","OR264224.1 Cinnamomum iners voucher XTBGLQM0484 chloroplast, complete genome",Cinnamomum iners
OR264226.fasta,OR264226.1,"Cinnamomum insularimontanum voucher GN054 chloroplast, complete genome","OR264226.1 Cinnamomum insularimontanum voucher GN054 chloroplast, complete genome",Cinnamomum insularimontanum
OR264227.fasta,OR264227.1,"Cinnamomum jensenianum voucher GN267 chloroplast, complete genome","OR264227.1 Cinnamomum jensenianum voucher GN267 chloroplast, complete genome",Cinnamomum jensenianum
OR264228.fasta,OR264228.1,"Cinnamomum kotoense voucher SEP007 chloroplast, complete genome","OR264228.1 Cinnamomum kotoense voucher SEP007 chloroplast, complete genome",Cinnamomum kotoense
OR264229.fasta,OR264229.1,"Cinnamomum liangii voucher MX081 chloroplast, complete genome","OR264229.1 Cinnamomum liangii voucher MX081 chloroplast, complete genome",Cinnamomum liangii
PQ591760.fasta,PQ591760.1,"Cinnamomum longepaniculatum chloroplast, complete genome","PQ591760.1 Cinnamomum longepaniculatum chloroplast, complete genome",Cinnamomum longepaniculatum
OR264231.fasta,OR264231.1,"Cinnamomum longipetiolatum voucher MX025 chloroplast, complete genome","OR264231.1 Cinnamomum longipetiolatum voucher MX025 chloroplast, complete genome",Cinnamomum longipetiolatum
OR264232.fasta,OR264232.1,"Cinnamomum micranthum voucher GN204 chloroplast, complete genome","OR264232.1 Cinnamomum micranthum voucher GN204 chloroplast, complete genome",Cinnamomum micranthum
OR264233.fasta,OR264233.1,"Cinnamomum migao voucher S68 chloroplast, complete genome","OR264233.1 Cinnamomum migao voucher S68 chloroplast, complete genome",Cinnamomum migao
OR264234.fasta,OR264234.1,"Cinnamomum mollifolium voucher MX037 chloroplast, complete genome","OR264234.1 Cinnamomum mollifolium voucher MX037 chloroplast, complete genome",Cinnamomum mollifolium
OR264235.fasta,OR264235.1,"Cinnamomum parthenoxylon voucher CFL2719 chloroplast, complete genome","OR264235.1 Cinnamomum parthenoxylon voucher CFL2719 chloroplast, complete genome",Cinnamomum parthenoxylon
OR264236.fasta,OR264236.1,"Cinnamomum pauciflorum voucher CFL3983 chloroplast, complete genome","OR264236.1 Cinnamomum pauciflorum voucher CFL3983 chloroplast, complete genome",Cinnamomum pauciflorum
OR264237.fasta,OR264237.1,"Cinnamomum pingbienense voucher XTBGLQM0740 chloroplast, complete genome","OR264237.1 Cinnamomum pingbienense voucher XTBGLQM0740 chloroplast, complete genome",Cinnamomum pingbienense
OR264238.fasta,OR264238.1,"Cinnamomum pittosporoides voucher XTBGLQM1141 chloroplast, complete genome","OR264238.1 Cinnamomum pittosporoides voucher XTBGLQM1141 chloroplast, complete genome",Cinnamomum pittosporoides
OR264239.fasta,OR264239.1,"Cinnamomum rigidissimum voucher MX024 chloroplast, complete genome","OR264239.1 Cinnamomum rigidissimum voucher MX024 chloroplast, complete genome",Cinnamomum rigidissimum
OR264240.fasta,OR264240.1,"Cinnamomum rufotomentosum voucher CFL2798 chloroplast, complete genome","OR264240.1 Cinnamomum rufotomentosum voucher CFL2798 chloroplast, complete genome",Cinnamomum rufotomentosum
OR264241.fasta,OR264241.1,"Cinnamomum saxatile voucher S32 chloroplast, complete genome","OR264241.1 Cinnamomum saxatile voucher S32 chloroplast, complete genome",Cinnamomum saxatile
OR264242.fasta,OR264242.1,"Cinnamomum septentrionale voucher HZ105 chloroplast, complete genome","OR264242.1 Cinnamomum septentrionale voucher HZ105 chloroplast, complete genome",Cinnamomum septentrionale
OR264243.fasta,OR264243.1,"Cinnamomum subavenium voucher GTS176 chloroplast, complete genome","OR264243.1 Cinnamomum subavenium voucher GTS176 chloroplast, complete genome",Cinnamomum subavenium
OR264244.fasta,OR264244.1,"Cinnamomum tamala voucher XTBGLQM0490 chloroplast, complete genome","OR264244.1 Cinnamomum tamala voucher XTBGLQM0490 chloroplast, complete genome",Cinnamomum tamala
OR264245.fasta,OR264245.1,"Cinnamomum tenuipile voucher XTBGLQM0924 chloroplast, complete genome","OR264245.1 Cinnamomum tenuipile voucher XTBGLQM0924 chloroplast, complete genome",Cinnamomum tenuipile
OR264246.fasta,OR264246.1,"Cinnamomum tonkinense voucher MX023 chloroplast, complete genome","OR264246.1 Cinnamomum tonkinense voucher MX023 chloroplast, complete genome",Cinnamomum tonkinense
OR264247.fasta,OR264247.1,"Cinnamomum wilsonii voucher S135 chloroplast, complete genome","OR264247.1 Cinnamomum wilsonii voucher S135 chloroplast, complete genome",Cinnamomum wilsonii
PP328795.fasta,PP328795.1,"Circaea alpina subsp. alpina chloroplast, complete genome","PP328795.1 Circaea alpina subsp. alpina chloroplast, complete genome",Circaea alpina
PP078671.fasta,PP078671.1,"Circaea mollis isolate HJD1240 chloroplast, complete genome","PP078671.1 Circaea mollis isolate HJD1240 chloroplast, complete genome",Circaea mollis
OR909619.fasta,OR909619.1,"Cirsium acaule chloroplast, complete genome","OR909619.1 Cirsium acaule chloroplast, complete genome",Cirsium acaule
OR909620.fasta,OR909620.1,"Cirsium alsophilum chloroplast, complete genome","OR909620.1 Cirsium alsophilum chloroplast, complete genome",Cirsium alsophilum
OR909621.fasta,OR909621.1,"Cirsium erisithales chloroplast, complete genome","OR909621.1 Cirsium erisithales chloroplast, complete genome",Cirsium erisithales
OR909622.fasta,OR909622.1,"Cirsium heterophyllum chloroplast, complete genome","OR909622.1 Cirsium heterophyllum chloroplast, complete genome",Cirsium heterophyllum
OR909623.fasta,OR909623.1,"Cirsium palustre chloroplast, complete genome","OR909623.1 Cirsium palustre chloroplast, complete genome",Cirsium palustre
OR909624.fasta,OR909624.1,"Cirsium spinosissimum chloroplast, complete genome","OR909624.1 Cirsium spinosissimum chloroplast, complete genome",Cirsium spinosissimum
OR909625.fasta,OR909625.1,"Cirsium vulgare chloroplast, complete genome","OR909625.1 Cirsium vulgare chloroplast, complete genome",Cirsium vulgare
OR909626.fasta,OR909626.1,"Cirsium x flavescens chloroplast, complete genome","OR909626.1 Cirsium x flavescens chloroplast, complete genome",Cirsium flavescens
PZ168338.fasta,PZ168338.1,"Cissampelos pareira chloroplast, complete genome","PZ168338.1 Cissampelos pareira chloroplast, complete genome",Cissampelos pareira
PX619179.fasta,PX619179.1,"Cissus hexangularis chloroplast, complete genome","PX619179.1 Cissus hexangularis chloroplast, complete genome",Cissus hexangularis
PQ300131.fasta,PQ300131.1,"Citropsis gabunensis chloroplast, complete genome","PQ300131.1 Citropsis gabunensis chloroplast, complete genome",Citropsis gabunensis
PQ869154.fasta,PQ869154.1,"Citrullus ecirrhosus voucher 2855 chloroplast, complete genome","PQ869154.1 Citrullus ecirrhosus voucher 2855 chloroplast, complete genome",Citrullus ecirrhosus
PX309511.fasta,PX309511.1,"Citrus japonica chloroplast, complete genome","PX309511.1 Citrus japonica chloroplast, complete genome",Citrus japonica
PV928964.fasta,PV928964.1,"Citrus maxima cultivar Siji You chloroplast, complete genome","PV928964.1 Citrus maxima cultivar Siji You chloroplast, complete genome",Citrus maxima
PX404588.fasta,PX404588.1,"Citrus medica chloroplast, complete genome","PX404588.1 Citrus medica chloroplast, complete genome",Citrus medica
PV928963.fasta,PV928963.1,"Citrus reticulata cultivar Suavissima chloroplast, complete genome","PV928963.1 Citrus reticulata cultivar Suavissima chloroplast, complete genome",Citrus reticulata
PX251583.fasta,PX251583.1,"Citrus x aurantiifolia chloroplast, complete genome","PX251583.1 Citrus x aurantiifolia chloroplast, complete genome",Citrus aurantiifolia
PX113349.fasta,PX113349.1,"Cladocarpesium abrotanoides isolate dt345 chloroplast, complete genome","PX113349.1 Cladocarpesium abrotanoides isolate dt345 chloroplast, complete genome",Cladocarpesium abrotanoides
PP083687.fasta,PP083687.1,"Cladopus doianus chloroplast, complete genome","PP083687.1 Cladopus doianus chloroplast, complete genome",Cladopus doianus
PX673137.fasta,PX673137.1,"Cladopus fukienensis chloroplast, complete genome","PX673137.1 Cladopus fukienensis chloroplast, complete genome",Cladopus fukienensis
PQ310231.fasta,PQ310231.1,"Clausena anisata isolate EM5 chloroplast, complete genome","PQ310231.1 Clausena anisata isolate EM5 chloroplast, complete genome",Clausena anisata
PQ834329.fasta,PQ834329.1,"Clematis akoensis isolate XJM2021012101 chloroplast, complete genome","PQ834329.1 Clematis akoensis isolate XJM2021012101 chloroplast, complete genome",Clematis akoensis
PP328796.fasta,PP328796.1,"Clematis alpina chloroplast, complete genome","PP328796.1 Clematis alpina chloroplast, complete genome",Clematis alpina
PQ636498.fasta,PQ636498.1,"Clematis apiifolia var. argentilucida chloroplast, complete genome","PQ636498.1 Clematis apiifolia var. argentilucida chloroplast, complete genome",Clematis apiifolia
PX223807.fasta,PX223807.1,"Clematis aristata isolate JH2025072102 chloroplast, complete genome","PX223807.1 Clematis aristata isolate JH2025072102 chloroplast, complete genome",Clematis aristata
PQ834331.fasta,PQ834331.1,"Clematis armandi var. hefengensis isolate L.Xie20191119-02 chloroplast, complete genome","PQ834331.1 Clematis armandi var. hefengensis isolate L.Xie20191119-02 chloroplast, complete genome",Clematis armandi
PX223808.fasta,PX223808.1,"Clematis barbellata var. obtusa isolate 2025052101 chloroplast, complete genome","PX223808.1 Clematis barbellata var. obtusa isolate 2025052101 chloroplast, complete genome",Clematis barbellata
PQ834332.fasta,PQ834332.1,"Clematis brachyura isolate B04 chloroplast, complete genome","PQ834332.1 Clematis brachyura isolate B04 chloroplast, complete genome",Clematis brachyura
PQ834333.fasta,PQ834333.1,"Clematis brevipes isolate 2023110703 chloroplast, complete genome","PQ834333.1 Clematis brevipes isolate 2023110703 chloroplast, complete genome",Clematis brevipes
PQ834334.fasta,PQ834334.1,"Clematis buchananiana isolate L.Xie-20190713-11 chloroplast, complete genome","PQ834334.1 Clematis buchananiana isolate L.Xie-20190713-11 chloroplast, complete genome",Clematis buchananiana
PQ834335.fasta,PQ834335.1,"Clematis canescens isolate J.He-201700062 chloroplast, complete genome","PQ834335.1 Clematis canescens isolate J.He-201700062 chloroplast, complete genome",Clematis canescens
PQ834336.fasta,PQ834336.1,"Clematis chinensis isolate L.Xie-2006055 chloroplast, complete genome","PQ834336.1 Clematis chinensis isolate L.Xie-2006055 chloroplast, complete genome",Clematis chinensis
PQ834337.fasta,PQ834337.1,"Clematis chingii isolate ZYB02375 chloroplast, complete genome","PQ834337.1 Clematis chingii isolate ZYB02375 chloroplast, complete genome",Clematis chingii
PQ834338.fasta,PQ834338.1,"Clematis cirrhosa isolate XJM2024022602 chloroplast, complete genome","PQ834338.1 Clematis cirrhosa isolate XJM2024022602 chloroplast, complete genome",Clematis cirrhosa
PQ834339.fasta,PQ834339.1,"Clematis clarkeana isolate 20231027001 chloroplast, complete genome","PQ834339.1 Clematis clarkeana isolate 20231027001 chloroplast, complete genome",Clematis clarkeana
PQ834340.fasta,PQ834340.1,"Clematis connata var. confusa isolate B891 chloroplast, complete genome","PQ834340.1 Clematis connata var. confusa isolate B891 chloroplast, complete genome",Clematis connata
PQ834343.fasta,PQ834343.1,"Clematis courtoisii isolate TY2_1 chloroplast, complete genome","PQ834343.1 Clematis courtoisii isolate TY2_1 chloroplast, complete genome",Clematis courtoisii
PQ834344.fasta,PQ834344.1,"Clematis crassipes isolate XJM2022011701 chloroplast, complete genome","PQ834344.1 Clematis crassipes isolate XJM2022011701 chloroplast, complete genome",Clematis crassipes
PQ246280.fasta,PQ246280.1,"Clematis danxiacola isolate 0827 chloroplast, complete genome","PQ246280.1 Clematis danxiacola isolate 0827 chloroplast, complete genome",Clematis danxiacola
PQ874706.fasta,PQ874706.1,"Clematis dolichopoda isolate CPG28330 chloroplast, complete genome","PQ874706.1 Clematis dolichopoda isolate CPG28330 chloroplast, complete genome",Clematis dolichopoda
PQ874707.fasta,PQ874707.1,"Clematis fasciculiflora isolate L.Xie-2024012214 chloroplast, complete genome","PQ874707.1 Clematis fasciculiflora isolate L.Xie-2024012214 chloroplast, complete genome",Clematis fasciculiflora
PQ874708.fasta,PQ874708.1,"Clematis finetiana isolate 2022110804 chloroplast, complete genome","PQ874708.1 Clematis finetiana isolate 2022110804 chloroplast, complete genome",Clematis finetiana
PQ874709.fasta,PQ874709.1,"Clematis flammula isolate XJM2022100704 chloroplast, complete genome","PQ874709.1 Clematis flammula isolate XJM2022100704 chloroplast, complete genome",Clematis flammula
PQ874710.fasta,PQ874710.1,"Clematis florida isolate XJM2024022601 chloroplast, complete genome","PQ874710.1 Clematis florida isolate XJM2024022601 chloroplast, complete genome",Clematis florida
PQ874711.fasta,PQ874711.1,"Clematis fusca isolate 2024060701 chloroplast, complete genome","PQ874711.1 Clematis fusca isolate 2024060701 chloroplast, complete genome",Clematis fusca
PQ874712.fasta,PQ874712.1,"Clematis glabrifolia isolate NAS00601652 chloroplast, complete genome","PQ874712.1 Clematis glabrifolia isolate NAS00601652 chloroplast, complete genome",Clematis glabrifolia
PQ874713.fasta,PQ874713.1,"Clematis gracilifolia isolate DX-61 chloroplast, complete genome","PQ874713.1 Clematis gracilifolia isolate DX-61 chloroplast, complete genome",Clematis gracilifolia
PQ874714.fasta,PQ874714.1,"Clematis grata isolate L.Xie-2023080455 chloroplast, complete genome","PQ874714.1 Clematis grata isolate L.Xie-2023080455 chloroplast, complete genome",Clematis grata
PQ874715.fasta,PQ874715.1,"Clematis grewiiflora isolate L.Xie-2023080511 chloroplast, complete genome","PQ874715.1 Clematis grewiiflora isolate L.Xie-2023080511 chloroplast, complete genome",Clematis grewiiflora
PQ874716.fasta,PQ874716.1,"Clematis guniuensis isolate XL00463 chloroplast, complete genome","PQ874716.1 Clematis guniuensis isolate XL00463 chloroplast, complete genome",Clematis guniuensis
PQ874718.fasta,PQ874718.1,"Clematis hancockiana isolate L.Xie-2730 chloroplast, complete genome","PQ874718.1 Clematis hancockiana isolate L.Xie-2730 chloroplast, complete genome",Clematis hancockiana
PX243413.fasta,PX243413.1,"Clematis henryi chloroplast, complete genome","PX243413.1 Clematis henryi chloroplast, complete genome",Clematis henryi
PQ874719.fasta,PQ874719.1,"Clematis hexapetala var. tchefouensis isolate L.Xie-2023062701 chloroplast, complete genome","PQ874719.1 Clematis hexapetala var. tchefouensis isolate L.Xie-2023062701 chloroplast, complete genome",Clematis hexapetala
PQ874720.fasta,PQ874720.1,"Clematis hirsuta isolate CPG26385 chloroplast, complete genome","PQ874720.1 Clematis hirsuta isolate CPG26385 chloroplast, complete genome",Clematis hirsuta
PQ874723.fasta,PQ874723.1,"Clematis hirsutissima isolate XL01 chloroplast, complete genome","PQ874723.1 Clematis hirsutissima isolate XL01 chloroplast, complete genome",Clematis hirsutissima
PQ874724.fasta,PQ874724.1,"Clematis insidiosa isolate CPG39693 chloroplast, complete genome","PQ874724.1 Clematis insidiosa isolate CPG39693 chloroplast, complete genome",Clematis insidiosa
PQ874725.fasta,PQ874725.1,"Clematis japonica isolate XL07 chloroplast, complete genome","PQ874725.1 Clematis japonica isolate XL07 chloroplast, complete genome",Clematis japonica
PQ874726.fasta,PQ874726.1,"Clematis javana isolate Wen9385 chloroplast, complete genome","PQ874726.1 Clematis javana isolate Wen9385 chloroplast, complete genome",Clematis javana
PQ874727.fasta,PQ874727.1,"Clematis jingdungensis isolate L.Xie-2024012121 chloroplast, complete genome","PQ874727.1 Clematis jingdungensis isolate L.Xie-2024012121 chloroplast, complete genome",Clematis jingdungensis
PQ874728.fasta,PQ874728.1,"Clematis kirilowii isolate XJM-26 chloroplast, complete genome","PQ874728.1 Clematis kirilowii isolate XJM-26 chloroplast, complete genome",Clematis kirilowii
PQ874729.fasta,PQ874729.1,"Clematis kockiana isolate DX-520 chloroplast, complete genome","PQ874729.1 Clematis kockiana isolate DX-520 chloroplast, complete genome",Clematis kockiana
PQ874731.fasta,PQ874731.1,"Clematis kweichowensis isolate L.Xie-2018081607 chloroplast, complete genome","PQ874731.1 Clematis kweichowensis isolate L.Xie-2018081607 chloroplast, complete genome",Clematis kweichowensis
PV335544.fasta,PV335544.1,"Clematis liana voucher TXLAJ2024080501 chloroplast, complete genome","PV335544.1 Clematis liana voucher TXLAJ2024080501 chloroplast, complete genome",Clematis liana
PX223811.fasta,PX223811.1,"Clematis liboensis isolate XJM20250425035 chloroplast, complete genome","PX223811.1 Clematis liboensis isolate XJM20250425035 chloroplast, complete genome",Clematis liboensis
PQ874732.fasta,PQ874732.1,"Clematis linearifolia isolate 2007103 chloroplast, complete genome","PQ874732.1 Clematis linearifolia isolate 2007103 chloroplast, complete genome",Clematis linearifolia
PQ874733.fasta,PQ874733.1,"Clematis mae isolate YZZ99439 chloroplast, complete genome","PQ874733.1 Clematis mae isolate YZZ99439 chloroplast, complete genome",Clematis mae
PQ874762.fasta,PQ874762.1,"Clematis mandshurica isolate Wen10383 chloroplast, complete genome","PQ874762.1 Clematis mandshurica isolate Wen10383 chloroplast, complete genome",Clematis mandshurica
PQ874734.fasta,PQ874734.1,"Clematis mauritiana isolate CPG29841 chloroplast, complete genome","PQ874734.1 Clematis mauritiana isolate CPG29841 chloroplast, complete genome",Clematis mauritiana
PQ874736.fasta,PQ874736.1,"Clematis metouensis isolate L.Xie-2023073101 chloroplast, complete genome","PQ874736.1 Clematis metouensis isolate L.Xie-2023073101 chloroplast, complete genome",Clematis metouensis
PQ874737.fasta,PQ874737.1,"Clematis meyeniana isolate L.Xie-2006059 chloroplast, complete genome","PQ874737.1 Clematis meyeniana isolate L.Xie-2006059 chloroplast, complete genome",Clematis meyeniana
PQ874738.fasta,PQ874738.1,"Clematis montana var. glabrescens isolate L.Xie-2023073018 chloroplast, complete genome","PQ874738.1 Clematis montana var. glabrescens isolate L.Xie-2023073018 chloroplast, complete genome",Clematis montana
PQ874739.fasta,PQ874739.1,"Clematis napaulensis isolate XJM2024022901 chloroplast, complete genome","PQ874739.1 Clematis napaulensis isolate XJM2024022901 chloroplast, complete genome",Clematis napaulensis
PQ874740.fasta,PQ874740.1,"Clematis obscura isolate Chen11407 chloroplast, complete genome","PQ874740.1 Clematis obscura isolate Chen11407 chloroplast, complete genome",Clematis obscura
PQ874741.fasta,PQ874741.1,"Clematis occidentalis isolate XL03 chloroplast, complete genome","PQ874741.1 Clematis occidentalis isolate XL03 chloroplast, complete genome",Clematis occidentalis
PQ874742.fasta,PQ874742.1,"Clematis orientalis isolate J.He-KS2019082401 chloroplast, complete genome","PQ874742.1 Clematis orientalis isolate J.He-KS2019082401 chloroplast, complete genome",Clematis orientalis
PQ874743.fasta,PQ874743.1,"Clematis pashanensis isolate L.Xie-20191121-01 chloroplast, complete genome","PQ874743.1 Clematis pashanensis isolate L.Xie-20191121-01 chloroplast, complete genome",Clematis pashanensis
PQ874764.fasta,PQ874764.1,"Clematis patens subsp. tientaiensis isolate TY9-7 chloroplast, complete genome","PQ874764.1 Clematis patens subsp. tientaiensis isolate TY9-7 chloroplast, complete genome",Clematis patens
PQ874744.fasta,PQ874744.1,"Clematis pierotii isolate XL05 chloroplast, complete genome","PQ874744.1 Clematis pierotii isolate XL05 chloroplast, complete genome",Clematis pierotii
PQ874745.fasta,PQ874745.1,"Clematis pinchuanensis isolate L.Xie-2024012223 chloroplast, complete genome","PQ874745.1 Clematis pinchuanensis isolate L.Xie-2024012223 chloroplast, complete genome",Clematis pinchuanensis
PQ874746.fasta,PQ874746.1,"Clematis pitcheri isolate Wen9743 chloroplast, complete genome","PQ874746.1 Clematis pitcheri isolate Wen9743 chloroplast, complete genome",Clematis pitcheri
PQ874747.fasta,PQ874747.1,"Clematis pogonandra isolate L.Xie-2018081023 chloroplast, complete genome","PQ874747.1 Clematis pogonandra isolate L.Xie-2018081023 chloroplast, complete genome",Clematis pogonandra
PQ834341.fasta,PQ834341.1,"Clematis pseudoconnata isolate L.Xie-2023080521 chloroplast, complete genome","PQ834341.1 Clematis pseudoconnata isolate L.Xie-2023080521 chloroplast, complete genome",Clematis pseudoconnata
PQ874748.fasta,PQ874748.1,"Clematis pseudootophora isolate L.Xie-2021071404 chloroplast, complete genome","PQ874748.1 Clematis pseudootophora isolate L.Xie-2021071404 chloroplast, complete genome",Clematis pseudootophora
PQ874749.fasta,PQ874749.1,"Clematis pseudopogonandra isolate L.Xie-2019072101 chloroplast, complete genome","PQ874749.1 Clematis pseudopogonandra isolate L.Xie-2019072101 chloroplast, complete genome",Clematis pseudopogonandra
PX673853.fasta,PX673853.1,"Clematis puberula chloroplast, complete genome","PX673853.1 Clematis puberula chloroplast, complete genome",Clematis puberula
PQ874751.fasta,PQ874751.1,"Clematis ranunculoides isolate L.Xie-20190718-11 chloroplast, complete genome","PQ874751.1 Clematis ranunculoides isolate L.Xie-20190718-11 chloroplast, complete genome",Clematis ranunculoides
PP328797.fasta,PP328797.1,"Clematis recta chloroplast, complete genome","PP328797.1 Clematis recta chloroplast, complete genome",Clematis recta
PQ874753.fasta,PQ874753.1,"Clematis rubifolia isolate L.Xie-20190121-01 chloroplast, complete genome","PQ874753.1 Clematis rubifolia isolate L.Xie-20190121-01 chloroplast, complete genome",Clematis rubifolia
PQ874754.fasta,PQ874754.1,"Clematis rutoides isolate CPG30271 chloroplast, complete genome","PQ874754.1 Clematis rutoides isolate CPG30271 chloroplast, complete genome",Clematis rutoides
PQ874755.fasta,PQ874755.1,"Clematis shenlungchiaensis isolate 2024042709 chloroplast, complete genome","PQ874755.1 Clematis shenlungchiaensis isolate 2024042709 chloroplast, complete genome",Clematis shenlungchiaensis
PQ874756.fasta,PQ874756.1,"Clematis shensiensis isolate 20200916-02 chloroplast, complete genome","PQ874756.1 Clematis shensiensis isolate 20200916-02 chloroplast, complete genome",Clematis shensiensis
PQ874757.fasta,PQ874757.1,"Clematis siamensis isolate L.Xie-2023073103 chloroplast, complete genome","PQ874757.1 Clematis siamensis isolate L.Xie-2023073103 chloroplast, complete genome",Clematis siamensis
PQ874758.fasta,PQ874758.1,"Clematis simensis isolate CPG28329 chloroplast, complete genome","PQ874758.1 Clematis simensis isolate CPG28329 chloroplast, complete genome",Clematis simensis
PQ874760.fasta,PQ874760.1,"Clematis tamurae isolate XL06 chloroplast, complete genome","PQ874760.1 Clematis tamurae isolate XL06 chloroplast, complete genome",Clematis tamurae
PP234596.fasta,PP234596.1,"Clematis tangutica isolate p88 chloroplast, complete genome","PP234596.1 Clematis tangutica isolate p88 chloroplast, complete genome",Clematis tangutica
PQ874761.fasta,PQ874761.1,"Clematis tashiroi isolate XJM2023122701 chloroplast, complete genome","PQ874761.1 Clematis tashiroi isolate XJM2023122701 chloroplast, complete genome",Clematis tashiroi
PX243412.fasta,PX243412.1,"Clematis terniflora chloroplast, complete genome","PX243412.1 Clematis terniflora chloroplast, complete genome",Clematis terniflora
PQ874763.fasta,PQ874763.1,"Clematis texensis isolate Wen9749 chloroplast, complete genome","PQ874763.1 Clematis texensis isolate Wen9749 chloroplast, complete genome",Clematis texensis
PQ874765.fasta,PQ874765.1,"Clematis tosaensis isolate XL08 chloroplast, complete genome","PQ874765.1 Clematis tosaensis isolate XL08 chloroplast, complete genome",Clematis tosaensis
PQ874766.fasta,PQ874766.1,"Clematis tsaii isolate kun1231411 chloroplast, complete genome","PQ874766.1 Clematis tsaii isolate kun1231411 chloroplast, complete genome",Clematis tsaii
PV600631.fasta,PV600631.1,"Clematis villosa chloroplast, complete genome","PV600631.1 Clematis villosa chloroplast, complete genome",Clematis villosa
PP328798.fasta,PP328798.1,"Clematis vitalba chloroplast, complete genome","PP328798.1 Clematis vitalba chloroplast, complete genome",Clematis vitalba
PQ874767.fasta,PQ874767.1,"Clematis viticella isolate XJM2022100701 chloroplast, complete genome","PQ874767.1 Clematis viticella isolate XJM2022100701 chloroplast, complete genome",Clematis viticella
PQ874768.fasta,PQ874768.1,"Clematis yui isolate Enc870833 chloroplast, complete genome","PQ874768.1 Clematis yui isolate Enc870833 chloroplast, complete genome",Clematis yui
PQ874769.fasta,PQ874769.1,"Clematis yunnanensis isolate L.Xie-2024012117 chloroplast, complete genome","PQ874769.1 Clematis yunnanensis isolate L.Xie-2024012117 chloroplast, complete genome",Clematis yunnanensis
PQ874770.fasta,PQ874770.1,"Clematis zandaensis isolate LKJ-FB119246 chloroplast, complete genome","PQ874770.1 Clematis zandaensis isolate LKJ-FB119246 chloroplast, complete genome",Clematis zandaensis
OM949883.fasta,OM949883.1,"Clematoclethra scandens voucher Lixw20203395 chloroplast, complete genome","OM949883.1 Clematoclethra scandens voucher Lixw20203395 chloroplast, complete genome",Clematoclethra scandens
PV097784.fasta,PV097784.1,"Cleome houtteana chloroplast, complete genome","PV097784.1 Cleome houtteana chloroplast, complete genome",Cleome houtteana
PV751238.fasta,PV751238.1,"Clerodendrum chinense chloroplast, complete genome","PV751238.1 Clerodendrum chinense chloroplast, complete genome",Clerodendrum chinense
PX309512.fasta,PX309512.1,"Clerodendrum japonicum chloroplast, complete genome","PX309512.1 Clerodendrum japonicum chloroplast, complete genome",Clerodendrum japonicum
OM935756.fasta,OM935756.1,"Clerodendrum philippinum chloroplast,complete genome","OM935756.1 Clerodendrum philippinum chloroplast,complete genome",Clerodendrum philippinum
PV870798.fasta,PV870798.1,"Clianthus puniceus voucher Yi14782-KUN chloroplast, complete genome","PV870798.1 Clianthus puniceus voucher Yi14782-KUN chloroplast, complete genome",Clianthus puniceus
ON929852.fasta,ON929852.1,"Climacoptera lanata chloroplast, complete genome","ON929852.1 Climacoptera lanata chloroplast, complete genome",Climacoptera lanata
ON929867.fasta,ON929867.1,"Climacoptera subcrassa chloroplast, complete genome","ON929867.1 Climacoptera subcrassa chloroplast, complete genome",Climacoptera subcrassa
PP190943.fasta,PP190943.1,"Clinopodium acinos chloroplast, complete genome","PP190943.1 Clinopodium acinos chloroplast, complete genome",Clinopodium acinos
PP024531.fasta,PP024531.1,"Clinopodium alpinum chloroplast, complete genome","PP024531.1 Clinopodium alpinum chloroplast, complete genome",Clinopodium alpinum
PP190944.fasta,PP190944.1,"Clinopodium vulgare subsp. vulgare chloroplast, complete genome","PP190944.1 Clinopodium vulgare subsp. vulgare chloroplast, complete genome",Clinopodium vulgare
PQ469844.fasta,PQ469844.1,"Clitoria ternatea isolate Ct_Sw3 chloroplast, complete genome","PQ469844.1 Clitoria ternatea isolate Ct_Sw3 chloroplast, complete genome",Clitoria ternatea
PP868377.fasta,PP868377.1,"Clivia nobilis isolate CXCJZL chloroplast, complete genome","PP868377.1 Clivia nobilis isolate CXCJZL chloroplast, complete genome",Clivia nobilis
PX309513.fasta,PX309513.1,"Clusia criuva chloroplast, complete genome","PX309513.1 Clusia criuva chloroplast, complete genome",Clusia criuva
PV613213.fasta,PV613213.1,"Cnidium dauricum isolate JLJL chloroplast, complete genome","PV613213.1 Cnidium dauricum isolate JLJL chloroplast, complete genome",Cnidium dauricum
PV613214.fasta,PV613214.1,"Cnidium monnieri isolate L29HBZL chloroplast, complete genome","PV613214.1 Cnidium monnieri isolate L29HBZL chloroplast, complete genome",Cnidium monnieri
PX316407.fasta,PX316407.1,"Cnidoscolus chayamansa chloroplast, complete genome","PX316407.1 Cnidoscolus chayamansa chloroplast, complete genome",Cnidoscolus chayamansa
PQ423863.fasta,PQ423863.1,"Coccinia grandiflora voucher SAJIT-V003 chloroplast, complete genome","PQ423863.1 Coccinia grandiflora voucher SAJIT-V003 chloroplast, complete genome",Coccinia grandiflora
PQ423866.fasta,PQ423866.1,"Coccinia grandis voucher S2016061201 chloroplast, complete genome","PQ423866.1 Coccinia grandis voucher S2016061201 chloroplast, complete genome",Coccinia grandis
PQ423868.fasta,PQ423868.1,"Coccinia subsessiliflora voucher SAJIT-007130 chloroplast, complete genome","PQ423868.1 Coccinia subsessiliflora voucher SAJIT-007130 chloroplast, complete genome",Coccinia subsessiliflora
PX309514.fasta,PX309514.1,"Coccoloba uvifera chloroplast, complete genome","PX309514.1 Coccoloba uvifera chloroplast, complete genome",Coccoloba uvifera
PX316408.fasta,PX316408.1,"Codiaeum variegatum chloroplast, complete genome","PX316408.1 Codiaeum variegatum chloroplast, complete genome",Codiaeum variegatum
PV364364.fasta,PV364364.1,"Codonopsis canescens chloroplast, complete genome","PV364364.1 Codonopsis canescens chloroplast, complete genome",Codonopsis canescens
PX712069.fasta,PX712069.1,"Codonopsis javanica isolate HUIT_2025 chloroplast, complete genome","PX712069.1 Codonopsis javanica isolate HUIT_2025 chloroplast, complete genome",Codonopsis javanica
PQ541237.fasta,PQ541237.1,"Codonopsis pilosula chloroplast, complete genome","PQ541237.1 Codonopsis pilosula chloroplast, complete genome",Codonopsis pilosula
PX582132.fasta,PX582132.1,"Codonopsis subglobosa isolate YongSheng-1 chloroplast, complete genome","PX582132.1 Codonopsis subglobosa isolate YongSheng-1 chloroplast, complete genome",Codonopsis subglobosa
PV364366.fasta,PV364366.1,"Codonopsis thalictrifolia chloroplast, complete genome","PV364366.1 Codonopsis thalictrifolia chloroplast, complete genome",Codonopsis thalictrifolia
PX582131.fasta,PX582131.1,"Codonopsis tubulosa isolate XuanWei-1 chloroplast, complete genome","PX582131.1 Codonopsis tubulosa isolate XuanWei-1 chloroplast, complete genome",Codonopsis tubulosa
PV364367.fasta,PV364367.1,"Codonopsis viridiflora chloroplast, complete genome","PV364367.1 Codonopsis viridiflora chloroplast, complete genome",Codonopsis viridiflora
PP190464.fasta,PP190464.1,"Coelogyne alba chloroplast, complete genome","PP190464.1 Coelogyne alba chloroplast, complete genome",Coelogyne alba
PQ723622.fasta,PQ723622.1,"Coelogyne bulleyia voucher MHLi or172 chloroplast, complete genome","PQ723622.1 Coelogyne bulleyia voucher MHLi or172 chloroplast, complete genome",Coelogyne bulleyia
PP190451.fasta,PP190451.1,"Coelogyne cantonensis chloroplast, complete genome","PP190451.1 Coelogyne cantonensis chloroplast, complete genome",Coelogyne cantonensis
PP190458.fasta,PP190458.1,"Coelogyne carnea chloroplast, complete genome","PP190458.1 Coelogyne carnea chloroplast, complete genome",Coelogyne carnea
PP190454.fasta,PP190454.1,"Coelogyne convallariae chloroplast, complete genome","PP190454.1 Coelogyne convallariae chloroplast, complete genome",Coelogyne convallariae
PP190447.fasta,PP190447.1,"Coelogyne corymbosa chloroplast, complete genome","PP190447.1 Coelogyne corymbosa chloroplast, complete genome",Coelogyne corymbosa
PP190443.fasta,PP190443.1,"Coelogyne cristata chloroplast, complete genome","PP190443.1 Coelogyne cristata chloroplast, complete genome",Coelogyne cristata
PQ723623.fasta,PQ723623.1,"Coelogyne fimbriata voucher MHLi or 167 chloroplast, complete genome","PQ723623.1 Coelogyne fimbriata voucher MHLi or 167 chloroplast, complete genome",Coelogyne fimbriata
PQ157937.fasta,PQ157937.1,"Coelogyne flaccida chloroplast, complete genome","PQ157937.1 Coelogyne flaccida chloroplast, complete genome",Coelogyne flaccida
PP190463.fasta,PP190463.1,"Coelogyne fusca chloroplast, complete genome","PP190463.1 Coelogyne fusca chloroplast, complete genome",Coelogyne fusca
PP190452.fasta,PP190452.1,"Coelogyne gardneriana chloroplast, complete genome","PP190452.1 Coelogyne gardneriana chloroplast, complete genome",Coelogyne gardneriana
PP190465.fasta,PP190465.1,"Coelogyne imbricata chloroplast, complete genome","PP190465.1 Coelogyne imbricata chloroplast, complete genome",Coelogyne imbricata
PP216498.fasta,PP216498.1,"Coelogyne lentiginosa chloroplast, complete genome","PP216498.1 Coelogyne lentiginosa chloroplast, complete genome",Coelogyne lentiginosa
PP216486.fasta,PP216486.1,"Coelogyne leveilleana chloroplast, complete genome","PP216486.1 Coelogyne leveilleana chloroplast, complete genome",Coelogyne leveilleana
PP216492.fasta,PP216492.1,"Coelogyne longipes chloroplast, complete genome","PP216492.1 Coelogyne longipes chloroplast, complete genome",Coelogyne longipes
PP190472.fasta,PP190472.1,"Coelogyne magna chloroplast, complete genome","PP190472.1 Coelogyne magna chloroplast, complete genome",Coelogyne magna
PP190473.fasta,PP190473.1,"Coelogyne mandarinorum chloroplast, complete genome","PP190473.1 Coelogyne mandarinorum chloroplast, complete genome",Coelogyne mandarinorum
PP190459.fasta,PP190459.1,"Coelogyne micrantha chloroplast, complete genome","PP190459.1 Coelogyne micrantha chloroplast, complete genome",Coelogyne micrantha
PP190467.fasta,PP190467.1,"Coelogyne missionariorum chloroplast, complete genome","PP190467.1 Coelogyne missionariorum chloroplast, complete genome",Coelogyne missionariorum
PP190442.fasta,PP190442.1,"Coelogyne nervosa chloroplast, complete genome","PP190442.1 Coelogyne nervosa chloroplast, complete genome",Coelogyne nervosa
PP216499.fasta,PP216499.1,"Coelogyne nitida chloroplast, complete genome","PP216499.1 Coelogyne nitida chloroplast, complete genome",Coelogyne nitida
PP216495.fasta,PP216495.1,"Coelogyne occultata chloroplast, complete genome","PP216495.1 Coelogyne occultata chloroplast, complete genome",Coelogyne occultata
PP216488.fasta,PP216488.1,"Coelogyne odoratissima chloroplast, complete genome","PP216488.1 Coelogyne odoratissima chloroplast, complete genome",Coelogyne odoratissima
PP190470.fasta,PP190470.1,"Coelogyne pallida chloroplast, complete genome","PP190470.1 Coelogyne pallida chloroplast, complete genome",Coelogyne pallida
PP190449.fasta,PP190449.1,"Coelogyne pallidiflavens chloroplast, complete genome","PP190449.1 Coelogyne pallidiflavens chloroplast, complete genome",Coelogyne pallidiflavens
PP190466.fasta,PP190466.1,"Coelogyne panchaseensis chloroplast, complete genome","PP190466.1 Coelogyne panchaseensis chloroplast, complete genome",Coelogyne panchaseensis
PP190453.fasta,PP190453.1,"Coelogyne peltastes chloroplast, complete genome","PP190453.1 Coelogyne peltastes chloroplast, complete genome",Coelogyne peltastes
PQ157938.fasta,PQ157938.1,"Coelogyne prolifera chloroplast, complete genome","PQ157938.1 Coelogyne prolifera chloroplast, complete genome",Coelogyne prolifera
PP190461.fasta,PP190461.1,"Coelogyne protracta chloroplast, complete genome","PP190461.1 Coelogyne protracta chloroplast, complete genome",Coelogyne protracta
PP190462.fasta,PP190462.1,"Coelogyne punctulata chloroplast, complete genome","PP190462.1 Coelogyne punctulata chloroplast, complete genome",Coelogyne punctulata
PP190448.fasta,PP190448.1,"Coelogyne rubra chloroplast, complete genome","PP190448.1 Coelogyne rubra chloroplast, complete genome",Coelogyne rubra
PP190471.fasta,PP190471.1,"Coelogyne salmonicolor chloroplast, complete genome","PP190471.1 Coelogyne salmonicolor chloroplast, complete genome",Coelogyne salmonicolor
PP216485.fasta,PP216485.1,"Coelogyne sanderae chloroplast, complete genome","PP216485.1 Coelogyne sanderae chloroplast, complete genome",Coelogyne sanderae
PP190455.fasta,PP190455.1,"Coelogyne sanderiana chloroplast, complete genome","PP190455.1 Coelogyne sanderiana chloroplast, complete genome",Coelogyne sanderiana
PP190468.fasta,PP190468.1,"Coelogyne schultesii chloroplast, complete genome","PP190468.1 Coelogyne schultesii chloroplast, complete genome",Coelogyne schultesii
PP190446.fasta,PP190446.1,"Coelogyne spathacea chloroplast, complete genome","PP190446.1 Coelogyne spathacea chloroplast, complete genome",Coelogyne spathacea
PP190444.fasta,PP190444.1,"Coelogyne speciosa chloroplast, complete genome","PP190444.1 Coelogyne speciosa chloroplast, complete genome",Coelogyne speciosa
PP190445.fasta,PP190445.1,"Coelogyne teleensis chloroplast, complete genome","PP190445.1 Coelogyne teleensis chloroplast, complete genome",Coelogyne teleensis
PQ723627.fasta,PQ723627.1,"Coelogyne tricallosa voucher MHLi or161 chloroplast, complete genome","PQ723627.1 Coelogyne tricallosa voucher MHLi or161 chloroplast, complete genome",Coelogyne tricallosa
PP190441.fasta,PP190441.1,"Coelogyne trinervis chloroplast, complete genome","PP190441.1 Coelogyne trinervis chloroplast, complete genome",Coelogyne trinervis
PQ723628.fasta,PQ723628.1,"Coelogyne uncata voucher MHLi or149 chloroplast, complete genome","PQ723628.1 Coelogyne uncata voucher MHLi or149 chloroplast, complete genome",Coelogyne uncata
PP216487.fasta,PP216487.1,"Coelogyne viscosa chloroplast, complete genome","PP216487.1 Coelogyne viscosa chloroplast, complete genome",Coelogyne viscosa
PP216496.fasta,PP216496.1,"Coelogyne wenshanica chloroplast, complete genome","PP216496.1 Coelogyne wenshanica chloroplast, complete genome",Coelogyne wenshanica
PV021911.fasta,PV021911.1,"Coffea arabica chloroplast, complete genome","PV021911.1 Coffea arabica chloroplast, complete genome",Coffea arabica
PV870724.fasta,PV870724.1,"Cojoba arborea voucher 33414-MO chloroplast, complete genome","PV870724.1 Cojoba arborea voucher 33414-MO chloroplast, complete genome",Cojoba arborea
PQ456199.fasta,PQ456199.1,"Cola acuminata isolate cac chloroplast, complete genome","PQ456199.1 Cola acuminata isolate cac chloroplast, complete genome",Cola acuminata
PP103310.fasta,PP103310.1,"Colchicum autumnale chloroplast, complete genome","PP103310.1 Colchicum autumnale chloroplast, complete genome",Colchicum autumnale
PX923121.fasta,PX923121.1,"Coleus amboinicus chloroplast, complete genome","PX923121.1 Coleus amboinicus chloroplast, complete genome",Coleus amboinicus
PV870752.fasta,PV870752.1,"Collaea speciosa voucher 41984-MO chloroplast, complete genome","PV870752.1 Collaea speciosa voucher 41984-MO chloroplast, complete genome",Collaea speciosa
LC919526.fasta,LC919526.1,"Colocasia esculenta 2025-Tonoimo-01 chloroplast DNA, complete genome","LC919526.1 Colocasia esculenta 2025-Tonoimo-01 chloroplast DNA, complete genome",Colocasia esculenta
PP817741.fasta,PP817741.1,"Colocasia fallax isolate CFABD01_wild chloroplast, complete genome","PP817741.1 Colocasia fallax isolate CFABD01_wild chloroplast, complete genome",Colocasia fallax
PP817742.fasta,PP817742.1,"Colocasia formosana isolate CFOTW03_wild haplogroup CIII chloroplast, complete genome","PP817742.1 Colocasia formosana isolate CFOTW03_wild haplogroup CIII chloroplast, complete genome",Colocasia formosana
PP817744.fasta,PP817744.1,"Colocasia lihengiae isolate CLIVN05_wild haplogroup CIII chloroplast, complete genome","PP817744.1 Colocasia lihengiae isolate CLIVN05_wild haplogroup CIII chloroplast, complete genome",Colocasia lihengiae
PP817745.fasta,PP817745.1,"Colocasia oresbia isolate CORMY01_wild chloroplast, complete genome","PP817745.1 Colocasia oresbia isolate CORMY01_wild chloroplast, complete genome",Colocasia oresbia
PP817747.fasta,PP817747.1,"Colocasia spongifolia isolate CSFVN01_wild haplogroup CIII chloroplast, complete genome","PP817747.1 Colocasia spongifolia isolate CSFVN01_wild haplogroup CIII chloroplast, complete genome",Colocasia spongifolia
PQ634728.fasta,PQ634728.1,"Colquhounia compta chloroplast, complete genome","PQ634728.1 Colquhounia compta chloroplast, complete genome",Colquhounia compta
PX414104.fasta,PX414104.1,"Coluria omeiensis voucher LCH 1148 chloroplast, complete genome","PX414104.1 Coluria omeiensis voucher LCH 1148 chloroplast, complete genome",Coluria omeiensis
PV870831.fasta,PV870831.1,"Colutea arborescens voucher Yi15307-Yi Lab chloroplast, complete genome","PV870831.1 Colutea arborescens voucher Yi15307-Yi Lab chloroplast, complete genome",Colutea arborescens
PP234547.fasta,PP234547.1,"Comastoma falcatum isolate p25 chloroplast, complete genome","PP234547.1 Comastoma falcatum isolate p25 chloroplast, complete genome",Comastoma falcatum
PV785969.fasta,PV785969.1,"Commidendrum robustum isolate MPTP2014021 chloroplast, complete genome","PV785969.1 Commidendrum robustum isolate MPTP2014021 chloroplast, complete genome",Commidendrum robustum
PV822555.fasta,PV822555.1,"Commidendrum rotundifolium isolate QC2022-Crot-21-1 chloroplast, complete genome","PV822555.1 Commidendrum rotundifolium isolate QC2022-Crot-21-1 chloroplast, complete genome",Commidendrum rotundifolium
PV785968.fasta,PV785968.1,"Commidendrum rugosum isolate MPTP2014133 chloroplast, complete genome","PV785968.1 Commidendrum rugosum isolate MPTP2014133 chloroplast, complete genome",Commidendrum rugosum
PV822556.fasta,PV822556.1,"Commidendrum spurium isolate QC2022-Cspu-1-1 chloroplast, complete genome","PV822556.1 Commidendrum spurium isolate QC2022-Cspu-1-1 chloroplast, complete genome",Commidendrum spurium
PP833220.fasta,PP833220.1,"Commiphora madagascariensis chloroplast, complete genome","PP833220.1 Commiphora madagascariensis chloroplast, complete genome",Commiphora madagascariensis
PV613215.fasta,PV613215.1,"Conioselinum acuminatum isolate SCMEK chloroplast, complete genome","PV613215.1 Conioselinum acuminatum isolate SCMEK chloroplast, complete genome",Conioselinum acuminatum
PV613218.fasta,PV613218.1,"Conioselinum anthriscoides isolate JLJL cultivar officinale chloroplast, complete genome","PV613218.1 Conioselinum anthriscoides isolate JLJL cultivar officinale chloroplast, complete genome",Conioselinum anthriscoides
ON470829.fasta,ON470829.1,"Conioselinum chinense voucher SXJZ chloroplast, complete genome","ON470829.1 Conioselinum chinense voucher SXJZ chloroplast, complete genome",Conioselinum chinense
PV613222.fasta,PV613222.1,"Conioselinum pseudoangelica isolate YNLJ chloroplast, complete genome","PV613222.1 Conioselinum pseudoangelica isolate YNLJ chloroplast, complete genome",Conioselinum pseudoangelica
PV613223.fasta,PV613223.1,"Conioselinum pteridophyllum isolate L54YNLJ chloroplast, complete genome","PV613223.1 Conioselinum pteridophyllum isolate L54YNLJ chloroplast, complete genome",Conioselinum pteridophyllum
PV613224.fasta,PV613224.1,"Conioselinum reflexum isolate L58YN chloroplast, complete genome","PV613224.1 Conioselinum reflexum isolate L58YN chloroplast, complete genome",Conioselinum reflexum
PV613228.fasta,PV613228.1,"Conioselinum shanii isolate ANJZ chloroplast, complete genome","PV613228.1 Conioselinum shanii isolate ANJZ chloroplast, complete genome",Conioselinum shanii
PV613229.fasta,PV613229.1,"Conioselinum sinchianum isolate SXBJ chloroplast, complete genome","PV613229.1 Conioselinum sinchianum isolate SXBJ chloroplast, complete genome",Conioselinum sinchianum
PV613230.fasta,PV613230.1,"Conioselinum smithii isolate L35HBZL chloroplast, complete genome","PV613230.1 Conioselinum smithii isolate L35HBZL chloroplast, complete genome",Conioselinum smithii
PV613232.fasta,PV613232.1,"Conioselinum tataricum isolate XJHC chloroplast, complete genome","PV613232.1 Conioselinum tataricum isolate XJHC chloroplast, complete genome",Conioselinum tataricum
PV613237.fasta,PV613237.1,"Conioselinum tenuisectum isolate SXLG chloroplast, complete genome","PV613237.1 Conioselinum tenuisectum isolate SXLG chloroplast, complete genome",Conioselinum tenuisectum
PV613238.fasta,PV613238.1,"Conioselinum tenuissimum isolate BJ chloroplast, complete genome","PV613238.1 Conioselinum tenuissimum isolate BJ chloroplast, complete genome",Conioselinum tenuissimum
ON470828.fasta,ON470828.1,"Conioselinum vaginatum voucher QSX chloroplast, complete genome","ON470828.1 Conioselinum vaginatum voucher QSX chloroplast, complete genome",Conioselinum vaginatum
PX380651.fasta,PX380651.1,"Consolida ajacis isolate 20180619 chloroplast, complete genome","PX380651.1 Consolida ajacis isolate 20180619 chloroplast, complete genome",Consolida ajacis
PX380652.fasta,PX380652.1,"Consolida regalis isolate 222661077 chloroplast, complete genome","PX380652.1 Consolida regalis isolate 222661077 chloroplast, complete genome",Consolida regalis
PP103311.fasta,PP103311.1,"Convolvulus arvensis chloroplast, complete genome","PP103311.1 Convolvulus arvensis chloroplast, complete genome",Convolvulus arvensis
PQ663261.fasta,PQ663261.1,"Conyza bonariensis chloroplast, complete genome","PQ663261.1 Conyza bonariensis chloroplast, complete genome",Conyza bonariensis
PP786563.fasta,PP786563.1,"Coptis teeta isolate YJ02 chloroplast, complete genome","PP786563.1 Coptis teeta isolate YJ02 chloroplast, complete genome",Coptis teeta
PV839637.fasta,PV839637.1,"Coptis wawushanensis isolate WWS02 chloroplast, complete genome","PV839637.1 Coptis wawushanensis isolate WWS02 chloroplast, complete genome",Coptis wawushanensis
PP078664.fasta,PP078664.1,"Corchoropsis crenata isolate DBS01653 chloroplast, complete genome","PP078664.1 Corchoropsis crenata isolate DBS01653 chloroplast, complete genome",Corchoropsis crenata
MW029456.fasta,MW029456.1,"Corchoropsis tomentosa voucher PDBK2010-1258 chloroplast, complete genome","MW029456.1 Corchoropsis tomentosa voucher PDBK2010-1258 chloroplast, complete genome",Corchoropsis tomentosa
PX633638.fasta,PX633638.1,"Corchorus olitorius isolate MLYHM chloroplast, complete genome","PX633638.1 Corchorus olitorius isolate MLYHM chloroplast, complete genome",Corchorus olitorius
PQ463295.fasta,PQ463295.1,"Cordia subcordata chloroplast, complete genome","PQ463295.1 Cordia subcordata chloroplast, complete genome",Cordia subcordata
PX309515.fasta,PX309515.1,"Cordyline indivisa chloroplast, complete genome","PX309515.1 Cordyline indivisa chloroplast, complete genome",Cordyline indivisa
PV938069.fasta,PV938069.1,"Coreopsis lanceolata chloroplast, complete genome","PV938069.1 Coreopsis lanceolata chloroplast, complete genome",Coreopsis lanceolata
PX508261.fasta,PX508261.1,"Corethrodendron scoparium chloroplast, complete genome","PX508261.1 Corethrodendron scoparium chloroplast, complete genome",Corethrodendron scoparium
PP234537.fasta,PP234537.1,"Corispermum pamiricum isolate p154 chloroplast, complete genome","PP234537.1 Corispermum pamiricum isolate p154 chloroplast, complete genome",Corispermum pamiricum
PV256407.fasta,PV256407.1,"Corispermum patelliforme voucher NMU02249 chloroplast, complete genome","PV256407.1 Corispermum patelliforme voucher NMU02249 chloroplast, complete genome",Corispermum patelliforme
PV164577.fasta,PV164577.1,"Cornus kousa subsp. chinensis chloroplast, complete genome","PV164577.1 Cornus kousa subsp. chinensis chloroplast, complete genome",Cornus kousa
PQ899220.fasta,PQ899220.1,"Cornus officinalis chloroplast, complete genome","PQ899220.1 Cornus officinalis chloroplast, complete genome",Cornus officinalis
PP818646.fasta,PP818646.1,"Cornus sanguinea chloroplast, complete genome","PP818646.1 Cornus sanguinea chloroplast, complete genome",Cornus sanguinea
PP811661.fasta,PP811661.1,"Cornus sericea chloroplast, complete genome","PP811661.1 Cornus sericea chloroplast, complete genome",Cornus sericea
PP190945.fasta,PP190945.1,"Coronilla vaginalis chloroplast, complete genome","PP190945.1 Coronilla vaginalis chloroplast, complete genome",Coronilla vaginalis
OR134583.fasta,OR134583.1,"Corydalis straminea voucher Duq2022084 chloroplast, complete genome","OR134583.1 Corydalis straminea voucher Duq2022084 chloroplast, complete genome",Corydalis straminea
ON729353.fasta,ON729353.1,"Corylopsis multiflora chloroplast, complete genome","ON729353.1 Corylopsis multiflora chloroplast, complete genome",Corylopsis multiflora
ON729354.fasta,ON729354.1,"Corylopsis sinensis chloroplast, complete genome","ON729354.1 Corylopsis sinensis chloroplast, complete genome",Corylopsis sinensis
ON729355.fasta,ON729355.1,"Corylopsis trabeculosa chloroplast, complete genome","ON729355.1 Corylopsis trabeculosa chloroplast, complete genome",Corylopsis trabeculosa
PP056264.fasta,PP056264.1,"Corynandra viscosa isolate ZXX202564 chloroplast, complete genome","PP056264.1 Corynandra viscosa isolate ZXX202564 chloroplast, complete genome",Corynandra viscosa
PX548365.fasta,PX548365.1,"Cosmos sulphureus chloroplast, complete genome","PX548365.1 Cosmos sulphureus chloroplast, complete genome",Cosmos sulphureus
OR884991.fasta,OR884991.1,"Cotinus coggygria chloroplast, complete genome","OR884991.1 Cotinus coggygria chloroplast, complete genome",Cotinus coggygria
PQ777083.fasta,PQ777083.1,"Cotoneaster argenteus isolate 19075-11 chloroplast, complete genome","PQ777083.1 Cotoneaster argenteus isolate 19075-11 chloroplast, complete genome",Cotoneaster argenteus
PQ777089.fasta,PQ777089.1,"Cotoneaster brickellii isolate 19092-1 chloroplast, complete genome","PQ777089.1 Cotoneaster brickellii isolate 19092-1 chloroplast, complete genome",Cotoneaster brickellii
PQ777078.fasta,PQ777078.1,"Cotoneaster buxifolius isolate 15956-1 chloroplast, complete genome","PQ777078.1 Cotoneaster buxifolius isolate 15956-1 chloroplast, complete genome",Cotoneaster buxifolius
PQ777090.fasta,PQ777090.1,"Cotoneaster coriaceus isolate 19114-1 chloroplast, complete genome","PQ777090.1 Cotoneaster coriaceus isolate 19114-1 chloroplast, complete genome",Cotoneaster coriaceus
PQ777069.fasta,PQ777069.1,"Cotoneaster dammeri isolate 16128 chloroplast, complete genome","PQ777069.1 Cotoneaster dammeri isolate 16128 chloroplast, complete genome",Cotoneaster dammeri
PQ777091.fasta,PQ777091.1,"Cotoneaster delavayanus isolate 19120-3 chloroplast, complete genome","PQ777091.1 Cotoneaster delavayanus isolate 19120-3 chloroplast, complete genome",Cotoneaster delavayanus
PQ777087.fasta,PQ777087.1,"Cotoneaster glaucophyllus var. serotinus isolate 19089-1 chloroplast, complete genome","PQ777087.1 Cotoneaster glaucophyllus var. serotinus isolate 19089-1 chloroplast, complete genome",Cotoneaster glaucophyllus
PQ777076.fasta,PQ777076.1,"Cotoneaster hebephyllus var. fulvidus isolate 15215-4 chloroplast, complete genome","PQ777076.1 Cotoneaster hebephyllus var. fulvidus isolate 15215-4 chloroplast, complete genome",Cotoneaster hebephyllus
PQ777086.fasta,PQ777086.1,"Cotoneaster insolitus isolate 19084-1 chloroplast, complete genome","PQ777086.1 Cotoneaster insolitus isolate 19084-1 chloroplast, complete genome",Cotoneaster insolitus
PQ777070.fasta,PQ777070.1,"Cotoneaster morrisonensis isolate 16143 chloroplast, complete genome","PQ777070.1 Cotoneaster morrisonensis isolate 16143 chloroplast, complete genome",Cotoneaster morrisonensis
PQ777088.fasta,PQ777088.1,"Cotoneaster pannosus isolate 19090-5 chloroplast, complete genome","PQ777088.1 Cotoneaster pannosus isolate 19090-5 chloroplast, complete genome",Cotoneaster pannosus
PQ742996.fasta,PQ742996.1,"Cotoneaster salicifolius chloroplast, complete genome","PQ742996.1 Cotoneaster salicifolius chloroplast, complete genome",Cotoneaster salicifolius
PQ742995.fasta,PQ742995.1,"Cotoneaster turbinatus chloroplast, complete genome","PQ742995.1 Cotoneaster turbinatus chloroplast, complete genome",Cotoneaster turbinatus
PV870756.fasta,PV870756.1,"Coursetia caatingicola voucher Queiroz 13963-HUEFS chloroplast, complete genome","PV870756.1 Coursetia caatingicola voucher Queiroz 13963-HUEFS chloroplast, complete genome",Coursetia caatingicola
PX230056.fasta,PX230056.1,"Cousinia botschantzevii chloroplast, complete genome","PX230056.1 Cousinia botschantzevii chloroplast, complete genome",Cousinia botschantzevii
PX230055.fasta,PX230055.1,"Cousinia campylaraphis chloroplast, complete genome","PX230055.1 Cousinia campylaraphis chloroplast, complete genome",Cousinia campylaraphis
PX230051.fasta,PX230051.1,"Cousinia candicans chloroplast, complete genome","PX230051.1 Cousinia candicans chloroplast, complete genome",Cousinia candicans
PX230054.fasta,PX230054.1,"Cousinia coronata chloroplast, complete genome","PX230054.1 Cousinia coronata chloroplast, complete genome",Cousinia coronata
PX230050.fasta,PX230050.1,"Cousinia integrifolia chloroplast, complete genome","PX230050.1 Cousinia integrifolia chloroplast, complete genome",Cousinia integrifolia
PX230053.fasta,PX230053.1,"Cousinia laetevirens chloroplast, complete genome","PX230053.1 Cousinia laetevirens chloroplast, complete genome",Cousinia laetevirens
PX230052.fasta,PX230052.1,"Cousinia mogoltavica chloroplast, complete genome","PX230052.1 Cousinia mogoltavica chloroplast, complete genome",Cousinia mogoltavica
PQ240608.fasta,PQ240608.1,"Cousinia orthacantha voucher National Herbarium of Uzbekistan C5 chloroplast, complete genome","PQ240608.1 Cousinia orthacantha voucher National Herbarium of Uzbekistan C5 chloroplast, complete genome",Cousinia orthacantha
PQ240605.fasta,PQ240605.1,"Cousinia proxima voucher Herbarium of Uzbekistan C2 chloroplast, complete genome","PQ240605.1 Cousinia proxima voucher Herbarium of Uzbekistan C2 chloroplast, complete genome",Cousinia proxima
PQ240610.fasta,PQ240610.1,"Cousinia pseudodshizakensis voucher Herbarium of Uzbekistan C8 chloroplast, complete genome","PQ240610.1 Cousinia pseudodshizakensis voucher Herbarium of Uzbekistan C8 chloroplast, complete genome",Cousinia pseudodshizakensis
PQ152229.fasta,PQ152229.1,"Cousinia rhodantha chloroplast, complete genome","PQ152229.1 Cousinia rhodantha chloroplast, complete genome",Cousinia rhodantha
PQ240609.fasta,PQ240609.1,"Cousinia rotundifolia voucher National Herbarium of Uzbekistan C7 chloroplast, complete genome","PQ240609.1 Cousinia rotundifolia voucher National Herbarium of Uzbekistan C7 chloroplast, complete genome",Cousinia rotundifolia
PX230049.fasta,PX230049.1,"Cousinia speciosa chloroplast, complete genome","PX230049.1 Cousinia speciosa chloroplast, complete genome",Cousinia speciosa
PX230047.fasta,PX230047.1,"Cousinia spryginii chloroplast, complete genome","PX230047.1 Cousinia spryginii chloroplast, complete genome",Cousinia spryginii
PX230048.fasta,PX230048.1,"Cousinia stellaris chloroplast, complete genome","PX230048.1 Cousinia stellaris chloroplast, complete genome",Cousinia stellaris
PQ389802.fasta,PQ389802.1,"Cousinia subcandicans voucher B1 chloroplast, complete genome","PQ389802.1 Cousinia subcandicans voucher B1 chloroplast, complete genome",Cousinia subcandicans
BK071839.fasta,BK071839.1,"Cousiniopsis atractyloides chloroplast, complete genome","BK071839.1 TPA_asm: Cousiniopsis atractyloides chloroplast, complete genome",Cousiniopsis atractyloides
OR832745.fasta,OR832745.1,"Craigia yunnanensis chloroplast, complete genome","OR832745.1 Craigia yunnanensis chloroplast, complete genome",Craigia yunnanensis
PV870826.fasta,PV870826.1,"Craspedolobium unijugum voucher Yi15282-KUN chloroplast, complete genome","PV870826.1 Craspedolobium unijugum voucher Yi15282-KUN chloroplast, complete genome",Craspedolobium unijugum
PX413282.fasta,PX413282.1,"Crataegus altaica chloroplast, complete genome","PX413282.1 Crataegus altaica chloroplast, complete genome",Crataegus altaica
PQ283266.fasta,PQ283266.1,"Crataegus brachyacantha voucher 14051 (US03513565) chloroplast, complete genome","PQ283266.1 Crataegus brachyacantha voucher 14051 (US03513565) chloroplast, complete genome",Crataegus brachyacantha
OP964009.fasta,OP964009.1,"Crataegus bretschneideri voucher BJLGS-2022-Cb002 chloroplast, complete genome","OP964009.1 Crataegus bretschneideri voucher BJLGS-2022-Cb002 chloroplast, complete genome",Crataegus bretschneideri
PX413283.fasta,PX413283.1,"Crataegus chlorosarca chloroplast, complete genome","PX413283.1 Crataegus chlorosarca chloroplast, complete genome",Crataegus chlorosarca
OP964011.fasta,OP964011.1,"Crataegus chungtienensis voucher BJLGS-2022-Cch001 chloroplast, complete genome","OP964011.1 Crataegus chungtienensis voucher BJLGS-2022-Cch001 chloroplast, complete genome",Crataegus chungtienensis
PX413284.fasta,PX413284.1,"Crataegus crus-galli chloroplast, complete genome","PX413284.1 Crataegus crus-galli chloroplast, complete genome",Crataegus crus-galli
OP964002.fasta,OP964002.1,"Crataegus cuneata voucher BJLGS-2022-Ccu001 chloroplast, complete genome","OP964002.1 Crataegus cuneata voucher BJLGS-2022-Ccu001 chloroplast, complete genome",Crataegus cuneata
PX413285.fasta,PX413285.1,"Crataegus dahurica chloroplast, complete genome","PX413285.1 Crataegus dahurica chloroplast, complete genome",Crataegus dahurica
OR995415.fasta,OR995415.1,"Crataegus iracunda voucher J.B.Phipps#5149 (PE-01921794) chloroplast, complete genome","OR995415.1 Crataegus iracunda voucher J.B.Phipps#5149 (PE-01921794) chloroplast, complete genome",Crataegus iracunda
OP964006.fasta,OP964006.1,"Crataegus kansuensis voucher BJLGS-2022-Ck001 chloroplast, complete genome","OP964006.1 Crataegus kansuensis voucher BJLGS-2022-Ck001 chloroplast, complete genome",Crataegus kansuensis
PX413287.fasta,PX413287.1,"Crataegus laevigata chloroplast, complete genome","PX413287.1 Crataegus laevigata chloroplast, complete genome",Crataegus laevigata
OP964001.fasta,OP964001.1,"Crataegus maximowiczii voucher BJLGS-2022-Cma002 chloroplast, complete genome","OP964001.1 Crataegus maximowiczii voucher BJLGS-2022-Cma002 chloroplast, complete genome",Crataegus maximowiczii
PX413288.fasta,PX413288.1,"Crataegus monogyna chloroplast, complete genome","PX413288.1 Crataegus monogyna chloroplast, complete genome",Crataegus monogyna
PX413289.fasta,PX413289.1,"Crataegus phaenopyrum chloroplast, complete genome","PX413289.1 Crataegus phaenopyrum chloroplast, complete genome",Crataegus phaenopyrum
OP963999.fasta,OP963999.1,"Crataegus pinnatifida voucher BJLGS-2022-Cpi002 chloroplast, complete genome","OP963999.1 Crataegus pinnatifida voucher BJLGS-2022-Cpi002 chloroplast, complete genome",Crataegus pinnatifida
PX413290.fasta,PX413290.1,"Crataegus sanguinea chloroplast, complete genome","PX413290.1 Crataegus sanguinea chloroplast, complete genome",Crataegus sanguinea
OP964004.fasta,OP964004.1,"Crataegus scabrifolia voucher BJLGS-2022-Csc001 chloroplast, complete genome","OP964004.1 Crataegus scabrifolia voucher BJLGS-2022-Csc001 chloroplast, complete genome",Crataegus scabrifolia
PQ283267.fasta,PQ283267.1,"Crataegus shandongensis isolate ROS133 chloroplast, complete genome","PQ283267.1 Crataegus shandongensis isolate ROS133 chloroplast, complete genome",Crataegus shandongensis
PX413291.fasta,PX413291.1,"Crataegus shensiensis chloroplast, complete genome","PX413291.1 Crataegus shensiensis chloroplast, complete genome",Crataegus shensiensis
PX413292.fasta,PX413292.1,"Crataegus songarica chloroplast, complete genome","PX413292.1 Crataegus songarica chloroplast, complete genome",Crataegus songarica
OP964008.fasta,OP964008.1,"Crataegus viridis voucher BJLGS-2022-Cv001 chloroplast, complete genome","OP964008.1 Crataegus viridis voucher BJLGS-2022-Cv001 chloroplast, complete genome",Crataegus viridis
OP964014.fasta,OP964014.1,"Crataegus wilsonii voucher BJLGS-2022-Cw001 chloroplast, complete genome","OP964014.1 Crataegus wilsonii voucher BJLGS-2022-Cw001 chloroplast, complete genome",Crataegus wilsonii
PX413298.fasta,PX413298.1,"Crataegus x lavalleei chloroplast, complete genome","PX413298.1 Crataegus x lavalleei chloroplast, complete genome",Crataegus lavalleei
PV861827.fasta,PV861827.1,"Crateva unilocularis isolate yllwc chloroplast, complete genome","PV861827.1 Crateva unilocularis isolate yllwc chloroplast, complete genome",Crateva unilocularis
PV415188.fasta,PV415188.1,"Crepidium calophyllum chloroplast, complete genome","PV415188.1 Crepidium calophyllum chloroplast, complete genome",Crepidium calophyllum
PQ571145.fasta,PQ571145.1,"Crepidium purpureum chloroplast, complete genome","PQ571145.1 Crepidium purpureum chloroplast, complete genome",Crepidium purpureum
PP693368.fasta,PP693368.1,"Crepis biennis chloroplast, complete genome","PP693368.1 Crepis biennis chloroplast, complete genome",Crepis biennis
PP693369.fasta,PP693369.1,"Crepis capillaris chloroplast, complete genome","PP693369.1 Crepis capillaris chloroplast, complete genome",Crepis capillaris
PP693370.fasta,PP693370.1,"Crepis froelichiana subsp. froelichiana chloroplast, complete genome","PP693370.1 Crepis froelichiana subsp. froelichiana chloroplast, complete genome",Crepis froelichiana
PP693371.fasta,PP693371.1,"Crepis paludosa chloroplast, complete genome","PP693371.1 Crepis paludosa chloroplast, complete genome",Crepis paludosa
PP693372.fasta,PP693372.1,"Crepis pulchra subsp. pulchra chloroplast, complete genome","PP693372.1 Crepis pulchra subsp. pulchra chloroplast, complete genome",Crepis pulchra
PZ258326.fasta,PZ258326.1,"Crepis purpurea chloroplast, complete genome","PZ258326.1 Crepis purpurea chloroplast, complete genome",Crepis purpurea
PP693373.fasta,PP693373.1,"Crepis vesicaria subsp. taraxacifolia chloroplast, complete genome","PP693373.1 Crepis vesicaria subsp. taraxacifolia chloroplast, complete genome",Crepis vesicaria
PQ278975.fasta,PQ278975.1,"Crinum brachynema voucher RNC-286 chloroplast, complete genome","PQ278975.1 Crinum brachynema voucher RNC-286 chloroplast, complete genome",Crinum brachynema
PP175360.fasta,PP175360.1,"Crocus vernus chloroplast, complete genome","PP175360.1 Crocus vernus chloroplast, complete genome",Crocus vernus
PV870833.fasta,PV870833.1,"Crotalaria cytisoides voucher Yi15284-Yi Lab chloroplast, complete genome","PV870833.1 Crotalaria cytisoides voucher Yi15284-Yi Lab chloroplast, complete genome",Crotalaria cytisoides
PP998656.fasta,PP998656.1,"Crotalaria juncea cultivar SUIN 053 chloroplast, complete genome","PP998656.1 Crotalaria juncea cultivar SUIN 053 chloroplast, complete genome",Crotalaria juncea
PV870782.fasta,PV870782.1,"Crotalaria lanceolata voucher Yi14541-Yi Lab chloroplast, complete genome","PV870782.1 Crotalaria lanceolata voucher Yi14541-Yi Lab chloroplast, complete genome",Crotalaria lanceolata
PV870806.fasta,PV870806.1,"Crotalaria saltiana voucher Yi14882-Yi Lab chloroplast, complete genome","PV870806.1 Crotalaria saltiana voucher Yi14882-Yi Lab chloroplast, complete genome",Crotalaria saltiana
PV870785.fasta,PV870785.1,"Crotalaria sericea voucher Yi14409-KUN chloroplast, complete genome","PV870785.1 Crotalaria sericea voucher Yi14409-KUN chloroplast, complete genome",Crotalaria sericea
PX697006.fasta,PX697006.1,"Croton bonplandianus chloroplast, complete genome","PX697006.1 Croton bonplandianus chloroplast, complete genome",Croton bonplandianus
PV200213.fasta,PV200213.1,"Croton kongensis chloroplast, complete genome","PV200213.1 Croton kongensis chloroplast, complete genome",Croton kongensis
PX316409.fasta,PX316409.1,"Croton setiger chloroplast, complete genome","PX316409.1 Croton setiger chloroplast, complete genome",Croton setiger
PQ878552.fasta,PQ878552.1,"Crucihimalaya rupicola isolate X-24-6-1 chloroplast, complete genome","PQ878552.1 Crucihimalaya rupicola isolate X-24-6-1 chloroplast, complete genome",Crucihimalaya rupicola
BK071840.fasta,BK071840.1,"Crupina vulgaris chloroplast, complete genome","BK071840.1 TPA_asm: Crupina vulgaris chloroplast, complete genome",Crupina vulgaris
OR264248.fasta,OR264248.1,"Cryptocarya calcicola voucher CFL3992 chloroplast, complete genome","OR264248.1 Cryptocarya calcicola voucher CFL3992 chloroplast, complete genome",Cryptocarya calcicola
PV553482.fasta,PV553482.1,"Cryptocarya natalensis voucher A. Abbott 6207 chloroplast, complete genome","PV553482.1 Cryptocarya natalensis voucher A. Abbott 6207 chloroplast, complete genome",Cryptocarya natalensis
PV798115.fasta,PV798115.1,"Cryptocoryne tirtadinatae chloroplast, complete genome","PV798115.1 Cryptocoryne tirtadinatae chloroplast, complete genome",Cryptocoryne tirtadinatae
PV870740.fasta,PV870740.1,"Cryptosepalum congolanum voucher 1413-MO chloroplast, complete genome","PV870740.1 Cryptosepalum congolanum voucher 1413-MO chloroplast, complete genome",Cryptosepalum congolanum
PQ283864.fasta,PQ283864.1,"Cryptotaenia canadensis chloroplast, complete genome","PQ283864.1 Cryptotaenia canadensis chloroplast, complete genome",Cryptotaenia canadensis
PQ283865.fasta,PQ283865.1,"Cryptotaenia japonica isolate WJ2375 chloroplast, complete genome","PQ283865.1 Cryptotaenia japonica isolate WJ2375 chloroplast, complete genome",Cryptotaenia japonica
PX309516.fasta,PX309516.1,"Ctenanthe marantifolia chloroplast, complete genome","PX309516.1 Ctenanthe marantifolia chloroplast, complete genome",Ctenanthe marantifolia
PV476768.fasta,PV476768.1,"Cucumis aculeatus voucher SAJIT-079 chloroplast, complete genome","PV476768.1 Cucumis aculeatus voucher SAJIT-079 chloroplast, complete genome",Cucumis aculeatus
PV476769.fasta,PV476769.1,"Cucumis dipsaceus voucher SAJIT-0145 chloroplast, complete genome","PV476769.1 Cucumis dipsaceus voucher SAJIT-0145 chloroplast, complete genome",Cucumis dipsaceus
PV476771.fasta,PV476771.1,"Cucumis prophetarum voucher SAJIT-0172 chloroplast, complete genome","PV476771.1 Cucumis prophetarum voucher SAJIT-0172 chloroplast, complete genome",Cucumis prophetarum
PZ369861.fasta,PZ369861.1,"Curculigo orchioides chloroplast, complete genome","PZ369861.1 Curculigo orchioides chloroplast, complete genome",Curculigo orchioides
LC899288.fasta,LC899288.1,"Curcuma longa 2019-544 chloroplast DNA, complete genome","LC899288.1 Curcuma longa 2019-544 chloroplast DNA, complete genome",Curcuma longa
OR941302.fasta,OR941302.1,"Cyamopsis tetragonoloba chloroplast, complete genome","OR941302.1 Cyamopsis tetragonoloba chloroplast, complete genome",Cyamopsis tetragonoloba
PV364368.fasta,PV364368.1,"Cyananthus hookeri chloroplast, complete genome","PV364368.1 Cyananthus hookeri chloroplast, complete genome",Cyananthus hookeri
PV364369.fasta,PV364369.1,"Cyananthus lobatus chloroplast, complete genome","PV364369.1 Cyananthus lobatus chloroplast, complete genome",Cyananthus lobatus
PQ584750.fasta,PQ584750.1,"Cyananthus macrocalyx chloroplast, complete genome","PQ584750.1 Cyananthus macrocalyx chloroplast, complete genome",Cyananthus macrocalyx
PV364370.fasta,PV364370.1,"Cyananthus microphyllus chloroplast, complete genome","PV364370.1 Cyananthus microphyllus chloroplast, complete genome",Cyananthus microphyllus
PV890880.fasta,PV890880.1,"Cyanotis nyctitropa voucher UQU_CN2027 chloroplast, complete genome","PV890880.1 Cyanotis nyctitropa voucher UQU_CN2027 chloroplast, complete genome",Cyanotis nyctitropa
OR166992.fasta,OR166992.1,"Cyclea hypoglauca isolate Y66 chloroplast, complete genome","OR166992.1 Cyclea hypoglauca isolate Y66 chloroplast, complete genome",Cyclea hypoglauca
OR166993.fasta,OR166993.1,"Cyclea sutchuenensis isolate Y67 chloroplast, complete genome","OR166993.1 Cyclea sutchuenensis isolate Y67 chloroplast, complete genome",Cyclea sutchuenensis
PQ645259.fasta,PQ645259.1,"Cyclocarya paliurus chloroplast, complete genome","PQ645259.1 Cyclocarya paliurus chloroplast, complete genome",Cyclocarya paliurus
OR399517.fasta,OR399517.1,"Cyclorhiza peucedanifolia chloroplast, complete genome","OR399517.1 Cyclorhiza peucedanifolia chloroplast, complete genome",Cyclorhiza peucedanifolia
OR399518.fasta,OR399518.1,"Cyclorhiza puana chloroplast, complete genome","OR399518.1 Cyclorhiza puana chloroplast, complete genome",Cyclorhiza puana
OQ570477.fasta,OQ570477.1,"Cyclorhiza purpureovaginata chloroplast, complete genome","OQ570477.1 Cyclorhiza purpureovaginata chloroplast, complete genome",Cyclorhiza purpureovaginata
PQ551023.fasta,PQ551023.1,"Cyclorhiza waltonii chloroplast, complete genome","PQ551023.1 Cyclorhiza waltonii chloroplast, complete genome",Cyclorhiza waltonii
OR995416.fasta,OR995416.1,"Cydonia oblonga isolate B.B.Liu_dd1000 chloroplast, complete genome","OR995416.1 Cydonia oblonga isolate B.B.Liu_dd1000 chloroplast, complete genome",Cydonia oblonga
PP335047.fasta,PP335047.1,"Cymbalaria muralis subsp. muralis chloroplast, complete genome","PP335047.1 Cymbalaria muralis subsp. muralis chloroplast, complete genome",Cymbalaria muralis
PX309517.fasta,PX309517.1,"Cymbidium ensifolium chloroplast, complete genome","PX309517.1 Cymbidium ensifolium chloroplast, complete genome",Cymbidium ensifolium
PX257354.fasta,PX257354.1,"Cymbidium kanran cultivar Jing Zi chloroplast, complete genome","PX257354.1 Cymbidium kanran cultivar Jing Zi chloroplast, complete genome",Cymbidium kanran
PX549371.fasta,PX549371.1,"Cymbidium sichuanicum voucher MHLi or157 chloroplast, complete genome","PX549371.1 Cymbidium sichuanicum voucher MHLi or157 chloroplast, complete genome",Cymbidium sichuanicum
PX549372.fasta,PX549372.1,"Cymbidium wenshanense voucher MHLi or174 chloroplast, complete genome","PX549372.1 Cymbidium wenshanense voucher MHLi or174 chloroplast, complete genome",Cymbidium wenshanense
PV085078.fasta,PV085078.1,"Cymbopogon bhutanicus chloroplast, complete genome","PV085078.1 Cymbopogon bhutanicus chloroplast, complete genome",Cymbopogon bhutanicus
BK059356.fasta,BK059356.1,"Cymbopogon citratus chloroplast, complete genome","BK059356.1 TPA_asm: Cymbopogon citratus chloroplast, complete genome",Cymbopogon citratus
PV870677.fasta,PV870677.1,"Cymbosema roseum voucher Cardoso 2868-HUEFS chloroplast, complete genome","PV870677.1 Cymbosema roseum voucher Cardoso 2868-HUEFS chloroplast, complete genome",Cymbosema roseum
PV364606.fasta,PV364606.1,"Cynanchum acutum chloroplast, complete genome","PV364606.1 Cynanchum acutum chloroplast, complete genome",Cynanchum acutum
PX927066.fasta,PX927066.1,"Cynanchum hemsleyanum chloroplast, complete genome","PX927066.1 Cynanchum hemsleyanum chloroplast, complete genome",Cynanchum hemsleyanum
PQ790067.fasta,PQ790067.1,"Cynometra cebuensis chloroplast, complete genome","PQ790067.1 Cynometra cebuensis chloroplast, complete genome",Cynometra cebuensis
PP335048.fasta,PP335048.1,"Cynosurus cristatus chloroplast, complete genome","PP335048.1 Cynosurus cristatus chloroplast, complete genome",Cynosurus cristatus
PP811663.fasta,PP811663.1,"Cypripedium debile chloroplast, complete genome","PP811663.1 Cypripedium debile chloroplast, complete genome",Cypripedium debile
PP811668.fasta,PP811668.1,"Cypripedium japonicum chloroplast, complete genome","PP811668.1 Cypripedium japonicum chloroplast, complete genome",Cypripedium japonicum
PV870680.fasta,PV870680.1,"Cytisus filipes voucher 20060051*D-Royal Botanic Garden Edinburgh chloroplast, complete genome","PV870680.1 Cytisus filipes voucher 20060051*D-Royal Botanic Garden Edinburgh chloroplast, complete genome",Cytisus filipes
PP335049.fasta,PP335049.1,"Dactylis glomerata subsp. glomerata chloroplast, complete genome","PP335049.1 Dactylis glomerata subsp. glomerata chloroplast, complete genome",Dactylis glomerata
PP335050.fasta,PP335050.1,"Dactylorhiza fuchsii chloroplast, complete genome","PP335050.1 Dactylorhiza fuchsii chloroplast, complete genome",Dactylorhiza fuchsii
PP335051.fasta,PP335051.1,"Dactylorhiza majalis chloroplast, complete genome","PP335051.1 Dactylorhiza majalis chloroplast, complete genome",Dactylorhiza majalis
PP335052.fasta,PP335052.1,"Dactylorhiza sambucina chloroplast, complete genome","PP335052.1 Dactylorhiza sambucina chloroplast, complete genome",Dactylorhiza sambucina
PQ144595.fasta,PQ144595.1,"Dalbergia assamica voucher RS30 chloroplast, complete genome","PQ144595.1 Dalbergia assamica voucher RS30 chloroplast, complete genome",Dalbergia assamica
PQ144645.fasta,PQ144645.1,"Dalbergia balansae voucher RS93 chloroplast, complete genome","PQ144645.1 Dalbergia balansae voucher RS93 chloroplast, complete genome",Dalbergia balansae
PQ144601.fasta,PQ144601.1,"Dalbergia burmanica voucher RS40 chloroplast, complete genome","PQ144601.1 Dalbergia burmanica voucher RS40 chloroplast, complete genome",Dalbergia burmanica
PQ144626.fasta,PQ144626.1,"Dalbergia clarkei voucher RS71 chloroplast, complete genome","PQ144626.1 Dalbergia clarkei voucher RS71 chloroplast, complete genome",Dalbergia clarkei
PQ144616.fasta,PQ144616.1,"Dalbergia cochinchinensis voucher RS59 chloroplast, complete genome","PQ144616.1 Dalbergia cochinchinensis voucher RS59 chloroplast, complete genome",Dalbergia cochinchinensis
OR159823.fasta,OR159823.1,"Dalbergia cultrata voucher RS2022S chloroplast, complete genome","OR159823.1 Dalbergia cultrata voucher RS2022S chloroplast, complete genome",Dalbergia cultrata
OR159808.fasta,OR159808.1,"Dalbergia dyeriana voucher RS2022D chloroplast, complete genome","OR159808.1 Dalbergia dyeriana voucher RS2022D chloroplast, complete genome",Dalbergia dyeriana
OR159810.fasta,OR159810.1,"Dalbergia gardneriana voucher RS2022F chloroplast, complete genome","OR159810.1 Dalbergia gardneriana voucher RS2022F chloroplast, complete genome",Dalbergia gardneriana
OR159819.fasta,OR159819.1,"Dalbergia hainanensis voucher RS2022O chloroplast, complete genome","OR159819.1 Dalbergia hainanensis voucher RS2022O chloroplast, complete genome",Dalbergia hainanensis
PQ144622.fasta,PQ144622.1,"Dalbergia horrida voucher RS67 chloroplast, complete genome","PQ144622.1 Dalbergia horrida voucher RS67 chloroplast, complete genome",Dalbergia horrida
PQ144597.fasta,PQ144597.1,"Dalbergia hupeana voucher RS32 chloroplast, complete genome","PQ144597.1 Dalbergia hupeana voucher RS32 chloroplast, complete genome",Dalbergia hupeana
OR159822.fasta,OR159822.1,"Dalbergia lakhonensis voucher RS2022R chloroplast, complete genome","OR159822.1 Dalbergia lakhonensis voucher RS2022R chloroplast, complete genome",Dalbergia lakhonensis
OR159821.fasta,OR159821.1,"Dalbergia lanceolaria voucher RS2022Q chloroplast, complete genome","OR159821.1 Dalbergia lanceolaria voucher RS2022Q chloroplast, complete genome",Dalbergia lanceolaria
OR159812.fasta,OR159812.1,"Dalbergia latifolia voucher RS2022H chloroplast, complete genome","OR159812.1 Dalbergia latifolia voucher RS2022H chloroplast, complete genome",Dalbergia latifolia
PQ144623.fasta,PQ144623.1,"Dalbergia matthewii voucher RS68 chloroplast, complete genome","PQ144623.1 Dalbergia matthewii voucher RS68 chloroplast, complete genome",Dalbergia matthewii
PQ144625.fasta,PQ144625.1,"Dalbergia melanoxylon voucher RS70 chloroplast, complete genome","PQ144625.1 Dalbergia melanoxylon voucher RS70 chloroplast, complete genome",Dalbergia melanoxylon
PQ144644.fasta,PQ144644.1,"Dalbergia millettii var. mimosoides voucher RS92 chloroplast, complete genome","PQ144644.1 Dalbergia millettii var. mimosoides voucher RS92 chloroplast, complete genome",Dalbergia millettii
OR159815.fasta,OR159815.1,"Dalbergia obtusifolia voucher RS2022K chloroplast, complete genome","OR159815.1 Dalbergia obtusifolia voucher RS2022K chloroplast, complete genome",Dalbergia obtusifolia
PQ144599.fasta,PQ144599.1,"Dalbergia odorifera voucher RS38 chloroplast, complete genome","PQ144599.1 Dalbergia odorifera voucher RS38 chloroplast, complete genome",Dalbergia odorifera
PQ144610.fasta,PQ144610.1,"Dalbergia ovata voucher RS52 chloroplast, complete genome","PQ144610.1 Dalbergia ovata voucher RS52 chloroplast, complete genome",Dalbergia ovata
PQ144640.fasta,PQ144640.1,"Dalbergia pinnata voucher RS88 chloroplast, complete genome","PQ144640.1 Dalbergia pinnata voucher RS88 chloroplast, complete genome",Dalbergia pinnata
OR159817.fasta,OR159817.1,"Dalbergia polyadelpha voucher RS2022M chloroplast, complete genome","OR159817.1 Dalbergia polyadelpha voucher RS2022M chloroplast, complete genome",Dalbergia polyadelpha
PQ144604.fasta,PQ144604.1,"Dalbergia rimosa voucher RS43 chloroplast, complete genome","PQ144604.1 Dalbergia rimosa voucher RS43 chloroplast, complete genome",Dalbergia rimosa
OR159829.fasta,OR159829.1,"Dalbergia rostrata voucher RS2022Y chloroplast, complete genome","OR159829.1 Dalbergia rostrata voucher RS2022Y chloroplast, complete genome",Dalbergia rostrata
PQ144627.fasta,PQ144627.1,"Dalbergia sericea voucher RS72 chloroplast, complete genome","PQ144627.1 Dalbergia sericea voucher RS72 chloroplast, complete genome",Dalbergia sericea
OR159824.fasta,OR159824.1,"Dalbergia sissoo voucher RS2022T chloroplast, complete genome","OR159824.1 Dalbergia sissoo voucher RS2022T chloroplast, complete genome",Dalbergia sissoo
PQ144612.fasta,PQ144612.1,"Dalbergia stipulacea voucher RS54 chloroplast, complete genome","PQ144612.1 Dalbergia stipulacea voucher RS54 chloroplast, complete genome",Dalbergia stipulacea
PQ144603.fasta,PQ144603.1,"Dalbergia tonkinensis voucher RS42 chloroplast, complete genome","PQ144603.1 Dalbergia tonkinensis voucher RS42 chloroplast, complete genome",Dalbergia tonkinensis
PQ144624.fasta,PQ144624.1,"Dalbergia travancorica voucher RS69 chloroplast, complete genome","PQ144624.1 Dalbergia travancorica voucher RS69 chloroplast, complete genome",Dalbergia travancorica
PQ144620.fasta,PQ144620.1,"Dalbergia volubilis voucher RS64 chloroplast, complete genome","PQ144620.1 Dalbergia volubilis voucher RS64 chloroplast, complete genome",Dalbergia volubilis
PQ144607.fasta,PQ144607.1,"Dalbergia yunnanensis voucher RS47 chloroplast, complete genome","PQ144607.1 Dalbergia yunnanensis voucher RS47 chloroplast, complete genome",Dalbergia yunnanensis
PV870769.fasta,PV870769.1,"Dalea candida voucher R.M. King 13375-MO chloroplast, complete genome","PV870769.1 Dalea candida voucher R.M. King 13375-MO chloroplast, complete genome",Dalea candida
PV553475.fasta,PV553475.1,"Damburneya martinicensis voucher M.J. Balick 3185 chloroplast, complete genome","PV553475.1 Damburneya martinicensis voucher M.J. Balick 3185 chloroplast, complete genome",Damburneya martinicensis
BK071447.fasta,BK071447.1,"Daphne blagayana chloroplast, complete genome","BK071447.1 TPA_asm: Daphne blagayana chloroplast, complete genome",Daphne blagayana
BK071448.fasta,BK071448.1,"Daphne cneorum chloroplast, complete genome","BK071448.1 TPA_asm: Daphne cneorum chloroplast, complete genome",Daphne cneorum
PP056261.fasta,PP056261.1,"Daphne genkwa isolate DBS01851 chloroplast, complete genome","PP056261.1 Daphne genkwa isolate DBS01851 chloroplast, complete genome",Daphne genkwa
PV752464.fasta,PV752464.1,"Daphne kamtschatica chloroplast, complete genome","PV752464.1 Daphne kamtschatica chloroplast, complete genome",Daphne kamtschatica
BK070978.fasta,BK070978.1,"Daphne mezereum chloroplast, complete genome","BK070978.1 TPA_asm: Daphne mezereum chloroplast, complete genome",Daphne mezereum
PQ858248.fasta,PQ858248.1,"Daphne mucronata chloroplast, complete genome","PQ858248.1 Daphne mucronata chloroplast, complete genome",Daphne mucronata
PP335053.fasta,PP335053.1,"Daphne petraea chloroplast, complete genome","PP335053.1 Daphne petraea chloroplast, complete genome",Daphne petraea
PV752465.fasta,PV752465.1,"Daphne pseudomezereum var. pseudomezereum chloroplast, complete genome","PV752465.1 Daphne pseudomezereum var. pseudomezereum chloroplast, complete genome",Daphne pseudomezereum
PP335054.fasta,PP335054.1,"Daphne reichsteinii chloroplast, complete genome","PP335054.1 Daphne reichsteinii chloroplast, complete genome",Daphne reichsteinii
PP335055.fasta,PP335055.1,"Daphne striata chloroplast, complete genome","PP335055.1 Daphne striata chloroplast, complete genome",Daphne striata
ON729387.fasta,ON729387.1,"Daphniphyllum calycinum chloroplast, complete genome","ON729387.1 Daphniphyllum calycinum chloroplast, complete genome",Daphniphyllum calycinum
ON729386.fasta,ON729386.1,"Daphniphyllum macropodum chloroplast, complete genome","ON729386.1 Daphniphyllum macropodum chloroplast, complete genome",Daphniphyllum macropodum
ON729385.fasta,ON729385.1,"Daphniphyllum oldhamii chloroplast, complete genome","ON729385.1 Daphniphyllum oldhamii chloroplast, complete genome",Daphniphyllum oldhamii
OR601518.fasta,OR601518.1,"Dasiphora arbuscula isolate p101 chloroplast, complete genome","OR601518.1 Dasiphora arbuscula isolate p101 chloroplast, complete genome",Dasiphora arbuscula
PX108801.fasta,PX108801.1,"Dasiphora fruticosa isolate JZT chloroplast, complete genome","PX108801.1 Dasiphora fruticosa isolate JZT chloroplast, complete genome",Dasiphora fruticosa
PQ760267.fasta,PQ760267.1,"Dasiphora glabra isolate G_LTX_1 chloroplast, complete genome","PQ760267.1 Dasiphora glabra isolate G_LTX_1 chloroplast, complete genome",Dasiphora glabra
PP952458.fasta,PP952458.1,"Datura inoxia chloroplast, complete genome","PP952458.1 Datura inoxia chloroplast, complete genome",Datura inoxia
PP952459.fasta,PP952459.1,"Datura stramonium chloroplast, complete genome","PP952459.1 Datura stramonium chloroplast, complete genome",Datura stramonium
OR896878.fasta,OR896878.1,"Daucus carota subsp. carota chloroplast, complete genome","OR896878.1 Daucus carota subsp. carota chloroplast, complete genome",Daucus carota
PV870787.fasta,PV870787.1,"Daviesia villifera voucher Yi14586-Yi Lab chloroplast, complete genome","PV870787.1 Daviesia villifera voucher Yi14586-Yi Lab chloroplast, complete genome",Daviesia villifera
PV870764.fasta,PV870764.1,"Deguelia dasycalyx voucher Queiroz 15875-HUEFS chloroplast, complete genome","PV870764.1 Deguelia dasycalyx voucher Queiroz 15875-HUEFS chloroplast, complete genome",Deguelia dasycalyx
PQ560536.fasta,PQ560536.1,"Dehaasia pugerensis chloroplast, complete genome","PQ560536.1 Dehaasia pugerensis chloroplast, complete genome",Dehaasia pugerensis
PQ845753.fasta,PQ845753.1,"Delphinium albocoeruleum chloroplast, complete genome","PQ845753.1 Delphinium albocoeruleum chloroplast, complete genome",Delphinium albocoeruleum
PX380654.fasta,PX380654.1,"Delphinium anthriscifolium isolate 2024042508-1 chloroplast, complete genome","PX380654.1 Delphinium anthriscifolium isolate 2024042508-1 chloroplast, complete genome",Delphinium anthriscifolium
PX380655.fasta,PX380655.1,"Delphinium beesianum isolate 2022080918 chloroplast, complete genome","PX380655.1 Delphinium beesianum isolate 2022080918 chloroplast, complete genome",Delphinium beesianum
PX380656.fasta,PX380656.1,"Delphinium brunonianum isolate WH053 chloroplast, complete genome","PX380656.1 Delphinium brunonianum isolate WH053 chloroplast, complete genome",Delphinium brunonianum
PX380657.fasta,PX380657.1,"Delphinium caeruleum isolate WH031 chloroplast, complete genome","PX380657.1 Delphinium caeruleum isolate WH031 chloroplast, complete genome",Delphinium caeruleum
PX644816.fasta,PX644816.1,"Delphinium densiflorum chloroplast, complete genome","PX644816.1 Delphinium densiflorum chloroplast, complete genome",Delphinium densiflorum
PV364607.fasta,PV364607.1,"Delphinium denudatum chloroplast, complete genome","PV364607.1 Delphinium denudatum chloroplast, complete genome",Delphinium denudatum
PX686333.fasta,PX686333.1,"Delphinium dolichocentroides chloroplast, complete genome","PX686333.1 Delphinium dolichocentroides chloroplast, complete genome",Delphinium dolichocentroides
PP078686.fasta,PP078686.1,"Delphinium ecalcaratum isolate ZXX21571 chloroplast, complete genome","PP078686.1 Delphinium ecalcaratum isolate ZXX21571 chloroplast, complete genome",Delphinium ecalcaratum
PX380658.fasta,PX380658.1,"Delphinium elatum var. sericeum isolate I-4043 chloroplast, complete genome","PX380658.1 Delphinium elatum var. sericeum isolate I-4043 chloroplast, complete genome",Delphinium elatum
PX380659.fasta,PX380659.1,"Delphinium grandiflorum isolate 2024092901 chloroplast, complete genome","PX380659.1 Delphinium grandiflorum isolate 2024092901 chloroplast, complete genome",Delphinium grandiflorum
PX380660.fasta,PX380660.1,"Delphinium gyalanum isolate YD002 chloroplast, complete genome","PX380660.1 Delphinium gyalanum isolate YD002 chloroplast, complete genome",Delphinium gyalanum
PX686332.fasta,PX686332.1,"Delphinium kamaonense chloroplast, complete genome","PX686332.1 Delphinium kamaonense chloroplast, complete genome",Delphinium kamaonense
PX380666.fasta,PX380666.1,"Delphinium kingianum isolate YD008 chloroplast, complete genome","PX380666.1 Delphinium kingianum isolate YD008 chloroplast, complete genome",Delphinium kingianum
PX380667.fasta,PX380667.1,"Delphinium pachycentrum isolate 20200805005 chloroplast, complete genome","PX380667.1 Delphinium pachycentrum isolate 20200805005 chloroplast, complete genome",Delphinium pachycentrum
PX380668.fasta,PX380668.1,"Delphinium platyonychinum isolate 2023081104 chloroplast, complete genome","PX380668.1 Delphinium platyonychinum isolate 2023081104 chloroplast, complete genome",Delphinium platyonychinum
PX380669.fasta,PX380669.1,"Delphinium pylzowii var. trigynum isolate 2023080805 chloroplast, complete genome","PX380669.1 Delphinium pylzowii var. trigynum isolate 2023080805 chloroplast, complete genome",Delphinium pylzowii
PX380670.fasta,PX380670.1,"Delphinium spirocentrum isolate 20200807003 chloroplast, complete genome","PX380670.1 Delphinium spirocentrum isolate 20200807003 chloroplast, complete genome",Delphinium spirocentrum
PP234555.fasta,PP234555.1,"Delphinium tangkulaense isolate p41 chloroplast, complete genome","PP234555.1 Delphinium tangkulaense isolate p41 chloroplast, complete genome",Delphinium tangkulaense
PX380671.fasta,PX380671.1,"Delphinium tatsienense isolate 20200808008 chloroplast, complete genome","PX380671.1 Delphinium tatsienense isolate 20200808008 chloroplast, complete genome",Delphinium tatsienense
PX380672.fasta,PX380672.1,"Delphinium tenii isolate 20220809 chloroplast, complete genome","PX380672.1 Delphinium tenii isolate 20220809 chloroplast, complete genome",Delphinium tenii
PX380673.fasta,PX380673.1,"Delphinium thibeticum isolate 2023081010 chloroplast, complete genome","PX380673.1 Delphinium thibeticum isolate 2023081010 chloroplast, complete genome",Delphinium thibeticum
PX644817.fasta,PX644817.1,"Delphinium trichophorum chloroplast, complete genome","PX644817.1 Delphinium trichophorum chloroplast, complete genome",Delphinium trichophorum
PX380676.fasta,PX380676.1,"Delphinium wangii isolate 20240715001 chloroplast, complete genome","PX380676.1 Delphinium wangii isolate 20240715001 chloroplast, complete genome",Delphinium wangii
PX380677.fasta,PX380677.1,"Delphinium yuanum isolate 2022080638 chloroplast, complete genome","PX380677.1 Delphinium yuanum isolate 2022080638 chloroplast, complete genome",Delphinium yuanum
PQ576483.fasta,PQ576483.1,"Dendrobium aduncum chloroplast, complete genome","PQ576483.1 Dendrobium aduncum chloroplast, complete genome",Dendrobium aduncum
PQ576484.fasta,PQ576484.1,"Dendrobium aphyllum chloroplast, complete genome","PQ576484.1 Dendrobium aphyllum chloroplast, complete genome",Dendrobium aphyllum
PQ576485.fasta,PQ576485.1,"Dendrobium aurantiacum chloroplast, complete genome","PQ576485.1 Dendrobium aurantiacum chloroplast, complete genome",Dendrobium aurantiacum
PP479692.fasta,PP479692.1,"Dendrobium bicameratum chloroplast, complete genome","PP479692.1 Dendrobium bicameratum chloroplast, complete genome",Dendrobium bicameratum
PP479683.fasta,PP479683.1,"Dendrobium brymerianum chloroplast, complete genome","PP479683.1 Dendrobium brymerianum chloroplast, complete genome",Dendrobium brymerianum
OR231925.fasta,OR231925.1,"Dendrobium cariniferum chloroplast, complete genome","OR231925.1 Dendrobium cariniferum chloroplast, complete genome",Dendrobium cariniferum
PP479744.fasta,PP479744.1,"Dendrobium catenatum chloroplast, complete genome","PP479744.1 Dendrobium catenatum chloroplast, complete genome",Dendrobium catenatum
PP479702.fasta,PP479702.1,"Dendrobium christyanum chloroplast, complete genome","PP479702.1 Dendrobium christyanum chloroplast, complete genome",Dendrobium christyanum
PP479726.fasta,PP479726.1,"Dendrobium chrysanthum chloroplast, complete genome","PP479726.1 Dendrobium chrysanthum chloroplast, complete genome",Dendrobium chrysanthum
PP479720.fasta,PP479720.1,"Dendrobium chrysocrepis chloroplast, complete genome","PP479720.1 Dendrobium chrysocrepis chloroplast, complete genome",Dendrobium chrysocrepis
PP479747.fasta,PP479747.1,"Dendrobium chrysotoxum chloroplast, complete genome","PP479747.1 Dendrobium chrysotoxum chloroplast, complete genome",Dendrobium chrysotoxum
PP479723.fasta,PP479723.1,"Dendrobium crepidatum chloroplast, complete genome","PP479723.1 Dendrobium crepidatum chloroplast, complete genome",Dendrobium crepidatum
PP479712.fasta,PP479712.1,"Dendrobium crystallinum chloroplast, complete genome","PP479712.1 Dendrobium crystallinum chloroplast, complete genome",Dendrobium crystallinum
PP479682.fasta,PP479682.1,"Dendrobium denneanum chloroplast, complete genome","PP479682.1 Dendrobium denneanum chloroplast, complete genome",Dendrobium denneanum
OR231924.fasta,OR231924.1,"Dendrobium devonianum chloroplast, complete genome","OR231924.1 Dendrobium devonianum chloroplast, complete genome",Dendrobium devonianum
PQ576487.fasta,PQ576487.1,"Dendrobium draconis chloroplast, complete genome","PQ576487.1 Dendrobium draconis chloroplast, complete genome",Dendrobium draconis
PP479715.fasta,PP479715.1,"Dendrobium ellipsophyllum chloroplast, complete genome","PP479715.1 Dendrobium ellipsophyllum chloroplast, complete genome",Dendrobium ellipsophyllum
PP479688.fasta,PP479688.1,"Dendrobium falconeri chloroplast, complete genome","PP479688.1 Dendrobium falconeri chloroplast, complete genome",Dendrobium falconeri
PP479685.fasta,PP479685.1,"Dendrobium fimbriatum chloroplast, complete genome","PP479685.1 Dendrobium fimbriatum chloroplast, complete genome",Dendrobium fimbriatum
PP479695.fasta,PP479695.1,"Dendrobium findlayanum chloroplast, complete genome","PP479695.1 Dendrobium findlayanum chloroplast, complete genome",Dendrobium findlayanum
OR231926.fasta,OR231926.1,"Dendrobium flexicaule chloroplast, complete genome","OR231926.1 Dendrobium flexicaule chloroplast, complete genome",Dendrobium flexicaule
PP479734.fasta,PP479734.1,"Dendrobium gratiosissimum chloroplast, complete genome","PP479734.1 Dendrobium gratiosissimum chloroplast, complete genome",Dendrobium gratiosissimum
LC727398.fasta,LC727398.1,"Dendrobium henanense WMT01_001 chloroplast DNA, complete genome","LC727398.1 Dendrobium henanense WMT01_001 chloroplast DNA, complete genome",Dendrobium henanense
PP479693.fasta,PP479693.1,"Dendrobium hercoglossum chloroplast, complete genome","PP479693.1 Dendrobium hercoglossum chloroplast, complete genome",Dendrobium hercoglossum
PP479703.fasta,PP479703.1,"Dendrobium huoshanense chloroplast, complete genome","PP479703.1 Dendrobium huoshanense chloroplast, complete genome",Dendrobium huoshanense
PQ576488.fasta,PQ576488.1,"Dendrobium kingianum chloroplast, complete genome","PQ576488.1 Dendrobium kingianum chloroplast, complete genome",Dendrobium kingianum
PP479690.fasta,PP479690.1,"Dendrobium linawianum chloroplast, complete genome","PP479690.1 Dendrobium linawianum chloroplast, complete genome",Dendrobium linawianum
PP479733.fasta,PP479733.1,"Dendrobium lindleyi chloroplast, complete genome","PP479733.1 Dendrobium lindleyi chloroplast, complete genome",Dendrobium lindleyi
PP479727.fasta,PP479727.1,"Dendrobium lituiflorum chloroplast, complete genome","PP479727.1 Dendrobium lituiflorum chloroplast, complete genome",Dendrobium lituiflorum
PP479721.fasta,PP479721.1,"Dendrobium loddigesii chloroplast, complete genome","PP479721.1 Dendrobium loddigesii chloroplast, complete genome",Dendrobium loddigesii
PP479725.fasta,PP479725.1,"Dendrobium longicornu chloroplast, complete genome","PP479725.1 Dendrobium longicornu chloroplast, complete genome",Dendrobium longicornu
PP479731.fasta,PP479731.1,"Dendrobium moniliforme chloroplast, complete genome","PP479731.1 Dendrobium moniliforme chloroplast, complete genome",Dendrobium moniliforme
PP479732.fasta,PP479732.1,"Dendrobium moschatum chloroplast, complete genome","PP479732.1 Dendrobium moschatum chloroplast, complete genome",Dendrobium moschatum
PQ576490.fasta,PQ576490.1,"Dendrobium nobile chloroplast, complete genome","PQ576490.1 Dendrobium nobile chloroplast, complete genome",Dendrobium nobile
PP479724.fasta,PP479724.1,"Dendrobium ochreatum chloroplast, complete genome","PP479724.1 Dendrobium ochreatum chloroplast, complete genome",Dendrobium ochreatum
PP479743.fasta,PP479743.1,"Dendrobium officinale chloroplast, complete genome","PP479743.1 Dendrobium officinale chloroplast, complete genome",Dendrobium officinale
PQ726417.fasta,PQ726417.1,"Dendrobium parciflorum chloroplast, complete genome","PQ726417.1 Dendrobium parciflorum chloroplast, complete genome",Dendrobium parciflorum
PQ726385.fasta,PQ726385.1,"Dendrobium parishii chloroplast, complete genome","PQ726385.1 Dendrobium parishii chloroplast, complete genome",Dendrobium parishii
PQ576492.fasta,PQ576492.1,"Dendrobium pendulum chloroplast, complete genome","PQ576492.1 Dendrobium pendulum chloroplast, complete genome",Dendrobium pendulum
PP479698.fasta,PP479698.1,"Dendrobium polyanthum chloroplast, complete genome","PP479698.1 Dendrobium polyanthum chloroplast, complete genome",Dendrobium polyanthum
PQ576493.fasta,PQ576493.1,"Dendrobium primulinum chloroplast, complete genome","PQ576493.1 Dendrobium primulinum chloroplast, complete genome",Dendrobium primulinum
PP479714.fasta,PP479714.1,"Dendrobium pulchellum chloroplast, complete genome","PP479714.1 Dendrobium pulchellum chloroplast, complete genome",Dendrobium pulchellum
PP479684.fasta,PP479684.1,"Dendrobium salaccense chloroplast, complete genome","PP479684.1 Dendrobium salaccense chloroplast, complete genome",Dendrobium salaccense
PP479746.fasta,PP479746.1,"Dendrobium sanderae chloroplast, complete genome","PP479746.1 Dendrobium sanderae chloroplast, complete genome",Dendrobium sanderae
PP479722.fasta,PP479722.1,"Dendrobium sinense chloroplast, complete genome","PP479722.1 Dendrobium sinense chloroplast, complete genome",Dendrobium sinense
PP479691.fasta,PP479691.1,"Dendrobium spatella chloroplast, complete genome","PP479691.1 Dendrobium spatella chloroplast, complete genome",Dendrobium spatella
PP786689.fasta,PP786689.1,"Dendrobium strongylanthum chloroplast, complete genome","PP786689.1 Dendrobium strongylanthum chloroplast, complete genome",Dendrobium strongylanthum
PP479719.fasta,PP479719.1,"Dendrobium stuposum chloroplast, complete genome","PP479719.1 Dendrobium stuposum chloroplast, complete genome",Dendrobium stuposum
PQ576494.fasta,PQ576494.1,"Dendrobium sulcatum chloroplast, complete genome","PQ576494.1 Dendrobium sulcatum chloroplast, complete genome",Dendrobium sulcatum
PP479718.fasta,PP479718.1,"Dendrobium terminale chloroplast, complete genome","PP479718.1 Dendrobium terminale chloroplast, complete genome",Dendrobium terminale
PP479694.fasta,PP479694.1,"Dendrobium thyrsiflorum chloroplast, complete genome","PP479694.1 Dendrobium thyrsiflorum chloroplast, complete genome",Dendrobium thyrsiflorum
PP479681.fasta,PP479681.1,"Dendrobium tortile chloroplast, complete genome","PP479681.1 Dendrobium tortile chloroplast, complete genome",Dendrobium tortile
PP479697.fasta,PP479697.1,"Dendrobium transparens chloroplast, complete genome","PP479697.1 Dendrobium transparens chloroplast, complete genome",Dendrobium transparens
PQ576496.fasta,PQ576496.1,"Dendrobium trigonopus chloroplast, complete genome","PQ576496.1 Dendrobium trigonopus chloroplast, complete genome",Dendrobium trigonopus
PP479729.fasta,PP479729.1,"Dendrobium wangliangii chloroplast, complete genome","PP479729.1 Dendrobium wangliangii chloroplast, complete genome",Dendrobium wangliangii
PP479687.fasta,PP479687.1,"Dendrobium wardianum chloroplast, complete genome","PP479687.1 Dendrobium wardianum chloroplast, complete genome",Dendrobium wardianum
PP479699.fasta,PP479699.1,"Dendrobium wattii chloroplast, complete genome","PP479699.1 Dendrobium wattii chloroplast, complete genome",Dendrobium wattii
PQ472914.fasta,PQ472914.1,"Dendrocalamus brandisii isolate by1 chloroplast, complete genome","PQ472914.1 Dendrocalamus brandisii isolate by1 chloroplast, complete genome",Dendrocalamus brandisii
PV622733.fasta,PV622733.1,"Dendrophthoe pentandra chloroplast, complete genome","PV622733.1 Dendrophthoe pentandra chloroplast, complete genome",Dendrophthoe pentandra
PQ763538.fasta,PQ763538.1,"Dendrosicyos socotranus chloroplast, complete genome","PQ763538.1 Dendrosicyos socotranus chloroplast, complete genome",Dendrosicyos socotranus
PV870835.fasta,PV870835.1,"Derris ferruginea voucher Yi15265-KUN chloroplast, complete genome","PV870835.1 Derris ferruginea voucher Yi15265-KUN chloroplast, complete genome",Derris ferruginea
PV870705.fasta,PV870705.1,"Desmanthus illinoensis voucher 8244-MO chloroplast, complete genome","PV870705.1 Desmanthus illinoensis voucher 8244-MO chloroplast, complete genome",Desmanthus illinoensis
MK033526.fasta,MK033526.1,"Diabelia ionostachya var. wenzhouensis isolate Zhejiang_cp5701 chloroplast, complete genome","MK033526.1 Diabelia ionostachya var. wenzhouensis isolate Zhejiang_cp5701 chloroplast, complete genome",Diabelia ionostachya
MK033538.fasta,MK033538.1,"Diabelia serrata isolate f. buchwaldii Kochi1_e5018 chloroplast, complete genome","MK033538.1 Diabelia serrata isolate f. buchwaldii Kochi1_e5018 chloroplast, complete genome",Diabelia serrata
MK033549.fasta,MK033549.1,"Diabelia spathulata isolate var.spathulata Korea_p5601 chloroplast, complete genome","MK033549.1 Diabelia spathulata isolate var.spathulata Korea_p5601 chloroplast, complete genome",Diabelia spathulata
MK033543.fasta,MK033543.1,"Diabelia stenophylla isolate Yamagata_p2017 chloroplast, complete genome","MK033543.1 Diabelia stenophylla isolate Yamagata_p2017 chloroplast, complete genome",Diabelia stenophylla
PV870823.fasta,PV870823.1,"Dialium guianense voucher Yi15187-Yi Lab chloroplast, complete genome","PV870823.1 Dialium guianense voucher Yi15187-Yi Lab chloroplast, complete genome",Dialium guianense
PV409674.fasta,PV409674.1,"Dianella amoena chloroplast, complete genome","PV409674.1 Dianella amoena chloroplast, complete genome",Dianella amoena
PV356797.fasta,PV356797.1,"Dianthus chinensis chloroplast, complete genome","PV356797.1 Dianthus chinensis chloroplast, complete genome",Dianthus chinensis
PZ251004.fasta,PZ251004.1,"Dianthus helenae chloroplast, complete genome","PZ251004.1 Dianthus helenae chloroplast, complete genome",Dianthus helenae
PV546614.fasta,PV546614.1,"Dichocarpum dalzielii isolate P702 chloroplast, complete genome","PV546614.1 Dichocarpum dalzielii isolate P702 chloroplast, complete genome",Dichocarpum dalzielii
OR884992.fasta,OR884992.1,"Dichoropetalum schottii chloroplast, complete genome","OR884992.1 Dichoropetalum schottii chloroplast, complete genome",Dichoropetalum schottii
ON729388.fasta,ON729388.1,"Dicoryphe viticoides chloroplast, complete genome","ON729388.1 Dicoryphe viticoides chloroplast, complete genome",Dicoryphe viticoides
PP335056.fasta,PP335056.1,"Dictamnus albus chloroplast, complete genome","PP335056.1 Dictamnus albus chloroplast, complete genome",Dictamnus albus
OR555769.fasta,OR555769.1,"Didymosalpinx norae chloroplast, complete genome","OR555769.1 Didymosalpinx norae chloroplast, complete genome",Didymosalpinx norae
PQ571146.fasta,PQ571146.1,"Dienia ophrydis chloroplast, complete genome","PQ571146.1 Dienia ophrydis chloroplast, complete genome",Dienia ophrydis
PP335057.fasta,PP335057.1,"Digitalis grandiflora chloroplast, complete genome","PP335057.1 Digitalis grandiflora chloroplast, complete genome",Digitalis grandiflora
PP335058.fasta,PP335058.1,"Digitalis lutea chloroplast, complete genome","PP335058.1 Digitalis lutea chloroplast, complete genome",Digitalis lutea
PQ456193.fasta,PQ456193.1,"Digitalis purpurea isolate DpL chloroplast, complete genome","PQ456193.1 Digitalis purpurea isolate DpL chloroplast, complete genome",Digitalis purpurea
PX171333.fasta,PX171333.1,"Dillenia philippinensis voucher GB68492 chloroplast, complete genome","PX171333.1 Dillenia philippinensis voucher GB68492 chloroplast, complete genome",Dillenia philippinensis
PQ535891.fasta,PQ535891.1,"Dimetia hedyotidea isolate Y076 chloroplast, complete genome","PQ535891.1 Dimetia hedyotidea isolate Y076 chloroplast, complete genome",Dimetia hedyotidea
PV591952.fasta,PV591952.1,"Dimocarpus confinis isolate 58-f9kdkl9 chloroplast, complete genome","PV591952.1 Dimocarpus confinis isolate 58-f9kdkl9 chloroplast, complete genome",Dimocarpus confinis
PV550751.fasta,PV550751.1,"Dimocarpus longan isolate 13 chloroplast, complete genome","PV550751.1 Dimocarpus longan isolate 13 chloroplast, complete genome",Dimocarpus longan
OR712472.fasta,OR712472.1,"Diogoa zenkeri voucher J. J. Wieringa & Fl van Nek 3288 chloroplast, complete genome","OR712472.1 Diogoa zenkeri voucher J. J. Wieringa & Fl van Nek 3288 chloroplast, complete genome",Diogoa zenkeri
PZ211770.fasta,PZ211770.1,"Dioscorea coreana voucher 2023-047550 chloroplast, complete genome","PZ211770.1 Dioscorea coreana voucher 2023-047550 chloroplast, complete genome",Dioscorea coreana
PZ211771.fasta,PZ211771.1,"Dioscorea japonica voucher 2023-047556 chloroplast, complete genome","PZ211771.1 Dioscorea japonica voucher 2023-047556 chloroplast, complete genome",Dioscorea japonica
PZ211772.fasta,PZ211772.1,"Dioscorea nipponica voucher 2023-047559 chloroplast, complete genome","PZ211772.1 Dioscorea nipponica voucher 2023-047559 chloroplast, complete genome",Dioscorea nipponica
PX509271.fasta,PX509271.1,"Dioscorea oppositifolia chloroplast, complete genome","PX509271.1 Dioscorea oppositifolia chloroplast, complete genome",Dioscorea oppositifolia
PP078690.fasta,PP078690.1,"Dioscorea panthaica isolate ZXX21943 chloroplast, complete genome","PP078690.1 Dioscorea panthaica isolate ZXX21943 chloroplast, complete genome",Dioscorea panthaica
PZ211773.fasta,PZ211773.1,"Dioscorea polystachya voucher 2023-047562 chloroplast, complete genome","PZ211773.1 Dioscorea polystachya voucher 2023-047562 chloroplast, complete genome",Dioscorea polystachya
PZ211774.fasta,PZ211774.1,"Dioscorea quinquelobata voucher 2023-047577 chloroplast, complete genome","PZ211774.1 Dioscorea quinquelobata voucher 2023-047577 chloroplast, complete genome",Dioscorea quinquelobata
PZ211775.fasta,PZ211775.1,"Dioscorea tenuipes voucher 241029-ANU-P002 chloroplast, complete genome","PZ211775.1 Dioscorea tenuipes voucher 241029-ANU-P002 chloroplast, complete genome",Dioscorea tenuipes
PQ221484.fasta,PQ221484.1,"Diospyros blancoi chloroplast, complete genome","PQ221484.1 Diospyros blancoi chloroplast, complete genome",Diospyros blancoi
PV631714.fasta,PV631714.1,"Diospyros cathayensis chloroplast, complete genome","PV631714.1 Diospyros cathayensis chloroplast, complete genome",Diospyros cathayensis
OQ198450.fasta,OQ198450.1,"Diplotaenia cachrydifolia chloroplast, complete genome","OQ198450.1 Diplotaenia cachrydifolia chloroplast, complete genome",Diplotaenia cachrydifolia
PP103312.fasta,PP103312.1,"Diplotaxis muralis chloroplast, complete genome","PP103312.1 Diplotaxis muralis chloroplast, complete genome",Diplotaxis muralis
BK071841.fasta,BK071841.1,"Dipterocome pusilla chloroplast, complete genome","BK071841.1 TPA_asm: Dipterocome pusilla chloroplast, complete genome",Dipterocome pusilla
PV871822.fasta,PV871822.1,"Dirachma socotrana voucher ZSD333 chloroplast, complete genome","PV871822.1 Dirachma socotrana voucher ZSD333 chloroplast, complete genome",Dirachma socotrana
BK071450.fasta,BK071450.1,"Dirca occidentalis chloroplast, complete genome","BK071450.1 TPA_asm: Dirca occidentalis chloroplast, complete genome",Dirca occidentalis
ON729346.fasta,ON729346.1,"Disanthus cercidifolius subsp. longipes chloroplast, complete genome","ON729346.1 Disanthus cercidifolius subsp. longipes chloroplast, complete genome",Disanthus cercidifolius
OP133578.fasta,OP133578.1,"Dischidia nummularia voucher C.F. Zhang 6049 chloroplast, complete genome","OP133578.1 Dischidia nummularia voucher C.F. Zhang 6049 chloroplast, complete genome",Dischidia nummularia
PP968730.fasta,PP968730.1,"Discocleidion rufescens chloroplast, complete genome","PP968730.1 Discocleidion rufescens chloroplast, complete genome",Discocleidion rufescens
PQ009256.fasta,PQ009256.1,"Discocleidion ulmifolium chloroplast, complete genome","PQ009256.1 Discocleidion ulmifolium chloroplast, complete genome",Discocleidion ulmifolium
PP346801.fasta,PP346801.1,"Disporopsis fuscopicta voucher Tamura et al. 30001 chloroplast, complete genome","PP346801.1 Disporopsis fuscopicta voucher Tamura et al. 30001 chloroplast, complete genome",Disporopsis fuscopicta
PV087148.fasta,PV087148.1,"Disporopsis pernyi chloroplast, complete genome","PV087148.1 Disporopsis pernyi chloroplast, complete genome",Disporopsis pernyi
PP056257.fasta,PP056257.1,"Disporum uniflorum isolate CXZ308 chloroplast, complete genome","PP056257.1 Disporum uniflorum isolate CXZ308 chloroplast, complete genome",Disporum uniflorum
ON729373.fasta,ON729373.1,"Distyliopsis dunnii chloroplast, complete genome","ON729373.1 Distyliopsis dunnii chloroplast, complete genome",Distyliopsis dunnii
ON729374.fasta,ON729374.1,"Distyliopsis tutcheri chloroplast, complete genome","ON729374.1 Distyliopsis tutcheri chloroplast, complete genome",Distyliopsis tutcheri
PV873135.fasta,PV873135.1,"Distylium buxifolium chloroplast, complete genome","PV873135.1 Distylium buxifolium chloroplast, complete genome",Distylium buxifolium
PZ247530.fasta,PZ247530.1,"Distylium chinense chloroplast, complete genome","PZ247530.1 Distylium chinense chloroplast, complete genome",Distylium chinense
PV929822.fasta,PV929822.1,"Distylium elaeagnoides chloroplast, complete genome","PV929822.1 Distylium elaeagnoides chloroplast, complete genome",Distylium elaeagnoides
PV873133.fasta,PV873133.1,"Distylium myricoides chloroplast, complete genome","PV873133.1 Distylium myricoides chloroplast, complete genome",Distylium myricoides
PV873134.fasta,PV873134.1,"Distylium racemosum chloroplast, complete genome","PV873134.1 Distylium racemosum chloroplast, complete genome",Distylium racemosum
OQ396765.fasta,OQ396765.1,"Diuranthera inarticulata voucher NCLSC-01 chloroplast, complete genome","OQ396765.1 Diuranthera inarticulata voucher NCLSC-01 chloroplast, complete genome",Diuranthera inarticulata
PX659751.fasta,PX659751.1,"Dolichoglottis lyallii voucher MO chloroplast, complete genome","PX659751.1 Dolichoglottis lyallii voucher MO chloroplast, complete genome",Dolichoglottis lyallii
PX659753.fasta,PX659753.1,"Dolichoglottis scorzoneroides voucher CHR:489486 chloroplast, complete genome","PX659753.1 Dolichoglottis scorzoneroides voucher CHR:489486 chloroplast, complete genome",Dolichoglottis scorzoneroides
PV275532.fasta,PV275532.1,"Dombeya wallichii voucher Wyz20250304 chloroplast, complete genome","PV275532.1 Dombeya wallichii voucher Wyz20250304 chloroplast, complete genome",Dombeya wallichii
OR909650.fasta,OR909650.1,"Doronicum grandiflorum subsp. grandiflorum chloroplast, complete genome","OR909650.1 Doronicum grandiflorum subsp. grandiflorum chloroplast, complete genome",Doronicum grandiflorum
PP584593.fasta,PP584593.1,"Dorstenia contrajerva chloroplast, complete genome","PP584593.1 Dorstenia contrajerva chloroplast, complete genome",Dorstenia contrajerva
PZ168339.fasta,PZ168339.1,"Douepea tortuosa chloroplast, complete genome","PZ168339.1 Douepea tortuosa chloroplast, complete genome",Douepea tortuosa
PP335059.fasta,PP335059.1,"Draba nemorosa chloroplast, complete genome","PP335059.1 Draba nemorosa chloroplast, complete genome",Draba nemorosa
PV477048.fasta,PV477048.1,"Dracaena cambodiana isolate DF chloroplast, complete genome","PV477048.1 Dracaena cambodiana isolate DF chloroplast, complete genome",Dracaena cambodiana
PX309518.fasta,PX309518.1,"Dracaena elliptica chloroplast, complete genome","PX309518.1 Dracaena elliptica chloroplast, complete genome",Dracaena elliptica
PV200169.fasta,PV200169.1,"Dracocephalum fragile voucher MW0188977 chloroplast, complete genome","PV200169.1 Dracocephalum fragile voucher MW0188977 chloroplast, complete genome",Dracocephalum fragile
PP234563.fasta,PP234563.1,"Dracocephalum heterophyllum isolate p52 chloroplast, complete genome","PP234563.1 Dracocephalum heterophyllum isolate p52 chloroplast, complete genome",Dracocephalum heterophyllum
PX928789.fasta,PX928789.1,"Dracocephalum komarovii chloroplast, complete genome","PX928789.1 Dracocephalum komarovii chloroplast, complete genome",Dracocephalum komarovii
PV605700.fasta,PV605700.1,"Dracocephalum nuratavicum chloroplast, complete genome","PV605700.1 Dracocephalum nuratavicum chloroplast, complete genome",Dracocephalum nuratavicum
PQ963003.fasta,PQ963003.1,"Dracocephalum ruyschiana voucher UBU0038422 chloroplast, complete genome","PQ963003.1 Dracocephalum ruyschiana voucher UBU0038422 chloroplast, complete genome",Dracocephalum ruyschiana
PX929666.fasta,PX929666.1,"Dracocephalum seravschanicum chloroplast, complete genome","PX929666.1 Dracocephalum seravschanicum chloroplast, complete genome",Dracocephalum seravschanicum
PP234548.fasta,PP234548.1,"Dracocephalum tanguticum isolate p27 chloroplast, complete genome","PP234548.1 Dracocephalum tanguticum isolate p27 chloroplast, complete genome",Dracocephalum tanguticum
OP133575.fasta,OP133575.1,"Dregea sinensis var. corrugata voucher J.X. Yang et al. wbgd125 chloroplast, complete genome","OP133575.1 Dregea sinensis var. corrugata voucher J.X. Yang et al. wbgd125 chloroplast, complete genome",Dregea sinensis
PQ472917.fasta,PQ472917.1,"Drepanostachyum fractiflexum chloroplast, complete genome","PQ472917.1 Drepanostachyum fractiflexum chloroplast, complete genome",Drepanostachyum fractiflexum
PZ324722.fasta,PZ324722.1,"Drosophyllum lusitanicum isolate IRGN E9HZ954PVZ chloroplast, complete genome","PZ324722.1 Drosophyllum lusitanicum isolate IRGN E9HZ954PVZ chloroplast, complete genome",Drosophyllum lusitanicum
PQ869155.fasta,PQ869155.1,"Dryas octopetala voucher IRGN:6GNC99MC3W chloroplast, complete genome","PQ869155.1 Dryas octopetala voucher IRGN:6GNC99MC3W chloroplast, complete genome",Dryas octopetala
OR790517.fasta,OR790517.1,"Drymaria villosa chloroplast, complete genome","OR790517.1 Drymaria villosa chloroplast, complete genome",Drymaria villosa
PX244393.fasta,PX244393.1,"Dudleya candelabrum chloroplast, complete genome","PX244393.1 Dudleya candelabrum chloroplast, complete genome",Dudleya candelabrum
PX244392.fasta,PX244392.1,"Dudleya greenei chloroplast, complete genome","PX244392.1 Dudleya greenei chloroplast, complete genome",Dudleya greenei
PX244391.fasta,PX244391.1,"Dudleya lanceolata chloroplast, complete genome","PX244391.1 Dudleya lanceolata chloroplast, complete genome",Dudleya lanceolata
PX244390.fasta,PX244390.1,"Dudleya nesiotica chloroplast, complete genome","PX244390.1 Dudleya nesiotica chloroplast, complete genome",Dudleya nesiotica
PX244389.fasta,PX244389.1,"Dudleya virens chloroplast, complete genome","PX244389.1 Dudleya virens chloroplast, complete genome",Dudleya virens
OR712473.fasta,OR712473.1,"Dulacia candida voucher D. Niel et al. 10956 chloroplast, complete genome","OR712473.1 Dulacia candida voucher D. Niel et al. 10956 chloroplast, complete genome",Dulacia candida
PP078670.fasta,PP078670.1,"Dumasia truncata isolate DBSYS786 chloroplast, complete genome","PP078670.1 Dumasia truncata isolate DBSYS786 chloroplast, complete genome",Dumasia truncata
PQ899558.fasta,PQ899558.1,"Dunnaria dunnii voucher 1430 chloroplast, complete genome","PQ899558.1 Dunnaria dunnii voucher 1430 chloroplast, complete genome",Dunnaria dunnii
PX309519.fasta,PX309519.1,"Duranta erecta chloroplast, complete genome","PX309519.1 Duranta erecta chloroplast, complete genome",Duranta erecta
OR832749.fasta,OR832749.1,"Durio zibethinus chloroplast, complete genome","OR832749.1 Durio zibethinus chloroplast, complete genome",Durio zibethinus
PV648377.fasta,PV648377.1,"Dysosma tsayuensis chloroplast, complete genome","PV648377.1 Dysosma tsayuensis chloroplast, complete genome",Dysosma tsayuensis
PP234519.fasta,PP234519.1,"Dysphania schraderiana isolate p12 chloroplast, complete genome","PP234519.1 Dysphania schraderiana isolate p12 chloroplast, complete genome",Dysphania schraderiana
PX427673.fasta,PX427673.1,"Echeveria cante chloroplast, complete genome","PX427673.1 Echeveria cante chloroplast, complete genome",Echeveria cante
PX436094.fasta,PX436094.1,"Echeveria peacockii chloroplast, complete genome","PX436094.1 Echeveria peacockii chloroplast, complete genome",Echeveria peacockii
PX436092.fasta,PX436092.1,"Echeveria prolifica chloroplast, complete genome","PX436092.1 Echeveria prolifica chloroplast, complete genome",Echeveria prolifica
PX326348.fasta,PX326348.1,"Echeveria pulidonis chloroplast, complete genome","PX326348.1 Echeveria pulidonis chloroplast, complete genome",Echeveria pulidonis
PX427674.fasta,PX427674.1,"Echeveria secunda chloroplast, complete genome","PX427674.1 Echeveria secunda chloroplast, complete genome",Echeveria secunda
PX436093.fasta,PX436093.1,"Echeveria strictiflora chloroplast, complete genome","PX436093.1 Echeveria strictiflora chloroplast, complete genome",Echeveria strictiflora
PV365187.fasta,PV365187.1,"Echinochloa colona isolate Karbala-1 chloroplast, complete genome","PV365187.1 Echinochloa colona isolate Karbala-1 chloroplast, complete genome",Echinochloa colona
PZ166814.fasta,PZ166814.1,"Echinops davuricus chloroplast, complete genome","PZ166814.1 Echinops davuricus chloroplast, complete genome",Echinops davuricus
BK071842.fasta,BK071842.1,"Echinops exaltatus chloroplast, complete genome","BK071842.1 TPA_asm: Echinops exaltatus chloroplast, complete genome",Echinops exaltatus
BK071843.fasta,BK071843.1,"Echinops ritro chloroplast, complete genome","BK071843.1 TPA_asm: Echinops ritro chloroplast, complete genome",Echinops ritro
BK071844.fasta,BK071844.1,"Echinops sphaerocephalus chloroplast, complete genome","BK071844.1 TPA_asm: Echinops sphaerocephalus chloroplast, complete genome",Echinops sphaerocephalus
PV870678.fasta,PV870678.1,"Echinospartum horridum voucher 19694495*A-Royal Botanic Garden Edinburgh chloroplast, complete genome","PV870678.1 Echinospartum horridum voucher 19694495*A-Royal Botanic Garden Edinburgh chloroplast, complete genome",Echinospartum horridum
PP024536.fasta,PP024536.1,"Echium vulgare subsp. vulgare chloroplast, complete genome","PP024536.1 Echium vulgare subsp. vulgare chloroplast, complete genome",Echium vulgare
PX921620.fasta,PX921620.1,"Ehretia acuminata chloroplast, complete genome","PX921620.1 Ehretia acuminata chloroplast, complete genome",Ehretia acuminata
PX309520.fasta,PX309520.1,"Elaeagnus pungens chloroplast, complete genome","PX309520.1 Elaeagnus pungens chloroplast, complete genome",Elaeagnus pungens
PX957237.fasta,PX957237.1,"Elaeis guineensis isolate PTZ chloroplast, complete genome","PX957237.1 Elaeis guineensis isolate PTZ chloroplast, complete genome",Elaeis guineensis
OR521107.fasta,OR521107.1,"Elatostema acutidentatum voucher Y049 chloroplast, complete genome","OR521107.1 Elatostema acutidentatum voucher Y049 chloroplast, complete genome",Elatostema acutidentatum
OR521108.fasta,OR521108.1,"Elatostema austrosinense voucher Y071 chloroplast, complete genome","OR521108.1 Elatostema austrosinense voucher Y071 chloroplast, complete genome",Elatostema austrosinense
OR521104.fasta,OR521104.1,"Elatostema brevifolium voucher J228 chloroplast, complete genome","OR521104.1 Elatostema brevifolium voucher J228 chloroplast, complete genome",Elatostema brevifolium
OR521100.fasta,OR521100.1,"Elatostema caulialatum voucher J057 chloroplast, complete genome","OR521100.1 Elatostema caulialatum voucher J057 chloroplast, complete genome",Elatostema caulialatum
OR521103.fasta,OR521103.1,"Elatostema grijsii voucher J106 chloroplast, complete genome","OR521103.1 Elatostema grijsii voucher J106 chloroplast, complete genome",Elatostema grijsii
OR521101.fasta,OR521101.1,"Elatostema heterolobum voucher J075 chloroplast, complete genome","OR521101.1 Elatostema heterolobum voucher J075 chloroplast, complete genome",Elatostema heterolobum
PX057452.fasta,PX057452.1,"Elatostema involucratum chloroplast, complete genome","PX057452.1 Elatostema involucratum chloroplast, complete genome",Elatostema involucratum
PQ722561.fasta,PQ722561.1,"Elatostema lineolatum var. major chloroplast, complete genome","PQ722561.1 Elatostema lineolatum var. major chloroplast, complete genome",Elatostema lineolatum
OR521102.fasta,OR521102.1,"Elatostema paucidentatum voucher J100 chloroplast, complete genome","OR521102.1 Elatostema paucidentatum voucher J100 chloroplast, complete genome",Elatostema paucidentatum
PV252188.fasta,PV252188.1,"Eleorchis japonica voucher MHLi or173 chloroplast, complete genome","PV252188.1 Eleorchis japonica voucher MHLi or173 chloroplast, complete genome",Eleorchis japonica
PX516262.fasta,PX516262.1,"Eleutherine bulbosa chloroplast, complete genome","PX516262.1 Eleutherine bulbosa chloroplast, complete genome",Eleutherine bulbosa
PP056230.fasta,PP056230.1,"Eleutherococcus scandens isolate ZSY0539 chloroplast, complete genome","PP056230.1 Eleutherococcus scandens isolate ZSY0539 chloroplast, complete genome",Eleutherococcus scandens
OR701859.fasta,OR701859.1,"Elsholtzia blanda chloroplast, complete genome","OR701859.1 Elsholtzia blanda chloroplast, complete genome",Elsholtzia blanda
PX795008.fasta,PX795008.1,"Elymus breviaristatus isolate P20 chloroplast, complete genome","PX795008.1 [Elymus] breviaristatus isolate P20 chloroplast, complete genome",Elymus breviaristatus
PP335060.fasta,PP335060.1,"Elymus caninus chloroplast, complete genome","PP335060.1 Elymus caninus chloroplast, complete genome",Elymus caninus
PQ380099.fasta,PQ380099.1,"Elymus dentatus subsp. lachnophyllus chloroplast, complete genome","PQ380099.1 Elymus dentatus subsp. lachnophyllus chloroplast, complete genome",Elymus dentatus
PQ385828.fasta,PQ385828.1,"Elymus fedtschenkoi chloroplast, complete genome","PQ385828.1 Elymus fedtschenkoi chloroplast, complete genome",Elymus fedtschenkoi
OL444889.fasta,OL444889.1,"Elymus jufinshanicus chloroplast, complete genome","OL444889.1 Elymus jufinshanicus chloroplast, complete genome",Elymus jufinshanicus
PV605576.fasta,PV605576.1,"Elymus lanceolatus subsp. lanceolatus chloroplast, complete genome","PV605576.1 Elymus lanceolatus subsp. lanceolatus chloroplast, complete genome",Elymus lanceolatus
PQ385829.fasta,PQ385829.1,"Elymus longearistatus chloroplast, complete genome","PQ385829.1 Elymus longearistatus chloroplast, complete genome",Elymus longearistatus
PQ385830.fasta,PQ385830.1,"Elymus macrochaetus chloroplast, complete genome","PQ385830.1 Elymus macrochaetus chloroplast, complete genome",Elymus macrochaetus
MZ337548.fasta,MZ337548.1,"Elymus magellanicus chloroplast, complete genome","MZ337548.1 Elymus magellanicus chloroplast, complete genome",Elymus magellanicus
PQ450443.fasta,PQ450443.1,"Elymus nevskii voucher TASH054576 chloroplast, complete genome","PQ450443.1 Elymus nevskii voucher TASH054576 chloroplast, complete genome",Elymus nevskii
PV054326.fasta,PV054326.1,"Elymus praeruptus chloroplast, complete genome","PV054326.1 Elymus praeruptus chloroplast, complete genome",Elymus praeruptus
PP335061.fasta,PP335061.1,"Elymus repens subsp. repens chloroplast, complete genome","PP335061.1 Elymus repens subsp. repens chloroplast, complete genome",Elymus repens
PX794969.fasta,PX794969.1,"Elymus sibiricus isolate 202409021452 chloroplast, complete genome","PX794969.1 Elymus sibiricus isolate 202409021452 chloroplast, complete genome",Elymus sibiricus
PV605570.fasta,PV605570.1,"Elymus trachycaulus chloroplast, complete genome","PV605570.1 Elymus trachycaulus chloroplast, complete genome",Elymus trachycaulus
PQ450445.fasta,PQ450445.1,"Elymus transhyrcanus voucher TASH054580 chloroplast, complete genome","PQ450445.1 Elymus transhyrcanus voucher TASH054580 chloroplast, complete genome",Elymus transhyrcanus
PQ450446.fasta,PQ450446.1,"Elymus tschimganicus chloroplast, complete genome","PQ450446.1 Elymus tschimganicus chloroplast, complete genome",Elymus tschimganicus
PV054327.fasta,PV054327.1,"Elymus uralensis subsp. tianschanicus isolate E20 chloroplast, complete genome","PV054327.1 Elymus uralensis subsp. tianschanicus isolate E20 chloroplast, complete genome",Elymus uralensis
PQ362383.fasta,PQ362383.1,"Elymus uzbekistanicus voucher TASH055342 chloroplast, complete genome","PQ362383.1 Elymus uzbekistanicus voucher TASH055342 chloroplast, complete genome",Elymus uzbekistanicus
PV608446.fasta,PV608446.1,"Embelia ribes voucher APR00106 chloroplast, complete genome","PV608446.1 Embelia ribes voucher APR00106 chloroplast, complete genome",Embelia ribes
ON729352.fasta,ON729352.1,"Embolanthera spicata chloroplast, complete genome","ON729352.1 Embolanthera spicata chloroplast, complete genome",Embolanthera spicata
PP203127.fasta,PP203127.1,"Emerus major chloroplast, complete genome","PP203127.1 Emerus major chloroplast, complete genome",Emerus major
PX501755.fasta,PX501755.1,"Encyclia tampensis chloroplast, complete genome","PX501755.1 Encyclia tampensis chloroplast, complete genome",Encyclia tampensis
PV553479.fasta,PV553479.1,"Endlicheria arenosa voucher C.A. Cid Ferreira & al. 7803 chloroplast, complete genome","PV553479.1 Endlicheria arenosa voucher C.A. Cid Ferreira & al. 7803 chloroplast, complete genome",Endlicheria arenosa
PV833097.fasta,PV833097.1,"Engelhardia roxburghiana isolate cpHQ2A chloroplast, complete genome","PV833097.1 Engelhardia roxburghiana isolate cpHQ2A chloroplast, complete genome",Engelhardia roxburghiana
PV833100.fasta,PV833100.1,"Engelhardia unijuga isolate cpLYHQ3A chloroplast, complete genome","PV833100.1 Engelhardia unijuga isolate cpLYHQ3A chloroplast, complete genome",Engelhardia unijuga
OR712474.fasta,OR712474.1,"Engomegoma gordonii voucher B. Senterra no. 18-84 chloroplast, complete genome","OR712474.1 Engomegoma gordonii voucher B. Senterra no. 18-84 chloroplast, complete genome",Engomegoma gordonii
PP722976.fasta,PP722976.1,"Enkianthus campanulatus chloroplast, complete genome","PP722976.1 Enkianthus campanulatus chloroplast, complete genome",Enkianthus campanulatus
PP737347.fasta,PP737347.1,"Enkianthus cernuus f. rubens chloroplast, complete genome","PP737347.1 Enkianthus cernuus f. rubens chloroplast, complete genome",Enkianthus cernuus
PP727289.fasta,PP727289.1,"Enkianthus chinensis chloroplast, complete genome","PP727289.1 Enkianthus chinensis chloroplast, complete genome",Enkianthus chinensis
PP727292.fasta,PP727292.1,"Enkianthus deflexus chloroplast, complete genome","PP727292.1 Enkianthus deflexus chloroplast, complete genome",Enkianthus deflexus
PP727296.fasta,PP727296.1,"Enkianthus nudipes chloroplast, complete genome","PP727296.1 Enkianthus nudipes chloroplast, complete genome",Enkianthus nudipes
PP727293.fasta,PP727293.1,"Enkianthus perulatus chloroplast, complete genome","PP727293.1 Enkianthus perulatus chloroplast, complete genome",Enkianthus perulatus
PP727290.fasta,PP727290.1,"Enkianthus quinqueflorus chloroplast, complete genome","PP727290.1 Enkianthus quinqueflorus chloroplast, complete genome",Enkianthus quinqueflorus
PP737349.fasta,PP737349.1,"Enkianthus ruber chloroplast, complete genome","PP737349.1 Enkianthus ruber chloroplast, complete genome",Enkianthus ruber
PP727294.fasta,PP727294.1,"Enkianthus serotinus chloroplast, complete genome","PP727294.1 Enkianthus serotinus chloroplast, complete genome",Enkianthus serotinus
PP727288.fasta,PP727288.1,"Enkianthus serrulatus chloroplast, complete genome","PP727288.1 Enkianthus serrulatus chloroplast, complete genome",Enkianthus serrulatus
PP737350.fasta,PP737350.1,"Enkianthus sikokianus chloroplast, complete genome","PP737350.1 Enkianthus sikokianus chloroplast, complete genome",Enkianthus sikokianus
PP727295.fasta,PP727295.1,"Enkianthus subsessilis chloroplast, complete genome","PP727295.1 Enkianthus subsessilis chloroplast, complete genome",Enkianthus subsessilis
PP727297.fasta,PP727297.1,"Enkianthus tubulatus chloroplast, complete genome","PP727297.1 Enkianthus tubulatus chloroplast, complete genome",Enkianthus tubulatus
PV424006.fasta,PV424006.2,"Epidendrum ibaguense chloroplast, complete genome","PV424006.2 Epidendrum ibaguense chloroplast, complete genome",Epidendrum ibaguense
PP335062.fasta,PP335062.1,"Epilobium alpestre chloroplast, complete genome","PP335062.1 Epilobium alpestre chloroplast, complete genome",Epilobium alpestre
PP335063.fasta,PP335063.1,"Epilobium ciliatum chloroplast, complete genome","PP335063.1 Epilobium ciliatum chloroplast, complete genome",Epilobium ciliatum
PP335064.fasta,PP335064.1,"Epilobium collinum chloroplast, complete genome","PP335064.1 Epilobium collinum chloroplast, complete genome",Epilobium collinum
PP335065.fasta,PP335065.1,"Epilobium palustre chloroplast, complete genome","PP335065.1 Epilobium palustre chloroplast, complete genome",Epilobium palustre
PP335066.fasta,PP335066.1,"Epilobium parviflorum chloroplast, complete genome","PP335066.1 Epilobium parviflorum chloroplast, complete genome",Epilobium parviflorum
PV192894.fasta,PV192894.1,"Epimedium acuminatum isolate ZY701 GY chloroplast, complete genome","PV192894.1 Epimedium acuminatum isolate ZY701 GY chloroplast, complete genome",Epimedium acuminatum
PV192895.fasta,PV192895.1,"Epimedium borealiguizhouense isolate ZY702 GY chloroplast, complete genome","PV192895.1 Epimedium borealiguizhouense isolate ZY702 GY chloroplast, complete genome",Epimedium borealiguizhouense
PV192904.fasta,PV192904.1,"Epimedium brachyrrhizum isolate ZY715 SXNU chloroplast, complete genome","PV192904.1 Epimedium brachyrrhizum isolate ZY715 SXNU chloroplast, complete genome",Epimedium brachyrrhizum
PV192902.fasta,PV192902.1,"Epimedium brevicornu isolate ZY731 TBS chloroplast, complete genome","PV192902.1 Epimedium brevicornu isolate ZY731 TBS chloroplast, complete genome",Epimedium brevicornu
MW470954.fasta,MW470954.1,"Epimedium campanulatum chloroplast, complete genome","MW470954.1 Epimedium campanulatum chloroplast, complete genome",Epimedium campanulatum
PV192907.fasta,PV192907.1,"Epimedium coactum isolate ZY713 GY chloroplast, complete genome","PV192907.1 Epimedium coactum isolate ZY713 GY chloroplast, complete genome",Epimedium coactum
PV192910.fasta,PV192910.1,"Epimedium davidii isolate ZY703 WC chloroplast, complete genome","PV192910.1 Epimedium davidii isolate ZY703 WC chloroplast, complete genome",Epimedium davidii
PV192915.fasta,PV192915.1,"Epimedium elongatum isolate ZY733 DJ chloroplast, complete genome","PV192915.1 Epimedium elongatum isolate ZY733 DJ chloroplast, complete genome",Epimedium elongatum
MW483086.fasta,MW483086.1,"Epimedium fargesii voucher B. L. Guo0448 chloroplast, complete genome","MW483086.1 Epimedium fargesii voucher B. L. Guo0448 chloroplast, complete genome",Epimedium fargesii
PV192918.fasta,PV192918.1,"Epimedium flavum isolate ZY704 WC chloroplast, complete genome","PV192918.1 Epimedium flavum isolate ZY704 WC chloroplast, complete genome",Epimedium flavum
PV192906.fasta,PV192906.1,"Epimedium franchetii isolate ZY705 GY chloroplast, complete genome","PV192906.1 Epimedium franchetii isolate ZY705 GY chloroplast, complete genome",Epimedium franchetii
PV192916.fasta,PV192916.1,"Epimedium glandulosopilosum isolate ZY706 WC chloroplast, complete genome","PV192916.1 Epimedium glandulosopilosum isolate ZY706 WC chloroplast, complete genome",Epimedium glandulosopilosum
PV192920.fasta,PV192920.1,"Epimedium koreanum isolate ZY719 BS chloroplast, complete genome","PV192920.1 Epimedium koreanum isolate ZY719 BS chloroplast, complete genome",Epimedium koreanum
PV192909.fasta,PV192909.1,"Epimedium leptorrhizum isolate ZY707 GY chloroplast, complete genome","PV192909.1 Epimedium leptorrhizum isolate ZY707 GY chloroplast, complete genome",Epimedium leptorrhizum
PV192896.fasta,PV192896.1,"Epimedium mikinorii isolate ZY708 GY chloroplast, complete genome","PV192896.1 Epimedium mikinorii isolate ZY708 GY chloroplast, complete genome",Epimedium mikinorii
PV192912.fasta,PV192912.1,"Epimedium pauciflorum isolate ZY709 WC chloroplast, complete genome","PV192912.1 Epimedium pauciflorum isolate ZY709 WC chloroplast, complete genome",Epimedium pauciflorum
PV192917.fasta,PV192917.1,"Epimedium platypetalum isolate ZY710 WC chloroplast, complete genome","PV192917.1 Epimedium platypetalum isolate ZY710 WC chloroplast, complete genome",Epimedium platypetalum
PV192913.fasta,PV192913.1,"Epimedium pubescens isolate ZY721 WC chloroplast, complete genome","PV192913.1 Epimedium pubescens isolate ZY721 WC chloroplast, complete genome",Epimedium pubescens
MT506232.fasta,MT506232.1,"Epimedium pudingense chloroplast, complete genome","MT506232.1 Epimedium pudingense chloroplast, complete genome",Epimedium pudingense
PV192911.fasta,PV192911.1,"Epimedium qingchengshanense isolate ZY714 WC chloroplast, complete genome","PV192911.1 Epimedium qingchengshanense isolate ZY714 WC chloroplast, complete genome",Epimedium qingchengshanense
PP056231.fasta,PP056231.1,"Epimedium sagittatum isolate ZXX20039 chloroplast, complete genome","PP056231.1 Epimedium sagittatum isolate ZXX20039 chloroplast, complete genome",Epimedium sagittatum
PV192897.fasta,PV192897.1,"Epimedium simplicifolium isolate ZY711 GY chloroplast, complete genome","PV192897.1 Epimedium simplicifolium isolate ZY711 GY chloroplast, complete genome",Epimedium simplicifolium
PV192898.fasta,PV192898.1,"Epimedium stellulatum isolate ZY712 WC chloroplast, complete genome","PV192898.1 Epimedium stellulatum isolate ZY712 WC chloroplast, complete genome",Epimedium stellulatum
MW483087.fasta,MW483087.1,"Epimedium sutchuenense voucher B. L. Guo0437 chloroplast, complete genome","MW483087.1 Epimedium sutchuenense voucher B. L. Guo0437 chloroplast, complete genome",Epimedium sutchuenense
MW483095.fasta,MW483095.1,"Epimedium trifoliolatobinatum chloroplast, complete genome","MW483095.1 Epimedium trifoliolatobinatum chloroplast, complete genome",Epimedium trifoliolatobinatum
PV192914.fasta,PV192914.1,"Epimedium wushanense isolate ZY724 WC chloroplast, complete genome","PV192914.1 Epimedium wushanense isolate ZY724 WC chloroplast, complete genome",Epimedium wushanense
PP335067.fasta,PP335067.1,"Epipactis atrorubens chloroplast, complete genome","PP335067.1 Epipactis atrorubens chloroplast, complete genome",Epipactis atrorubens
PP335068.fasta,PP335068.1,"Epipactis helleborine chloroplast, complete genome","PP335068.1 Epipactis helleborine chloroplast, complete genome",Epipactis helleborine
PP335069.fasta,PP335069.1,"Epipactis palustris chloroplast, complete genome","PP335069.1 Epipactis palustris chloroplast, complete genome",Epipactis palustris
PV455321.fasta,PV455321.1,"Eragrostis nigra chloroplast, complete genome","PV455321.1 Eragrostis nigra chloroplast, complete genome",Eragrostis nigra
PP234513.fasta,PP234513.1,"Eremogone bryophylla isolate p119 chloroplast, complete genome","PP234513.1 Eremogone bryophylla isolate p119 chloroplast, complete genome",Eremogone bryophylla
OL852090.fasta,OL852090.1,"Eremurus aitchisonii chloroplast, complete genome","OL852090.1 Eremurus aitchisonii chloroplast, complete genome",Eremurus aitchisonii
OL852089.fasta,OL852089.1,"Eremurus alberti chloroplast, complete genome","OL852089.1 Eremurus alberti chloroplast, complete genome",Eremurus alberti
PZ127298.fasta,PZ127298.1,"Eremurus altaicus chloroplast, complete genome","PZ127298.1 Eremurus altaicus chloroplast, complete genome",Eremurus altaicus
OL875062.fasta,OL875062.1,"Eremurus anisopterus chloroplast, complete genome","OL875062.1 Eremurus anisopterus chloroplast, complete genome",Eremurus anisopterus
OL852088.fasta,OL852088.1,"Eremurus chinensis chloroplast, complete genome","OL852088.1 Eremurus chinensis chloroplast, complete genome",Eremurus chinensis
OL852092.fasta,OL852092.1,"Eremurus cristatus chloroplast, complete genome","OL852092.1 Eremurus cristatus chloroplast, complete genome",Eremurus cristatus
OL875063.fasta,OL875063.1,"Eremurus fuscus chloroplast, complete genome","OL875063.1 Eremurus fuscus chloroplast, complete genome",Eremurus fuscus
OL875064.fasta,OL875064.1,"Eremurus hilariae chloroplast, complete genome","OL875064.1 Eremurus hilariae chloroplast, complete genome",Eremurus hilariae
OL875065.fasta,OL875065.1,"Eremurus hissaricus chloroplast, complete genome","OL875065.1 Eremurus hissaricus chloroplast, complete genome",Eremurus hissaricus
OL875066.fasta,OL875066.1,"Eremurus iae chloroplast, complete genome","OL875066.1 Eremurus iae chloroplast, complete genome",Eremurus iae
OL852091.fasta,OL852091.1,"Eremurus inderiensis chloroplast, complete genome","OL852091.1 Eremurus inderiensis chloroplast, complete genome",Eremurus inderiensis
OL852093.fasta,OL852093.1,"Eremurus kaufmannii chloroplast, complete genome","OL852093.1 Eremurus kaufmannii chloroplast, complete genome",Eremurus kaufmannii
OL891595.fasta,OL891595.1,"Eremurus korolkowii chloroplast, complete genome","OL891595.1 Eremurus korolkowii chloroplast, complete genome",Eremurus korolkowii
OL875067.fasta,OL875067.1,"Eremurus lachnostegius chloroplast, complete genome","OL875067.1 Eremurus lachnostegius chloroplast, complete genome",Eremurus lachnostegius
OL875070.fasta,OL875070.1,"Eremurus lactiflorus chloroplast, complete genome","OL875070.1 Eremurus lactiflorus chloroplast, complete genome",Eremurus lactiflorus
OL852094.fasta,OL852094.1,"Eremurus luteus chloroplast, complete genome","OL852094.1 Eremurus luteus chloroplast, complete genome",Eremurus luteus
PX504240.fasta,PX504240.1,"Eremurus nuratavicus chloroplast, complete genome","PX504240.1 Eremurus nuratavicus chloroplast, complete genome",Eremurus nuratavicus
OL852095.fasta,OL852095.1,"Eremurus olgae chloroplast, complete genome","OL852095.1 Eremurus olgae chloroplast, complete genome",Eremurus olgae
OL875068.fasta,OL875068.1,"Eremurus regelii chloroplast, complete genome","OL875068.1 Eremurus regelii chloroplast, complete genome",Eremurus regelii
OL875069.fasta,OL875069.1,"Eremurus roseolus chloroplast, complete genome","OL875069.1 Eremurus roseolus chloroplast, complete genome",Eremurus roseolus
OL944401.fasta,OL944401.1,"Eremurus saprjagajevii chloroplast, complete genome","OL944401.1 Eremurus saprjagajevii chloroplast, complete genome",Eremurus saprjagajevii
OL875071.fasta,OL875071.1,"Eremurus soogdianus chloroplast, complete genome","OL875071.1 Eremurus soogdianus chloroplast, complete genome",Eremurus soogdianus
OL891596.fasta,OL891596.1,"Eremurus stenophyllus subsp. ambigens chloroplast, complete genome","OL891596.1 Eremurus stenophyllus subsp. ambigens chloroplast, complete genome",Eremurus stenophyllus
OL875060.fasta,OL875060.1,"Eremurus suworowii chloroplast, complete genome","OL875060.1 Eremurus suworowii chloroplast, complete genome",Eremurus suworowii
OL875059.fasta,OL875059.1,"Eremurus tianschanicus chloroplast, complete genome","OL875059.1 Eremurus tianschanicus chloroplast, complete genome",Eremurus tianschanicus
OL875072.fasta,OL875072.1,"Eremurus turkestanicus chloroplast, complete genome","OL875072.1 Eremurus turkestanicus chloroplast, complete genome",Eremurus turkestanicus
BK070975.fasta,BK070975.1,"Erigeron acris chloroplast, complete genome","BK070975.1 TPA_asm: Erigeron acris chloroplast, complete genome",Erigeron acris
BK070964.fasta,BK070964.1,"Erigeron alpiniformis chloroplast, complete genome","BK070964.1 TPA_asm: Erigeron alpiniformis chloroplast, complete genome",Erigeron alpiniformis
BK070965.fasta,BK070965.1,"Erigeron alpinus chloroplast, complete genome","BK070965.1 TPA_asm: Erigeron alpinus chloroplast, complete genome",Erigeron alpinus
OR909651.fasta,OR909651.1,"Erigeron annuus chloroplast, complete genome","OR909651.1 Erigeron annuus chloroplast, complete genome",Erigeron annuus
BK070966.fasta,BK070966.1,"Erigeron borealis chloroplast, complete genome","BK070966.1 TPA_asm: Erigeron borealis chloroplast, complete genome",Erigeron borealis
BK070967.fasta,BK070967.1,"Erigeron compositus chloroplast, complete genome","BK070967.1 TPA_asm: Erigeron compositus chloroplast, complete genome",Erigeron compositus
BK070968.fasta,BK070968.1,"Erigeron denalii chloroplast, complete genome","BK070968.1 TPA_asm: Erigeron denalii chloroplast, complete genome",Erigeron denalii
BK070969.fasta,BK070969.1,"Erigeron elatus chloroplast, complete genome","BK070969.1 TPA_asm: Erigeron elatus chloroplast, complete genome",Erigeron elatus
BK070970.fasta,BK070970.1,"Erigeron elongatus chloroplast, complete genome","BK070970.1 TPA_asm: Erigeron elongatus chloroplast, complete genome",Erigeron elongatus
BK070963.fasta,BK070963.1,"Erigeron humilis chloroplast, complete genome","BK070963.1 TPA_asm: Erigeron humilis chloroplast, complete genome",Erigeron humilis
BK070971.fasta,BK070971.1,"Erigeron hyperboreus chloroplast, complete genome","BK070971.1 TPA_asm: Erigeron hyperboreus chloroplast, complete genome",Erigeron hyperboreus
BK070972.fasta,BK070972.1,"Erigeron muirii chloroplast, complete genome","BK070972.1 TPA_asm: Erigeron muirii chloroplast, complete genome",Erigeron muirii
BK070973.fasta,BK070973.1,"Erigeron peregrinus chloroplast, complete genome","BK070973.1 TPA_asm: Erigeron peregrinus chloroplast, complete genome",Erigeron peregrinus
BK070976.fasta,BK070976.1,"Erigeron philadelphicus chloroplast, complete genome","BK070976.1 TPA_asm: Erigeron philadelphicus chloroplast, complete genome",Erigeron philadelphicus
BK070974.fasta,BK070974.1,"Erigeron silenifolius chloroplast, complete genome","BK070974.1 TPA_asm: Erigeron silenifolius chloroplast, complete genome",Erigeron silenifolius
BK070977.fasta,BK070977.1,"Erigeron uniflorus subsp. uniflorus chloroplast, complete genome","BK070977.1 TPA_asm: Erigeron uniflorus subsp. uniflorus chloroplast, complete genome",Erigeron uniflorus
PV870815.fasta,PV870815.1,"Erinacea anthyllis voucher Yi14854-Yi Lab chloroplast, complete genome","PV870815.1 Erinacea anthyllis voucher Yi14854-Yi Lab chloroplast, complete genome",Erinacea anthyllis
PX961799.fasta,PX961799.1,"Eriobotrya petiolata chloroplast, complete genome","PX961799.1 Eriobotrya petiolata chloroplast, complete genome",Eriobotrya petiolata
PP056232.fasta,PP056232.1,"Eriocaulon cinereum isolate ZXX211106 chloroplast, complete genome","PP056232.1 Eriocaulon cinereum isolate ZXX211106 chloroplast, complete genome",Eriocaulon cinereum
PQ432183.fasta,PQ432183.1,"Eriolobus florentinus isolate ROS386 voucher Q.Hao#10(National Botanical Garden) chloroplast, complete genome","PQ432183.1 Eriolobus florentinus isolate ROS386 voucher Q.Hao#10(National Botanical Garden) chloroplast, complete genome",Eriolobus florentinus
PV087150.fasta,PV087150.1,"Eriospermum mackenii chloroplast, complete genome","PV087150.1 Eriospermum mackenii chloroplast, complete genome",Eriospermum mackenii
PP165046.fasta,PP165046.1,"Erucastrum nasturtiifolium chloroplast, complete genome","PP165046.1 Erucastrum nasturtiifolium chloroplast, complete genome",Erucastrum nasturtiifolium
PP234512.fasta,PP234512.1,"Erysimum funiculosum isolate p116 chloroplast, complete genome","PP234512.1 Erysimum funiculosum isolate p116 chloroplast, complete genome",Erysimum funiculosum
PX508916.fasta,PX508916.1,"Erysimum menziesii voucher HSC 106351 chloroplast, complete genome","PX508916.1 Erysimum menziesii voucher HSC 106351 chloroplast, complete genome",Erysimum menziesii
PQ469842.fasta,PQ469842.1,"Erythrina variegata chloroplast, complete genome","PQ469842.1 Erythrina variegata chloroplast, complete genome",Erythrina variegata
PX122074.fasta,PX122074.1,"Erythronium albidum chloroplast, complete genome","PX122074.1 Erythronium albidum chloroplast, complete genome",Erythronium albidum
PX122075.fasta,PX122075.1,"Erythronium americanum chloroplast, complete genome","PX122075.1 Erythronium americanum chloroplast, complete genome",Erythronium americanum
PX122076.fasta,PX122076.1,"Erythronium californicum chloroplast, complete genome","PX122076.1 Erythronium californicum chloroplast, complete genome",Erythronium californicum
PX122077.fasta,PX122077.1,"Erythronium caucasicum chloroplast, complete genome","PX122077.1 Erythronium caucasicum chloroplast, complete genome",Erythronium caucasicum
PX122078.fasta,PX122078.1,"Erythronium citrinum chloroplast, complete genome","PX122078.1 Erythronium citrinum chloroplast, complete genome",Erythronium citrinum
PX122079.fasta,PX122079.1,"Erythronium dens-canis chloroplast, complete genome","PX122079.1 Erythronium dens-canis chloroplast, complete genome",Erythronium dens-canis
PX122080.fasta,PX122080.1,"Erythronium grandiflorum chloroplast, complete genome","PX122080.1 Erythronium grandiflorum chloroplast, complete genome",Erythronium grandiflorum
PX122081.fasta,PX122081.1,"Erythronium japonicum chloroplast, complete genome","PX122081.1 Erythronium japonicum chloroplast, complete genome",Erythronium japonicum
PX122082.fasta,PX122082.1,"Erythronium multiscapideum chloroplast, complete genome","PX122082.1 Erythronium multiscapideum chloroplast, complete genome",Erythronium multiscapideum
PX122083.fasta,PX122083.1,"Erythronium revolutum chloroplast, complete genome","PX122083.1 Erythronium revolutum chloroplast, complete genome",Erythronium revolutum
PX122084.fasta,PX122084.1,"Erythronium tuolumnense chloroplast, complete genome","PX122084.1 Erythronium tuolumnense chloroplast, complete genome",Erythronium tuolumnense
PV780506.fasta,PV780506.1,"Eschenbachia leucantha chloroplast, complete genome","PV780506.1 Eschenbachia leucantha chloroplast, complete genome",Eschenbachia leucantha
OL804288.fasta,OL804288.1,"Eucalyptus urophylla x Eucalyptus grandis cultivar 3229 chloroplast, complete genome","OL804288.1 Eucalyptus urophylla x Eucalyptus grandis cultivar 3229 chloroplast, complete genome",Eucalyptus urophylla
PV948728.fasta,PV948728.1,"Euonymus chloranthoides chloroplast, complete genome","PV948728.1 Euonymus chloranthoides chloroplast, complete genome",Euonymus chloranthoides
PX309521.fasta,PX309521.1,"Euonymus japonicus chloroplast, complete genome","PX309521.1 Euonymus japonicus chloroplast, complete genome",Euonymus japonicus
OR909652.fasta,OR909652.1,"Eupatorium cannabinum chloroplast, complete genome","OR909652.1 Eupatorium cannabinum chloroplast, complete genome",Eupatorium cannabinum
PP234591.fasta,PP234591.1,"Euphorbia altotibetica isolate p83 chloroplast, complete genome","PP234591.1 Euphorbia altotibetica isolate p83 chloroplast, complete genome",Euphorbia altotibetica
PX316410.fasta,PX316410.1,"Euphorbia celastroides chloroplast, complete genome","PX316410.1 Euphorbia celastroides chloroplast, complete genome",Euphorbia celastroides
PX316411.fasta,PX316411.1,"Euphorbia corollata chloroplast, complete genome","PX316411.1 Euphorbia corollata chloroplast, complete genome",Euphorbia corollata
PP165067.fasta,PP165067.1,"Euphorbia cyparissias chloroplast, complete genome","PP165067.1 Euphorbia cyparissias chloroplast, complete genome",Euphorbia cyparissias
PP165068.fasta,PP165068.1,"Euphorbia maculata chloroplast, complete genome","PP165068.1 Euphorbia maculata chloroplast, complete genome",Euphorbia maculata
PX400300.fasta,PX400300.1,"Euphorbia milii var. splendens isolate 17585000924469 chloroplast, complete genome","PX400300.1 Euphorbia milii var. splendens isolate 17585000924469 chloroplast, complete genome",Euphorbia milii
PV440225.fasta,PV440225.1,"Euphorbia neriifolia chloroplast, complete genome","PV440225.1 Euphorbia neriifolia chloroplast, complete genome",Euphorbia neriifolia
PZ168867.fasta,PZ168867.1,"Euphorbia resinifera chloroplast, complete genome","PZ168867.1 Euphorbia resinifera chloroplast, complete genome",Euphorbia resinifera
PZ322776.fasta,PZ322776.1,"Euphorbia royleana voucher ZZU:ER01 chloroplast, complete genome","PZ322776.1 Euphorbia royleana voucher ZZU:ER01 chloroplast, complete genome",Euphorbia royleana
PZ094977.fasta,PZ094977.1,"Euphrasia christii chloroplast, complete genome","PZ094977.1 Euphrasia christii chloroplast, complete genome",Euphrasia christii
PZ095197.fasta,PZ095197.1,"Euphrasia cisalpina chloroplast, complete genome","PZ095197.1 Euphrasia cisalpina chloroplast, complete genome",Euphrasia cisalpina
PZ095195.fasta,PZ095195.1,"Euphrasia hirtella chloroplast, complete genome","PZ095195.1 Euphrasia hirtella chloroplast, complete genome",Euphrasia hirtella
PZ095198.fasta,PZ095198.1,"Euphrasia kerneri chloroplast, complete genome","PZ095198.1 Euphrasia kerneri chloroplast, complete genome",Euphrasia kerneri
PZ095194.fasta,PZ095194.1,"Euphrasia minima chloroplast, complete genome","PZ095194.1 Euphrasia minima chloroplast, complete genome",Euphrasia minima
PP335070.fasta,PP335070.1,"Euphrasia officinalis subsp. pratensis chloroplast, complete genome","PP335070.1 Euphrasia officinalis subsp. pratensis chloroplast, complete genome",Euphrasia officinalis
PZ095193.fasta,PZ095193.1,"Euphrasia salisburgensis chloroplast, complete genome","PZ095193.1 Euphrasia salisburgensis chloroplast, complete genome",Euphrasia salisburgensis
PZ094983.fasta,PZ094983.1,"Euroschinus falcatus chloroplast, complete genome","PZ094983.1 Euroschinus falcatus chloroplast, complete genome",Euroschinus falcatus
MK908406.fasta,MK908406.1,"Eurya alata chloroplast, complete genome","MK908406.1 Eurya alata chloroplast, complete genome",Eurya alata
PP999694.fasta,PP999694.1,"Eurya kueichowensis chloroplast, complete genome","PP999694.1 Eurya kueichowensis chloroplast, complete genome",Eurya kueichowensis
PP078679.fasta,PP078679.1,"Eurya muricata isolate ZXX212019 chloroplast, complete genome","PP078679.1 Eurya muricata isolate ZXX212019 chloroplast, complete genome",Eurya muricata
PQ834811.fasta,PQ834811.1,"Eurya nitida chloroplast, complete genome","PQ834811.1 Eurya nitida chloroplast, complete genome",Eurya nitida
PX229833.fasta,PX229833.1,"Euscaphis japonica isolate YYC chloroplast, complete genome","PX229833.1 Euscaphis japonica isolate YYC chloroplast, complete genome",Euscaphis japonica
PQ625802.fasta,PQ625802.1,"Eusideroxylon zwageri chloroplast, complete genome","PQ625802.1 Eusideroxylon zwageri chloroplast, complete genome",Eusideroxylon zwageri
ON729357.fasta,ON729357.1,"Eustigma oblongifolium chloroplast, complete genome","ON729357.1 Eustigma oblongifolium chloroplast, complete genome",Eustigma oblongifolium
PV870800.fasta,PV870800.1,"Eutaxia microphylla voucher Yi14808-KUN chloroplast, complete genome","PV870800.1 Eutaxia microphylla voucher Yi14808-KUN chloroplast, complete genome",Eutaxia microphylla
PX526263.fasta,PX526263.1,"Eutrema scapiflorum chloroplast, complete genome","PX526263.1 Eutrema scapiflorum chloroplast, complete genome",Eutrema scapiflorum
PV132460.fasta,PV132460.1,"Exbucklandia longipetala chloroplast, complete genome","PV132460.1 Exbucklandia longipetala chloroplast, complete genome",Exbucklandia longipetala
PV132470.fasta,PV132470.1,"Exbucklandia populnea chloroplast, complete genome","PV132470.1 Exbucklandia populnea chloroplast, complete genome",Exbucklandia populnea
PV132481.fasta,PV132481.1,"Exbucklandia tonkinensis chloroplast, complete genome","PV132481.1 Exbucklandia tonkinensis chloroplast, complete genome",Exbucklandia tonkinensis
OP686973.fasta,OP686973.1,"Excoecaria agallocha chloroplast, complete genome","OP686973.1 Excoecaria agallocha chloroplast, complete genome",Excoecaria agallocha
PX309522.fasta,PX309522.1,"Excoecaria cochinchinensis chloroplast, complete genome","PX309522.1 Excoecaria cochinchinensis chloroplast, complete genome",Excoecaria cochinchinensis
PP165047.fasta,PP165047.1,"Facchinia rupestris chloroplast, complete genome","PP165047.1 Facchinia rupestris chloroplast, complete genome",Facchinia rupestris
PQ571250.fasta,PQ571250.1,"Fagaropsis angolensis isolate Em157 chloroplast, complete genome","PQ571250.1 Fagaropsis angolensis isolate Em157 chloroplast, complete genome",Fagaropsis angolensis
PQ310233.fasta,PQ310233.1,"Fagaropsis hildebrandtii isolate EM60 chloroplast, complete genome","PQ310233.1 Fagaropsis hildebrandtii isolate EM60 chloroplast, complete genome",Fagaropsis hildebrandtii
PX800900.fasta,PX800900.1,"Fagopyrum dibotrys isolate w33 chloroplast, complete genome","PX800900.1 Fagopyrum dibotrys isolate w33 chloroplast, complete genome",Fagopyrum dibotrys
PX501754.fasta,PX501754.1,"Fagopyrum leptopodum chloroplast, complete genome","PX501754.1 Fagopyrum leptopodum chloroplast, complete genome",Fagopyrum leptopodum
PX309523.fasta,PX309523.1,"Fagraea ceilanica chloroplast, complete genome","PX309523.1 Fagraea ceilanica chloroplast, complete genome",Fagraea ceilanica
PP190946.fasta,PP190946.1,"Fagus sylvatica subsp. sylvatica chloroplast, complete genome","PP190946.1 Fagus sylvatica subsp. sylvatica chloroplast, complete genome",Fagus sylvatica
PV870760.fasta,PV870760.1,"Faidherbia albida voucher OM2104-JRAU chloroplast, complete genome","PV870760.1 Faidherbia albida voucher OM2104-JRAU chloroplast, complete genome",Faidherbia albida
PV367265.fasta,PV367265.1,"Fargesia nana chloroplast, complete genome","PV367265.1 Fargesia nana chloroplast, complete genome",Fargesia nana
PQ472919.fasta,PQ472919.1,"Fargesia nitida chloroplast, complete genome","PQ472919.1 Fargesia nitida chloroplast, complete genome",Fargesia nitida
PX672992.fasta,PX672992.1,"Fargesia qinlingensis isolate FqXG chloroplast, complete genome","PX672992.1 Fargesia qinlingensis isolate FqXG chloroplast, complete genome",Fargesia qinlingensis
PQ472918.fasta,PQ472918.1,"Fargesia yunnanensis chloroplast, complete genome","PQ472918.1 Fargesia yunnanensis chloroplast, complete genome",Fargesia yunnanensis
PP078693.fasta,PP078693.1,"Fatoua villosa isolate DBS00512 chloroplast, complete genome","PP078693.1 Fatoua villosa isolate DBS00512 chloroplast, complete genome",Fatoua villosa
PX562857.fasta,PX562857.1,"Feijoa sellowiana isolate SJTU-AS-001 cultivar Andre chloroplast, complete genome","PX562857.1 Feijoa sellowiana isolate SJTU-AS-001 cultivar Andre chloroplast, complete genome",Feijoa sellowiana
OQ737789.fasta,OQ737789.1,"Fergania polyantha chloroplast, complete genome","OQ737789.1 Fergania polyantha chloroplast, complete genome",Fergania polyantha
PP693041.fasta,PP693041.1,"Ferula communis voucher KEIB_AP_00184 chloroplast, complete genome","PP693041.1 Ferula communis voucher KEIB_AP_00184 chloroplast, complete genome",Ferula communis
PQ468415.fasta,PQ468415.1,"Ferula diversifolia isolate L127 chloroplast, complete genome","PQ468415.1 Ferula diversifolia isolate L127 chloroplast, complete genome",Ferula diversifolia
PQ468414.fasta,PQ468414.1,"Ferula foetidissima isolate L106 chloroplast, complete genome","PQ468414.1 Ferula foetidissima isolate L106 chloroplast, complete genome",Ferula foetidissima
PV938979.fasta,PV938979.1,"Ferula helenae isolate TASH002414 chloroplast, complete genome","PV938979.1 Ferula helenae isolate TASH002414 chloroplast, complete genome",Ferula helenae
PP848979.fasta,PP848979.1,"Ferula heuffelii voucher KEIB_AP_00822 chloroplast, complete genome","PP848979.1 Ferula heuffelii voucher KEIB_AP_00822 chloroplast, complete genome",Ferula heuffelii
OQ351328.fasta,OQ351328.1,"Ferula paeoniifolia chloroplast, complete genome","OQ351328.1 Ferula paeoniifolia chloroplast, complete genome",Ferula paeoniifolia
OM826986.fasta,OM826986.1,"Ferula sibirica chloroplast, complete genome","OM826986.1 Ferula sibirica chloroplast, complete genome",Ferula sibirica
PP078857.fasta,PP078857.1,"Ferulopsis hystrix isolate LLJ230904X chloroplast, complete genome","PP078857.1 Ferulopsis hystrix isolate LLJ230904X chloroplast, complete genome",Ferulopsis hystrix
PP335071.fasta,PP335071.1,"Festuca alpestris chloroplast, complete genome","PP335071.1 Festuca alpestris chloroplast, complete genome",Festuca alpestris
PP335072.fasta,PP335072.1,"Festuca halleri subsp. halleri chloroplast, complete genome","PP335072.1 Festuca halleri subsp. halleri chloroplast, complete genome",Festuca halleri
PP335073.fasta,PP335073.1,"Festuca heterophylla chloroplast, complete genome","PP335073.1 Festuca heterophylla chloroplast, complete genome",Festuca heterophylla
PP335075.fasta,PP335075.1,"Festuca norica chloroplast, complete genome","PP335075.1 Festuca norica chloroplast, complete genome",Festuca norica
PP484615.fasta,PP484615.1,"Festuca pratensis chloroplast, complete genome","PP484615.1 Festuca pratensis chloroplast, complete genome",Festuca pratensis
PP336770.fasta,PP336770.1,"Festuca pulchella var. jurana chloroplast, complete genome","PP336770.1 Festuca pulchella var. jurana chloroplast, complete genome",Festuca pulchella
PP335076.fasta,PP335076.1,"Festuca rubra chloroplast, complete genome","PP335076.1 Festuca rubra chloroplast, complete genome",Festuca rubra
PP335077.fasta,PP335077.1,"Festuca valesiaca chloroplast, complete genome","PP335077.1 Festuca valesiaca chloroplast, complete genome",Festuca valesiaca
PP335078.fasta,PP335078.1,"Festuca varia chloroplast, complete genome","PP335078.1 Festuca varia chloroplast, complete genome",Festuca varia
PP335074.fasta,PP335074.1,"Festuca violacea chloroplast, complete genome","PP335074.1 Festuca violacea chloroplast, complete genome",Festuca violacea
PP541874.fasta,PP541874.1,"Ficaria verna subsp. verna chloroplast, complete genome","PP541874.1 Ficaria verna subsp. verna chloroplast, complete genome",Ficaria verna
PZ094991.fasta,PZ094991.1,"Ficus abelii chloroplast, complete genome","PZ094991.1 Ficus abelii chloroplast, complete genome",Ficus abelii
PZ094988.fasta,PZ094988.1,"Ficus adhatodifolia chloroplast, complete genome","PZ094988.1 Ficus adhatodifolia chloroplast, complete genome",Ficus adhatodifolia
PZ094985.fasta,PZ094985.1,"Ficus aurea chloroplast, complete genome","PZ094985.1 Ficus aurea chloroplast, complete genome",Ficus aurea
PQ526734.fasta,PQ526734.1,"Ficus carica chloroplast, complete genome","PQ526734.1 Ficus carica chloroplast, complete genome",Ficus carica
PQ126534.fasta,PQ126534.1,"Ficus conglobata voucher MT114 chloroplast, complete genome","PQ126534.1 Ficus conglobata voucher MT114 chloroplast, complete genome",Ficus conglobata
PP291718.fasta,PP291718.1,"Ficus erecta voucher JH220720001 chloroplast, complete genome","PP291718.1 Ficus erecta voucher JH220720001 chloroplast, complete genome",Ficus erecta
PQ526730.fasta,PQ526730.1,"Ficus esquiroliana chloroplast, complete genome","PQ526730.1 Ficus esquiroliana chloroplast, complete genome",Ficus esquiroliana
PZ094984.fasta,PZ094984.1,"Ficus eximia chloroplast, complete genome","PZ094984.1 Ficus eximia chloroplast, complete genome",Ficus eximia
PQ526732.fasta,PQ526732.1,"Ficus formosana chloroplast, complete genome","PQ526732.1 Ficus formosana chloroplast, complete genome",Ficus formosana
PZ094986.fasta,PZ094986.1,"Ficus gomelleira chloroplast, complete genome","PZ094986.1 Ficus gomelleira chloroplast, complete genome",Ficus gomelleira
PQ526735.fasta,PQ526735.1,"Ficus hirta chloroplast, complete genome","PQ526735.1 Ficus hirta chloroplast, complete genome",Ficus hirta
PQ526731.fasta,PQ526731.1,"Ficus pandurata chloroplast, complete genome","PQ526731.1 Ficus pandurata chloroplast, complete genome",Ficus pandurata
PZ094992.fasta,PZ094992.1,"Ficus periptera chloroplast, complete genome","PZ094992.1 Ficus periptera chloroplast, complete genome",Ficus periptera
PZ094987.fasta,PZ094987.1,"Ficus pingtangensis chloroplast, complete genome","PZ094987.1 Ficus pingtangensis chloroplast, complete genome",Ficus pingtangensis
PZ094990.fasta,PZ094990.1,"Ficus sagittata chloroplast, complete genome","PZ094990.1 Ficus sagittata chloroplast, complete genome",Ficus sagittata
PP291720.fasta,PP291720.1,"Ficus sarmentosa var. thunbergii voucher TH190616001 chloroplast, complete genome","PP291720.1 Ficus sarmentosa var. thunbergii voucher TH190616001 chloroplast, complete genome",Ficus sarmentosa
PQ526736.fasta,PQ526736.1,"Ficus stenophylla chloroplast, complete genome","PQ526736.1 Ficus stenophylla chloroplast, complete genome",Ficus stenophylla
PZ094989.fasta,PZ094989.1,"Ficus tannoensis chloroplast, complete genome","PZ094989.1 Ficus tannoensis chloroplast, complete genome",Ficus tannoensis
PZ094993.fasta,PZ094993.1,"Ficus wassa chloroplast, complete genome","PZ094993.1 Ficus wassa chloroplast, complete genome",Ficus wassa
PP336747.fasta,PP336747.1,"Filipendula vulgaris chloroplast, complete genome","PP336747.1 Filipendula vulgaris chloroplast, complete genome",Filipendula vulgaris
MW029457.fasta,MW029457.1,"Firmiana pulcherrima voucher PDBK2011-0370 chloroplast, complete genome","MW029457.1 Firmiana pulcherrima voucher PDBK2011-0370 chloroplast, complete genome",Firmiana pulcherrima
PV464028.fasta,PV464028.1,"Flemingia philippinensis chloroplast, complete genome","PV464028.1 Flemingia philippinensis chloroplast, complete genome",Flemingia philippinensis
PV928991.fasta,PV928991.1,"Flemingia prostrata chloroplast, complete genome","PV928991.1 Flemingia prostrata chloroplast, complete genome",Flemingia prostrata
PV938070.fasta,PV938070.1,"Flueggea suffruticosa chloroplast, complete genome","PV938070.1 Flueggea suffruticosa chloroplast, complete genome",Flueggea suffruticosa
OP133571.fasta,OP133571.1,"Fockea edulis voucher C.F. Zhang 6453 chloroplast, complete genome","OP133571.1 Fockea edulis voucher C.F. Zhang 6453 chloroplast, complete genome",Fockea edulis
OP133572.fasta,OP133572.1,"Fockea multiflora voucher C.F. Zhang 6519 chloroplast, complete genome","OP133572.1 Fockea multiflora voucher C.F. Zhang 6519 chloroplast, complete genome",Fockea multiflora
MT948191.fasta,MT948191.1,"Fontanesia philliraeoides voucher PDBK 2009-1271 chloroplast, complete genome","MT948191.1 Fontanesia philliraeoides voucher PDBK 2009-1271 chloroplast, complete genome",Fontanesia philliraeoides
PX851741.fasta,PX851741.1,"Forsskaolea tenacissima chloroplast, complete genome","PX851741.1 Forsskaolea tenacissima chloroplast, complete genome",Forsskaolea tenacissima
PV567261.fasta,PV567261.1,"Forsythia suspensa isolate ENC861303 chloroplast, complete genome","PV567261.1 Forsythia suspensa isolate ENC861303 chloroplast, complete genome",Forsythia suspensa
ON729356.fasta,ON729356.1,"Fortunearia sinensis chloroplast, complete genome","ON729356.1 Fortunearia sinensis chloroplast, complete genome",Fortunearia sinensis
ON729367.fasta,ON729367.1,"Fothergilla gardenii chloroplast, complete genome","ON729367.1 Fothergilla gardenii chloroplast, complete genome",Fothergilla gardenii
PP336748.fasta,PP336748.1,"Fragaria moschata chloroplast, complete genome","PP336748.1 Fragaria moschata chloroplast, complete genome",Fragaria moschata
PQ869157.fasta,PQ869157.1,"Fragaria vesca voucher YW5AF7 chloroplast, complete genome","PQ869157.1 Fragaria vesca voucher YW5AF7 chloroplast, complete genome",Fragaria vesca
PZ351331.fasta,PZ351331.1,"Fragaria x ananassa cultivar Mencir chloroplast, complete genome","PZ351331.1 Fragaria x ananassa cultivar Mencir chloroplast, complete genome",Fragaria ananassa
PQ869158.fasta,PQ869158.1,"Frangula alnus voucher DM506 chloroplast, complete genome","PQ869158.1 Frangula alnus voucher DM506 chloroplast, complete genome",Frangula alnus
PQ456189.fasta,PQ456189.1,"Fraxinus americana isolate MGHY chloroplast, complete genome","PQ456189.1 Fraxinus americana isolate MGHY chloroplast, complete genome",Fraxinus americana
PQ456185.fasta,PQ456185.1,"Fraxinus baroniana isolate FbD chloroplast, complete genome","PQ456185.1 Fraxinus baroniana isolate FbD chloroplast, complete genome",Fraxinus baroniana
PQ456190.fasta,PQ456190.1,"Fraxinus chinensis subsp. rhynchophylla isolate KLBL chloroplast, complete genome","PQ456190.1 Fraxinus chinensis subsp. rhynchophylla isolate KLBL chloroplast, complete genome",Fraxinus chinensis
PQ456183.fasta,PQ456183.1,"Fraxinus excelsior isolate OC chloroplast, complete genome","PQ456183.1 Fraxinus excelsior isolate OC chloroplast, complete genome",Fraxinus excelsior
PP336751.fasta,PP336751.1,"Fraxinus ornus subsp. ornus chloroplast, complete genome","PP336751.1 Fraxinus ornus subsp. ornus chloroplast, complete genome",Fraxinus ornus
PQ456184.fasta,PQ456184.1,"Fraxinus paxiana isolate Fp chloroplast, complete genome","PQ456184.1 Fraxinus paxiana isolate Fp chloroplast, complete genome",Fraxinus paxiana
PQ456187.fasta,PQ456187.1,"Fraxinus pennsylvanica isolate MGHC chloroplast, complete genome","PQ456187.1 Fraxinus pennsylvanica isolate MGHC chloroplast, complete genome",Fraxinus pennsylvanica
PQ456188.fasta,PQ456188.1,"Fraxinus sogdiana isolate XJXY chloroplast, complete genome","PQ456188.1 Fraxinus sogdiana isolate XJXY chloroplast, complete genome",Fraxinus sogdiana
PV256541.fasta,PV256541.1,"Fraxinus velutina isolate RMC chloroplast, complete genome","PV256541.1 Fraxinus velutina isolate RMC chloroplast, complete genome",Fraxinus velutina
PV236216.fasta,PV236216.1,"Fremontodendron californicum voucher DAV:238751 chloroplast, complete genome","PV236216.1 Fremontodendron californicum voucher DAV:238751 chloroplast, complete genome",Fremontodendron californicum
PX427815.fasta,PX427815.1,"Fritillaria anhuiensis isolate ZXL21008 chloroplast, complete genome","PX427815.1 Fritillaria anhuiensis isolate ZXL21008 chloroplast, complete genome",Fritillaria anhuiensis
OR935788.fasta,OR935788.1,"Fritillaria baisunensis isolate F17 chloroplast, complete genome","OR935788.1 Fritillaria baisunensis isolate F17 chloroplast, complete genome",Fritillaria baisunensis
OR935789.fasta,OR935789.1,"Fritillaria bucharica isolate F07 chloroplast, complete genome","OR935789.1 Fritillaria bucharica isolate F07 chloroplast, complete genome",Fritillaria bucharica
PX427817.fasta,PX427817.1,"Fritillaria cirrhosa var. ecirrhosa isolate ZXL19363 chloroplast, complete genome","PX427817.1 Fritillaria cirrhosa var. ecirrhosa isolate ZXL19363 chloroplast, complete genome",Fritillaria cirrhosa
PX427819.fasta,PX427819.1,"Fritillaria crassicaulis isolate ZXL21041 chloroplast, complete genome","PX427819.1 Fritillaria crassicaulis isolate ZXL21041 chloroplast, complete genome",Fritillaria crassicaulis
PX427820.fasta,PX427820.1,"Fritillaria davidii isolate ZXL21025 chloroplast, complete genome","PX427820.1 Fritillaria davidii isolate ZXL21025 chloroplast, complete genome",Fritillaria davidii
PX427821.fasta,PX427821.1,"Fritillaria delavayi isolate ZXL21073 chloroplast, complete genome","PX427821.1 Fritillaria delavayi isolate ZXL21073 chloroplast, complete genome",Fritillaria delavayi
OR935791.fasta,OR935791.1,"Fritillaria eduardii isolate F10 chloroplast, complete genome","OR935791.1 Fritillaria eduardii isolate F10 chloroplast, complete genome",Fritillaria eduardii
OR935793.fasta,OR935793.1,"Fritillaria ferganensis isolate F14 chloroplast, complete genome","OR935793.1 Fritillaria ferganensis isolate F14 chloroplast, complete genome",Fritillaria ferganensis
OR935794.fasta,OR935794.1,"Fritillaria gibbosa isolate F01 chloroplast, complete genome","OR935794.1 Fritillaria gibbosa isolate F01 chloroplast, complete genome",Fritillaria gibbosa
PX427826.fasta,PX427826.1,"Fritillaria karelinii isolate ZXL25019 chloroplast, complete genome","PX427826.1 Fritillaria karelinii isolate ZXL25019 chloroplast, complete genome",Fritillaria karelinii
PX427827.fasta,PX427827.1,"Fritillaria maximowiczii isolate ZXL21051 chloroplast, complete genome","PX427827.1 Fritillaria maximowiczii isolate ZXL21051 chloroplast, complete genome",Fritillaria maximowiczii
PX427828.fasta,PX427828.1,"Fritillaria mellea isolate ZXL21068 chloroplast, complete genome","PX427828.1 Fritillaria mellea isolate ZXL21068 chloroplast, complete genome",Fritillaria mellea
OR935797.fasta,OR935797.1,"Fritillaria olgae isolate F19 chloroplast, complete genome","OR935797.1 Fritillaria olgae isolate F19 chloroplast, complete genome",Fritillaria olgae
PX427831.fasta,PX427831.1,"Fritillaria pallidiflora isolate MH24041948 chloroplast, complete genome","PX427831.1 Fritillaria pallidiflora isolate MH24041948 chloroplast, complete genome",Fritillaria pallidiflora
PX427833.fasta,PX427833.1,"Fritillaria przewalskii isolate SYC201901 chloroplast, complete genome","PX427833.1 Fritillaria przewalskii isolate SYC201901 chloroplast, complete genome",Fritillaria przewalskii
OR935799.fasta,OR935799.1,"Fritillaria rugillosa isolate F04 chloroplast, complete genome","OR935799.1 Fritillaria rugillosa isolate F04 chloroplast, complete genome",Fritillaria rugillosa
OR935802.fasta,OR935802.1,"Fritillaria sewerzowii isolate F06 chloroplast, complete genome","OR935802.1 Fritillaria sewerzowii isolate F06 chloroplast, complete genome",Fritillaria sewerzowii
PX427834.fasta,PX427834.1,"Fritillaria sichuanica isolate SYC200801 chloroplast, complete genome","PX427834.1 Fritillaria sichuanica isolate SYC200801 chloroplast, complete genome",Fritillaria sichuanica
OR935804.fasta,OR935804.1,"Fritillaria stenanthera isolate F03 chloroplast, complete genome","OR935804.1 Fritillaria stenanthera isolate F03 chloroplast, complete genome",Fritillaria stenanthera
PX427837.fasta,PX427837.1,"Fritillaria taipaiensis isolate ZXL19423 chloroplast, complete genome","PX427837.1 Fritillaria taipaiensis isolate ZXL19423 chloroplast, complete genome",Fritillaria taipaiensis
PX427838.fasta,PX427838.1,"Fritillaria thunbergii isolate ZXL19001 chloroplast, complete genome","PX427838.1 Fritillaria thunbergii isolate ZXL19001 chloroplast, complete genome",Fritillaria thunbergii
PX427839.fasta,PX427839.1,"Fritillaria unibracteata var. maculata isolate SYC202209 chloroplast, complete genome","PX427839.1 Fritillaria unibracteata var. maculata isolate SYC202209 chloroplast, complete genome",Fritillaria unibracteata
PX427840.fasta,PX427840.1,"Fritillaria usuriensis isolate MH24041947 chloroplast, complete genome","PX427840.1 Fritillaria usuriensis isolate MH24041947 chloroplast, complete genome",Fritillaria usuriensis
PP165048.fasta,PP165048.1,"Fumana procumbens chloroplast, complete genome","PP165048.1 Fumana procumbens chloroplast, complete genome",Fumana procumbens
PV870707.fasta,PV870707.1,"Gabonius ngouniensis voucher 20905-MO chloroplast, complete genome","PV870707.1 Gabonius ngouniensis voucher 20905-MO chloroplast, complete genome",Gabonius ngouniensis
PP336752.fasta,PP336752.1,"Gagea lutea chloroplast, complete genome","PP336752.1 Gagea lutea chloroplast, complete genome",Gagea lutea
PQ317942.fasta,PQ317942.1,"Gagea tibetica chloroplast, complete genome","PQ317942.1 Gagea tibetica chloroplast, complete genome",Gagea tibetica
PV870688.fasta,PV870688.1,"Gagnebina commersoniana voucher 1023-MO chloroplast, complete genome","PV870688.1 Gagnebina commersoniana voucher 1023-MO chloroplast, complete genome",Gagnebina commersoniana
PV870696.fasta,PV870696.1,"Gagnebina pterocarpa voucher 1218-MO chloroplast, complete genome","PV870696.1 Gagnebina pterocarpa voucher 1218-MO chloroplast, complete genome",Gagnebina pterocarpa
BK071845.fasta,BK071845.1,"Galactites tomentosa chloroplast, complete genome","BK071845.1 TPA_asm: Galactites tomentosa chloroplast, complete genome",Galactites tomentosa
OR884993.fasta,OR884993.1,"Galanthus nivalis chloroplast, complete genome","OR884993.1 Galanthus nivalis chloroplast, complete genome",Galanthus nivalis
PP190947.fasta,PP190947.1,"Galeopsis pubescens chloroplast, complete genome","PP190947.1 Galeopsis pubescens chloroplast, complete genome",Galeopsis pubescens
PP190948.fasta,PP190948.1,"Galeopsis tetrahit chloroplast, complete genome","PP190948.1 Galeopsis tetrahit chloroplast, complete genome",Galeopsis tetrahit
PP336753.fasta,PP336753.1,"Galium aparine chloroplast, complete genome","PP336753.1 Galium aparine chloroplast, complete genome",Galium aparine
PP234520.fasta,PP234520.1,"Galium spurium isolate p130 chloroplast, complete genome","PP234520.1 Galium spurium isolate p130 chloroplast, complete genome",Galium spurium
OR783477.fasta,OR783477.1,"Gamochaeta capitata chloroplast, complete genome","OR783477.1 Gamochaeta capitata chloroplast, complete genome",Gamochaeta capitata
OR783471.fasta,OR783471.1,"Gamochaeta erythractis chloroplast, complete genome","OR783471.1 Gamochaeta erythractis chloroplast, complete genome",Gamochaeta erythractis
PP228198.fasta,PP228198.1,"Garcinia aristata chloroplast, complete genome","PP228198.1 Garcinia aristata chloroplast, complete genome",Garcinia aristata
PX171332.fasta,PX171332.1,"Garcinia binucao voucher GB2324 chloroplast, complete genome","PX171332.1 Garcinia binucao voucher GB2324 chloroplast, complete genome",Garcinia binucao
PV110184.fasta,PV110184.1,"Garcinia bracteata (nom. inval.) chloroplast, complete genome","PV110184.1 Garcinia bracteata (nom. inval.) chloroplast, complete genome",Garcinia bracteata
PX781195.fasta,PX781195.1,"Garcinia brasiliensis chloroplast, complete genome","PX781195.1 Garcinia brasiliensis chloroplast, complete genome",Garcinia brasiliensis
PP191178.fasta,PP191178.1,"Garcinia celebica chloroplast, complete genome","PP191178.1 Garcinia celebica chloroplast, complete genome",Garcinia celebica
PV110183.fasta,PV110183.1,"Garcinia hanburyi chloroplast, complete genome","PV110183.1 Garcinia hanburyi chloroplast, complete genome",Garcinia hanburyi
PX644754.fasta,PX644754.1,"Garcinia humilis chloroplast, complete genome","PX644754.1 Garcinia humilis chloroplast, complete genome",Garcinia humilis
PP179384.fasta,PP179384.1,"Garcinia indica chloroplast, complete genome","PP179384.1 Garcinia indica chloroplast, complete genome",Garcinia indica
PP179383.fasta,PP179383.1,"Garcinia madruno chloroplast, complete genome","PP179383.1 Garcinia madruno chloroplast, complete genome",Garcinia madruno
PX644753.fasta,PX644753.1,"Garcinia multiflora chloroplast, complete genome","PX644753.1 Garcinia multiflora chloroplast, complete genome",Garcinia multiflora
PP191179.fasta,PP191179.1,"Garcinia schomburgkiana chloroplast, complete genome","PP191179.1 Garcinia schomburgkiana chloroplast, complete genome",Garcinia schomburgkiana
PP178667.fasta,PP178667.1,"Garcinia tetralata chloroplast, complete genome","PP178667.1 Garcinia tetralata chloroplast, complete genome",Garcinia tetralata
PP073962.fasta,PP073962.1,"Garcinia yunnanensis chloroplast, complete genome","PP073962.1 Garcinia yunnanensis chloroplast, complete genome",Garcinia yunnanensis
PX309524.fasta,PX309524.1,"Gardenia jasminoides chloroplast, complete genome","PX309524.1 Gardenia jasminoides chloroplast, complete genome",Gardenia jasminoides
PP078689.fasta,PP078689.1,"Gardneria multiflora isolate ZXX21928 chloroplast, complete genome","PP078689.1 Gardneria multiflora isolate ZXX21928 chloroplast, complete genome",Gardneria multiflora
OQ348517.fasta,OQ348517.1,"Garrya buxifolia chloroplast, complete genome","OQ348517.1 Garrya buxifolia chloroplast, complete genome",Garrya buxifolia
PP963516.fasta,PP963516.1,"Gastrochilus acinacifolius chloroplast, complete genome","PP963516.1 Gastrochilus acinacifolius chloroplast, complete genome",Gastrochilus acinacifolius
PP963517.fasta,PP963517.1,"Gastrochilus distichus chloroplast, complete genome","PP963517.1 Gastrochilus distichus chloroplast, complete genome",Gastrochilus distichus
PP963518.fasta,PP963518.1,"Gastrochilus malipoensis chloroplast, complete genome","PP963518.1 Gastrochilus malipoensis chloroplast, complete genome",Gastrochilus malipoensis
PP942372.fasta,PP942372.1,"Gastrochilus obovatifolius chloroplast, complete genome","PP942372.1 Gastrochilus obovatifolius chloroplast, complete genome",Gastrochilus obovatifolius
PP963519.fasta,PP963519.1,"Gastrochilus prionophyllus chloroplast, complete genome","PP963519.1 Gastrochilus prionophyllus chloroplast, complete genome",Gastrochilus prionophyllus
PP963520.fasta,PP963520.1,"Gastrochilus yunnanensis chloroplast, complete genome","PP963520.1 Gastrochilus yunnanensis chloroplast, complete genome",Gastrochilus yunnanensis
PV870803.fasta,PV870803.1,"Gastrolobium praemorsum voucher Yi14812-KUN chloroplast, complete genome","PV870803.1 Gastrolobium praemorsum voucher Yi14812-KUN chloroplast, complete genome",Gastrolobium praemorsum
PV739433.fasta,PV739433.1,"Gazania rigens chloroplast, complete genome","PV739433.1 Gazania rigens chloroplast, complete genome",Gazania rigens
PX370051.fasta,PX370051.1,"Gelasia circumflexa voucher S1 chloroplast, complete genome","PX370051.1 Gelasia circumflexa voucher S1 chloroplast, complete genome",Gelasia circumflexa
PX924390.fasta,PX924390.1,"Gelasia sericeolanata chloroplast, complete genome","PX924390.1 Gelasia sericeolanata chloroplast, complete genome",Gelasia sericeolanata
PP999719.fasta,PP999719.1,"Gelidocalamus albozonatus chloroplast, complete genome","PP999719.1 Gelidocalamus albozonatus chloroplast, complete genome",Gelidocalamus albozonatus
PP999733.fasta,PP999733.1,"Gelidocalamus annulatus chloroplast, complete genome","PP999733.1 Gelidocalamus annulatus chloroplast, complete genome",Gelidocalamus annulatus
PV849988.fasta,PV849988.1,"Gelidocalamus dongdingensis chloroplast, complete genome","PV849988.1 Gelidocalamus dongdingensis chloroplast, complete genome",Gelidocalamus dongdingensis
PP999722.fasta,PP999722.1,"Gelidocalamus fengkaiensis chloroplast, complete genome","PP999722.1 Gelidocalamus fengkaiensis chloroplast, complete genome",Gelidocalamus fengkaiensis
PP999723.fasta,PP999723.1,"Gelidocalamus kunishii chloroplast, complete genome","PP999723.1 Gelidocalamus kunishii chloroplast, complete genome",Gelidocalamus kunishii
PP999742.fasta,PP999742.1,"Gelidocalamus latifolius chloroplast, complete genome","PP999742.1 Gelidocalamus latifolius chloroplast, complete genome",Gelidocalamus latifolius
PP999729.fasta,PP999729.1,"Gelidocalamus longiinternodus chloroplast, complete genome","PP999729.1 Gelidocalamus longiinternodus chloroplast, complete genome",Gelidocalamus longiinternodus
PP999725.fasta,PP999725.1,"Gelidocalamus monophyllus isolate HNMS001(JXAU) chloroplast, complete genome","PP999725.1 Gelidocalamus monophyllus isolate HNMS001(JXAU) chloroplast, complete genome",Gelidocalamus monophyllus
PP999735.fasta,PP999735.1,"Gelidocalamus multifolius chloroplast, complete genome","PP999735.1 Gelidocalamus multifolius chloroplast, complete genome",Gelidocalamus multifolius
PP999726.fasta,PP999726.1,"Gelidocalamus rutilans chloroplast, complete genome","PP999726.1 Gelidocalamus rutilans chloroplast, complete genome",Gelidocalamus rutilans
PP999736.fasta,PP999736.1,"Gelidocalamus solidus chloroplast, complete genome","PP999736.1 Gelidocalamus solidus chloroplast, complete genome",Gelidocalamus solidus
PP681659.fasta,PP681659.1,"Gelidocalamus stellatus voucher NZY212 chloroplast, complete genome","PP681659.1 Gelidocalamus stellatus voucher NZY212 chloroplast, complete genome",Gelidocalamus stellatus
PP999732.fasta,PP999732.1,"Gelidocalamus subsolidus isolate YK012(JXAU) chloroplast, complete genome","PP999732.1 Gelidocalamus subsolidus isolate YK012(JXAU) chloroplast, complete genome",Gelidocalamus subsolidus
PP999739.fasta,PP999739.1,"Gelidocalamus tessellatus chloroplast, complete genome","PP999739.1 Gelidocalamus tessellatus chloroplast, complete genome",Gelidocalamus tessellatus
PP999730.fasta,PP999730.1,"Gelidocalamus xunwuensis isolate XLG007(JXAU) chloroplast, complete genome","PP999730.1 Gelidocalamus xunwuensis isolate XLG007(JXAU) chloroplast, complete genome",Gelidocalamus xunwuensis
PP203116.fasta,PP203116.1,"Genista germanica chloroplast, complete genome","PP203116.1 Genista germanica chloroplast, complete genome",Genista germanica
PP203117.fasta,PP203117.1,"Genista tinctoria chloroplast, complete genome","PP203117.1 Genista tinctoria chloroplast, complete genome",Genista tinctoria
PP203118.fasta,PP203118.1,"Gentiana acaulis chloroplast, complete genome","PP203118.1 Gentiana acaulis chloroplast, complete genome",Gentiana acaulis
PP203119.fasta,PP203119.1,"Gentiana clusii chloroplast, complete genome","PP203119.1 Gentiana clusii chloroplast, complete genome",Gentiana clusii
PQ137794.fasta,PQ137794.1,"Gentiana crassa subsp. rigescens chloroplast, complete genome","PQ137794.1 Gentiana crassa subsp. rigescens chloroplast, complete genome",Gentiana crassa
PP203120.fasta,PP203120.1,"Gentiana cruciata subsp. cruciata chloroplast, complete genome","PP203120.1 Gentiana cruciata subsp. cruciata chloroplast, complete genome",Gentiana cruciata
PP203121.fasta,PP203121.1,"Gentiana lutea subsp. vardjanii chloroplast, complete genome","PP203121.1 Gentiana lutea subsp. vardjanii chloroplast, complete genome",Gentiana lutea
PP203122.fasta,PP203122.1,"Gentiana pneumonanthe chloroplast, complete genome","PP203122.1 Gentiana pneumonanthe chloroplast, complete genome",Gentiana pneumonanthe
PP203123.fasta,PP203123.1,"Gentiana punctata chloroplast, complete genome","PP203123.1 Gentiana punctata chloroplast, complete genome",Gentiana punctata
OP837515.fasta,OP837515.1,"Gentianopsis barbata isolate bl1 chloroplast, complete genome","OP837515.1 Gentianopsis barbata isolate bl1 chloroplast, complete genome",Gentianopsis barbata
OP837516.fasta,OP837516.1,"Gentianopsis grandis isolate BL3 chloroplast, complete genome","OP837516.1 Gentianopsis grandis isolate BL3 chloroplast, complete genome",Gentianopsis grandis
PX414090.fasta,PX414090.1,"Geum aleppicum voucher Li QQ 20220812064 chloroplast, complete genome","PX414090.1 Geum aleppicum voucher Li QQ 20220812064 chloroplast, complete genome",Geum aleppicum
PX414094.fasta,PX414094.1,"Geum elatum var. elatum voucher Li QQ 20230720004 chloroplast, complete genome","PX414094.1 Geum elatum var. elatum voucher Li QQ 20230720004 chloroplast, complete genome",Geum elatum
PX414097.fasta,PX414097.1,"Geum henryi voucher Li QQ 20220718002 chloroplast, complete genome","PX414097.1 Geum henryi voucher Li QQ 20220718002 chloroplast, complete genome",Geum henryi
PX414100.fasta,PX414100.1,"Geum japonicum var. chinense voucher Li QQ 20220713001 chloroplast, complete genome","PX414100.1 Geum japonicum var. chinense voucher Li QQ 20220713001 chloroplast, complete genome",Geum japonicum
PP336754.fasta,PP336754.1,"Geum rivale chloroplast, complete genome","PP336754.1 Geum rivale chloroplast, complete genome",Geum rivale
PQ869159.fasta,PQ869159.1,"Geum urbanum voucher Maarten Christenhusz 9055 chloroplast, complete genome","PQ869159.1 Geum urbanum voucher Maarten Christenhusz 9055 chloroplast, complete genome",Geum urbanum
PQ472920.fasta,PQ472920.1,"Gigantochloa atroviolacea chloroplast, complete genome","PQ472920.1 Gigantochloa atroviolacea chloroplast, complete genome",Gigantochloa atroviolacea
PX427808.fasta,PX427808.1,"Gigantochloa falcihumeris chloroplast, complete genome","PX427808.1 Gigantochloa falcihumeris chloroplast, complete genome",Gigantochloa falcihumeris
PV870713.fasta,PV870713.1,"Gilbertiodendron ogoouense voucher 20411-MO chloroplast, complete genome","PV870713.1 Gilbertiodendron ogoouense voucher 20411-MO chloroplast, complete genome",Gilbertiodendron ogoouense
ON929842.fasta,ON929842.1,"Girgensohnia oppositiflora chloroplast, complete genome","ON929842.1 Girgensohnia oppositiflora chloroplast, complete genome",Girgensohnia oppositiflora
PX501758.fasta,PX501758.1,"Glandularia tenera chloroplast, complete genome","PX501758.1 Glandularia tenera chloroplast, complete genome",Glandularia tenera
PP203124.fasta,PP203124.1,"Glechoma cf. hirsuta chloroplast, complete genome","PP203124.1 Glechoma cf. hirsuta chloroplast, complete genome",Glechoma cf
PP203125.fasta,PP203125.1,"Glechoma hederacea chloroplast, complete genome","PP203125.1 Glechoma hederacea chloroplast, complete genome",Glechoma hederacea
PP203126.fasta,PP203126.1,"Glechoma hirsuta chloroplast, complete genome","PP203126.1 Glechoma hirsuta chloroplast, complete genome",Glechoma hirsuta
PV998909.fasta,PV998909.1,"Gleditsia japonica var. velutina chloroplast, complete genome","PV998909.1 Gleditsia japonica var. velutina chloroplast, complete genome",Gleditsia japonica
PQ563254.fasta,PQ563254.1,"Glehnia littoralis chloroplast, complete genome","PQ563254.1 Glehnia littoralis chloroplast, complete genome",Glehnia littoralis
PX430557.fasta,PX430557.1,"Globba racemosa isolate ZJQZ chloroplast, complete genome","PX430557.1 Globba racemosa isolate ZJQZ chloroplast, complete genome",Globba racemosa
PP336757.fasta,PP336757.1,"Globularia bisnagarica chloroplast, complete genome","PP336757.1 Globularia bisnagarica chloroplast, complete genome",Globularia bisnagarica
PP336755.fasta,PP336755.1,"Globularia cordifolia chloroplast, complete genome","PP336755.1 Globularia cordifolia chloroplast, complete genome",Globularia cordifolia
PP336756.fasta,PP336756.1,"Globularia nudicaulis chloroplast, complete genome","PP336756.1 Globularia nudicaulis chloroplast, complete genome",Globularia nudicaulis
PV700501.fasta,PV700501.1,"Glochidion puberum chloroplast, complete genome","PV700501.1 Glochidion puberum chloroplast, complete genome",Glochidion puberum
PP190460.fasta,PP190460.1,"Glomera acutiflora chloroplast, complete genome","PP190460.1 Glomera acutiflora chloroplast, complete genome",Glomera acutiflora
PZ098586.fasta,PZ098586.1,"Glyceria acutiflora voucher NY:2687602 chloroplast, complete genome","PZ098586.1 Glyceria acutiflora voucher NY:2687602 chloroplast, complete genome",Glyceria acutiflora
PZ098607.fasta,PZ098607.1,"Glyceria alnasteretum voucher NY:4313427 chloroplast, complete genome","PZ098607.1 Glyceria alnasteretum voucher NY:4313427 chloroplast, complete genome",Glyceria alnasteretum
PZ098378.fasta,PZ098378.1,"Glyceria australis voucher K:K003211665 chloroplast, complete genome","PZ098378.1 Glyceria australis voucher K:K003211665 chloroplast, complete genome",Glyceria australis
PZ098588.fasta,PZ098588.1,"Glyceria borealis voucher NY:1774717 chloroplast, complete genome","PZ098588.1 Glyceria borealis voucher NY:1774717 chloroplast, complete genome",Glyceria borealis
PZ098590.fasta,PZ098590.1,"Glyceria canadensis voucher NY:200479 chloroplast, complete genome","PZ098590.1 Glyceria canadensis voucher NY:200479 chloroplast, complete genome",Glyceria canadensis
PZ098381.fasta,PZ098381.1,"Glyceria declinata voucher K:K003210527 chloroplast, complete genome","PZ098381.1 Glyceria declinata voucher K:K003210527 chloroplast, complete genome",Glyceria declinata
PZ098318.fasta,PZ098318.1,"Glyceria depauperata voucher US:3985235 chloroplast, complete genome","PZ098318.1 Glyceria depauperata voucher US:3985235 chloroplast, complete genome",Glyceria depauperata
PZ098380.fasta,PZ098380.1,"Glyceria drummondii voucher K:K003211658 chloroplast, complete genome","PZ098380.1 Glyceria drummondii voucher K:K003211658 chloroplast, complete genome",Glyceria drummondii
PZ098592.fasta,PZ098592.1,"Glyceria elata voucher NY:1112403 chloroplast, complete genome","PZ098592.1 Glyceria elata voucher NY:1112403 chloroplast, complete genome",Glyceria elata
PZ098604.fasta,PZ098604.1,"Glyceria fluitans voucher NY:2530924 chloroplast, complete genome","PZ098604.1 Glyceria fluitans voucher NY:2530924 chloroplast, complete genome",Glyceria fluitans
PZ098593.fasta,PZ098593.1,"Glyceria grandis voucher NY:1775551 chloroplast, complete genome","PZ098593.1 Glyceria grandis voucher NY:1775551 chloroplast, complete genome",Glyceria grandis
PZ098403.fasta,PZ098403.1,"Glyceria insularis voucher K:K000863174 chloroplast, complete genome","PZ098403.1 Glyceria insularis voucher K:K000863174 chloroplast, complete genome",Glyceria insularis
PZ098319.fasta,PZ098319.1,"Glyceria ischyroneura voucher US:3985437 chloroplast, complete genome","PZ098319.1 Glyceria ischyroneura voucher US:3985437 chloroplast, complete genome",Glyceria ischyroneura
PZ098379.fasta,PZ098379.1,"Glyceria latispicea voucher K:K000392489 chloroplast, complete genome","PZ098379.1 Glyceria latispicea voucher K:K000392489 chloroplast, complete genome",Glyceria latispicea
PZ098321.fasta,PZ098321.1,"Glyceria leptolepis voucher US:3985363 chloroplast, complete genome","PZ098321.1 Glyceria leptolepis voucher US:3985363 chloroplast, complete genome",Glyceria leptolepis
PZ098374.fasta,PZ098374.1,"Glyceria leptostachya voucher UC 1153836 chloroplast, complete genome","PZ098374.1 Glyceria leptostachya voucher UC 1153836 chloroplast, complete genome",Glyceria leptostachya
PZ098608.fasta,PZ098608.1,"Glyceria lithuanica voucher NY:4313443 chloroplast, complete genome","PZ098608.1 Glyceria lithuanica voucher NY:4313443 chloroplast, complete genome",Glyceria lithuanica
PZ098605.fasta,PZ098605.1,"Glyceria maxima voucher NY chloroplast, complete genome","PZ098605.1 Glyceria maxima voucher NY chloroplast, complete genome",Glyceria maxima
PZ098596.fasta,PZ098596.1,"Glyceria melicaria voucher NY:2236053 chloroplast, complete genome","PZ098596.1 Glyceria melicaria voucher NY:2236053 chloroplast, complete genome",Glyceria melicaria
PZ098603.fasta,PZ098603.1,"Glyceria multiflora voucher NY chloroplast, complete genome","PZ098603.1 Glyceria multiflora voucher NY chloroplast, complete genome",Glyceria multiflora
PZ098383.fasta,PZ098383.1,"Glyceria nemoralis voucher K:K003210246 chloroplast, complete genome","PZ098383.1 Glyceria nemoralis voucher K:K003210246 chloroplast, complete genome",Glyceria nemoralis
PZ098288.fasta,PZ098288.1,"Glyceria notata voucher US:1069768 chloroplast, complete genome","PZ098288.1 Glyceria notata voucher US:1069768 chloroplast, complete genome",Glyceria notata
PZ098316.fasta,PZ098316.1,"Glyceria nubigena voucher US:3983929 chloroplast, complete genome","PZ098316.1 Glyceria nubigena voucher US:3983929 chloroplast, complete genome",Glyceria nubigena
PZ098597.fasta,PZ098597.1,"Glyceria obtusa voucher NY:3287729 chloroplast, complete genome","PZ098597.1 Glyceria obtusa voucher NY:3287729 chloroplast, complete genome",Glyceria obtusa
PZ098375.fasta,PZ098375.1,"Glyceria pulchella voucher UC 982071 chloroplast, complete genome","PZ098375.1 Glyceria pulchella voucher UC 982071 chloroplast, complete genome",Glyceria pulchella
PZ098614.fasta,PZ098614.1,"Glyceria septentrionalis voucher NY:2147574 chloroplast, complete genome","PZ098614.1 Glyceria septentrionalis voucher NY:2147574 chloroplast, complete genome",Glyceria septentrionalis
PZ098385.fasta,PZ098385.1,"Glyceria spiculosa voucher K:K003211464 chloroplast, complete genome","PZ098385.1 Glyceria spiculosa voucher K:K003211464 chloroplast, complete genome",Glyceria spiculosa
PZ098602.fasta,PZ098602.1,"Glyceria striata voucher NY:2147563 chloroplast, complete genome","PZ098602.1 Glyceria striata voucher NY:2147563 chloroplast, complete genome",Glyceria striata
PZ098323.fasta,PZ098323.1,"Glyceria tonglensis voucher US:3985414 chloroplast, complete genome","PZ098323.1 Glyceria tonglensis voucher US:3985414 chloroplast, complete genome",Glyceria tonglensis
PZ098280.fasta,PZ098280.1,"Glyceria triflora voucher US:FE-060 chloroplast, complete genome","PZ098280.1 Glyceria triflora voucher US:FE-060 chloroplast, complete genome",Glyceria triflora
PV685034.fasta,PV685034.1,"Glycine max isolate 172567598072663 chloroplast, complete genome","PV685034.1 Glycine max isolate 172567598072663 chloroplast, complete genome",Glycine max
PV685028.fasta,PV685028.1,"Glycine soja isolate 174411704137271 chloroplast, complete genome","PV685028.1 Glycine soja isolate 174411704137271 chloroplast, complete genome",Glycine soja
PQ474255.fasta,PQ474255.1,"Glycine tabacina chloroplast, complete genome","PQ474255.1 Glycine tabacina chloroplast, complete genome",Glycine tabacina
PQ474252.fasta,PQ474252.1,"Glycine tomentella chloroplast, complete genome","PQ474252.1 Glycine tomentella chloroplast, complete genome",Glycine tomentella
PV158117.fasta,PV158117.1,"Glycyrrhiza eurycarpa x Glycyrrhiza uralensis chloroplast, complete genome","PV158117.1 Glycyrrhiza eurycarpa x Glycyrrhiza uralensis chloroplast, complete genome",Glycyrrhiza eurycarpa
PV158119.fasta,PV158119.1,"Glycyrrhiza inflata chloroplast, complete genome","PV158119.1 Glycyrrhiza inflata chloroplast, complete genome",Glycyrrhiza inflata
PV158120.fasta,PV158120.1,"Glycyrrhiza uralensis x Glycyrrhiza inflata chloroplast, complete genome","PV158120.1 Glycyrrhiza uralensis x Glycyrrhiza inflata chloroplast, complete genome",Glycyrrhiza uralensis
PX904544.fasta,PX904544.1,"Gmelina asiatica voucher GA202501PT chloroplast, complete genome","PX904544.1 Gmelina asiatica voucher GA202501PT chloroplast, complete genome",Gmelina asiatica
OR771722.fasta,OR771722.1,"Gnaphalium palustre chloroplast, complete genome","OR771722.1 Gnaphalium palustre chloroplast, complete genome",Gnaphalium palustre
OP133587.fasta,OP133587.1,"Gomphocarpus physocarpus voucher C.F. Zhang 6060 chloroplast, complete genome","OP133587.1 Gomphocarpus physocarpus voucher C.F. Zhang 6060 chloroplast, complete genome",Gomphocarpus physocarpus
OM961047.fasta,OM961047.1,"Goodyera foliosa chloroplast, complete genome","OM961047.1 Goodyera foliosa chloroplast, complete genome",Goodyera foliosa
MN064718.fasta,MN064718.1,"Graptopetalum paraguayense chloroplast, complete genome","MN064718.1 Graptopetalum paraguayense chloroplast, complete genome",Graptopetalum paraguayense
PV870681.fasta,PV870681.1,"Grazielodendron riodocensis voucher Cardoso 2219-HUEFS chloroplast, complete genome","PV870681.1 Grazielodendron riodocensis voucher Cardoso 2219-HUEFS chloroplast, complete genome",Grazielodendron riodocensis
PV096988.fasta,PV096988.1,"Grewia tembensis voucher UQU_GT2025 chloroplast, complete genome","PV096988.1 Grewia tembensis voucher UQU_GT2025 chloroplast, complete genome",Grewia tembensis
PQ899559.fasta,PQ899559.1,"Griffitharia atrosanguinea voucher 1333 chloroplast, complete genome","PQ899559.1 Griffitharia atrosanguinea voucher 1333 chloroplast, complete genome",Griffitharia atrosanguinea
PQ899560.fasta,PQ899560.1,"Griffitharia guanii voucher 1343 chloroplast, complete genome","PQ899560.1 Griffitharia guanii voucher 1343 chloroplast, complete genome",Griffitharia guanii
PQ899562.fasta,PQ899562.1,"Griffitharia needhamii voucher 1492 chloroplast, complete genome","PQ899562.1 Griffitharia needhamii voucher 1492 chloroplast, complete genome",Griffitharia needhamii
ON929875.fasta,ON929875.1,"Grubovia dasyphylla chloroplast, complete genome","ON929875.1 Grubovia dasyphylla chloroplast, complete genome",Grubovia dasyphylla
PQ472921.fasta,PQ472921.1,"Guadua angustifolia chloroplast, complete genome","PQ472921.1 Guadua angustifolia chloroplast, complete genome",Guadua angustifolia
PV870828.fasta,PV870828.1,"Gueldenstaedtia guangxiensis voucher Yi15308-Yi Lab chloroplast, complete genome","PV870828.1 Gueldenstaedtia guangxiensis voucher Yi15308-Yi Lab chloroplast, complete genome",Gueldenstaedtia guangxiensis
PV870757.fasta,PV870757.1,"Guilandina bonduc voucher OM3615-JRAU chloroplast, complete genome","PV870757.1 Guilandina bonduc voucher OM3615-JRAU chloroplast, complete genome",Guilandina bonduc
PV763356.fasta,PV763356.1,"Guilandina minax chloroplast, complete genome","PV763356.1 Guilandina minax chloroplast, complete genome",Guilandina minax
PX380678.fasta,PX380678.1,"Gymnaconitum gymnandrum isolate 20200805004 chloroplast, complete genome","PX380678.1 Gymnaconitum gymnandrum isolate 20200805004 chloroplast, complete genome",Gymnaconitum gymnandrum
PP336759.fasta,PP336759.1,"Gymnadenia conopsea chloroplast, complete genome","PP336759.1 Gymnadenia conopsea chloroplast, complete genome",Gymnadenia conopsea
PP484628.fasta,PP484628.1,"Gymnadenia nigra chloroplast, complete genome","PP484628.1 Gymnadenia nigra chloroplast, complete genome",Gymnadenia nigra
PP336760.fasta,PP336760.1,"Gymnadenia odoratissima chloroplast, complete genome","PP336760.1 Gymnadenia odoratissima chloroplast, complete genome",Gymnadenia odoratissima
PP484629.fasta,PP484629.1,"Gymnadenia rhellicani chloroplast, complete genome","PP484629.1 Gymnadenia rhellicani chloroplast, complete genome",Gymnadenia rhellicani
PX309525.fasta,PX309525.1,"Gymnanthemum amygdalinum chloroplast, complete genome","PX309525.1 Gymnanthemum amygdalinum chloroplast, complete genome",Gymnanthemum amygdalinum
OP133579.fasta,OP133579.1,"Gymnema latifolium voucher C.F. Zhang et al. 6195 chloroplast, complete genome","OP133579.1 Gymnema latifolium voucher C.F. Zhang et al. 6195 chloroplast, complete genome",Gymnema latifolium
OP133577.fasta,OP133577.1,"Gymnema yunnanense voucher C.F. Zhang 5993 chloroplast, complete genome","OP133577.1 Gymnema yunnanense voucher C.F. Zhang 5993 chloroplast, complete genome",Gymnema yunnanense
PV608437.fasta,PV608437.1,"Gymnotheca involucrata chloroplast, complete genome","PV608437.1 Gymnotheca involucrata chloroplast, complete genome",Gymnotheca involucrata
PP413696.fasta,PP413696.1,"Gynostemma longipes voucher PS2048MT003 chloroplast, complete genome","PP413696.1 Gynostemma longipes voucher PS2048MT003 chloroplast, complete genome",Gynostemma longipes
PP413691.fasta,PP413691.1,"Gynostemma pentaphyllum voucher PS0462MT001 chloroplast, complete genome","PP413691.1 Gynostemma pentaphyllum voucher PS0462MT001 chloroplast, complete genome",Gynostemma pentaphyllum
PV700086.fasta,PV700086.1,"Gypsophila vaccaria chloroplast, complete genome","PV700086.1 Gypsophila vaccaria chloroplast, complete genome",Gypsophila vaccaria
PX503672.fasta,PX503672.1,"Haastia pulvinaris chloroplast, complete genome","PX503672.1 Haastia pulvinaris chloroplast, complete genome",Haastia pulvinaris
PV294933.fasta,PV294933.1,"Habenaria delavayi chloroplast, complete genome","PV294933.1 Habenaria delavayi chloroplast, complete genome",Habenaria delavayi
OQ446465.fasta,OQ446465.1,"Haenianthus salicifolius voucher 91992-0039 chloroplast, complete genome","OQ446465.1 Haenianthus salicifolius voucher 91992-0039 chloroplast, complete genome",Haenianthus salicifolius
OP837519.fasta,OP837519.1,"Halenia elliptica isolate TY2 chloroplast, complete genome","OP837519.1 Halenia elliptica isolate TY2 chloroplast, complete genome",Halenia elliptica
PV621857.fasta,PV621857.1,"Halerpestes sarmentosa chloroplast, complete genome","PV621857.1 Halerpestes sarmentosa chloroplast, complete genome",Halerpestes sarmentosa
PP234556.fasta,PP234556.1,"Halerpestes tricuspis isolate p42 chloroplast, complete genome","PP234556.1 Halerpestes tricuspis isolate p42 chloroplast, complete genome",Halerpestes tricuspis
ON929838.fasta,ON929838.1,"Halimocnemis karelinii chloroplast, complete genome","ON929838.1 Halimocnemis karelinii chloroplast, complete genome",Halimocnemis karelinii
ON929837.fasta,ON929837.1,"Halimocnemis longifolia chloroplast, complete genome","ON929837.1 Halimocnemis longifolia chloroplast, complete genome",Halimocnemis longifolia
ON929844.fasta,ON929844.1,"Halogeton arachnoideus chloroplast, complete genome","ON929844.1 Halogeton arachnoideus chloroplast, complete genome",Halogeton arachnoideus
ON929843.fasta,ON929843.1,"Halogeton glomeratus chloroplast, complete genome","ON929843.1 Halogeton glomeratus chloroplast, complete genome",Halogeton glomeratus
PV993971.fasta,PV993971.1,"Halophila beccarii isolate BKXYC2 chloroplast, complete genome","PV993971.1 Halophila beccarii isolate BKXYC2 chloroplast, complete genome",Halophila beccarii
PV993969.fasta,PV993969.1,"Halophila ovalis isolate LYXYC11 chloroplast, complete genome","PV993969.1 Halophila ovalis isolate LYXYC11 chloroplast, complete genome",Halophila ovalis
ON929840.fasta,ON929840.1,"Haloxylon ammodendron chloroplast, complete genome","ON929840.1 Haloxylon ammodendron chloroplast, complete genome",Haloxylon ammodendron
ON729365.fasta,ON729365.1,"Hamamelis mollis chloroplast, complete genome","ON729365.1 Hamamelis mollis chloroplast, complete genome",Hamamelis mollis
ON729366.fasta,ON729366.1,"Hamamelis x intermedia cultivar Feuerzauber chloroplast, complete genome","ON729366.1 Hamamelis x intermedia cultivar Feuerzauber chloroplast, complete genome",Hamamelis intermedia
PQ551007.fasta,PQ551007.1,"Hansenia forbesii chloroplast, complete genome","PQ551007.1 Hansenia forbesii chloroplast, complete genome",Hansenia forbesii
PQ551063.fasta,PQ551063.1,"Hansenia forrestii chloroplast, complete genome","PQ551063.1 Hansenia forrestii chloroplast, complete genome",Hansenia forrestii
PQ551008.fasta,PQ551008.1,"Hansenia himalayensis chloroplast, complete genome","PQ551008.1 Hansenia himalayensis chloroplast, complete genome",Hansenia himalayensis
PQ551064.fasta,PQ551064.1,"Hansenia phaea chloroplast, complete genome","PQ551064.1 Hansenia phaea chloroplast, complete genome",Hansenia phaea
PQ551060.fasta,PQ551060.1,"Hansenia weberbaueriana chloroplast, complete genome","PQ551060.1 Hansenia weberbaueriana chloroplast, complete genome",Hansenia weberbaueriana
PV870750.fasta,PV870750.1,"Haplormosia monophylla voucher G. Walters 661-MO chloroplast, complete genome","PV870750.1 Haplormosia monophylla voucher G. Walters 661-MO chloroplast, complete genome",Haplormosia monophylla
OR712475.fasta,OR712475.1,"Harmandia mekongensis voucher Koizumi 1411 chloroplast, complete genome","OR712475.1 Harmandia mekongensis voucher Koizumi 1411 chloroplast, complete genome",Harmandia mekongensis
PV021566.fasta,PV021566.1,"Harrisonia abyssinica isolate EM42 chloroplast, complete genome","PV021566.1 Harrisonia abyssinica isolate EM42 chloroplast, complete genome",Harrisonia abyssinica
PZ379501.fasta,PZ379501.1,"Haworthiopsis fasciata chloroplast, complete genome","PZ379501.1 Haworthiopsis fasciata chloroplast, complete genome",Haworthiopsis fasciata
PQ772791.fasta,PQ772791.1,"Hayarum mirispathum chloroplast, complete genome","PQ772791.1 Hayarum mirispathum chloroplast, complete genome",Hayarum mirispathum
PP883925.fasta,PP883925.1,"Hebecarpa caracasana chloroplast, complete genome","PP883925.1 Hebecarpa caracasana chloroplast, complete genome",Hebecarpa caracasana
PX328984.fasta,PX328984.1,"Hedera helix chloroplast, complete genome","PX328984.1 Hedera helix chloroplast, complete genome",Hedera helix
PQ728888.fasta,PQ728888.1,"Hedyosmum bonplandianum chloroplast, complete genome","PQ728888.1 Hedyosmum bonplandianum chloroplast, complete genome",Hedyosmum bonplandianum
PQ728889.fasta,PQ728889.1,"Hedyosmum brenesii chloroplast, complete genome","PQ728889.1 Hedyosmum brenesii chloroplast, complete genome",Hedyosmum brenesii
PQ728890.fasta,PQ728890.1,"Hedyosmum goudotianum chloroplast, complete genome","PQ728890.1 Hedyosmum goudotianum chloroplast, complete genome",Hedyosmum goudotianum
PQ728891.fasta,PQ728891.1,"Hedyosmum maximum chloroplast, complete genome","PQ728891.1 Hedyosmum maximum chloroplast, complete genome",Hedyosmum maximum
PQ728892.fasta,PQ728892.1,"Hedyosmum mexicanum chloroplast, complete genome","PQ728892.1 Hedyosmum mexicanum chloroplast, complete genome",Hedyosmum mexicanum
PQ728893.fasta,PQ728893.1,"Hedyosmum nutans chloroplast, complete genome","PQ728893.1 Hedyosmum nutans chloroplast, complete genome",Hedyosmum nutans
PQ728894.fasta,PQ728894.1,"Hedyosmum orientale chloroplast, complete genome","PQ728894.1 Hedyosmum orientale chloroplast, complete genome",Hedyosmum orientale
PQ728895.fasta,PQ728895.1,"Hedyosmum peruvianum chloroplast, complete genome","PQ728895.1 Hedyosmum peruvianum chloroplast, complete genome",Hedyosmum peruvianum
PV972820.fasta,PV972820.1,"Hedyotis taishanensis isolate HT1-1 chloroplast, complete genome","PV972820.1 Hedyotis taishanensis isolate HT1-1 chloroplast, complete genome",Hedyotis taishanensis
OQ736730.fasta,OQ736730.1,"Hedysarum baldshuanicum chloroplast, complete genome","OQ736730.1 Hedysarum baldshuanicum chloroplast, complete genome",Hedysarum baldshuanicum
OQ736741.fasta,OQ736741.1,"Hedysarum bucharicum chloroplast, complete genome","OQ736741.1 Hedysarum bucharicum chloroplast, complete genome",Hedysarum bucharicum
OQ736745.fasta,OQ736745.1,"Hedysarum chaitocarpum chloroplast, complete genome","OQ736745.1 Hedysarum chaitocarpum chloroplast, complete genome",Hedysarum chaitocarpum
OQ736748.fasta,OQ736748.1,"Hedysarum cumuschtanicum chloroplast, complete genome","OQ736748.1 Hedysarum cumuschtanicum chloroplast, complete genome",Hedysarum cumuschtanicum
OQ736735.fasta,OQ736735.1,"Hedysarum daraut-kurganicum chloroplast, complete genome","OQ736735.1 Hedysarum daraut-kurganicum chloroplast, complete genome",Hedysarum daraut-kurganicum
OQ736726.fasta,OQ736726.1,"Hedysarum denticulatum chloroplast, complete genome","OQ736726.1 Hedysarum denticulatum chloroplast, complete genome",Hedysarum denticulatum
OQ736734.fasta,OQ736734.1,"Hedysarum gypsaceum chloroplast, complete genome","OQ736734.1 Hedysarum gypsaceum chloroplast, complete genome",Hedysarum gypsaceum
OQ736729.fasta,OQ736729.1,"Hedysarum hemithamnoides chloroplast, complete genome","OQ736729.1 Hedysarum hemithamnoides chloroplast, complete genome",Hedysarum hemithamnoides
OQ736738.fasta,OQ736738.1,"Hedysarum iomuticum chloroplast, complete genome","OQ736738.1 Hedysarum iomuticum chloroplast, complete genome",Hedysarum iomuticum
OQ736727.fasta,OQ736727.1,"Hedysarum jaxarticum chloroplast, complete genome","OQ736727.1 Hedysarum jaxarticum chloroplast, complete genome",Hedysarum jaxarticum
PZ369839.fasta,PZ369839.1,"Hedysarum longigynophorum isolate xz47 chloroplast, complete genome","PZ369839.1 Hedysarum longigynophorum isolate xz47 chloroplast, complete genome",Hedysarum longigynophorum
OQ736736.fasta,OQ736736.1,"Hedysarum mogianicum chloroplast, complete genome","OQ736736.1 Hedysarum mogianicum chloroplast, complete genome",Hedysarum mogianicum
OQ736742.fasta,OQ736742.1,"Hedysarum montanum chloroplast, complete genome","OQ736742.1 Hedysarum montanum chloroplast, complete genome",Hedysarum montanum
OQ736746.fasta,OQ736746.1,"Hedysarum nuratense chloroplast, complete genome","OQ736746.1 Hedysarum nuratense chloroplast, complete genome",Hedysarum nuratense
OQ736744.fasta,OQ736744.1,"Hedysarum olgae chloroplast, complete genome","OQ736744.1 Hedysarum olgae chloroplast, complete genome",Hedysarum olgae
OQ736749.fasta,OQ736749.1,"Hedysarum plumosum chloroplast, complete genome","OQ736749.1 Hedysarum plumosum chloroplast, complete genome",Hedysarum plumosum
PZ369840.fasta,PZ369840.1,"Hedysarum polybotrys isolate xz24 chloroplast, complete genome","PZ369840.1 Hedysarum polybotrys isolate xz24 chloroplast, complete genome",Hedysarum polybotrys
OQ736737.fasta,OQ736737.1,"Hedysarum popovii chloroplast, complete genome","OQ736737.1 Hedysarum popovii chloroplast, complete genome",Hedysarum popovii
OQ736740.fasta,OQ736740.1,"Hedysarum pskemense chloroplast, complete genome","OQ736740.1 Hedysarum pskemense chloroplast, complete genome",Hedysarum pskemense
PZ369841.fasta,PZ369841.1,"Hedysarum sikkimense isolate xz05 chloroplast, complete genome","PZ369841.1 Hedysarum sikkimense isolate xz05 chloroplast, complete genome",Hedysarum sikkimense
OQ736733.fasta,OQ736733.1,"Hedysarum sunhangii chloroplast, complete genome","OQ736733.1 Hedysarum sunhangii chloroplast, complete genome",Hedysarum sunhangii
OQ736731.fasta,OQ736731.1,"Hedysarum talassicum chloroplast, complete genome","OQ736731.1 Hedysarum talassicum chloroplast, complete genome",Hedysarum talassicum
PZ369842.fasta,PZ369842.1,"Hedysarum tanguticum isolate xz06 chloroplast, complete genome","PZ369842.1 Hedysarum tanguticum isolate xz06 chloroplast, complete genome",Hedysarum tanguticum
OQ736743.fasta,OQ736743.1,"Hedysarum taschkendicum chloroplast, complete genome","OQ736743.1 Hedysarum taschkendicum chloroplast, complete genome",Hedysarum taschkendicum
OQ736728.fasta,OQ736728.1,"Hedysarum turkestanicum chloroplast, complete genome","OQ736728.1 Hedysarum turkestanicum chloroplast, complete genome",Hedysarum turkestanicum
PX666003.fasta,PX666003.1,"Helianthus angustifolius voucher PI664719 chloroplast, complete genome","PX666003.1 Helianthus angustifolius voucher PI664719 chloroplast, complete genome",Helianthus angustifolius
ON087701.fasta,ON087701.1,"Helianthus annuus cultivar longshangkui5 chloroplast, complete genome","ON087701.1 Helianthus annuus cultivar longshangkui5 chloroplast, complete genome",Helianthus annuus
PV541157.fasta,PV541157.1,"Helianthus ciliaris cultivar PI 653550 chloroplast, complete genome","PV541157.1 Helianthus ciliaris cultivar PI 653550 chloroplast, complete genome",Helianthus ciliaris
PX666000.fasta,PX666000.1,"Helianthus debilis chloroplast, complete genome","PX666000.1 Helianthus debilis chloroplast, complete genome",Helianthus debilis
PQ788851.fasta,PQ788851.1,"Helianthus exilis voucher NPS-GRIN PI 664632 chloroplast, complete genome","PQ788851.1 Helianthus exilis voucher NPS-GRIN PI 664632 chloroplast, complete genome",Helianthus exilis
PX666086.fasta,PX666086.1,"Helianthus floridanus voucher PI468715 chloroplast, complete genome","PX666086.1 Helianthus floridanus voucher PI468715 chloroplast, complete genome",Helianthus floridanus
PV138132.fasta,PV138132.1,"Helianthus laevigatus cultivar PI 664722 chloroplast, complete genome","PV138132.1 Helianthus laevigatus cultivar PI 664722 chloroplast, complete genome",Helianthus laevigatus
PX683780.fasta,PX683780.1,"Helianthus neglectus isolate MON300 chloroplast, complete genome","PX683780.1 Helianthus neglectus isolate MON300 chloroplast, complete genome",Helianthus neglectus
PQ789229.fasta,PQ789229.1,"Helianthus niveus subsp. tephrodes isolate 80 chloroplast, complete genome","PQ789229.1 Helianthus niveus subsp. tephrodes isolate 80 chloroplast, complete genome",Helianthus niveus
OP978504.fasta,OP978504.1,"Helianthus nuttallii subsp. nuttallii chloroplast, complete genome","OP978504.1 Helianthus nuttallii subsp. nuttallii chloroplast, complete genome",Helianthus nuttallii
PX651954.fasta,PX651954.1,"Helianthus porteri chloroplast, complete genome","PX651954.1 Helianthus porteri chloroplast, complete genome",Helianthus porteri
PZ143189.fasta,PZ143189.1,"Helianthus resinosus voucher PI650081 chloroplast, complete genome","PZ143189.1 Helianthus resinosus voucher PI650081 chloroplast, complete genome",Helianthus resinosus
PQ638943.fasta,PQ638943.1,"Helianthus winteri chloroplast, complete genome","PQ638943.1 Helianthus winteri chloroplast, complete genome",Helianthus winteri
PX309526.fasta,PX309526.1,"Heliconia acuminata chloroplast, complete genome","PX309526.1 Heliconia acuminata chloroplast, complete genome",Heliconia acuminata
MW029459.fasta,MW029459.1,"Helicteres hirsuta voucher PDBK2009-0729 chloroplast, complete genome","MW029459.1 Helicteres hirsuta voucher PDBK2009-0729 chloroplast, complete genome",Helicteres hirsuta
PX570609.fasta,PX570609.1,"Helicteres isora chloroplast, complete genome","PX570609.1 Helicteres isora chloroplast, complete genome",Helicteres isora
PP336761.fasta,PP336761.1,"Helictotrichon parlatorei chloroplast, complete genome","PP336761.1 Helictotrichon parlatorei chloroplast, complete genome",Helictotrichon parlatorei
PV339531.fasta,PV339531.1,"Heliocauta atlantica voucher IA2348 chloroplast, complete genome","PV339531.1 Heliocauta atlantica voucher IA2348 chloroplast, complete genome",Heliocauta atlantica
PX394256.fasta,PX394256.1,"Heliopsis helianthoides chloroplast, complete genome","PX394256.1 Heliopsis helianthoides chloroplast, complete genome",Heliopsis helianthoides
PP336763.fasta,PP336763.1,"Helleborus niger chloroplast, complete genome","PP336763.1 Helleborus niger chloroplast, complete genome",Helleborus niger
OR990539.fasta,OR990539.1,"Helminthotheca echioides chloroplast, complete genome","OR990539.1 Helminthotheca echioides chloroplast, complete genome",Helminthotheca echioides
PP056233.fasta,PP056233.1,"Helwingia japonica isolate HJD1268 chloroplast, complete genome","PP056233.1 Helwingia japonica isolate HJD1268 chloroplast, complete genome",Helwingia japonica
PZ379502.fasta,PZ379502.1,"Hemerocallis middendorffii chloroplast, complete genome","PZ379502.1 Hemerocallis middendorffii chloroplast, complete genome",Hemerocallis middendorffii
PX505290.fasta,PX505290.1,"Hemiboea liana chloroplast, complete genome","PX505290.1 Hemiboea liana chloroplast, complete genome",Hemiboea liana
PX505291.fasta,PX505291.1,"Hemiboea lutea chloroplast, complete genome","PX505291.1 Hemiboea lutea chloroplast, complete genome",Hemiboea lutea
PX505292.fasta,PX505292.1,"Hemiboea roseoalba chloroplast, complete genome","PX505292.1 Hemiboea roseoalba chloroplast, complete genome",Hemiboea roseoalba
PX505293.fasta,PX505293.1,"Hemiboea shimentaiensis chloroplast, complete genome","PX505293.1 Hemiboea shimentaiensis chloroplast, complete genome",Hemiboea shimentaiensis
PX505294.fasta,PX505294.1,"Hemiboea subcapitata chloroplast, complete genome","PX505294.1 Hemiboea subcapitata chloroplast, complete genome",Hemiboea subcapitata
PX388148.fasta,PX388148.1,"Hemiboea yongfuensis chloroplast, complete genome","PX388148.1 Hemiboea yongfuensis chloroplast, complete genome",Hemiboea yongfuensis
PV904159.fasta,PV904159.1,"Hemidesmus indicus voucher TRS-M2 chloroplast, complete genome","PV904159.1 Hemidesmus indicus voucher TRS-M2 chloroplast, complete genome",Hemidesmus indicus
PP999315.fasta,PP999315.1,"Hemipilia henryi chloroplast, complete genome","PP999315.1 Hemipilia henryi chloroplast, complete genome",Hemipilia henryi
PP979534.fasta,PP979534.1,"Hemipilia pinguicula chloroplast, complete genome","PP979534.1 Hemipilia pinguicula chloroplast, complete genome",Hemipilia pinguicula
PP999314.fasta,PP999314.1,"Hemipilia zhuxiensis chloroplast, complete genome","PP999314.1 Hemipilia zhuxiensis chloroplast, complete genome",Hemipilia zhuxiensis
ON880468.fasta,ON880468.1,"Hemsleya carnosiflora chloroplast, complete genome","ON880468.1 Hemsleya carnosiflora chloroplast, complete genome",Hemsleya carnosiflora
OR884994.fasta,OR884994.1,"Heracleum mantegazzianum chloroplast, complete genome","OR884994.1 Heracleum mantegazzianum chloroplast, complete genome",Heracleum mantegazzianum
OR896880.fasta,OR896880.1,"Heracleum sphondylium subsp. pyrenaicum chloroplast, complete genome","OR896880.1 Heracleum sphondylium subsp. pyrenaicum chloroplast, complete genome",Heracleum sphondylium
OP651896.fasta,OP651896.1,"Heritiera fomes chloroplast, complete genome","OP651896.1 Heritiera fomes chloroplast, complete genome",Heritiera fomes
PQ851716.fasta,PQ851716.1,"Herpetospermum darjeelingense chloroplast, complete genome","PQ851716.1 Herpetospermum darjeelingense chloroplast, complete genome",Herpetospermum darjeelingense
PQ010082.fasta,PQ010082.1,"Heteranthera dubia voucher Barrett and Graham 1406 chloroplast, complete genome","PQ010082.1 Heteranthera dubia voucher Barrett and Graham 1406 chloroplast, complete genome",Heteranthera dubia
PQ010083.fasta,PQ010083.1,"Heteranthera limosa voucher Sousa 531 chloroplast, complete genome","PQ010083.1 Heteranthera limosa voucher Sousa 531 chloroplast, complete genome",Heteranthera limosa
PQ010103.fasta,PQ010103.1,"Heteranthera lutea voucher Bogner 2055 chloroplast, complete genome","PQ010103.1 Heteranthera lutea voucher Bogner 2055 chloroplast, complete genome",Heteranthera lutea
PQ010084.fasta,PQ010084.1,"Heteranthera mexicana voucher Novelo 1016 chloroplast, complete genome","PQ010084.1 Heteranthera mexicana voucher Novelo 1016 chloroplast, complete genome",Heteranthera mexicana
PQ010085.fasta,PQ010085.1,"Heteranthera multiflora voucher Sousa 334 chloroplast, complete genome","PQ010085.1 Heteranthera multiflora voucher Sousa 334 chloroplast, complete genome",Heteranthera multiflora
PQ010086.fasta,PQ010086.1,"Heteranthera oblongifolia voucher Sousa 554 chloroplast, complete genome","PQ010086.1 Heteranthera oblongifolia voucher Sousa 554 chloroplast, complete genome",Heteranthera oblongifolia
PQ010087.fasta,PQ010087.1,"Heteranthera reniformis voucher Sousa 540 chloroplast, complete genome","PQ010087.1 Heteranthera reniformis voucher Sousa 540 chloroplast, complete genome",Heteranthera reniformis
PQ010088.fasta,PQ010088.1,"Heteranthera rotundifolia voucher Sousa 271 chloroplast, complete genome","PQ010088.1 Heteranthera rotundifolia voucher Sousa 271 chloroplast, complete genome",Heteranthera rotundifolia
PQ010089.fasta,PQ010089.1,"Heteranthera seubertiana voucher Sousa 549 chloroplast, complete genome","PQ010089.1 Heteranthera seubertiana voucher Sousa 549 chloroplast, complete genome",Heteranthera seubertiana
PQ010090.fasta,PQ010090.1,"Heteranthera zosterifolia voucher Barrett 1413 chloroplast, complete genome","PQ010090.1 Heteranthera zosterifolia voucher Barrett 1413 chloroplast, complete genome",Heteranthera zosterifolia
PV087151.fasta,PV087151.1,"Heteropolygonatum alte-lobatum chloroplast, complete genome","PV087151.1 Heteropolygonatum alte-lobatum chloroplast, complete genome",Heteropolygonatum alte-lobatum
PQ526705.fasta,PQ526705.1,"Heteropolygonatum binatifolium isolate ZYL-34 chloroplast, complete genome","PQ526705.1 Heteropolygonatum binatifolium isolate ZYL-34 chloroplast, complete genome",Heteropolygonatum binatifolium
PV087152.fasta,PV087152.1,"Heteropolygonatum pendulum chloroplast, complete genome","PV087152.1 Heteropolygonatum pendulum chloroplast, complete genome",Heteropolygonatum pendulum
OP133585.fasta,OP133585.1,"Heterostemma oblongifolium voucher C.F. Zhang et al. 6299 chloroplast, complete genome","OP133585.1 Heterostemma oblongifolium voucher C.F. Zhang et al. 6299 chloroplast, complete genome",Heterostemma oblongifolium
PZ347669.fasta,PZ347669.1,"Heterostemma pingtaoi isolate A9 chloroplast, complete genome","PZ347669.1 Heterostemma pingtaoi isolate A9 chloroplast, complete genome",Heterostemma pingtaoi
PZ138198.fasta,PZ138198.1,"Hevea brasiliensis chloroplast, complete genome","PZ138198.1 Hevea brasiliensis chloroplast, complete genome",Hevea brasiliensis
PX694246.fasta,PX694246.1,"Hibiscus acetosella isolate M12 chloroplast, complete genome","PX694246.1 Hibiscus acetosella isolate M12 chloroplast, complete genome",Hibiscus acetosella
PV666612.fasta,PV666612.1,"Hibiscus aponeurus chloroplast, complete genome","PV666612.1 Hibiscus aponeurus chloroplast, complete genome",Hibiscus aponeurus
PX694256.fasta,PX694256.1,"Hibiscus aridicola isolate M23 chloroplast, complete genome","PX694256.1 Hibiscus aridicola isolate M23 chloroplast, complete genome",Hibiscus aridicola
PX694264.fasta,PX694264.1,"Hibiscus cannabinus isolate M31 chloroplast, complete genome","PX694264.1 Hibiscus cannabinus isolate M31 chloroplast, complete genome",Hibiscus cannabinus
PX694236.fasta,PX694236.1,"Hibiscus coccineus isolate M02 chloroplast, complete genome","PX694236.1 Hibiscus coccineus isolate M02 chloroplast, complete genome",Hibiscus coccineus
PV666613.fasta,PV666613.1,"Hibiscus denudatus chloroplast, complete genome","PV666613.1 Hibiscus denudatus chloroplast, complete genome",Hibiscus denudatus
PV666614.fasta,PV666614.1,"Hibiscus fuscus chloroplast, complete genome","PV666614.1 Hibiscus fuscus chloroplast, complete genome",Hibiscus fuscus
PX694248.fasta,PX694248.1,"Hibiscus glanduliferus isolate M14 chloroplast, complete genome","PX694248.1 Hibiscus glanduliferus isolate M14 chloroplast, complete genome",Hibiscus glanduliferus
PX694268.fasta,PX694268.1,"Hibiscus heterophyllus isolate M35 chloroplast, complete genome","PX694268.1 Hibiscus heterophyllus isolate M35 chloroplast, complete genome",Hibiscus heterophyllus
PX694257.fasta,PX694257.1,"Hibiscus indicus isolate M24 chloroplast, complete genome","PX694257.1 Hibiscus indicus isolate M24 chloroplast, complete genome",Hibiscus indicus
PX694261.fasta,PX694261.1,"Hibiscus labordei isolate M28 chloroplast, complete genome","PX694261.1 Hibiscus labordei isolate M28 chloroplast, complete genome",Hibiscus labordei
PX694241.fasta,PX694241.1,"Hibiscus lobatus isolate M07 chloroplast, complete genome","PX694241.1 Hibiscus lobatus isolate M07 chloroplast, complete genome",Hibiscus lobatus
PX694243.fasta,PX694243.1,"Hibiscus macilwraithensis isolate M09 chloroplast, complete genome","PX694243.1 Hibiscus macilwraithensis isolate M09 chloroplast, complete genome",Hibiscus macilwraithensis
PX694265.fasta,PX694265.1,"Hibiscus makinoi isolate M32 chloroplast, complete genome","PX694265.1 Hibiscus makinoi isolate M32 chloroplast, complete genome",Hibiscus makinoi
PV666615.fasta,PV666615.1,"Hibiscus micranthus chloroplast, complete genome","PV666615.1 Hibiscus micranthus chloroplast, complete genome",Hibiscus micranthus
PX694262.fasta,PX694262.1,"Hibiscus moscheutos isolate M29 chloroplast, complete genome","PX694262.1 Hibiscus moscheutos isolate M29 chloroplast, complete genome",Hibiscus moscheutos
PX694279.fasta,PX694279.1,"Hibiscus mutabilis isolate M54 chloroplast, complete genome","PX694279.1 Hibiscus mutabilis isolate M54 chloroplast, complete genome",Hibiscus mutabilis
PZ059920.fasta,PZ059920.1,"Hibiscus paramutabilis chloroplast, complete genome","PZ059920.1 Hibiscus paramutabilis chloroplast, complete genome",Hibiscus paramutabilis
PX694247.fasta,PX694247.1,"Hibiscus rosa-sinensis isolate M13 chloroplast, complete genome","PX694247.1 Hibiscus rosa-sinensis isolate M13 chloroplast, complete genome",Hibiscus rosa-sinensis
PX694237.fasta,PX694237.1,"Hibiscus sabdariffa isolate M03 chloroplast, complete genome","PX694237.1 Hibiscus sabdariffa isolate M03 chloroplast, complete genome",Hibiscus sabdariffa
PX694249.fasta,PX694249.1,"Hibiscus surattensis isolate M15 chloroplast, complete genome","PX694249.1 Hibiscus surattensis isolate M15 chloroplast, complete genome",Hibiscus surattensis
PX694252.fasta,PX694252.1,"Hibiscus syriacus isolate M19 chloroplast, complete genome","PX694252.1 Hibiscus syriacus isolate M19 chloroplast, complete genome",Hibiscus syriacus
PX694259.fasta,PX694259.1,"Hibiscus taiwanensis isolate M26 chloroplast, complete genome","PX694259.1 Hibiscus taiwanensis isolate M26 chloroplast, complete genome",Hibiscus taiwanensis
PX694235.fasta,PX694235.1,"Hibiscus trionum isolate M01 chloroplast, complete genome","PX694235.1 Hibiscus trionum isolate M01 chloroplast, complete genome",Hibiscus trionum
PV666616.fasta,PV666616.1,"Hibiscus volkensii chloroplast, complete genome","PV666616.1 Hibiscus volkensii chloroplast, complete genome",Hibiscus volkensii
OR909634.fasta,OR909634.1,"Hieracium alpinum chloroplast, complete genome","OR909634.1 Hieracium alpinum chloroplast, complete genome",Hieracium alpinum
OR909635.fasta,OR909635.1,"Hieracium amplexicaule chloroplast, complete genome","OR909635.1 Hieracium amplexicaule chloroplast, complete genome",Hieracium amplexicaule
OR909636.fasta,OR909636.1,"Hieracium atratum chloroplast, complete genome","OR909636.1 Hieracium atratum chloroplast, complete genome",Hieracium atratum
OR909637.fasta,OR909637.1,"Hieracium bifidum chloroplast, complete genome","OR909637.1 Hieracium bifidum chloroplast, complete genome",Hieracium bifidum
OR909638.fasta,OR909638.1,"Hieracium bupleuroides chloroplast, complete genome","OR909638.1 Hieracium bupleuroides chloroplast, complete genome",Hieracium bupleuroides
OR909639.fasta,OR909639.1,"Hieracium glanduliferum chloroplast, complete genome","OR909639.1 Hieracium glanduliferum chloroplast, complete genome",Hieracium glanduliferum
OR909640.fasta,OR909640.1,"Hieracium lachenalii chloroplast, complete genome","OR909640.1 Hieracium lachenalii chloroplast, complete genome",Hieracium lachenalii
OR909641.fasta,OR909641.1,"Hieracium murorum chloroplast, complete genome","OR909641.1 Hieracium murorum chloroplast, complete genome",Hieracium murorum
OR909642.fasta,OR909642.1,"Hieracium umbrosum chloroplast, complete genome","OR909642.1 Hieracium umbrosum chloroplast, complete genome",Hieracium umbrosum
OR909643.fasta,OR909643.1,"Hieracium villosum chloroplast, complete genome","OR909643.1 Hieracium villosum chloroplast, complete genome",Hieracium villosum
PX696961.fasta,PX696961.1,"Hippeastrum aulicum isolate 11931_1123 chloroplast, complete genome","PX696961.1 Hippeastrum aulicum isolate 11931_1123 chloroplast, complete genome",Hippeastrum aulicum
PX724628.fasta,PX724628.1,"Hippeastrum correiense isolate 383_461_1592 chloroplast, complete genome","PX724628.1 Hippeastrum correiense isolate 383_461_1592 chloroplast, complete genome",Hippeastrum correiense
PX724629.fasta,PX724629.1,"Hippeastrum curitibanum isolate 491_451_1596 chloroplast, complete genome","PX724629.1 Hippeastrum curitibanum isolate 491_451_1596 chloroplast, complete genome",Hippeastrum curitibanum
PX724908.fasta,PX724908.1,"Hippeastrum evansiae isolate 16183_1625 chloroplast, complete genome","PX724908.1 Hippeastrum evansiae isolate 16183_1625 chloroplast, complete genome",Hippeastrum evansiae
PX724626.fasta,PX724626.1,"Hippeastrum haywardii isolate 12163_1210 chloroplast, complete genome","PX724626.1 Hippeastrum haywardii isolate 12163_1210 chloroplast, complete genome",Hippeastrum haywardii
PX724630.fasta,PX724630.1,"Hippeastrum machupijchense isolate 335_389_1329 chloroplast, complete genome","PX724630.1 Hippeastrum machupijchense isolate 335_389_1329 chloroplast, complete genome",Hippeastrum machupijchense
PX724627.fasta,PX724627.1,"Hippeastrum nelsonii isolate 17418_1747 chloroplast, complete genome","PX724627.1 Hippeastrum nelsonii isolate 17418_1747 chloroplast, complete genome",Hippeastrum nelsonii
PX724625.fasta,PX724625.1,"Hippeastrum papilio isolate 241_301_163 chloroplast, complete genome","PX724625.1 Hippeastrum papilio isolate 241_301_163 chloroplast, complete genome",Hippeastrum papilio
PX724631.fasta,PX724631.1,"Hippeastrum psittacinum isolate 241_19_291 chloroplast, complete genome","PX724631.1 Hippeastrum psittacinum isolate 241_19_291 chloroplast, complete genome",Hippeastrum psittacinum
PQ539370.fasta,PQ539370.1,"Hippocrepis biflora chloroplast, complete genome","PQ539370.1 Hippocrepis biflora chloroplast, complete genome",Hippocrepis biflora
PQ539371.fasta,PQ539371.1,"Hippocrepis ciliata chloroplast, complete genome","PQ539371.1 Hippocrepis ciliata chloroplast, complete genome",Hippocrepis ciliata
PV870836.fasta,PV870836.1,"Hippocrepis emerus voucher Yi15484-Kew chloroplast, complete genome","PV870836.1 Hippocrepis emerus voucher Yi15484-Kew chloroplast, complete genome",Hippocrepis emerus
PV850016.fasta,PV850016.1,"Hippophae rhamnoides subsp. yunnanensis isolate 175125505026543 chloroplast, complete genome","PV850016.1 Hippophae rhamnoides subsp. yunnanensis isolate 175125505026543 chloroplast, complete genome",Hippophae rhamnoides
PV011954.fasta,PV011954.1,"Hippophae salicifolia voucher HT0334 chloroplast, complete genome","PV011954.1 Hippophae salicifolia voucher HT0334 chloroplast, complete genome",Hippophae salicifolia
PP234583.fasta,PP234583.1,"Hippophae tibetana isolate p76 chloroplast, complete genome","PP234583.1 Hippophae tibetana isolate p76 chloroplast, complete genome",Hippophae tibetana
PP234600.fasta,PP234600.1,"Hippuris vulgaris isolate p94 chloroplast, complete genome","PP234600.1 Hippuris vulgaris isolate p94 chloroplast, complete genome",Hippuris vulgaris
PV424333.fasta,PV424333.1,"Hiptage benghalensis chloroplast, complete genome","PV424333.1 Hiptage benghalensis chloroplast, complete genome",Hiptage benghalensis
PV870745.fasta,PV870745.1,"Hoffmannseggia glauca voucher 11534-MO chloroplast, complete genome","PV870745.1 Hoffmannseggia glauca voucher 11534-MO chloroplast, complete genome",Hoffmannseggia glauca
PV870691.fasta,PV870691.1,"Hoita macrostachya voucher 13026-MO chloroplast, complete genome","PV870691.1 Hoita macrostachya voucher 13026-MO chloroplast, complete genome",Hoita macrostachya
PP336764.fasta,PP336764.1,"Holcus lanatus subsp. lanatus chloroplast, complete genome","PP336764.1 Holcus lanatus subsp. lanatus chloroplast, complete genome",Holcus lanatus
PV870841.fasta,PV870841.1,"Holocalyx balansae voucher Yi15494-Kew chloroplast, complete genome","PV870841.1 Holocalyx balansae voucher Yi15494-Kew chloroplast, complete genome",Holocalyx balansae
PQ539039.fasta,PQ539039.1,"Homalomena mixta chloroplast, complete genome","PQ539039.1 Homalomena mixta chloroplast, complete genome",Homalomena mixta
PX569150.fasta,PX569150.1,"Homalomena perplexa chloroplast, complete genome","PX569150.1 Homalomena perplexa chloroplast, complete genome",Homalomena perplexa
ON929839.fasta,ON929839.1,"Horaninovia ulicina chloroplast, complete genome","ON929839.1 Horaninovia ulicina chloroplast, complete genome",Horaninovia ulicina
PP336765.fasta,PP336765.1,"Hordeum murinum chloroplast, complete genome","PP336765.1 Hordeum murinum chloroplast, complete genome",Hordeum murinum
PX289723.fasta,PX289723.1,"Hordeum vulgare isolate G130 chloroplast, complete genome","PX289723.1 Hordeum vulgare isolate G130 chloroplast, complete genome",Hordeum vulgare
PP165049.fasta,PP165049.1,"Horminum pyrenaicum chloroplast, complete genome","PP165049.1 Horminum pyrenaicum chloroplast, complete genome",Horminum pyrenaicum
PV641811.fasta,PV641811.1,"Houttuynia cordata chloroplast, complete genome","PV641811.1 Houttuynia cordata chloroplast, complete genome",Houttuynia cordata
PV816215.fasta,PV816215.1,"Hovenia acerba var. kiukiangensis chloroplast, complete genome","PV816215.1 Hovenia acerba var. kiukiangensis chloroplast, complete genome",Hovenia acerba
PV816213.fasta,PV816213.1,"Hovenia dulcis chloroplast, complete genome","PV816213.1 Hovenia dulcis chloroplast, complete genome",Hovenia dulcis
PV816214.fasta,PV816214.1,"Hovenia trichocarpa chloroplast, complete genome","PV816214.1 Hovenia trichocarpa chloroplast, complete genome",Hovenia trichocarpa
PX309527.fasta,PX309527.1,"Hoya kerrii chloroplast, complete genome","PX309527.1 Hoya kerrii chloroplast, complete genome",Hoya kerrii
OP133582.fasta,OP133582.1,"Huernia keniensis voucher C.F. Zhang 6052 chloroplast, complete genome","OP133582.1 Huernia keniensis voucher C.F. Zhang 6052 chloroplast, complete genome",Huernia keniensis
PV008710.fasta,PV008710.1,"Humulus lupulus voucher 654301170808030LY chloroplast, complete genome","PV008710.1 Humulus lupulus voucher 654301170808030LY chloroplast, complete genome",Humulus lupulus
OP133595.fasta,OP133595.1,"Hunteria zeylanica voucher C.F. Zhang et al. 6057 chloroplast, complete genome","OP133595.1 Hunteria zeylanica voucher C.F. Zhang et al. 6057 chloroplast, complete genome",Hunteria zeylanica
PX316412.fasta,PX316412.1,"Hura crepitans chloroplast, complete genome","PX316412.1 Hura crepitans chloroplast, complete genome",Hura crepitans
PQ593891.fasta,PQ593891.1,"Hydrangea chinensis chloroplast, complete genome","PQ593891.1 Hydrangea chinensis chloroplast, complete genome",Hydrangea chinensis
OR501608.fasta,OR501608.1,"Hydrangea macrophylla isolate 18macChim chloroplast, complete genome","OR501608.1 Hydrangea macrophylla isolate 18macChim chloroplast, complete genome",Hydrangea macrophylla
OR501610.fasta,OR501610.1,"Hydrangea serrata isolate 05serr1890 chloroplast, complete genome","OR501610.1 Hydrangea serrata isolate 05serr1890 chloroplast, complete genome",Hydrangea serrata
PP078677.fasta,PP078677.1,"Hydrangea viburnoides isolate ZXX211289 chloroplast, complete genome","PP078677.1 Hydrangea viburnoides isolate ZXX211289 chloroplast, complete genome",Hydrangea viburnoides
PV094900.fasta,PV094900.1,"Hydrocotyle chiangdaoensis chloroplast, complete genome","PV094900.1 Hydrocotyle chiangdaoensis chloroplast, complete genome",Hydrocotyle chiangdaoensis
OR790518.fasta,OR790518.1,"Hydrocotyle himalaica chloroplast, complete genome","OR790518.1 Hydrocotyle himalaica chloroplast, complete genome",Hydrocotyle himalaica
PV915200.fasta,PV915200.1,"Hygrophila polysperma isolate HP chloroplast, complete genome","PV915200.1 Hygrophila polysperma isolate HP chloroplast, complete genome",Hygrophila polysperma
PP056234.fasta,PP056234.1,"Hygrophila ringens isolate ZXX202004 chloroplast, complete genome","PP056234.1 Hygrophila ringens isolate ZXX202004 chloroplast, complete genome",Hygrophila ringens
PQ551010.fasta,PQ551010.1,"Hymenidium amabile chloroplast, complete genome","PQ551010.1 Hymenidium amabile chloroplast, complete genome",Hymenidium amabile
PX091992.fasta,PX091992.1,"Hymenidium apiolens chloroplast, complete genome","PX091992.1 Hymenidium apiolens chloroplast, complete genome",Hymenidium apiolens
PQ551027.fasta,PQ551027.1,"Hymenidium delavayi chloroplast, complete genome","PQ551027.1 Hymenidium delavayi chloroplast, complete genome",Hymenidium delavayi
PP234561.fasta,PP234561.1,"Hymenidium hedinii isolate p50 chloroplast, complete genome","PP234561.1 Hymenidium hedinii isolate p50 chloroplast, complete genome",Hymenidium hedinii
PQ551059.fasta,PQ551059.1,"Hymenidium lhasanum chloroplast, complete genome","PQ551059.1 Hymenidium lhasanum chloroplast, complete genome",Hymenidium lhasanum
PQ551058.fasta,PQ551058.1,"Hymenidium pulszkyi chloroplast, complete genome","PQ551058.1 Hymenidium pulszkyi chloroplast, complete genome",Hymenidium pulszkyi
PQ551026.fasta,PQ551026.1,"Hymenidium rivulorum chloroplast, complete genome","PQ551026.1 Hymenidium rivulorum chloroplast, complete genome",Hymenidium rivulorum
PQ551017.fasta,PQ551017.1,"Hymenidium virgatum chloroplast, complete genome","PQ551017.1 Hymenidium virgatum chloroplast, complete genome",Hymenidium virgatum
PP530888.fasta,PP530888.1,"Hymenidium wilsonii isolate TRM chloroplast, complete genome","PP530888.1 Hymenidium wilsonii isolate TRM chloroplast, complete genome",Hymenidium wilsonii
PV409676.fasta,PV409676.1,"Hymenocallis acutifolia chloroplast, complete genome","PV409676.1 Hymenocallis acutifolia chloroplast, complete genome",Hymenocallis acutifolia
PV870706.fasta,PV870706.1,"Hymenostegia klainei voucher 11701-MO chloroplast, complete genome","PV870706.1 Hymenostegia klainei voucher 11701-MO chloroplast, complete genome",Hymenostegia klainei
PP336766.fasta,PP336766.1,"Hyoscyamus niger chloroplast, complete genome","PP336766.1 Hyoscyamus niger chloroplast, complete genome",Hyoscyamus niger
PQ639279.fasta,PQ639279.1,"Hypericum acmosepalum chloroplast, complete genome","PQ639279.1 Hypericum acmosepalum chloroplast, complete genome",Hypericum acmosepalum
PQ736584.fasta,PQ736584.1,"Hypericum addingtonii chloroplast, complete genome","PQ736584.1 Hypericum addingtonii chloroplast, complete genome",Hypericum addingtonii
PX110980.fasta,PX110980.1,"Hypericum forrestii chloroplast, complete genome","PX110980.1 Hypericum forrestii chloroplast, complete genome",Hypericum forrestii
PQ638954.fasta,PQ638954.1,"Hypericum sampsonii chloroplast, complete genome","PQ638954.1 Hypericum sampsonii chloroplast, complete genome",Hypericum sampsonii
PV409677.fasta,PV409677.1,"Hypoxis aurea chloroplast, complete genome","PV409677.1 Hypoxis aurea chloroplast, complete genome",Hypoxis aurea
PV495210.fasta,PV495210.1,"Idesia polycarpa chloroplast, complete genome","PV495210.1 Idesia polycarpa chloroplast, complete genome",Idesia polycarpa
PQ645260.fasta,PQ645260.1,"Ilex asprella chloroplast, complete genome","PQ645260.1 Ilex asprella chloroplast, complete genome",Ilex asprella
PX309528.fasta,PX309528.1,"Ilex cornuta chloroplast, complete genome","PX309528.1 Ilex cornuta chloroplast, complete genome",Ilex cornuta
ON929836.fasta,ON929836.1,"Iljinia regelii chloroplast, complete genome","ON929836.1 Iljinia regelii chloroplast, complete genome",Iljinia regelii
PQ612860.fasta,PQ612860.1,"Impatiens apalophylla chloroplast, complete genome","PQ612860.1 Impatiens apalophylla chloroplast, complete genome",Impatiens apalophylla
PQ612861.fasta,PQ612861.1,"Impatiens aquatilis chloroplast, complete genome","PQ612861.1 Impatiens aquatilis chloroplast, complete genome",Impatiens aquatilis
MW646912.fasta,MW646912.1,"Impatiens arguta chloroplast, complete genome","MW646912.1 Impatiens arguta chloroplast, complete genome",Impatiens arguta
MW683061.fasta,MW683061.1,"Impatiens auriculata chloroplast, complete genome","MW683061.1 Impatiens auriculata chloroplast, complete genome",Impatiens auriculata
PQ647014.fasta,PQ647014.1,"Impatiens baishaensis chloroplast, complete genome","PQ647014.1 Impatiens baishaensis chloroplast, complete genome",Impatiens baishaensis
PQ643224.fasta,PQ643224.1,"Impatiens blepharosepala chloroplast, complete genome","PQ643224.1 Impatiens blepharosepala chloroplast, complete genome",Impatiens blepharosepala
PQ877664.fasta,PQ877664.1,"Impatiens chishuiensis chloroplast, complete genome","PQ877664.1 Impatiens chishuiensis chloroplast, complete genome",Impatiens chishuiensis
MW683062.fasta,MW683062.1,"Impatiens clavigera chloroplast, complete genome","MW683062.1 Impatiens clavigera chloroplast, complete genome",Impatiens clavigera
PQ877663.fasta,PQ877663.1,"Impatiens commelinoides chloroplast, complete genome","PQ877663.1 Impatiens commelinoides chloroplast, complete genome",Impatiens commelinoides
PQ632541.fasta,PQ632541.1,"Impatiens conchibracteata chloroplast, complete genome","PQ632541.1 Impatiens conchibracteata chloroplast, complete genome",Impatiens conchibracteata
MW683063.fasta,MW683063.1,"Impatiens corchorifolia chloroplast, complete genome","MW683063.1 Impatiens corchorifolia chloroplast, complete genome",Impatiens corchorifolia
MW683064.fasta,MW683064.1,"Impatiens cyathiflora chloroplast, complete genome","MW683064.1 Impatiens cyathiflora chloroplast, complete genome",Impatiens cyathiflora
MW646913.fasta,MW646913.1,"Impatiens delavayi chloroplast, complete genome","MW646913.1 Impatiens delavayi chloroplast, complete genome",Impatiens delavayi
PQ611764.fasta,PQ611764.1,"Impatiens dicentra chloroplast, complete genome","PQ611764.1 Impatiens dicentra chloroplast, complete genome",Impatiens dicentra
PQ611770.fasta,PQ611770.1,"Impatiens dimorphophylla chloroplast, complete genome","PQ611770.1 Impatiens dimorphophylla chloroplast, complete genome",Impatiens dimorphophylla
PQ647015.fasta,PQ647015.1,"Impatiens distracta chloroplast, complete genome","PQ647015.1 Impatiens distracta chloroplast, complete genome",Impatiens distracta
PQ516714.fasta,PQ516714.1,"Impatiens duclouxii chloroplast, complete genome","PQ516714.1 Impatiens duclouxii chloroplast, complete genome",Impatiens duclouxii
PQ652174.fasta,PQ652174.1,"Impatiens faberi chloroplast, complete genome","PQ652174.1 Impatiens faberi chloroplast, complete genome",Impatiens faberi
PQ877662.fasta,PQ877662.1,"Impatiens fanjingshanica chloroplast, complete genome","PQ877662.1 Impatiens fanjingshanica chloroplast, complete genome",Impatiens fanjingshanica
PQ877659.fasta,PQ877659.1,"Impatiens forrestii chloroplast, complete genome","PQ877659.1 Impatiens forrestii chloroplast, complete genome",Impatiens forrestii
MW646917.fasta,MW646917.1,"Impatiens gongshanensis chloroplast, complete genome","MW646917.1 Impatiens gongshanensis chloroplast, complete genome",Impatiens gongshanensis
PQ611765.fasta,PQ611765.1,"Impatiens imbecilla chloroplast, complete genome","PQ611765.1 Impatiens imbecilla chloroplast, complete genome",Impatiens imbecilla
PQ612862.fasta,PQ612862.1,"Impatiens lateristachys chloroplast, complete genome","PQ612862.1 Impatiens lateristachys chloroplast, complete genome",Impatiens lateristachys
MW646914.fasta,MW646914.1,"Impatiens malipoensis chloroplast, complete genome","MW646914.1 Impatiens malipoensis chloroplast, complete genome",Impatiens malipoensis
PQ612863.fasta,PQ612863.1,"Impatiens membranifolia chloroplast, complete genome","PQ612863.1 Impatiens membranifolia chloroplast, complete genome",Impatiens membranifolia
PQ612864.fasta,PQ612864.1,"Impatiens menghuochengensis chloroplast, complete genome","PQ612864.1 Impatiens menghuochengensis chloroplast, complete genome",Impatiens menghuochengensis
MW683065.fasta,MW683065.1,"Impatiens napoensis chloroplast, complete genome","MW683065.1 Impatiens napoensis chloroplast, complete genome",Impatiens napoensis
MW683066.fasta,MW683066.1,"Impatiens noli-tangere chloroplast, complete genome","MW683066.1 Impatiens noli-tangere chloroplast, complete genome",Impatiens noli-tangere
PQ632542.fasta,PQ632542.1,"Impatiens omeiana chloroplast, complete genome","PQ632542.1 Impatiens omeiana chloroplast, complete genome",Impatiens omeiana
PQ647016.fasta,PQ647016.1,"Impatiens oxyanthera chloroplast, complete genome","PQ647016.1 Impatiens oxyanthera chloroplast, complete genome",Impatiens oxyanthera
MW646915.fasta,MW646915.1,"Impatiens pinetorum chloroplast, complete genome","MW646915.1 Impatiens pinetorum chloroplast, complete genome",Impatiens pinetorum
PQ877658.fasta,PQ877658.1,"Impatiens piufanensis chloroplast, complete genome","PQ877658.1 Impatiens piufanensis chloroplast, complete genome",Impatiens piufanensis
PQ611766.fasta,PQ611766.1,"Impatiens platychlaena chloroplast, complete genome","PQ611766.1 Impatiens platychlaena chloroplast, complete genome",Impatiens platychlaena
PQ612865.fasta,PQ612865.1,"Impatiens pritzelii chloroplast, complete genome","PQ612865.1 Impatiens pritzelii chloroplast, complete genome",Impatiens pritzelii
MW683067.fasta,MW683067.1,"Impatiens rectangula chloroplast, complete genome","MW683067.1 Impatiens rectangula chloroplast, complete genome",Impatiens rectangula
PQ647017.fasta,PQ647017.1,"Impatiens rectirostrata chloroplast, complete genome","PQ647017.1 Impatiens rectirostrata chloroplast, complete genome",Impatiens rectirostrata
PQ649850.fasta,PQ649850.1,"Impatiens repens chloroplast, complete genome","PQ649850.1 Impatiens repens chloroplast, complete genome",Impatiens repens
PQ647018.fasta,PQ647018.1,"Impatiens rostellata chloroplast, complete genome","PQ647018.1 Impatiens rostellata chloroplast, complete genome",Impatiens rostellata
MW683068.fasta,MW683068.1,"Impatiens rubrostriata chloroplast, complete genome","MW683068.1 Impatiens rubrostriata chloroplast, complete genome",Impatiens rubrostriata
PQ612866.fasta,PQ612866.1,"Impatiens siculifer chloroplast, complete genome","PQ612866.1 Impatiens siculifer chloroplast, complete genome",Impatiens siculifer
PQ877661.fasta,PQ877661.1,"Impatiens sunii chloroplast, complete genome","PQ877661.1 Impatiens sunii chloroplast, complete genome",Impatiens sunii
PQ647019.fasta,PQ647019.1,"Impatiens tienchuanensis chloroplast, complete genome","PQ647019.1 Impatiens tienchuanensis chloroplast, complete genome",Impatiens tienchuanensis
MW683070.fasta,MW683070.1,"Impatiens tubulosa chloroplast, complete genome","MW683070.1 Impatiens tubulosa chloroplast, complete genome",Impatiens tubulosa
PQ611769.fasta,PQ611769.1,"Impatiens undulata chloroplast, complete genome","PQ611769.1 Impatiens undulata chloroplast, complete genome",Impatiens undulata
PQ611768.fasta,PQ611768.1,"Impatiens wilsonii chloroplast, complete genome","PQ611768.1 Impatiens wilsonii chloroplast, complete genome",Impatiens wilsonii
OR978441.fasta,OR978441.1,"Impatiens yingjingensis chloroplast, complete genome","OR978441.1 Impatiens yingjingensis chloroplast, complete genome",Impatiens yingjingensis
MW646916.fasta,MW646916.1,"Impatiens yui chloroplast, complete genome","MW646916.1 Impatiens yui chloroplast, complete genome",Impatiens yui
PV879616.fasta,PV879616.1,"Incarvillea potaninii voucher UBU0038422 chloroplast, complete genome","PV879616.1 Incarvillea potaninii voucher UBU0038422 chloroplast, complete genome",Incarvillea potaninii
PV870778.fasta,PV870778.1,"Indigofera tinctoria voucher Yi14415-KUN chloroplast, complete genome","PV870778.1 Indigofera tinctoria voucher Yi14415-KUN chloroplast, complete genome",Indigofera tinctoria
PV366311.fasta,PV366311.1,"Indocalamus longiauritus chloroplast, complete genome","PV366311.1 Indocalamus longiauritus chloroplast, complete genome",Indocalamus longiauritus
PP681655.fasta,PP681655.1,"Indocalamus macrophyllus voucher NZY161 chloroplast, complete genome","PP681655.1 Indocalamus macrophyllus voucher NZY161 chloroplast, complete genome",Indocalamus macrophyllus
PX119161.fasta,PX119161.1,"Indocalamus pseudosinicus chloroplast, complete genome","PX119161.1 Indocalamus pseudosinicus chloroplast, complete genome",Indocalamus pseudosinicus
PQ576947.fasta,PQ576947.1,"Indocalamus sinicus voucher s.n. chloroplast, complete genome","PQ576947.1 Indocalamus sinicus voucher s.n. chloroplast, complete genome",Indocalamus sinicus
PX119162.fasta,PX119162.1,"Indocalamus tessellatus chloroplast, complete genome","PX119162.1 Indocalamus tessellatus chloroplast, complete genome",Indocalamus tessellatus
PQ576952.fasta,PQ576952.1,"Indosasa gigantea voucher NZY177 chloroplast, complete genome","PQ576952.1 Indosasa gigantea voucher NZY177 chloroplast, complete genome",Indosasa gigantea
PQ576946.fasta,PQ576946.1,"Indosasa glabrata voucher LX181 chloroplast, complete genome","PQ576946.1 Indosasa glabrata voucher LX181 chloroplast, complete genome",Indosasa glabrata
PP681648.fasta,PP681648.1,"Indosasa sinica voucher TYH2105 chloroplast, complete genome","PP681648.1 Indosasa sinica voucher TYH2105 chloroplast, complete genome",Indosasa sinica
PZ282110.fasta,PZ282110.1,"Inula grandis chloroplast, complete genome","PZ282110.1 Inula grandis chloroplast, complete genome",Inula grandis
PX984400.fasta,PX984400.1,"Inula minipetala voucher KHB1663377 chloroplast, complete genome","PX984400.1 Inula minipetala voucher KHB1663377 chloroplast, complete genome",Inula minipetala
OR990534.fasta,OR990534.1,"Inula salicina chloroplast, complete genome","OR990534.1 Inula salicina chloroplast, complete genome",Inula salicina
PZ236443.fasta,PZ236443.2,"Ipomoea cairica chloroplast, complete genome","PZ236443.2 Ipomoea cairica chloroplast, complete genome",Ipomoea cairica
PP897863.fasta,PP897863.1,"Iris acutiloba subsp. lineolata isolate Armenia chloroplast, complete genome","PP897863.1 Iris acutiloba subsp. lineolata isolate Armenia chloroplast, complete genome",Iris acutiloba
PP897885.fasta,PP897885.1,"Iris alberti isolate Uzbekistan chloroplast, complete genome","PP897885.1 Iris alberti isolate Uzbekistan chloroplast, complete genome",Iris alberti
PX505523.fasta,PX505523.1,"Iris albomarginata isolate ipbb_40.3.10.1 chloroplast, complete genome","PX505523.1 Iris albomarginata isolate ipbb_40.3.10.1 chloroplast, complete genome",Iris albomarginata
PP897852.fasta,PP897852.1,"Iris antilibanotica isolate Syria chloroplast, complete genome","PP897852.1 Iris antilibanotica isolate Syria chloroplast, complete genome",Iris antilibanotica
PP897867.fasta,PP897867.1,"Iris assadiana isolate Syria chloroplast, complete genome","PP897867.1 Iris assadiana isolate Syria chloroplast, complete genome",Iris assadiana
PP897870.fasta,PP897870.1,"Iris auranitica isolate Syria chloroplast, complete genome","PP897870.1 Iris auranitica isolate Syria chloroplast, complete genome",Iris auranitica
PX406250.fasta,PX406250.1,"Iris barbatula chloroplast, complete genome","PX406250.1 Iris barbatula chloroplast, complete genome",Iris barbatula
PP897859.fasta,PP897859.1,"Iris barnumiae isolate Turkey chloroplast, complete genome","PP897859.1 Iris barnumiae isolate Turkey chloroplast, complete genome",Iris barnumiae
PP796841.fasta,PP796841.1,"Iris bloudowii voucher ZY01 chloroplast, complete genome","PP796841.1 Iris bloudowii voucher ZY01 chloroplast, complete genome",Iris bloudowii
PQ638941.fasta,PQ638941.1,"Iris bucharica chloroplast, complete genome","PQ638941.1 Iris bucharica chloroplast, complete genome",Iris bucharica
PX406251.fasta,PX406251.1,"Iris bulleyana chloroplast, complete genome","PX406251.1 Iris bulleyana chloroplast, complete genome",Iris bulleyana
PP897850.fasta,PP897850.1,"Iris camillae isolate Azarbaijan chloroplast, complete genome","PP897850.1 Iris camillae isolate Azarbaijan chloroplast, complete genome",Iris camillae
PX752862.fasta,PX752862.1,"Iris cariciformis chloroplast, complete genome","PX752862.1 Iris cariciformis chloroplast, complete genome",Iris cariciformis
PX406252.fasta,PX406252.1,"Iris chrysographes chloroplast, complete genome","PX406252.1 Iris chrysographes chloroplast, complete genome",Iris chrysographes
PX208733.fasta,PX208733.1,"Iris collettii chloroplast, complete genome","PX208733.1 Iris collettii chloroplast, complete genome",Iris collettii
PP916053.fasta,PP916053.1,"Iris confusa chloroplast, complete genome","PP916053.1 Iris confusa chloroplast, complete genome",Iris confusa
PX752863.fasta,PX752863.1,"Iris dabashanensis chloroplast, complete genome","PX752863.1 Iris dabashanensis chloroplast, complete genome",Iris dabashanensis
PP897853.fasta,PP897853.1,"Iris damascena isolate Syria chloroplast, complete genome","PP897853.1 Iris damascena isolate Syria chloroplast, complete genome",Iris damascena
PX240972.fasta,PX240972.1,"Iris decora chloroplast, complete genome","PX240972.1 Iris decora chloroplast, complete genome",Iris decora
PX406253.fasta,PX406253.1,"Iris delavayi chloroplast, complete genome","PX406253.1 Iris delavayi chloroplast, complete genome",Iris delavayi
PX309529.fasta,PX309529.1,"Iris ensata chloroplast, complete genome","PX309529.1 Iris ensata chloroplast, complete genome",Iris ensata
PP897884.fasta,PP897884.1,"Iris ferdowsii isolate Iran chloroplast, complete genome","PP897884.1 Iris ferdowsii isolate Iran chloroplast, complete genome",Iris ferdowsii
PX752864.fasta,PX752864.1,"Iris fujianensis (nom. inval.) chloroplast, complete genome","PX752864.1 Iris fujianensis (nom. inval.) chloroplast, complete genome",Iris fujianensis
PX505513.fasta,PX505513.1,"Iris glaucescens isolate ipbb_40.3.3.1 chloroplast, complete genome","PX505513.1 Iris glaucescens isolate ipbb_40.3.3.1 chloroplast, complete genome",Iris glaucescens
PP897886.fasta,PP897886.1,"Iris goniocarpa chloroplast, complete genome","PP897886.1 Iris goniocarpa chloroplast, complete genome",Iris goniocarpa
PX505514.fasta,PX505514.1,"Iris halophila isolate ipbb_40.3.7.1 chloroplast, complete genome","PX505514.1 Iris halophila isolate ipbb_40.3.7.1 chloroplast, complete genome",Iris halophila
PX939352.fasta,PX939352.1,"Iris hippolyti chloroplast, complete genome","PX939352.1 Iris hippolyti chloroplast, complete genome",Iris hippolyti
PP897860.fasta,PP897860.1,"Iris iberica subsp. elegantissima isolate Turkey chloroplast, complete genome","PP897860.1 Iris iberica subsp. elegantissima isolate Turkey chloroplast, complete genome",Iris iberica
PQ639295.fasta,PQ639295.1,"Iris khassanovii chloroplast, complete genome","PQ639295.1 Iris khassanovii chloroplast, complete genome",Iris khassanovii
PP897856.fasta,PP897856.1,"Iris kirkwoodiae isolate Syria_17 chloroplast, complete genome","PP897856.1 Iris kirkwoodiae isolate Syria_17 chloroplast, complete genome",Iris kirkwoodiae
PX910022.fasta,PX910022.1,"Iris kolpakowskiana isolate ipbb_40.3.17.5 chloroplast, complete genome","PX910022.1 Iris kolpakowskiana isolate ipbb_40.3.17.5 chloroplast, complete genome",Iris kolpakowskiana
PP897882.fasta,PP897882.1,"Iris korolkowii isolate Uzbekistan chloroplast, complete genome","PP897882.1 Iris korolkowii isolate Uzbekistan chloroplast, complete genome",Iris korolkowii
PX505525.fasta,PX505525.1,"Iris kuschakewiczii isolate ipbb_40.3.11.5 chloroplast, complete genome","PX505525.1 Iris kuschakewiczii isolate ipbb_40.3.11.5 chloroplast, complete genome",Iris kuschakewiczii
PX505515.fasta,PX505515.1,"Iris lactea isolate ipbb_40.3.16.1 chloroplast, complete genome","PX505515.1 Iris lactea isolate ipbb_40.3.16.1 chloroplast, complete genome",Iris lactea
PX406254.fasta,PX406254.1,"Iris latistyla chloroplast, complete genome","PX406254.1 Iris latistyla chloroplast, complete genome",Iris latistyla
PP897875.fasta,PP897875.1,"Iris longipetala isolate Iran chloroplast, complete genome","PP897875.1 Iris longipetala isolate Iran chloroplast, complete genome",Iris longipetala
PP897881.fasta,PP897881.1,"Iris longiscapa isolate Uzbekistan chloroplast, complete genome","PP897881.1 Iris longiscapa isolate Uzbekistan chloroplast, complete genome",Iris longiscapa
OR839139.fasta,OR839139.1,"Iris longnanensis voucher NEW002 chloroplast, complete genome","OR839139.1 Iris longnanensis voucher NEW002 chloroplast, complete genome",Iris longnanensis
PP897877.fasta,PP897877.1,"Iris madhavi (nom. ined.) isolate nova_N_Iran chloroplast, complete genome","PP897877.1 Iris madhavi (nom. ined.) isolate nova_N_Iran chloroplast, complete genome",Iris madhavi
PQ639298.fasta,PQ639298.1,"Iris magnifica chloroplast, complete genome","PQ639298.1 Iris magnifica chloroplast, complete genome",Iris magnifica
PQ639299.fasta,PQ639299.1,"Iris maracandica chloroplast, complete genome","PQ639299.1 Iris maracandica chloroplast, complete genome",Iris maracandica
PP897878.fasta,PP897878.1,"Iris meda isolate Iran chloroplast, complete genome","PP897878.1 Iris meda isolate Iran chloroplast, complete genome",Iris meda
PX406255.fasta,PX406255.1,"Iris milesii chloroplast, complete genome","PX406255.1 Iris milesii chloroplast, complete genome",Iris milesii
PQ639294.fasta,PQ639294.1,"Iris narbutii chloroplast, complete genome","PQ639294.1 Iris narbutii chloroplast, complete genome",Iris narbutii
PQ639303.fasta,PQ639303.1,"Iris nicolai chloroplast, complete genome","PQ639303.1 Iris nicolai chloroplast, complete genome",Iris nicolai
PQ639300.fasta,PQ639300.1,"Iris orchioides chloroplast, complete genome","PQ639300.1 Iris orchioides chloroplast, complete genome",Iris orchioides
PP897879.fasta,PP897879.1,"Iris paradoxa f. choschab isolate Azerbaijan chloroplast, complete genome","PP897879.1 Iris paradoxa f. choschab isolate Azerbaijan chloroplast, complete genome",Iris paradoxa
PP897864.fasta,PP897864.1,"Iris polakii isolate Iran chloroplast, complete genome","PP897864.1 Iris polakii isolate Iran chloroplast, complete genome",Iris polakii
PX752861.fasta,PX752861.1,"Iris proantha chloroplast, complete genome","PX752861.1 Iris proantha chloroplast, complete genome",Iris proantha
PX752860.fasta,PX752860.1,"Iris probstii chloroplast, complete genome","PX752860.1 Iris probstii chloroplast, complete genome",Iris probstii
PX505516.fasta,PX505516.1,"Iris pseudacorus isolate ipbb_40.3.14.1 chloroplast, complete genome","PX505516.1 Iris pseudacorus isolate ipbb_40.3.14.1 chloroplast, complete genome",Iris pseudacorus
PX505517.fasta,PX505517.1,"Iris pumila isolate ipbb_40.3.21.1 chloroplast, complete genome","PX505517.1 Iris pumila isolate ipbb_40.3.21.1 chloroplast, complete genome",Iris pumila
PX406256.fasta,PX406256.1,"Iris reticulata chloroplast, complete genome","PX406256.1 Iris reticulata chloroplast, complete genome",Iris reticulata
PQ639296.fasta,PQ639296.1,"Iris rodionenkoi chloroplast, complete genome","PQ639296.1 Iris rodionenkoi chloroplast, complete genome",Iris rodionenkoi
PQ639304.fasta,PQ639304.1,"Iris rudolphii chloroplast, complete genome","PQ639304.1 Iris rudolphii chloroplast, complete genome",Iris rudolphii
PX915248.fasta,PX915248.1,"Iris ruthenica isolate ipbb_40.3.23.1 chloroplast, complete genome","PX915248.1 Iris ruthenica isolate ipbb_40.3.23.1 chloroplast, complete genome",Iris ruthenica
PP897866.fasta,PP897866.1,"Iris sari isolate Turkey chloroplast, complete genome","PP897866.1 Iris sari isolate Turkey chloroplast, complete genome",Iris sari
PX406257.fasta,PX406257.1,"Iris scariosa chloroplast, complete genome","PX406257.1 Iris scariosa chloroplast, complete genome",Iris scariosa
PP897851.fasta,PP897851.1,"Iris schelkownikowii isolate Azerbaijan chloroplast, complete genome","PP897851.1 Iris schelkownikowii isolate Azerbaijan chloroplast, complete genome",Iris schelkownikowii
PX505518.fasta,PX505518.1,"Iris sibirica isolate ipbb_40.3.15.1 chloroplast, complete genome","PX505518.1 Iris sibirica isolate ipbb_40.3.15.1 chloroplast, complete genome",Iris sibirica
PP799047.fasta,PP799047.1,"Iris sichuanensis chloroplast, complete genome","PP799047.1 Iris sichuanensis chloroplast, complete genome",Iris sichuanensis
PX505519.fasta,PX505519.1,"Iris sogdiana isolate ipbb_40.3.5.2 chloroplast, complete genome","PX505519.1 Iris sogdiana isolate ipbb_40.3.5.2 chloroplast, complete genome",Iris sogdiana
PX505520.fasta,PX505520.1,"Iris songarica isolate ipbb_40.3.18.2 chloroplast, complete genome","PX505520.1 Iris songarica isolate ipbb_40.3.18.2 chloroplast, complete genome",Iris songarica
PP897883.fasta,PP897883.1,"Iris stolonifera isolate Uzbekistan chloroplast, complete genome","PP897883.1 Iris stolonifera isolate Uzbekistan chloroplast, complete genome",Iris stolonifera
PX915249.fasta,PX915249.1,"Iris subdecolorata isolate ipbb_40.3.20.6 chloroplast, complete genome","PX915249.1 Iris subdecolorata isolate ipbb_40.3.20.6 chloroplast, complete genome",Iris subdecolorata
PP897871.fasta,PP897871.1,"Iris susiana isolate Lebanon_Falougha_27 chloroplast, complete genome","PP897871.1 Iris susiana isolate Lebanon_Falougha_27 chloroplast, complete genome",Iris susiana
PP897873.fasta,PP897873.1,"Iris swensoniana isolate Syria chloroplast, complete genome","PP897873.1 Iris swensoniana isolate Syria chloroplast, complete genome",Iris swensoniana
PX406258.fasta,PX406258.1,"Iris tectorum f. alba chloroplast, complete genome","PX406258.1 Iris tectorum f. alba chloroplast, complete genome",Iris tectorum
PX505521.fasta,PX505521.1,"Iris tenuifolia isolate ipbb_40.3.6.3 chloroplast, complete genome","PX505521.1 Iris tenuifolia isolate ipbb_40.3.6.3 chloroplast, complete genome",Iris tenuifolia
PQ639301.fasta,PQ639301.1,"Iris tubergeniana chloroplast, complete genome","PQ639301.1 Iris tubergeniana chloroplast, complete genome",Iris tubergeniana
PP897865.fasta,PP897865.1,"Iris urmiensis isolate Iran chloroplast, complete genome","PP897865.1 Iris urmiensis isolate Iran chloroplast, complete genome",Iris urmiensis
PX752859.fasta,PX752859.1,"Iris valida chloroplast, complete genome","PX752859.1 Iris valida chloroplast, complete genome",Iris valida
PX406260.fasta,PX406260.1,"Iris ventricosa chloroplast, complete genome","PX406260.1 Iris ventricosa chloroplast, complete genome",Iris ventricosa
PQ639302.fasta,PQ639302.1,"Iris vicaria chloroplast, complete genome","PQ639302.1 Iris vicaria chloroplast, complete genome",Iris vicaria
PQ639297.fasta,PQ639297.1,"Iris warleyensis chloroplast, complete genome","PQ639297.1 Iris warleyensis chloroplast, complete genome",Iris warleyensis
PX171330.fasta,PX171330.1,"Iris wattii chloroplast, complete genome","PX171330.1 Iris wattii chloroplast, complete genome",Iris wattii
PX505522.fasta,PX505522.1,"Iris willmottiana isolate ipbb_40.3.19.1 chloroplast, complete genome","PX505522.1 Iris willmottiana isolate ipbb_40.3.19.1 chloroplast, complete genome",Iris willmottiana
PP897872.fasta,PP897872.1,"Iris yebrudii isolate Syria chloroplast, complete genome","PP897872.1 Iris yebrudii isolate Syria chloroplast, complete genome",Iris yebrudii
PX118598.fasta,PX118598.1,"Isatis indigotica isolate YCL20250620001 chloroplast, complete genome","PX118598.1 Isatis indigotica isolate YCL20250620001 chloroplast, complete genome",Isatis indigotica
PX022963.fasta,PX022963.1,"Jacaratia spinosa chloroplast, complete genome","PX022963.1 Jacaratia spinosa chloroplast, complete genome",Jacaratia spinosa
PV870792.fasta,PV870792.1,"Jacksonia scoparia voucher Yi14587-Yi Lab chloroplast, complete genome","PV870792.1 Jacksonia scoparia voucher Yi14587-Yi Lab chloroplast, complete genome",Jacksonia scoparia
OR990544.fasta,OR990544.1,"Jacobaea abrotanifolia chloroplast, complete genome","OR990544.1 Jacobaea abrotanifolia chloroplast, complete genome",Jacobaea abrotanifolia
OR909653.fasta,OR909653.1,"Jacobaea insubrica chloroplast, complete genome","OR909653.1 Jacobaea insubrica chloroplast, complete genome",Jacobaea insubrica
OR605726.fasta,OR605726.1,"Jasminum angulare voucher Kew 367-63-36701 chloroplast, complete genome","OR605726.1 Jasminum angulare voucher Kew 367-63-36701 chloroplast, complete genome",Jasminum angulare
OR605724.fasta,OR605724.1,"Jasminum beesianum voucher Kew 000-69-13486 chloroplast, complete genome","OR605724.1 Jasminum beesianum voucher Kew 000-69-13486 chloroplast, complete genome",Jasminum beesianum
OR605727.fasta,OR605727.1,"Jasminum dallachyi voucher Kew 000-73-02394 chloroplast, complete genome","OR605727.1 Jasminum dallachyi voucher Kew 000-73-02394 chloroplast, complete genome",Jasminum dallachyi
OR605725.fasta,OR605725.1,"Jasminum dispermum voucher Kew 678-66-67818 chloroplast, complete genome","OR605725.1 Jasminum dispermum voucher Kew 678-66-67818 chloroplast, complete genome",Jasminum dispermum
OR605728.fasta,OR605728.1,"Jasminum kedahense voucher Kew 000-73-12543 chloroplast, complete genome","OR605728.1 Jasminum kedahense voucher Kew 000-73-12543 chloroplast, complete genome",Jasminum kedahense
PX412911.fasta,PX412911.1,"Jasminum lanceolarium chloroplast, complete genome","PX412911.1 Jasminum lanceolarium chloroplast, complete genome",Jasminum lanceolarium
PX802351.fasta,PX802351.1,"Jasminum mesnyi isolate 1 chloroplast, complete genome","PX802351.1 Jasminum mesnyi isolate 1 chloroplast, complete genome",Jasminum mesnyi
PV862208.fasta,PV862208.1,"Jasminum multiflorum chloroplast, complete genome","PV862208.1 Jasminum multiflorum chloroplast, complete genome",Jasminum multiflorum
OM640192.fasta,OM640192.1,"Jasminum nudiflorum voucher UCONN G.H 199200212 chloroplast, complete genome","OM640192.1 Jasminum nudiflorum voucher UCONN G.H 199200212 chloroplast, complete genome",Jasminum nudiflorum
PX309530.fasta,PX309530.1,"Jasminum polyanthum chloroplast, complete genome","PX309530.1 Jasminum polyanthum chloroplast, complete genome",Jasminum polyanthum
PV862207.fasta,PV862207.1,"Jasminum sambac cultivar Grand Duke chloroplast, complete genome","PV862207.1 Jasminum sambac cultivar Grand Duke chloroplast, complete genome",Jasminum sambac
PX316413.fasta,PX316413.1,"Jatropha multifida chloroplast, complete genome","PX316413.1 Jatropha multifida chloroplast, complete genome",Jatropha multifida
PP262172.fasta,PP262172.1,"Jovibarba globifera voucher KL01699 chloroplast, complete genome","PP262172.1 Jovibarba globifera voucher KL01699 chloroplast, complete genome",Jovibarba globifera
PX644693.fasta,PX644693.1,"Juglans regia chloroplast, complete genome","PX644693.1 Juglans regia chloroplast, complete genome",Juglans regia
PV274302.fasta,PV274302.1,"Juglans sigillata voucher YAF_BC30 chloroplast, complete genome","PV274302.1 Juglans sigillata voucher YAF_BC30 chloroplast, complete genome",Juglans sigillata
PX899747.fasta,PX899747.1,"Juncus decipiens isolate A voucher NIBRVP0000847228 chloroplast, complete genome","PX899747.1 Juncus decipiens isolate A voucher NIBRVP0000847228 chloroplast, complete genome",Juncus decipiens
PX899748.fasta,PX899748.1,"Juncus gracillimus isolate B voucher NIBRVP0000847227 chloroplast, complete genome","PX899748.1 Juncus gracillimus isolate B voucher NIBRVP0000847227 chloroplast, complete genome",Juncus gracillimus
PX759427.fasta,PX759427.1,"Jurinea chaetocarpa voucher UBU0010445 chloroplast, complete genome","PX759427.1 Jurinea chaetocarpa voucher UBU0010445 chloroplast, complete genome",Jurinea chaetocarpa
BK071846.fasta,BK071846.1,"Jurinea glycacantha chloroplast, complete genome","BK071846.1 TPA_asm: Jurinea glycacantha chloroplast, complete genome",Jurinea glycacantha
BK071847.fasta,BK071847.1,"Jurinea humilis chloroplast, complete genome","BK071847.1 TPA_asm: Jurinea humilis chloroplast, complete genome",Jurinea humilis
BK071848.fasta,BK071848.1,"Jurinea mollis chloroplast, complete genome","BK071848.1 TPA_asm: Jurinea mollis chloroplast, complete genome",Jurinea mollis
PV613227.fasta,PV613227.1,"Kadenia salina isolate QH chloroplast, complete genome","PV613227.1 Kadenia salina isolate QH chloroplast, complete genome",Kadenia salina
PQ063988.fasta,PQ063988.1,"Kalanchoe prasina chloroplast, complete genome","PQ063988.1 Kalanchoe prasina chloroplast, complete genome",Kalanchoe prasina
ON929871.fasta,ON929871.1,"Kalidium caspicum chloroplast, complete genome","ON929871.1 Kalidium caspicum chloroplast, complete genome",Kalidium caspicum
ON929870.fasta,ON929870.1,"Kalidium foliatum chloroplast, complete genome","ON929870.1 Kalidium foliatum chloroplast, complete genome",Kalidium foliatum
PV870748.fasta,PV870748.1,"Kanaloa kahoolawensis voucher 2146-MO chloroplast, complete genome","PV870748.1 Kanaloa kahoolawensis voucher 2146-MO chloroplast, complete genome",Kanaloa kahoolawensis
PV207326.fasta,PV207326.1,"Karpatiosorbus bristoliensis chloroplast, complete genome","PV207326.1 Karpatiosorbus bristoliensis chloroplast, complete genome",Karpatiosorbus bristoliensis
BK071849.fasta,BK071849.1,"Karvandarina cartilaginea chloroplast, complete genome","BK071849.1 TPA_asm: Karvandarina cartilaginea chloroplast, complete genome",Karvandarina cartilaginea
PP165050.fasta,PP165050.1,"Kernera saxatilis subsp. saxatilis chloroplast, complete genome","PP165050.1 Kernera saxatilis subsp. saxatilis chloroplast, complete genome",Kernera saxatilis
PX549440.fasta,PX549440.1,"Kitagawia formosana voucher Kim et al. 917 (SNU 114175) chloroplast, complete genome","PX549440.1 Kitagawia formosana voucher Kim et al. 917 (SNU 114175) chloroplast, complete genome",Kitagawia formosana
PX549447.fasta,PX549447.1,"Kitagawia terebinthacea var. terebinthacea voucher Suh 2018-301 (SNU) chloroplast, complete genome","PX549447.1 Kitagawia terebinthacea var. terebinthacea voucher Suh 2018-301 (SNU) chloroplast, complete genome",Kitagawia terebinthacea
BK071850.fasta,BK071850.1,"Klasea lycopifolia chloroplast, complete genome","BK071850.1 TPA_asm: Klasea lycopifolia chloroplast, complete genome",Klasea lycopifolia
BK071851.fasta,BK071851.1,"Klasea nudicaulis chloroplast, complete genome","BK071851.1 TPA_asm: Klasea nudicaulis chloroplast, complete genome",Klasea nudicaulis
PX694242.fasta,PX694242.1,"Kleinhovia hospita isolate M08 chloroplast, complete genome","PX694242.1 Kleinhovia hospita isolate M08 chloroplast, complete genome",Kleinhovia hospita
PP165051.fasta,PP165051.1,"Knautia arvensis chloroplast, complete genome","PP165051.1 Knautia arvensis chloroplast, complete genome",Knautia arvensis
PP165052.fasta,PP165052.1,"Knautia velutina chloroplast, complete genome","PP165052.1 Knautia velutina chloroplast, complete genome",Knautia velutina
PQ675795.fasta,PQ675795.1,"Koenigia alpina chloroplast, complete genome","PQ675795.1 Koenigia alpina chloroplast, complete genome",Koenigia alpina
PZ098289.fasta,PZ098289.1,"Koordersiochloa longiarista voucher US:1956786 chloroplast, complete genome","PZ098289.1 Koordersiochloa longiarista voucher US:1956786 chloroplast, complete genome",Koordersiochloa longiarista
OP133588.fasta,OP133588.1,"Kopsia arborea voucher C.F. Zhang et al. 6131 chloroplast, complete genome","OP133588.1 Kopsia arborea voucher C.F. Zhang et al. 6131 chloroplast, complete genome",Kopsia arborea
OP133589.fasta,OP133589.1,"Kopsia fruticosa voucher C.F. Zhang et al. 6227 chloroplast, complete genome","OP133589.1 Kopsia fruticosa voucher C.F. Zhang et al. 6227 chloroplast, complete genome",Kopsia fruticosa
OP133590.fasta,OP133590.1,"Kopsia hainanensis voucher C.F. Zhang et al. 6303 chloroplast, complete genome","OP133590.1 Kopsia hainanensis voucher C.F. Zhang et al. 6303 chloroplast, complete genome",Kopsia hainanensis
PV870808.fasta,PV870808.1,"Kotschya parvifolia voucher Yi15082-KUN chloroplast, complete genome","PV870808.1 Kotschya parvifolia voucher Yi15082-KUN chloroplast, complete genome",Kotschya parvifolia
PX969667.fasta,PX969667.1,"Krascheninnikovia arborescens isolate ctg000001c chloroplast, complete genome","PX969667.1 Krascheninnikovia arborescens isolate ctg000001c chloroplast, complete genome",Krascheninnikovia arborescens
PP234579.fasta,PP234579.1,"Krascheninnikovia ceratoides isolate p72 chloroplast, complete genome","PP234579.1 Krascheninnikovia ceratoides isolate p72 chloroplast, complete genome",Krascheninnikovia ceratoides
PV553474.fasta,PV553474.1,"Kubitzkia mezii voucher C.A. Ferreira & al. 7748 chloroplast, complete genome","PV553474.1 Kubitzkia mezii voucher C.A. Ferreira & al. 7748 chloroplast, complete genome",Kubitzkia mezii
PX648295.fasta,PX648295.1,"Kummerowia stipulacea chloroplast, complete genome","PX648295.1 Kummerowia stipulacea chloroplast, complete genome",Kummerowia stipulacea
PV870795.fasta,PV870795.1,"Labichea lanceolata voucher Yi14689-Yi Lab chloroplast, complete genome","PV870795.1 Labichea lanceolata voucher Yi14689-Yi Lab chloroplast, complete genome",Labichea lanceolata
PP203128.fasta,PP203128.1,"Laburnum alpinum chloroplast, complete genome","PP203128.1 Laburnum alpinum chloroplast, complete genome",Laburnum alpinum
PP203129.fasta,PP203129.1,"Laburnum anagyroides chloroplast, complete genome","PP203129.1 Laburnum anagyroides chloroplast, complete genome",Laburnum anagyroides
PX236117.fasta,PX236117.1,"Lactuca alaica voucher YZP001543 chloroplast, complete genome","PX236117.1 Lactuca alaica voucher YZP001543 chloroplast, complete genome",Lactuca alaica
PP234535.fasta,PP234535.1,"Lactuca tatarica isolate p152 chloroplast, complete genome","PP234535.1 Lactuca tatarica isolate p152 chloroplast, complete genome",Lactuca tatarica
PQ851683.fasta,PQ851683.1,"Lagarosiphon cordofanus chloroplast, complete genome","PQ851683.1 Lagarosiphon cordofanus chloroplast, complete genome",Lagarosiphon cordofanus
PQ851684.fasta,PQ851684.1,"Lagarosiphon ilicifolius chloroplast, complete genome","PQ851684.1 Lagarosiphon ilicifolius chloroplast, complete genome",Lagarosiphon ilicifolius
PQ851685.fasta,PQ851685.1,"Lagarosiphon muscoides chloroplast, complete genome","PQ851685.1 Lagarosiphon muscoides chloroplast, complete genome",Lagarosiphon muscoides
PP962251.fasta,PP962251.1,"Lagenaria abyssinica chloroplast, complete genome","PP962251.1 Lagenaria abyssinica chloroplast, complete genome",Lagenaria abyssinica
PX993303.fasta,PX993303.1,"Lagerstroemia indica cultivar shengdai chloroplast, complete genome","PX993303.1 Lagerstroemia indica cultivar shengdai chloroplast, complete genome",Lagerstroemia indica
PV276194.fasta,PV276194.1,"Lagerstroemia lecomtei isolate LL1 chloroplast, complete genome","PV276194.1 Lagerstroemia lecomtei isolate LL1 chloroplast, complete genome",Lagerstroemia lecomtei
PZ011249.fasta,PZ011249.1,"Lagerstroemia minuticarpa voucher PE01129215 chloroplast, complete genome","PZ011249.1 Lagerstroemia minuticarpa voucher PE01129215 chloroplast, complete genome",Lagerstroemia minuticarpa
PQ180373.fasta,PQ180373.1,"Lagochilus bungei chloroplast, complete genome","PQ180373.1 Lagochilus bungei chloroplast, complete genome",Lagochilus bungei
PQ180377.fasta,PQ180377.1,"Lagochilus diacanthophyllus chloroplast, complete genome","PQ180377.1 Lagochilus diacanthophyllus chloroplast, complete genome",Lagochilus diacanthophyllus
PQ180378.fasta,PQ180378.1,"Lagochilus grandiflorus chloroplast, complete genome","PQ180378.1 Lagochilus grandiflorus chloroplast, complete genome",Lagochilus grandiflorus
PQ180379.fasta,PQ180379.1,"Lagochilus hirtus chloroplast, complete genome","PQ180379.1 Lagochilus hirtus chloroplast, complete genome",Lagochilus hirtus
PQ180380.fasta,PQ180380.1,"Lagochilus ilicifolius chloroplast, complete genome","PQ180380.1 Lagochilus ilicifolius chloroplast, complete genome",Lagochilus ilicifolius
PV192925.fasta,PV192925.1,"Lagochilus inebrians voucher TASH086654 chloroplast, complete genome","PV192925.1 Lagochilus inebrians voucher TASH086654 chloroplast, complete genome",Lagochilus inebrians
PQ180381.fasta,PQ180381.1,"Lagochilus lanatonodus chloroplast, complete genome","PQ180381.1 Lagochilus lanatonodus chloroplast, complete genome",Lagochilus lanatonodus
PQ231080.fasta,PQ231080.1,"Lagochilus platyacanthus isolate 2 chloroplast, complete genome","PQ231080.1 Lagochilus platyacanthus isolate 2 chloroplast, complete genome",Lagochilus platyacanthus
PX283822.fasta,PX283822.1,"Lagopsis darwiniana voucher UBU0014024 chloroplast, complete genome","PX283822.1 Lagopsis darwiniana voucher UBU0014024 chloroplast, complete genome",Lagopsis darwiniana
PQ231082.fasta,PQ231082.1,"Lagopsis eriostachya chloroplast, complete genome","PQ231082.1 Lagopsis eriostachya chloroplast, complete genome",Lagopsis eriostachya
PQ231086.fasta,PQ231086.1,"Lagopsis flava isolate 4 chloroplast, complete genome","PQ231086.1 Lagopsis flava isolate 4 chloroplast, complete genome",Lagopsis flava
PP234541.fasta,PP234541.1,"Lagotis brachystachya isolate p16 chloroplast, complete genome","PP234541.1 Lagotis brachystachya isolate p16 chloroplast, complete genome",Lagotis brachystachya
OR565909.fasta,OR565909.1,"Lamium album voucher ZY013 chloroplast, complete genome","OR565909.1 Lamium album voucher ZY013 chloroplast, complete genome",Lamium album
PQ231089.fasta,PQ231089.1,"Lamium amplexicaule chloroplast, complete genome","PQ231089.1 Lamium amplexicaule chloroplast, complete genome",Lamium amplexicaule
PV802395.fasta,PV802395.1,"Lamium barbatum chloroplast, complete genome","PV802395.1 Lamium barbatum chloroplast, complete genome",Lamium barbatum
PP203136.fasta,PP203136.1,"Lamium galeobdolon subsp. flavidum chloroplast, complete genome","PP203136.1 Lamium galeobdolon subsp. flavidum chloroplast, complete genome",Lamium galeobdolon
PP336767.fasta,PP336767.1,"Lamium orvala chloroplast, complete genome","PP336767.1 Lamium orvala chloroplast, complete genome",Lamium orvala
PZ055112.fasta,PZ055112.1,"Lamium purpureum voucher CBU-C-163 chloroplast, complete genome","PZ055112.1 Lamium purpureum voucher CBU-C-163 chloroplast, complete genome",Lamium purpureum
PV409678.fasta,PV409678.1,"Lanaria lanata chloroplast, complete genome","PV409678.1 Lanaria lanata chloroplast, complete genome",Lanaria lanata
PP234517.fasta,PP234517.1,"Lancea tibetica isolate p125 chloroplast, complete genome","PP234517.1 Lancea tibetica isolate p125 chloroplast, complete genome",Lancea tibetica
PQ585762.fasta,PQ585762.1,"Lappula anocarpa voucher BNU2020GS099 chloroplast, complete genome","PQ585762.1 Lappula anocarpa voucher BNU2020GS099 chloroplast, complete genome",Lappula anocarpa
PQ585786.fasta,PQ585786.1,"Lappula balchaschensis voucher 2023EH754 chloroplast, complete genome","PQ585786.1 Lappula balchaschensis voucher 2023EH754 chloroplast, complete genome",Lappula balchaschensis
PQ585769.fasta,PQ585769.1,"Lappula brachycentra voucher BNU2017XJ2308 chloroplast, complete genome","PQ585769.1 Lappula brachycentra voucher BNU2017XJ2308 chloroplast, complete genome",Lappula brachycentra
PV548680.fasta,PV548680.1,"Lappula caespitosa voucher BNU2017XZ274 chloroplast, complete genome","PV548680.1 Lappula caespitosa voucher BNU2017XZ274 chloroplast, complete genome",Lappula caespitosa
PQ585772.fasta,PQ585772.1,"Lappula consanguinea voucher BNU2019XJ251 chloroplast, complete genome","PQ585772.1 Lappula consanguinea voucher BNU2019XJ251 chloroplast, complete genome",Lappula consanguinea
PV548679.fasta,PV548679.1,"Lappula coronifera voucher BNU2021XJ271 chloroplast, complete genome","PV548679.1 Lappula coronifera voucher BNU2021XJ271 chloroplast, complete genome",Lappula coronifera
PV548694.fasta,PV548694.1,"Lappula deserticola voucher BNU2020GS036 chloroplast, complete genome","PV548694.1 Lappula deserticola voucher BNU2020GS036 chloroplast, complete genome",Lappula deserticola
PQ585780.fasta,PQ585780.1,"Lappula drobovii voucher 178978 chloroplast, complete genome","PQ585780.1 Lappula drobovii voucher 178978 chloroplast, complete genome",Lappula drobovii
PQ571327.fasta,PQ571327.1,"Lappula duplicicarpa var. brevispinula voucher BNU2021XJ043 chloroplast, complete genome","PQ571327.1 Lappula duplicicarpa var. brevispinula voucher BNU2021XJ043 chloroplast, complete genome",Lappula duplicicarpa
PV548706.fasta,PV548706.1,"Lappula effusa voucher 2023EH098 chloroplast, complete genome","PV548706.1 Lappula effusa voucher 2023EH098 chloroplast, complete genome",Lappula effusa
PV548690.fasta,PV548690.1,"Lappula granulata voucher BNU2020GS108-1 chloroplast, complete genome","PV548690.1 Lappula granulata voucher BNU2020GS108-1 chloroplast, complete genome",Lappula granulata
PQ585767.fasta,PQ585767.1,"Lappula heteracantha voucher BNU2020GS123 chloroplast, complete genome","PQ585767.1 Lappula heteracantha voucher BNU2020GS123 chloroplast, complete genome",Lappula heteracantha
PV548691.fasta,PV548691.1,"Lappula heteromorpha voucher BNU2019XJ208-1 chloroplast, complete genome","PV548691.1 Lappula heteromorpha voucher BNU2019XJ208-1 chloroplast, complete genome",Lappula heteromorpha
PV548689.fasta,PV548689.1,"Lappula himalayensis voucher BNU:15265 chloroplast, complete genome","PV548689.1 Lappula himalayensis voucher BNU:15265 chloroplast, complete genome",Lappula himalayensis
PV548707.fasta,PV548707.1,"Lappula krylovii voucher 2023EH118 chloroplast, complete genome","PV548707.1 Lappula krylovii voucher 2023EH118 chloroplast, complete genome",Lappula krylovii
PQ585775.fasta,PQ585775.1,"Lappula lasiocarpa voucher BNU2020XJ149 chloroplast, complete genome","PQ585775.1 Lappula lasiocarpa voucher BNU2020XJ149 chloroplast, complete genome",Lappula lasiocarpa
PQ585773.fasta,PQ585773.1,"Lappula lipschitzii voucher BNU2021XJ001 chloroplast, complete genome","PQ585773.1 Lappula lipschitzii voucher BNU2021XJ001 chloroplast, complete genome",Lappula lipschitzii
PQ571329.fasta,PQ571329.1,"Lappula macrantha voucher BNU2020XJ147 chloroplast, complete genome","PQ571329.1 Lappula macrantha voucher BNU2020XJ147 chloroplast, complete genome",Lappula macrantha
PQ585782.fasta,PQ585782.1,"Lappula microcarpa voucher 2023TAJ104 chloroplast, complete genome","PQ585782.1 Lappula microcarpa voucher 2023TAJ104 chloroplast, complete genome",Lappula microcarpa
PV548695.fasta,PV548695.1,"Lappula mogoltavica voucher TASH:98317 chloroplast, complete genome","PV548695.1 Lappula mogoltavica voucher TASH:98317 chloroplast, complete genome",Lappula mogoltavica
PQ580732.fasta,PQ580732.1,"Lappula monocarpa voucher BNU2019XJ214 chloroplast, complete genome","PQ580732.1 Lappula monocarpa voucher BNU2019XJ214 chloroplast, complete genome",Lappula monocarpa
PQ585765.fasta,PQ585765.1,"Lappula myosotis voucher BNU2020GS128 chloroplast, complete genome","PQ585765.1 Lappula myosotis voucher BNU2020GS128 chloroplast, complete genome",Lappula myosotis
PV548703.fasta,PV548703.1,"Lappula nevskii voucher TASH:280 chloroplast, complete genome","PV548703.1 Lappula nevskii voucher TASH:280 chloroplast, complete genome",Lappula nevskii
PV548705.fasta,PV548705.1,"Lappula nuratavica voucher TASH:7073 chloroplast, complete genome","PV548705.1 Lappula nuratavica voucher TASH:7073 chloroplast, complete genome",Lappula nuratavica
PQ585758.fasta,PQ585758.1,"Lappula patula voucher BNU2017XJ213 chloroplast, complete genome","PQ585758.1 Lappula patula voucher BNU2017XJ213 chloroplast, complete genome",Lappula patula
PV548693.fasta,PV548693.1,"Lappula pavlovii voucher BNU2020XJ051 chloroplast, complete genome","PV548693.1 Lappula pavlovii voucher BNU2020XJ051 chloroplast, complete genome",Lappula pavlovii
PV548688.fasta,PV548688.1,"Lappula pratensis voucher BNU:16864 chloroplast, complete genome","PV548688.1 Lappula pratensis voucher BNU:16864 chloroplast, complete genome",Lappula pratensis
PQ585768.fasta,PQ585768.1,"Lappula ramulosa voucher BNU2019XJ359 chloroplast, complete genome","PQ585768.1 Lappula ramulosa voucher BNU2019XJ359 chloroplast, complete genome",Lappula ramulosa
PQ580734.fasta,PQ580734.1,"Lappula redowskii voucher BNU2020GS038 chloroplast, complete genome","PQ580734.1 Lappula redowskii voucher BNU2020GS038 chloroplast, complete genome",Lappula redowskii
PV548702.fasta,PV548702.1,"Lappula semialata voucher TASH:699 chloroplast, complete genome","PV548702.1 Lappula semialata voucher TASH:699 chloroplast, complete genome",Lappula semialata
PQ585763.fasta,PQ585763.1,"Lappula semiglabra voucher BNU2020GS007 chloroplast, complete genome","PQ585763.1 Lappula semiglabra voucher BNU2020GS007 chloroplast, complete genome",Lappula semiglabra
PV548681.fasta,PV548681.1,"Lappula sericata voucher BNU2019XJ271 chloroplast, complete genome","PV548681.1 Lappula sericata voucher BNU2019XJ271 chloroplast, complete genome",Lappula sericata
PQ580735.fasta,PQ580735.1,"Lappula shanhsiensis voucher BNU2020GS071 chloroplast, complete genome","PQ580735.1 Lappula shanhsiensis voucher BNU2020GS071 chloroplast, complete genome",Lappula shanhsiensis
PV548692.fasta,PV548692.1,"Lappula spinocarpos voucher BNU2020XJ040 chloroplast, complete genome","PV548692.1 Lappula spinocarpos voucher BNU2020XJ040 chloroplast, complete genome",Lappula spinocarpos
PQ585784.fasta,PQ585784.1,"Lappula stricta voucher 2023TAJ109 chloroplast, complete genome","PQ585784.1 Lappula stricta voucher 2023TAJ109 chloroplast, complete genome",Lappula stricta
PQ580733.fasta,PQ580733.1,"Lappula tianschanica voucher BNU2019XJ346 chloroplast, complete genome","PQ580733.1 Lappula tianschanica voucher BNU2019XJ346 chloroplast, complete genome",Lappula tianschanica
PV548712.fasta,PV548712.1,"Lappula transalaica voucher TASH:242 chloroplast, complete genome","PV548712.1 Lappula transalaica voucher TASH:242 chloroplast, complete genome",Lappula transalaica
OR896881.fasta,OR896881.1,"Laserpitium latifolium chloroplast, complete genome","OR896881.1 Laserpitium latifolium chloroplast, complete genome",Laserpitium latifolium
OR884995.fasta,OR884995.1,"Laserpitium peucedanoides chloroplast, complete genome","OR884995.1 Laserpitium peucedanoides chloroplast, complete genome",Laserpitium peucedanoides
PP234570.fasta,PP234570.1,"Lasiocaryum densiflorum isolate p61 chloroplast, complete genome","PP234570.1 Lasiocaryum densiflorum isolate p61 chloroplast, complete genome",Lasiocaryum densiflorum
OR783472.fasta,OR783472.1,"Lasiopogon glomerulatus chloroplast, complete genome","OR783472.1 Lasiopogon glomerulatus chloroplast, complete genome",Lasiopogon glomerulatus
PQ632122.fasta,PQ632122.1,"Lasiorhachis perrieri chloroplast, complete genome","PQ632122.1 Lasiorhachis perrieri chloroplast, complete genome",Lasiorhachis perrieri
PP336768.fasta,PP336768.1,"Lathraea squamaria chloroplast, complete genome","PP336768.1 Lathraea squamaria chloroplast, complete genome",Lathraea squamaria
PX569468.fasta,PX569468.1,"Lavandula maroccana isolate 01Lmarocca chloroplast, complete genome","PX569468.1 Lavandula maroccana isolate 01Lmarocca chloroplast, complete genome",Lavandula maroccana
PV929577.fasta,PV929577.1,"Lemna aequinoctialis chloroplast, complete genome","PV929577.1 Lemna aequinoctialis chloroplast, complete genome",Lemna aequinoctialis
PP336769.fasta,PP336769.1,"Leontodon crispus chloroplast, complete genome","PP336769.1 Leontodon crispus chloroplast, complete genome",Leontodon crispus
OR990536.fasta,OR990536.1,"Leontodon dubius chloroplast, complete genome","OR990536.1 Leontodon dubius chloroplast, complete genome",Leontodon dubius
OR990525.fasta,OR990525.1,"Leontodon hispidus chloroplast, complete genome","OR990525.1 Leontodon hispidus chloroplast, complete genome",Leontodon hispidus
OR990526.fasta,OR990526.1,"Leontodon incanus chloroplast, complete genome","OR990526.1 Leontodon incanus chloroplast, complete genome",Leontodon incanus
PX316523.fasta,PX316523.1,"Leontopodium dedekensii chloroplast, complete genome","PX316523.1 Leontopodium dedekensii chloroplast, complete genome",Leontopodium dedekensii
OR915891.fasta,OR915891.1,"Leontopodium nivale subsp. alpinum chloroplast, complete genome","OR915891.1 Leontopodium nivale subsp. alpinum chloroplast, complete genome",Leontopodium nivale
PP234558.fasta,PP234558.1,"Leontopodium pusillum isolate p45 chloroplast, complete genome","PP234558.1 Leontopodium pusillum isolate p45 chloroplast, complete genome",Leontopodium pusillum
OR738465.fasta,OR738465.1,"Leontopodium wilsonii chloroplast, complete genome","OR738465.1 Leontopodium wilsonii chloroplast, complete genome",Leontopodium wilsonii
PQ231095.fasta,PQ231095.1,"Leonurus panzerioides chloroplast, complete genome","PQ231095.1 Leonurus panzerioides chloroplast, complete genome",Leonurus panzerioides
PQ231098.fasta,PQ231098.1,"Leonurus turkestanicus chloroplast, complete genome","PQ231098.1 Leonurus turkestanicus chloroplast, complete genome",Leonurus turkestanicus
PX828354.fasta,PX828354.1,"Lepanthes clareae chloroplast, complete genome","PX828354.1 Lepanthes clareae chloroplast, complete genome",Lepanthes clareae
PX828355.fasta,PX828355.1,"Lepanthes cloesii chloroplast, complete genome","PX828355.1 Lepanthes cloesii chloroplast, complete genome",Lepanthes cloesii
PX828356.fasta,PX828356.1,"Lepanthes tachirensis chloroplast, complete genome","PX828356.1 Lepanthes tachirensis chloroplast, complete genome",Lepanthes tachirensis
PV548682.fasta,PV548682.1,"Lepechiniella alatavica voucher BNU2020XJ299 chloroplast, complete genome","PV548682.1 Lepechiniella alatavica voucher BNU2020XJ299 chloroplast, complete genome",Lepechiniella alatavica
PV548709.fasta,PV548709.1,"Lepechiniella sarawschanica voucher TASH:1205 chloroplast, complete genome","PV548709.1 Lepechiniella sarawschanica voucher TASH:1205 chloroplast, complete genome",Lepechiniella sarawschanica
PQ576719.fasta,PQ576719.1,"Lepidagathis incurva voucher FGRC-2024.10.01-Lanchuycong chloroplast, complete genome","PQ576719.1 Lepidagathis incurva voucher FGRC-2024.10.01-Lanchuycong chloroplast, complete genome",Lepidagathis incurva
PV712667.fasta,PV712667.1,"Lepidium apetalum isolate DXC chloroplast, complete genome","PV712667.1 Lepidium apetalum isolate DXC chloroplast, complete genome",Lepidium apetalum
PV712666.fasta,PV712666.1,"Lepidium campestre isolate LDXC chloroplast, complete genome","PV712666.1 Lepidium campestre isolate LDXC chloroplast, complete genome",Lepidium campestre
PV712665.fasta,PV712665.1,"Lepidium chalepense isolate QGQXC chloroplast, complete genome","PV712665.1 Lepidium chalepense isolate QGQXC chloroplast, complete genome",Lepidium chalepense
PV712664.fasta,PV712664.1,"Lepidium cuneiforme isolate XYDXC chloroplast, complete genome","PV712664.1 Lepidium cuneiforme isolate XYDXC chloroplast, complete genome",Lepidium cuneiforme
PV712663.fasta,PV712663.1,"Lepidium densiflorum isolate MHDXC chloroplast, complete genome","PV712663.1 Lepidium densiflorum isolate MHDXC chloroplast, complete genome",Lepidium densiflorum
PV712662.fasta,PV712662.1,"Lepidium didymum isolate CJ chloroplast, complete genome","PV712662.1 Lepidium didymum isolate CJ chloroplast, complete genome",Lepidium didymum
PV712657.fasta,PV712657.1,"Lepidium draba isolate QXC chloroplast, complete genome","PV712657.1 Lepidium draba isolate QXC chloroplast, complete genome",Lepidium draba
PV712658.fasta,PV712658.1,"Lepidium latifolium isolate KYDXC chloroplast, complete genome","PV712658.1 Lepidium latifolium isolate KYDXC chloroplast, complete genome",Lepidium latifolium
PV605702.fasta,PV605702.1,"Lepidium olgae chloroplast, complete genome","PV605702.1 Lepidium olgae chloroplast, complete genome",Lepidium olgae
PV712659.fasta,PV712659.1,"Lepidium perfoliatum isolate BJDXC chloroplast, complete genome","PV712659.1 Lepidium perfoliatum isolate BJDXC chloroplast, complete genome",Lepidium perfoliatum
PP165053.fasta,PP165053.1,"Lepidium ruderale chloroplast, complete genome","PP165053.1 Lepidium ruderale chloroplast, complete genome",Lepidium ruderale
PV712661.fasta,PV712661.1,"Lepidium sativum isolate JDXC chloroplast, complete genome","PV712661.1 Lepidium sativum isolate JDXC chloroplast, complete genome",Lepidium sativum
PV712660.fasta,PV712660.1,"Lepidium virginicum isolate BMDXC chloroplast, complete genome","PV712660.1 Lepidium virginicum isolate BMDXC chloroplast, complete genome",Lepidium virginicum
PV370340.fasta,PV370340.1,"Leptodermis rehderiana isolate 515 chloroplast, complete genome","PV370340.1 Leptodermis rehderiana isolate 515 chloroplast, complete genome",Leptodermis rehderiana
PV870712.fasta,PV870712.1,"Leptodesmia congesta voucher 3079-MO chloroplast, complete genome","PV870712.1 Leptodesmia congesta voucher 3079-MO chloroplast, complete genome",Leptodesmia congesta
PV870814.fasta,PV870814.1,"Leptosema aphyllum voucher Yi14838-Yi Lab chloroplast, complete genome","PV870814.1 Leptosema aphyllum voucher Yi14838-Yi Lab chloroplast, complete genome",Leptosema aphyllum
PV032006.fasta,PV032006.1,"Lespedeza davidii chloroplast, complete genome","PV032006.1 Lespedeza davidii chloroplast, complete genome",Lespedeza davidii
PQ652319.fasta,PQ652319.1,"Lespedeza inschanica isolate DP Jin chloroplast, complete genome","PQ652319.1 Lespedeza inschanica isolate DP Jin chloroplast, complete genome",Lespedeza inschanica
PQ652320.fasta,PQ652320.1,"Lespedeza juncea isolate DP Jin chloroplast, complete genome","PQ652320.1 Lespedeza juncea isolate DP Jin chloroplast, complete genome",Lespedeza juncea
PV870822.fasta,PV870822.1,"Lessertia frutescens voucher Yi15107-Yi Lab chloroplast, complete genome","PV870822.1 Lessertia frutescens voucher Yi15107-Yi Lab chloroplast, complete genome",Lessertia frutescens
OR990528.fasta,OR990528.1,"Leucanthemopsis alpina chloroplast, complete genome","OR990528.1 Leucanthemopsis alpina chloroplast, complete genome",Leucanthemopsis alpina
OR990529.fasta,OR990529.1,"Leucanthemum heterophyllum chloroplast, complete genome","OR990529.1 Leucanthemum heterophyllum chloroplast, complete genome",Leucanthemum heterophyllum
PV802396.fasta,PV802396.1,"Leucas ciliata chloroplast, complete genome","PV802396.1 Leucas ciliata chloroplast, complete genome",Leucas ciliata
OR565912.fasta,OR565912.1,"Leucas mollissima voucher XCL2221 chloroplast, complete genome","OR565912.1 Leucas mollissima voucher XCL2221 chloroplast, complete genome",Leucas mollissima
PQ231099.fasta,PQ231099.1,"Leucas neuflizeana chloroplast, complete genome","PQ231099.1 Leucas neuflizeana chloroplast, complete genome",Leucas neuflizeana
OR884996.fasta,OR884996.1,"Leucojum vernum chloroplast, complete genome","OR884996.1 Leucojum vernum chloroplast, complete genome",Leucojum vernum
PV870693.fasta,PV870693.1,"Leucomphalos mildbraedii voucher 482-MO chloroplast, complete genome","PV870693.1 Leucomphalos mildbraedii voucher 482-MO chloroplast, complete genome",Leucomphalos mildbraedii
OR835155.fasta,OR835155.1,"Leuenbergeria portulacifolia voucher DES:2016-0465-011G chloroplast, complete genome","OR835155.1 Leuenbergeria portulacifolia voucher DES:2016-0465-011G chloroplast, complete genome",Leuenbergeria portulacifolia
PX733922.fasta,PX733922.1,"Leuzea repens chloroplast, complete genome","PX733922.1 Leuzea repens chloroplast, complete genome",Leuzea repens
OR990537.fasta,OR990537.1,"Leuzea rhapontica chloroplast, complete genome","OR990537.1 Leuzea rhapontica chloroplast, complete genome",Leuzea rhapontica
PV613239.fasta,PV613239.1,"Levisticum officinale isolate L63 chloroplast, complete genome","PV613239.1 Levisticum officinale isolate L63 chloroplast, complete genome",Levisticum officinale
OR783473.fasta,OR783473.1,"Leysera tenella chloroplast, complete genome","OR783473.1 Leysera tenella chloroplast, complete genome",Leysera tenella
PP078847.fasta,PP078847.1,"Libanotis abolinii isolate LLJ23082001 chloroplast, complete genome","PP078847.1 Libanotis abolinii isolate LLJ23082001 chloroplast, complete genome",Libanotis abolinii
PP078848.fasta,PP078848.1,"Libanotis depressa isolate LLJ23080901 chloroplast, complete genome","PP078848.1 Libanotis depressa isolate LLJ23080901 chloroplast, complete genome",Libanotis depressa
PP078850.fasta,PP078850.1,"Libanotis grubovii isolate LLJ23072401 chloroplast, complete genome","PP078850.1 Libanotis grubovii isolate LLJ23072401 chloroplast, complete genome",Libanotis grubovii
PP078852.fasta,PP078852.1,"Libanotis incana isolate LLJ23073104 chloroplast, complete genome","PP078852.1 Libanotis incana isolate LLJ23073104 chloroplast, complete genome",Libanotis incana
PP078853.fasta,PP078853.1,"Libanotis lancifolia isolate LLJ23082201 chloroplast, complete genome","PP078853.1 Libanotis lancifolia isolate LLJ23082201 chloroplast, complete genome",Libanotis lancifolia
PP078854.fasta,PP078854.1,"Libanotis laticalycina isolate LLJ23082401 chloroplast, complete genome","PP078854.1 Libanotis laticalycina isolate LLJ23082401 chloroplast, complete genome",Libanotis laticalycina
OQ570471.fasta,OQ570471.1,"Libanotis schrenkiana chloroplast, complete genome","OQ570471.1 Libanotis schrenkiana chloroplast, complete genome",Libanotis schrenkiana
PP078855.fasta,PP078855.1,"Libanotis spodotrichoma isolate LLJ23082501 chloroplast, complete genome","PP078855.1 Libanotis spodotrichoma isolate LLJ23082501 chloroplast, complete genome",Libanotis spodotrichoma
PP078856.fasta,PP078856.1,"Libanotis wannienchun isolate LLJ23082701 chloroplast, complete genome","PP078856.1 Libanotis wannienchun isolate LLJ23082701 chloroplast, complete genome",Libanotis wannienchun
PV221543.fasta,PV221543.1,"Libertia chilensis chloroplast, complete genome","PV221543.1 Libertia chilensis chloroplast, complete genome",Libertia chilensis
PV221540.fasta,PV221540.1,"Libertia colombiana chloroplast, complete genome","PV221540.1 Libertia colombiana chloroplast, complete genome",Libertia colombiana
PV221548.fasta,PV221548.1,"Libertia cranwelliae chloroplast, complete genome","PV221548.1 Libertia cranwelliae chloroplast, complete genome",Libertia cranwelliae
PV221550.fasta,PV221550.1,"Libertia edgariae chloroplast, complete genome","PV221550.1 Libertia edgariae chloroplast, complete genome",Libertia edgariae
PV221547.fasta,PV221547.1,"Libertia flaccidifolia chloroplast, complete genome","PV221547.1 Libertia flaccidifolia chloroplast, complete genome",Libertia flaccidifolia
PV221546.fasta,PV221546.1,"Libertia grandiflora chloroplast, complete genome","PV221546.1 Libertia grandiflora chloroplast, complete genome",Libertia grandiflora
PV221551.fasta,PV221551.1,"Libertia ixioides chloroplast, complete genome","PV221551.1 Libertia ixioides chloroplast, complete genome",Libertia ixioides
PV221552.fasta,PV221552.1,"Libertia micrantha chloroplast, complete genome","PV221552.1 Libertia micrantha chloroplast, complete genome",Libertia micrantha
PV221539.fasta,PV221539.1,"Libertia mooreae chloroplast, complete genome","PV221539.1 Libertia mooreae chloroplast, complete genome",Libertia mooreae
PV221545.fasta,PV221545.1,"Libertia paniculata chloroplast, complete genome","PV221545.1 Libertia paniculata chloroplast, complete genome",Libertia paniculata
PV221549.fasta,PV221549.1,"Libertia peregrinans chloroplast, complete genome","PV221549.1 Libertia peregrinans chloroplast, complete genome",Libertia peregrinans
PV221544.fasta,PV221544.1,"Libertia pulchella chloroplast, complete genome","PV221544.1 Libertia pulchella chloroplast, complete genome",Libertia pulchella
PV221542.fasta,PV221542.1,"Libertia sessiliflora chloroplast, complete genome","PV221542.1 Libertia sessiliflora chloroplast, complete genome",Libertia sessiliflora
PV221541.fasta,PV221541.1,"Libertia tricocca chloroplast, complete genome","PV221541.1 Libertia tricocca chloroplast, complete genome",Libertia tricocca
PV870830.fasta,PV870830.1,"Libidibia paraguariensis voucher Yi15270-KUN chloroplast, complete genome","PV870830.1 Libidibia paraguariensis voucher Yi15270-KUN chloroplast, complete genome",Libidibia paraguariensis
PV870742.fasta,PV870742.1,"Librevillea klainei voucher 3274-MO chloroplast, complete genome","PV870742.1 Librevillea klainei voucher 3274-MO chloroplast, complete genome",Librevillea klainei
ON470823.fasta,ON470823.1,"Ligusticopsis multivittata voucher DGLJ chloroplast, complete genome","ON470823.1 Ligusticopsis multivittata voucher DGLJ chloroplast, complete genome",Ligusticopsis multivittata
ON470822.fasta,ON470822.1,"Ligusticum glaucifolium voucher BYLJ chloroplast, complete genome","ON470822.1 Ligusticum glaucifolium voucher BYLJ chloroplast, complete genome",Ligusticum glaucifolium
PP078858.fasta,PP078858.1,"Ligusticum mucronatum isolate LLJ23072301 chloroplast, complete genome","PP078858.1 Ligusticum mucronatum isolate LLJ23072301 chloroplast, complete genome",Ligusticum mucronatum
OR896882.fasta,OR896882.1,"Ligusticum mutellina chloroplast, complete genome","OR896882.1 Ligusticum mutellina chloroplast, complete genome",Ligusticum mutellina
PV613221.fasta,PV613221.1,"Ligusticum nematophyllum isolate SCSP chloroplast, complete genome","PV613221.1 Ligusticum nematophyllum isolate SCSP chloroplast, complete genome",Ligusticum nematophyllum
ON470830.fasta,ON470830.1,"Ligusticum nullivittatum voucher WGSN chloroplast, complete genome","ON470830.1 Ligusticum nullivittatum voucher WGSN chloroplast, complete genome",Ligusticum nullivittatum
PV613225.fasta,PV613225.1,"Ligusticum reptans isolate L42GZTR chloroplast, complete genome","PV613225.1 Ligusticum reptans isolate L42GZTR chloroplast, complete genome",Ligusticum reptans
ON470833.fasta,ON470833.1,"Ligusticum sikiangense voucher CDKD chloroplast, complete genome","ON470833.1 Ligusticum sikiangense voucher CDKD chloroplast, complete genome",Ligusticum sikiangense
OM640182.fasta,OM640182.1,"Ligustrum foliosum voucher PDBK1990-0041 chloroplast, complete genome","OM640182.1 Ligustrum foliosum voucher PDBK1990-0041 chloroplast, complete genome",Ligustrum foliosum
OM640183.fasta,OM640183.1,"Ligustrum ibota voucher PDBK2019-1009 chloroplast, complete genome","OM640183.1 Ligustrum ibota voucher PDBK2019-1009 chloroplast, complete genome",Ligustrum ibota
PX309531.fasta,PX309531.2,"Ligustrum japonicum chloroplast, complete genome","PX309531.2 Ligustrum japonicum chloroplast, complete genome",Ligustrum japonicum
OM640181.fasta,OM640181.1,"Ligustrum leucanthum voucher PDBK1990-0042 chloroplast, complete genome","OM640181.1 Ligustrum leucanthum voucher PDBK1990-0042 chloroplast, complete genome",Ligustrum leucanthum
OM640185.fasta,OM640185.1,"Ligustrum lucidum voucher PDBK2010-1526 chloroplast, complete genome","OM640185.1 Ligustrum lucidum voucher PDBK2010-1526 chloroplast, complete genome",Ligustrum lucidum
OM640186.fasta,OM640186.1,"Ligustrum obtusifolium voucher PDBK2009-0118 chloroplast, complete genome","OM640186.1 Ligustrum obtusifolium voucher PDBK2009-0118 chloroplast, complete genome",Ligustrum obtusifolium
OM640187.fasta,OM640187.1,"Ligustrum ovalifolium voucher PDBK2019-0971 chloroplast, complete genome","OM640187.1 Ligustrum ovalifolium voucher PDBK2019-0971 chloroplast, complete genome",Ligustrum ovalifolium
OM640188.fasta,OM640188.1,"Ligustrum quihoui var. latifolium voucher PDBK2009-1227 chloroplast, complete genome","OM640188.1 Ligustrum quihoui var. latifolium voucher PDBK2009-1227 chloroplast, complete genome",Ligustrum quihoui
OM640189.fasta,OM640189.1,"Ligustrum sempervirens voucher AA 634-86 chloroplast, complete genome","OM640189.1 Ligustrum sempervirens voucher AA 634-86 chloroplast, complete genome",Ligustrum sempervirens
OM640190.fasta,OM640190.1,"Ligustrum sinense voucher AA 839-82-MASS chloroplast, complete genome","OM640190.1 Ligustrum sinense voucher AA 839-82-MASS chloroplast, complete genome",Ligustrum sinense
PP336771.fasta,PP336771.1,"Ligustrum vulgare chloroplast, complete genome","PP336771.1 Ligustrum vulgare chloroplast, complete genome",Ligustrum vulgare
PZ270244.fasta,PZ270244.1,"Lilium amoenum chloroplast, complete genome","PZ270244.1 Lilium amoenum chloroplast, complete genome",Lilium amoenum
OR350450.fasta,OR350450.1,"Lilium apertum isolate GYD344_2 chloroplast, complete genome","OR350450.1 Lilium apertum isolate GYD344_2 chloroplast, complete genome",Lilium apertum
OR400158.fasta,OR400158.1,"Lilium bakerianum chloroplast, complete genome","OR400158.1 Lilium bakerianum chloroplast, complete genome",Lilium bakerianum
PX427841.fasta,PX427841.1,"Lilium basilissum isolate mh23080238 chloroplast, complete genome","PX427841.1 Lilium basilissum isolate mh23080238 chloroplast, complete genome",Lilium basilissum
OR400157.fasta,OR400157.1,"Lilium brownii var. viridulum chloroplast, complete genome","OR400157.1 Lilium brownii var. viridulum chloroplast, complete genome",Lilium brownii
PP336772.fasta,PP336772.1,"Lilium bulbiferum subsp. bulbiferum chloroplast, complete genome","PP336772.1 Lilium bulbiferum subsp. bulbiferum chloroplast, complete genome",Lilium bulbiferum
PX436132.fasta,PX436132.1,"Lilium concolor chloroplast, complete genome","PX436132.1 Lilium concolor chloroplast, complete genome",Lilium concolor
PP130591.fasta,PP130591.1,"Lilium jinfushanense chloroplast, complete genome","PP130591.1 Lilium jinfushanense chloroplast, complete genome",Lilium jinfushanense
OR400160.fasta,OR400160.1,"Lilium lancifolium chloroplast, complete genome","OR400160.1 Lilium lancifolium chloroplast, complete genome",Lilium lancifolium
PQ663722.fasta,PQ663722.1,"Lilium leichtlinii isolate JN_CP chloroplast, complete genome","PQ663722.1 Lilium leichtlinii isolate JN_CP chloroplast, complete genome",Lilium leichtlinii
OR413693.fasta,OR413693.1,"Lilium longiflorum chloroplast, complete genome","OR413693.1 Lilium longiflorum chloroplast, complete genome",Lilium longiflorum
PP130590.fasta,PP130590.1,"Lilium lophophorum chloroplast, complete genome","PP130590.1 Lilium lophophorum chloroplast, complete genome",Lilium lophophorum
PP336773.fasta,PP336773.1,"Lilium martagon chloroplast, complete genome","PP336773.1 Lilium martagon chloroplast, complete genome",Lilium martagon
PQ824871.fasta,PQ824871.1,"Lilium nanum isolate gyd-1389-1A chloroplast, complete genome","PQ824871.1 Lilium nanum isolate gyd-1389-1A chloroplast, complete genome",Lilium nanum
PX831860.fasta,PX831860.1,"Lilium papilliferum chloroplast, complete genome","PX831860.1 Lilium papilliferum chloroplast, complete genome",Lilium papilliferum
OR400159.fasta,OR400159.1,"Lilium pumilum chloroplast, complete genome","OR400159.1 Lilium pumilum chloroplast, complete genome",Lilium pumilum
OR350449.fasta,OR350449.1,"Lilium sealyi isolate GYD0445 chloroplast, complete genome","OR350449.1 Lilium sealyi isolate GYD0445 chloroplast, complete genome",Lilium sealyi
PV890005.fasta,PV890005.1,"Limnophila aromatica chloroplast, complete genome","PV890005.1 Limnophila aromatica chloroplast, complete genome",Limnophila aromatica
PV890006.fasta,PV890006.1,"Limnophila rugosa chloroplast, complete genome","PV890006.1 Limnophila rugosa chloroplast, complete genome",Limnophila rugosa
PP336774.fasta,PP336774.1,"Limodorum abortivum chloroplast, complete genome","PP336774.1 Limodorum abortivum chloroplast, complete genome",Limodorum abortivum
PQ824630.fasta,PQ824630.1,"Limonium tenellum chloroplast, complete genome","PQ824630.1 Limonium tenellum chloroplast, complete genome",Limonium tenellum
PP336775.fasta,PP336775.1,"Linaria angustissima chloroplast, complete genome","PP336775.1 Linaria angustissima chloroplast, complete genome",Linaria angustissima
PP336776.fasta,PP336776.1,"Linaria vulgaris subsp. vulgaris chloroplast, complete genome","PP336776.1 Linaria vulgaris subsp. vulgaris chloroplast, complete genome",Linaria vulgaris
OR264251.fasta,OR264251.1,"Lindera erythrocarpa voucher BSZ171 chloroplast, complete genome","OR264251.1 Lindera erythrocarpa voucher BSZ171 chloroplast, complete genome",Lindera erythrocarpa
PV217815.fasta,PV217815.1,"Lindera latifolia chloroplast, complete genome","PV217815.1 Lindera latifolia chloroplast, complete genome",Lindera latifolia
PP346660.fasta,PP346660.1,"Lindera limprichtii chloroplast, complete genome","PP346660.1 Lindera limprichtii chloroplast, complete genome",Lindera limprichtii
PP346659.fasta,PP346659.1,"Lindera pulcherrima chloroplast, complete genome","PP346659.1 Lindera pulcherrima chloroplast, complete genome",Lindera pulcherrima
PV217816.fasta,PV217816.1,"Lindera setchuenensis chloroplast, complete genome","PV217816.1 Lindera setchuenensis chloroplast, complete genome",Lindera setchuenensis
PV217817.fasta,PV217817.1,"Lindera tienchuanensis chloroplast, complete genome","PV217817.1 Lindera tienchuanensis chloroplast, complete genome",Lindera tienchuanensis
OR995418.fasta,OR995418.1,"Lindleya mespiloides voucher D.E.Breedlove#69237 (PE-01683743) chloroplast, complete genome","OR995418.1 Lindleya mespiloides voucher D.E.Breedlove#69237 (PE-01683743) chloroplast, complete genome",Lindleya mespiloides
PP484609.fasta,PP484609.1,"Linum catharticum chloroplast, complete genome","PP484609.1 Linum catharticum chloroplast, complete genome",Linum catharticum
PP484610.fasta,PP484610.1,"Linum tenuifolium chloroplast, complete genome","PP484610.1 Linum tenuifolium chloroplast, complete genome",Linum tenuifolium
PX240736.fasta,PX240736.1,"Linum usitatissimum isolate Longya15 chloroplast, complete genome","PX240736.1 Linum usitatissimum isolate Longya15 chloroplast, complete genome",Linum usitatissimum
PV870685.fasta,PV870685.1,"Liparia racemosa voucher DGE142-Michelle Lab chloroplast, complete genome","PV870685.1 Liparia racemosa voucher DGE142-Michelle Lab chloroplast, complete genome",Liparia racemosa
PQ571143.fasta,PQ571143.1,"Liparis bootanensis chloroplast, complete genome","PQ571143.1 Liparis bootanensis chloroplast, complete genome",Liparis bootanensis
PQ571150.fasta,PQ571150.1,"Liparis brunnea chloroplast, complete genome","PQ571150.1 Liparis brunnea chloroplast, complete genome",Liparis brunnea
PQ571151.fasta,PQ571151.1,"Liparis campylostalix chloroplast, complete genome","PQ571151.1 Liparis campylostalix chloroplast, complete genome",Liparis campylostalix
PQ571144.fasta,PQ571144.1,"Liparis elliptica chloroplast, complete genome","PQ571144.1 Liparis elliptica chloroplast, complete genome",Liparis elliptica
PQ571147.fasta,PQ571147.1,"Liparis nervosa chloroplast, complete genome","PQ571147.1 Liparis nervosa chloroplast, complete genome",Liparis nervosa
PQ571148.fasta,PQ571148.1,"Liparis odorata chloroplast, complete genome","PQ571148.1 Liparis odorata chloroplast, complete genome",Liparis odorata
PQ571152.fasta,PQ571152.1,"Liparis petiolata chloroplast, complete genome","PQ571152.1 Liparis petiolata chloroplast, complete genome",Liparis petiolata
PQ571157.fasta,PQ571157.1,"Liparis resupinata chloroplast, complete genome","PQ571157.1 Liparis resupinata chloroplast, complete genome",Liparis resupinata
PQ571149.fasta,PQ571149.1,"Liparis sootenzanensis chloroplast, complete genome","PQ571149.1 Liparis sootenzanensis chloroplast, complete genome",Liparis sootenzanensis
PQ571153.fasta,PQ571153.1,"Liparis tsii chloroplast, complete genome","PQ571153.1 Liparis tsii chloroplast, complete genome",Liparis tsii
ON729381.fasta,ON729381.1,"Liquidambar acalycina chloroplast, complete genome","ON729381.1 Liquidambar acalycina chloroplast, complete genome",Liquidambar acalycina
ON729376.fasta,ON729376.1,"Liquidambar chinensis chloroplast, complete genome","ON729376.1 Liquidambar chinensis chloroplast, complete genome",Liquidambar chinensis
PX503656.fasta,PX503656.1,"Liquidambar formosana chloroplast, complete genome","PX503656.1 Liquidambar formosana chloroplast, complete genome",Liquidambar formosana
ON729382.fasta,ON729382.1,"Liquidambar styraciflua chloroplast, complete genome","ON729382.1 Liquidambar styraciflua chloroplast, complete genome",Liquidambar styraciflua
ON729377.fasta,ON729377.1,"Liquidambar yunnanensis chloroplast, complete genome","ON729377.1 Liquidambar yunnanensis chloroplast, complete genome",Liquidambar yunnanensis
PP078673.fasta,PP078673.1,"Liriope graminifolia isolate ZSY0179 chloroplast, complete genome","PP078673.1 Liriope graminifolia isolate ZSY0179 chloroplast, complete genome",Liriope graminifolia
PV455322.fasta,PV455322.1,"Liriope muscari chloroplast, complete genome","PV455322.1 Liriope muscari chloroplast, complete genome",Liriope muscari
PX109645.fasta,PX109645.1,"Litchi chinensis chloroplast, complete genome","PX109645.1 Litchi chinensis chloroplast, complete genome",Litchi chinensis
PQ276669.fasta,PQ276669.1,"Lithocarpus amygdalifolius chloroplast, complete genome","PQ276669.1 Lithocarpus amygdalifolius chloroplast, complete genome",Lithocarpus amygdalifolius
PQ276671.fasta,PQ276671.1,"Lithocarpus areca chloroplast, complete genome","PQ276671.1 Lithocarpus areca chloroplast, complete genome",Lithocarpus areca
PQ276666.fasta,PQ276666.1,"Lithocarpus brevicaudatus chloroplast, complete genome","PQ276666.1 Lithocarpus brevicaudatus chloroplast, complete genome",Lithocarpus brevicaudatus
OR936139.fasta,OR936139.1,"Lithocarpus dealbatus chloroplast, complete genome","OR936139.1 Lithocarpus dealbatus chloroplast, complete genome",Lithocarpus dealbatus
PQ276667.fasta,PQ276667.1,"Lithocarpus elizabethiae chloroplast, complete genome","PQ276667.1 Lithocarpus elizabethiae chloroplast, complete genome",Lithocarpus elizabethiae
OR832175.fasta,OR832175.1,"Lithocarpus fenestratus chloroplast, complete genome","OR832175.1 Lithocarpus fenestratus chloroplast, complete genome",Lithocarpus fenestratus
PQ276656.fasta,PQ276656.1,"Lithocarpus fohaiensis chloroplast, complete genome","PQ276656.1 Lithocarpus fohaiensis chloroplast, complete genome",Lithocarpus fohaiensis
PQ276659.fasta,PQ276659.1,"Lithocarpus grandifolius chloroplast, complete genome","PQ276659.1 Lithocarpus grandifolius chloroplast, complete genome",Lithocarpus grandifolius
PQ276663.fasta,PQ276663.1,"Lithocarpus gymnocarpus chloroplast, complete genome","PQ276663.1 Lithocarpus gymnocarpus chloroplast, complete genome",Lithocarpus gymnocarpus
PQ276665.fasta,PQ276665.1,"Lithocarpus konishii chloroplast, complete genome","PQ276665.1 Lithocarpus konishii chloroplast, complete genome",Lithocarpus konishii
PV191269.fasta,PV191269.1,"Lithocarpus longanoides chloroplast, complete genome","PV191269.1 Lithocarpus longanoides chloroplast, complete genome",Lithocarpus longanoides
PQ276670.fasta,PQ276670.1,"Lithocarpus longzhouicus chloroplast, complete genome","PQ276670.1 Lithocarpus longzhouicus chloroplast, complete genome",Lithocarpus longzhouicus
OR805597.fasta,OR805597.1,"Lithocarpus oleifolius chloroplast, complete genome","OR805597.1 Lithocarpus oleifolius chloroplast, complete genome",Lithocarpus oleifolius
PQ276660.fasta,PQ276660.1,"Lithocarpus pachylepis chloroplast, complete genome","PQ276660.1 Lithocarpus pachylepis chloroplast, complete genome",Lithocarpus pachylepis
PQ276658.fasta,PQ276658.1,"Lithocarpus sphaerocarpus chloroplast, complete genome","PQ276658.1 Lithocarpus sphaerocarpus chloroplast, complete genome",Lithocarpus sphaerocarpus
PQ276662.fasta,PQ276662.1,"Lithocarpus tabularis chloroplast, complete genome","PQ276662.1 Lithocarpus tabularis chloroplast, complete genome",Lithocarpus tabularis
PQ276664.fasta,PQ276664.1,"Lithocarpus uvariifolius chloroplast, complete genome","PQ276664.1 Lithocarpus uvariifolius chloroplast, complete genome",Lithocarpus uvariifolius
PQ276661.fasta,PQ276661.1,"Lithocarpus xylocarpus chloroplast, complete genome","PQ276661.1 Lithocarpus xylocarpus chloroplast, complete genome",Lithocarpus xylocarpus
LC774945.fasta,LC774945.1,"Lithospermum erythrorhizon Siebold et Zuccarini chloroplast DNA, complete genome","LC774945.1 Lithospermum erythrorhizon Siebold et Zuccarini chloroplast DNA, complete genome",Lithospermum erythrorhizon
OR264252.fasta,OR264252.1,"Litsea glutinosa voucher XTBGLQM0592 chloroplast, complete genome","OR264252.1 Litsea glutinosa voucher XTBGLQM0592 chloroplast, complete genome",Litsea glutinosa
OR264253.fasta,OR264253.1,"Litsea mollis voucher CFL2678 chloroplast, complete genome","OR264253.1 Litsea mollis voucher CFL2678 chloroplast, complete genome",Litsea mollis
PP484613.fasta,PP484613.1,"Lolium arundinaceum chloroplast, complete genome","PP484613.1 Lolium arundinaceum chloroplast, complete genome",Lolium arundinaceum
PP484614.fasta,PP484614.1,"Lolium multiflorum chloroplast, complete genome","PP484614.1 Lolium multiflorum chloroplast, complete genome",Lolium multiflorum
PP165054.fasta,PP165054.1,"Lomelosia graminifolia subsp. graminifolia chloroplast, complete genome","PP165054.1 Lomelosia graminifolia subsp. graminifolia chloroplast, complete genome",Lomelosia graminifolia
PP697918.fasta,PP697918.1,"Lonicera acuminata voucher WYJ202307095 chloroplast, complete genome","PP697918.1 Lonicera acuminata voucher WYJ202307095 chloroplast, complete genome",Lonicera acuminata
PP165069.fasta,PP165069.1,"Lonicera alpigena subsp. alpigena chloroplast, complete genome","PP165069.1 Lonicera alpigena subsp. alpigena chloroplast, complete genome",Lonicera alpigena
PP697884.fasta,PP697884.1,"Lonicera angustifolia voucher WYJ202307030 chloroplast, complete genome","PP697884.1 Lonicera angustifolia voucher WYJ202307030 chloroplast, complete genome",Lonicera angustifolia
PP697917.fasta,PP697917.1,"Lonicera bournei voucher WYJ202307037 chloroplast, complete genome","PP697917.1 Lonicera bournei voucher WYJ202307037 chloroplast, complete genome",Lonicera bournei
PP697861.fasta,PP697861.1,"Lonicera caerulea voucher WYJ202108539 chloroplast, complete genome","PP697861.1 Lonicera caerulea voucher WYJ202108539 chloroplast, complete genome",Lonicera caerulea
PP697934.fasta,PP697934.1,"Lonicera chrysantha voucher WYJ202307078 chloroplast, complete genome","PP697934.1 Lonicera chrysantha voucher WYJ202307078 chloroplast, complete genome",Lonicera chrysantha
PP697923.fasta,PP697923.1,"Lonicera confusa voucher WYJ202307093 chloroplast, complete genome","PP697923.1 Lonicera confusa voucher WYJ202307093 chloroplast, complete genome",Lonicera confusa
PP697858.fasta,PP697858.1,"Lonicera cyanocarpa voucher WYJ202208003 chloroplast, complete genome","PP697858.1 Lonicera cyanocarpa voucher WYJ202208003 chloroplast, complete genome",Lonicera cyanocarpa
PP697860.fasta,PP697860.1,"Lonicera ferdinandi voucher WYJ202208021 chloroplast, complete genome","PP697860.1 Lonicera ferdinandi voucher WYJ202208021 chloroplast, complete genome",Lonicera ferdinandi
PP697896.fasta,PP697896.1,"Lonicera fragrantissima voucher WYJ202108498 chloroplast, complete genome","PP697896.1 Lonicera fragrantissima voucher WYJ202108498 chloroplast, complete genome",Lonicera fragrantissima
PP697865.fasta,PP697865.1,"Lonicera gynochlamydea voucher WYJ202108475 chloroplast, complete genome","PP697865.1 Lonicera gynochlamydea voucher WYJ202108475 chloroplast, complete genome",Lonicera gynochlamydea
PP697910.fasta,PP697910.1,"Lonicera hispida voucher WYJ202307021 chloroplast, complete genome","PP697910.1 Lonicera hispida voucher WYJ202307021 chloroplast, complete genome",Lonicera hispida
PP697920.fasta,PP697920.1,"Lonicera hypoglauca voucher WYJ202307096 chloroplast, complete genome","PP697920.1 Lonicera hypoglauca voucher WYJ202307096 chloroplast, complete genome",Lonicera hypoglauca
PP697852.fasta,PP697852.1,"Lonicera japonica voucher WYJ202106852 chloroplast, complete genome","PP697852.1 Lonicera japonica voucher WYJ202106852 chloroplast, complete genome",Lonicera japonica
PP697895.fasta,PP697895.1,"Lonicera kansuensis voucher WYJ202208020 chloroplast, complete genome","PP697895.1 Lonicera kansuensis voucher WYJ202208020 chloroplast, complete genome",Lonicera kansuensis
PP697875.fasta,PP697875.1,"Lonicera lanceolata voucher WYJ202108562 chloroplast, complete genome","PP697875.1 Lonicera lanceolata voucher WYJ202108562 chloroplast, complete genome",Lonicera lanceolata
PP697893.fasta,PP697893.1,"Lonicera ligustrina var. pileata voucher WYJ202307094 chloroplast, complete genome","PP697893.1 Lonicera ligustrina var. pileata voucher WYJ202307094 chloroplast, complete genome",Lonicera ligustrina
PP697898.fasta,PP697898.1,"Lonicera litangensis voucher WYJ202108553 chloroplast, complete genome","PP697898.1 Lonicera litangensis voucher WYJ202108553 chloroplast, complete genome",Lonicera litangensis
PP697926.fasta,PP697926.1,"Lonicera longiflora voucher WYJ202307083 chloroplast, complete genome","PP697926.1 Lonicera longiflora voucher WYJ202307083 chloroplast, complete genome",Lonicera longiflora
PP697937.fasta,PP697937.1,"Lonicera maackii voucher WYJ202307110 chloroplast, complete genome","PP697937.1 Lonicera maackii voucher WYJ202307110 chloroplast, complete genome",Lonicera maackii
PQ557619.fasta,PQ557619.1,"Lonicera macranthoides isolate YCL chloroplast, complete genome","PQ557619.1 Lonicera macranthoides isolate YCL chloroplast, complete genome",Lonicera macranthoides
PV026018.fasta,PV026018.1,"Lonicera micrantha isolate ipbb_18.2.5.1 chloroplast, complete genome","PV026018.1 Lonicera micrantha isolate ipbb_18.2.5.1 chloroplast, complete genome",Lonicera micrantha
PP697868.fasta,PP697868.1,"Lonicera microphylla voucher WYJ201904729 chloroplast, complete genome","PP697868.1 Lonicera microphylla voucher WYJ201904729 chloroplast, complete genome",Lonicera microphylla
PP697871.fasta,PP697871.1,"Lonicera nervosa voucher WYJ202208004 chloroplast, complete genome","PP697871.1 Lonicera nervosa voucher WYJ202208004 chloroplast, complete genome",Lonicera nervosa
PP165070.fasta,PP165070.1,"Lonicera nigra chloroplast, complete genome","PP165070.1 Lonicera nigra chloroplast, complete genome",Lonicera nigra
PP697870.fasta,PP697870.1,"Lonicera prostrata voucher WYJ202108668 chloroplast, complete genome","PP697870.1 Lonicera prostrata voucher WYJ202108668 chloroplast, complete genome",Lonicera prostrata
PP697929.fasta,PP697929.1,"Lonicera reticulata voucher WYJ202307092 chloroplast, complete genome","PP697929.1 Lonicera reticulata voucher WYJ202307092 chloroplast, complete genome",Lonicera reticulata
PP697887.fasta,PP697887.1,"Lonicera rupicola var. syringantha voucher WYJ202307063 chloroplast, complete genome","PP697887.1 Lonicera rupicola var. syringantha voucher WYJ202307063 chloroplast, complete genome",Lonicera rupicola
PP697941.fasta,PP697941.1,"Lonicera ruprechtiana voucher WYJ202307072 chloroplast, complete genome","PP697941.1 Lonicera ruprechtiana voucher WYJ202307072 chloroplast, complete genome",Lonicera ruprechtiana
PP697900.fasta,PP697900.1,"Lonicera scabrida voucher WYJ202307079 chloroplast, complete genome","PP697900.1 Lonicera scabrida voucher WYJ202307079 chloroplast, complete genome",Lonicera scabrida
PP697902.fasta,PP697902.1,"Lonicera semenovii voucher WYJ202307042 chloroplast, complete genome","PP697902.1 Lonicera semenovii voucher WYJ202307042 chloroplast, complete genome",Lonicera semenovii
PP697890.fasta,PP697890.1,"Lonicera sempervirens voucher WYJ202309142 chloroplast, complete genome","PP697890.1 Lonicera sempervirens voucher WYJ202309142 chloroplast, complete genome",Lonicera sempervirens
PP697853.fasta,PP697853.1,"Lonicera similis voucher WYJ202107266 chloroplast, complete genome","PP697853.1 Lonicera similis voucher WYJ202107266 chloroplast, complete genome",Lonicera similis
PP697878.fasta,PP697878.1,"Lonicera spinosa voucher WYJ202307025 chloroplast, complete genome","PP697878.1 Lonicera spinosa voucher WYJ202307025 chloroplast, complete genome",Lonicera spinosa
PP697906.fasta,PP697906.1,"Lonicera stephanocarpa voucher WYJ202108571 chloroplast, complete genome","PP697906.1 Lonicera stephanocarpa voucher WYJ202108571 chloroplast, complete genome",Lonicera stephanocarpa
PP697885.fasta,PP697885.1,"Lonicera tangutica voucher WYJ202307038 chloroplast, complete genome","PP697885.1 Lonicera tangutica voucher WYJ202307038 chloroplast, complete genome",Lonicera tangutica
PP697946.fasta,PP697946.1,"Lonicera tatarica voucher WYJ202309144 chloroplast, complete genome","PP697946.1 Lonicera tatarica voucher WYJ202309144 chloroplast, complete genome",Lonicera tatarica
PP697880.fasta,PP697880.1,"Lonicera tomentella voucher WYJ202307031 chloroplast, complete genome","PP697880.1 Lonicera tomentella voucher WYJ202307031 chloroplast, complete genome",Lonicera tomentella
PP697892.fasta,PP697892.1,"Lonicera tragophylla voucher WYJ202107488 chloroplast, complete genome","PP697892.1 Lonicera tragophylla voucher WYJ202107488 chloroplast, complete genome",Lonicera tragophylla
PP697942.fasta,PP697942.1,"Lonicera trichosantha voucher WYJ202307011 chloroplast, complete genome","PP697942.1 Lonicera trichosantha voucher WYJ202307011 chloroplast, complete genome",Lonicera trichosantha
PP697877.fasta,PP697877.1,"Lonicera tubuliflora voucher WYJ202307069 chloroplast, complete genome","PP697877.1 Lonicera tubuliflora voucher WYJ202307069 chloroplast, complete genome",Lonicera tubuliflora
PP697933.fasta,PP697933.1,"Lonicera webbiana voucher WYJ202307039 chloroplast, complete genome","PP697933.1 Lonicera webbiana voucher WYJ202307039 chloroplast, complete genome",Lonicera webbiana
PP165071.fasta,PP165071.1,"Lonicera xylosteum chloroplast, complete genome","PP165071.1 Lonicera xylosteum chloroplast, complete genome",Lonicera xylosteum
ON729350.fasta,ON729350.1,"Loropetalum chinense chloroplast, complete genome","ON729350.1 Loropetalum chinense chloroplast, complete genome",Loropetalum chinense
ON729349.fasta,ON729349.1,"Loropetalum subcordatum chloroplast, complete genome","ON729349.1 Loropetalum subcordatum chloroplast, complete genome",Loropetalum subcordatum
PV870765.fasta,PV870765.1,"Lotononis involucrata voucher OM2889-Michelle Lab chloroplast, complete genome","PV870765.1 Lotononis involucrata voucher OM2889-Michelle Lab chloroplast, complete genome",Lotononis involucrata
PQ539372.fasta,PQ539372.1,"Lotus conjugatus chloroplast, complete genome","PQ539372.1 Lotus conjugatus chloroplast, complete genome",Lotus conjugatus
PV870832.fasta,PV870832.1,"Lotus corniculatus voucher Yi15327-YiLab chloroplast, complete genome","PV870832.1 Lotus corniculatus voucher Yi15327-YiLab chloroplast, complete genome",Lotus corniculatus
PQ539369.fasta,PQ539369.1,"Lotus dorycnium chloroplast, complete genome","PQ539369.1 Lotus dorycnium chloroplast, complete genome",Lotus dorycnium
PV870842.fasta,PV870842.1,"Lotus fulgurans voucher Yi15489-Kew chloroplast, complete genome","PV870842.1 Lotus fulgurans voucher Yi15489-Kew chloroplast, complete genome",Lotus fulgurans
PQ539373.fasta,PQ539373.1,"Lotus graecus chloroplast, complete genome","PQ539373.1 Lotus graecus chloroplast, complete genome",Lotus graecus
PQ539374.fasta,PQ539374.1,"Lotus herbaceus chloroplast, complete genome","PQ539374.1 Lotus herbaceus chloroplast, complete genome",Lotus herbaceus
PQ539375.fasta,PQ539375.1,"Lotus hirsutus chloroplast, complete genome","PQ539375.1 Lotus hirsutus chloroplast, complete genome",Lotus hirsutus
PP203131.fasta,PP203131.1,"Lotus maritimus chloroplast, complete genome","PP203131.1 Lotus maritimus chloroplast, complete genome",Lotus maritimus
PQ539376.fasta,PQ539376.1,"Lotus ornithopodioides chloroplast, complete genome","PQ539376.1 Lotus ornithopodioides chloroplast, complete genome",Lotus ornithopodioides
PQ539377.fasta,PQ539377.1,"Lotus palustris chloroplast, complete genome","PQ539377.1 Lotus palustris chloroplast, complete genome",Lotus palustris
PQ539378.fasta,PQ539378.1,"Lotus tetragonolobus chloroplast, complete genome","PQ539378.1 Lotus tetragonolobus chloroplast, complete genome",Lotus tetragonolobus
PQ231101.fasta,PQ231101.1,"Loxocalyx urticifolius isolate 2 chloroplast, complete genome","PQ231101.1 Loxocalyx urticifolius isolate 2 chloroplast, complete genome",Loxocalyx urticifolius
OQ220351.fasta,OQ220351.1,"Ludwigia hyssopifolia voucher H2223 chloroplast, complete genome","OQ220351.1 Ludwigia hyssopifolia voucher H2223 chloroplast, complete genome",Ludwigia hyssopifolia
PV207539.fasta,PV207539.1,"Ludwigia peruviana voucher FRGC_2022_10_01 chloroplast, complete genome","PV207539.1 Ludwigia peruviana voucher FRGC_2022_10_01 chloroplast, complete genome",Ludwigia peruviana
PV870768.fasta,PV870768.1,"Luetzelburgia bahiensis voucher Queiroz 16150-HUEFS chloroplast, complete genome","PV870768.1 Luetzelburgia bahiensis voucher Queiroz 16150-HUEFS chloroplast, complete genome",Luetzelburgia bahiensis
PV008711.fasta,PV008711.1,"Luffa aegyptiaca voucher 2023-1 chloroplast, complete genome","PV008711.1 Luffa aegyptiaca voucher 2023-1 chloroplast, complete genome",Luffa aegyptiaca
PP952461.fasta,PP952461.1,"Lycium acutifolium chloroplast, complete genome","PP952461.1 Lycium acutifolium chloroplast, complete genome",Lycium acutifolium
PQ835002.fasta,PQ835002.1,"Lycium amarum isolate zlnmu2023167-3 voucher NMU01886 chloroplast, complete genome","PQ835002.1 Lycium amarum isolate zlnmu2023167-3 voucher NMU01886 chloroplast, complete genome",Lycium amarum
PP952462.fasta,PP952462.1,"Lycium ameghinoi chloroplast, complete genome","PP952462.1 Lycium ameghinoi chloroplast, complete genome",Lycium ameghinoi
PP952463.fasta,PP952463.1,"Lycium americanum chloroplast, complete genome","PP952463.1 Lycium americanum chloroplast, complete genome",Lycium americanum
PP952464.fasta,PP952464.1,"Lycium andersonii chloroplast, complete genome","PP952464.1 Lycium andersonii chloroplast, complete genome",Lycium andersonii
PP952466.fasta,PP952466.1,"Lycium barbarum chloroplast, complete genome","PP952466.1 Lycium barbarum chloroplast, complete genome",Lycium barbarum
PP952467.fasta,PP952467.1,"Lycium berlandieri chloroplast, complete genome","PP952467.1 Lycium berlandieri chloroplast, complete genome",Lycium berlandieri
PP952495.fasta,PP952495.1,"Lycium brevipes var. brevipes chloroplast, complete genome","PP952495.1 Lycium brevipes var. brevipes chloroplast, complete genome",Lycium brevipes
PP952470.fasta,PP952470.1,"Lycium californicum subsp. carinatum chloroplast, complete genome","PP952470.1 Lycium californicum subsp. carinatum chloroplast, complete genome",Lycium californicum
PP952471.fasta,PP952471.1,"Lycium carolinianum chloroplast, complete genome","PP952471.1 Lycium carolinianum chloroplast, complete genome",Lycium carolinianum
PP952472.fasta,PP952472.1,"Lycium cestroides chloroplast, complete genome","PP952472.1 Lycium cestroides chloroplast, complete genome",Lycium cestroides
PP952473.fasta,PP952473.1,"Lycium chilense chloroplast, complete genome","PP952473.1 Lycium chilense chloroplast, complete genome",Lycium chilense
PX804860.fasta,PX804860.1,"Lycium chinense var. potaninii chloroplast, complete genome","PX804860.1 Lycium chinense var. potaninii chloroplast, complete genome",Lycium chinense
PP952475.fasta,PP952475.1,"Lycium ciliatum chloroplast, complete genome","PP952475.1 Lycium ciliatum chloroplast, complete genome",Lycium ciliatum
PP952476.fasta,PP952476.1,"Lycium cooperi chloroplast, complete genome","PP952476.1 Lycium cooperi chloroplast, complete genome",Lycium cooperi
PP952477.fasta,PP952477.1,"Lycium cuneatum chloroplast, complete genome","PP952477.1 Lycium cuneatum chloroplast, complete genome",Lycium cuneatum
PP952478.fasta,PP952478.1,"Lycium cylindricum chloroplast, complete genome","PP952478.1 Lycium cylindricum chloroplast, complete genome",Lycium cylindricum
PQ835017.fasta,PQ835017.1,"Lycium dasystemum var. rubricaulium isolate zlnmu2023270-2 voucher NMU02192 chloroplast, complete genome","PQ835017.1 Lycium dasystemum var. rubricaulium isolate zlnmu2023270-2 voucher NMU02192 chloroplast, complete genome",Lycium dasystemum
PP952480.fasta,PP952480.1,"Lycium densifolium chloroplast, complete genome","PP952480.1 Lycium densifolium chloroplast, complete genome",Lycium densifolium
PP952481.fasta,PP952481.1,"Lycium elongatum chloroplast, complete genome","PP952481.1 Lycium elongatum chloroplast, complete genome",Lycium elongatum
PP952482.fasta,PP952482.1,"Lycium exsertum chloroplast, complete genome","PP952482.1 Lycium exsertum chloroplast, complete genome",Lycium exsertum
PP952483.fasta,PP952483.1,"Lycium ferocissimum chloroplast, complete genome","PP952483.1 Lycium ferocissimum chloroplast, complete genome",Lycium ferocissimum
PP952484.fasta,PP952484.1,"Lycium fremontii chloroplast, complete genome","PP952484.1 Lycium fremontii chloroplast, complete genome",Lycium fremontii
PP952485.fasta,PP952485.1,"Lycium infaustum chloroplast, complete genome","PP952485.1 Lycium infaustum chloroplast, complete genome",Lycium infaustum
PP952486.fasta,PP952486.1,"Lycium macrodon chloroplast, complete genome","PP952486.1 Lycium macrodon chloroplast, complete genome",Lycium macrodon
PP952487.fasta,PP952487.1,"Lycium megacarpum chloroplast, complete genome","PP952487.1 Lycium megacarpum chloroplast, complete genome",Lycium megacarpum
PP952488.fasta,PP952488.1,"Lycium morongii chloroplast, complete genome","PP952488.1 Lycium morongii chloroplast, complete genome",Lycium morongii
PQ835022.fasta,PQ835022.1,"Lycium ningxiaense isolate zlnmu2022234-3 voucher NMU01161 chloroplast, complete genome","PQ835022.1 Lycium ningxiaense isolate zlnmu2022234-3 voucher NMU01161 chloroplast, complete genome",Lycium ningxiaense
PP952489.fasta,PP952489.1,"Lycium nodosum chloroplast, complete genome","PP952489.1 Lycium nodosum chloroplast, complete genome",Lycium nodosum
PP952465.fasta,PP952465.1,"Lycium oxycarpum chloroplast, complete genome","PP952465.1 Lycium oxycarpum chloroplast, complete genome",Lycium oxycarpum
PP952490.fasta,PP952490.1,"Lycium pallidum chloroplast, complete genome","PP952490.1 Lycium pallidum chloroplast, complete genome",Lycium pallidum
PP952491.fasta,PP952491.1,"Lycium parishii chloroplast, complete genome","PP952491.1 Lycium parishii chloroplast, complete genome",Lycium parishii
PP952492.fasta,PP952492.1,"Lycium puberulum chloroplast, complete genome","PP952492.1 Lycium puberulum chloroplast, complete genome",Lycium puberulum
PP952493.fasta,PP952493.1,"Lycium qingshuiheense chloroplast, complete genome","PP952493.1 Lycium qingshuiheense chloroplast, complete genome",Lycium qingshuiheense
PP952494.fasta,PP952494.1,"Lycium rachidocladum chloroplast, complete genome","PP952494.1 Lycium rachidocladum chloroplast, complete genome",Lycium rachidocladum
PX778779.fasta,PX778779.1,"Lycium ruthenicum chloroplast, complete genome","PX778779.1 Lycium ruthenicum chloroplast, complete genome",Lycium ruthenicum
PP952497.fasta,PP952497.1,"Lycium sandwicense chloroplast, complete genome","PP952497.1 Lycium sandwicense chloroplast, complete genome",Lycium sandwicense
PP952498.fasta,PP952498.1,"Lycium schaffneri chloroplast, complete genome","PP952498.1 Lycium schaffneri chloroplast, complete genome",Lycium schaffneri
PP952499.fasta,PP952499.1,"Lycium schweinfurthii chloroplast, complete genome","PP952499.1 Lycium schweinfurthii chloroplast, complete genome",Lycium schweinfurthii
PQ824997.fasta,PQ824997.1,"Lycium shawii chloroplast, complete genome","PQ824997.1 Lycium shawii chloroplast, complete genome",Lycium shawii
PP952500.fasta,PP952500.1,"Lycium shockleyi chloroplast, complete genome","PP952500.1 Lycium shockleyi chloroplast, complete genome",Lycium shockleyi
PP952501.fasta,PP952501.1,"Lycium tenuispinosum chloroplast, complete genome","PP952501.1 Lycium tenuispinosum chloroplast, complete genome",Lycium tenuispinosum
PP952502.fasta,PP952502.1,"Lycium tetrandrum chloroplast, complete genome","PP952502.1 Lycium tetrandrum chloroplast, complete genome",Lycium tetrandrum
PP952503.fasta,PP952503.1,"Lycium torreyi chloroplast, complete genome","PP952503.1 Lycium torreyi chloroplast, complete genome",Lycium torreyi
PQ835028.fasta,PQ835028.1,"Lycium truncatum isolate zlnmu2023250-1 voucher NMU02132 chloroplast, complete genome","PQ835028.1 Lycium truncatum isolate zlnmu2023250-1 voucher NMU02132 chloroplast, complete genome",Lycium truncatum
PQ835030.fasta,PQ835030.1,"Lycium yunnanense isolate zlnmu2023281-3 voucher NMU02226 chloroplast, complete genome","PQ835030.1 Lycium yunnanense isolate zlnmu2023281-3 voucher NMU02226 chloroplast, complete genome",Lycium yunnanense
PV558881.fasta,PV558881.1,"Lycopus lucidus chloroplast, complete genome","PV558881.1 Lycopus lucidus chloroplast, complete genome",Lycopus lucidus
PX957146.fasta,PX957146.2,"Lycoris chunxiaoensis chloroplast, complete genome","PX957146.2 Lycoris chunxiaoensis chloroplast, complete genome",Lycoris chunxiaoensis
OP133573.fasta,OP133573.1,"Lygisma inflexum voucher X.T. Ma 20210805006 chloroplast, complete genome","OP133573.1 Lygisma inflexum voucher X.T. Ma 20210805006 chloroplast, complete genome",Lygisma inflexum
PP235253.fasta,PP235253.1,"Lysimachia capillipes var. capillipes voucher Chun-Yu Zou et al. ZCY1341 chloroplast, complete genome","PP235253.1 Lysimachia capillipes var. capillipes voucher Chun-Yu Zou et al. ZCY1341 chloroplast, complete genome",Lysimachia capillipes
PP235257.fasta,PP235257.1,"Lysimachia chapaensis voucher Chun-Yu Zou et al. ZCY941 chloroplast, complete genome","PP235257.1 Lysimachia chapaensis voucher Chun-Yu Zou et al. ZCY941 chloroplast, complete genome",Lysimachia chapaensis
PP235258.fasta,PP235258.1,"Lysimachia christinae voucher Chun-Lin Long et al. LongCL-022 chloroplast, complete genome","PP235258.1 Lysimachia christinae voucher Chun-Lin Long et al. LongCL-022 chloroplast, complete genome",Lysimachia christinae
PP056236.fasta,PP056236.1,"Lysimachia dabieshanensis isolate ZSY0439 chloroplast, complete genome","PP056236.1 Lysimachia dabieshanensis isolate ZSY0439 chloroplast, complete genome",Lysimachia dabieshanensis
PP235260.fasta,PP235260.1,"Lysimachia fanii voucher Li-Yong Fan et al. FLY2018002 chloroplast, complete genome","PP235260.1 Lysimachia fanii voucher Li-Yong Fan et al. FLY2018002 chloroplast, complete genome",Lysimachia fanii
PP235262.fasta,PP235262.1,"Lysimachia foenum-graecum voucher Chun-Rui Lin et al. YY948 chloroplast, complete genome","PP235262.1 Lysimachia foenum-graecum voucher Chun-Rui Lin et al. YY948 chloroplast, complete genome",Lysimachia foenum-graecum
PP235264.fasta,PP235264.1,"Lysimachia fooningensis voucher Sheng-Xiang Xu et al. M52 chloroplast, complete genome","PP235264.1 Lysimachia fooningensis voucher Sheng-Xiang Xu et al. M52 chloroplast, complete genome",Lysimachia fooningensis
PP235267.fasta,PP235267.1,"Lysimachia heterobotrys voucher Wei-Bin Xu et al. 12461 chloroplast, complete genome","PP235267.1 Lysimachia heterobotrys voucher Wei-Bin Xu et al. 12461 chloroplast, complete genome",Lysimachia heterobotrys
PP235269.fasta,PP235269.1,"Lysimachia insignis voucher Wei-Bin Xu et al. 12929 chloroplast, complete genome","PP235269.1 Lysimachia insignis voucher Wei-Bin Xu et al. 12929 chloroplast, complete genome",Lysimachia insignis
PP235275.fasta,PP235275.1,"Lysimachia liujiangensis voucher Wei-Bin Xu et al. 14176 chloroplast, complete genome","PP235275.1 Lysimachia liujiangensis voucher Wei-Bin Xu et al. 14176 chloroplast, complete genome",Lysimachia liujiangensis
PV588044.fasta,PV588044.1,"Lysimachia medogensis chloroplast, complete genome","PV588044.1 Lysimachia medogensis chloroplast, complete genome",Lysimachia medogensis
PP235277.fasta,PP235277.1,"Lysimachia navillei voucher Hai-Fei Yan et al. Y2020031 chloroplast, complete genome","PP235277.1 Lysimachia navillei voucher Hai-Fei Yan et al. Y2020031 chloroplast, complete genome",Lysimachia navillei
PP235279.fasta,PP235279.1,"Lysimachia petelotii voucher Hai-Fei Yan et al. Y2020012 chloroplast, complete genome","PP235279.1 Lysimachia petelotii voucher Hai-Fei Yan et al. Y2020012 chloroplast, complete genome",Lysimachia petelotii
PP235281.fasta,PP235281.1,"Lysimachia pittosporoides voucher Chun-Yu Zou et al. ZCY593 chloroplast, complete genome","PP235281.1 Lysimachia pittosporoides voucher Chun-Yu Zou et al. ZCY593 chloroplast, complete genome",Lysimachia pittosporoides
PP235282.fasta,PP235282.1,"Lysimachia pseudotrichopoda voucher Hai-Fei Yan Y2020304 chloroplast, complete genome","PP235282.1 Lysimachia pseudotrichopoda voucher Hai-Fei Yan Y2020304 chloroplast, complete genome",Lysimachia pseudotrichopoda
PP484616.fasta,PP484616.1,"Lysimachia punctata chloroplast, complete genome","PP484616.1 Lysimachia punctata chloroplast, complete genome",Lysimachia punctata
PP235287.fasta,PP235287.1,"Lysimachia rupestris voucher Wei-Bin Xu et al. 140403 chloroplast, complete genome","PP235287.1 Lysimachia rupestris voucher Wei-Bin Xu et al. 140403 chloroplast, complete genome",Lysimachia rupestris
PP235289.fasta,PP235289.1,"Lysimachia saxicola voucher Zhao-Ceng Lu LZC20180908 chloroplast, complete genome","PP235289.1 Lysimachia saxicola voucher Zhao-Ceng Lu LZC20180908 chloroplast, complete genome",Lysimachia saxicola
PQ774309.fasta,PQ774309.1,"Lysimachia thyrsiflora chloroplast, complete genome","PQ774309.1 Lysimachia thyrsiflora chloroplast, complete genome",Lysimachia thyrsiflora
PP235290.fasta,PP235290.1,"Lysimachia vittiformis voucher Wei-Bin Xu et al. 12353 chloroplast, complete genome","PP235290.1 Lysimachia vittiformis voucher Wei-Bin Xu et al. 12353 chloroplast, complete genome",Lysimachia vittiformis
PQ468968.fasta,PQ468968.1,"Lysionotus aeschynanthoides isolate 5 chloroplast, complete genome","PQ468968.1 Lysionotus aeschynanthoides isolate 5 chloroplast, complete genome",Lysionotus aeschynanthoides
PQ468986.fasta,PQ468986.1,"Lysionotus atropurpureus isolate 23 chloroplast, complete genome","PQ468986.1 Lysionotus atropurpureus isolate 23 chloroplast, complete genome",Lysionotus atropurpureus
PQ468991.fasta,PQ468991.1,"Lysionotus chatungii isolate 28 chloroplast, complete genome","PQ468991.1 Lysionotus chatungii isolate 28 chloroplast, complete genome",Lysionotus chatungii
PQ468980.fasta,PQ468980.1,"Lysionotus chingii isolate 17 chloroplast, complete genome","PQ468980.1 Lysionotus chingii isolate 17 chloroplast, complete genome",Lysionotus chingii
PQ468966.fasta,PQ468966.1,"Lysionotus denticulosus isolate 3 chloroplast, complete genome","PQ468966.1 Lysionotus denticulosus isolate 3 chloroplast, complete genome",Lysionotus denticulosus
PQ468979.fasta,PQ468979.1,"Lysionotus fengshanensis isolate 16 chloroplast, complete genome","PQ468979.1 Lysionotus fengshanensis isolate 16 chloroplast, complete genome",Lysionotus fengshanensis
PQ468993.fasta,PQ468993.1,"Lysionotus forrestii isolate 30 chloroplast, complete genome","PQ468993.1 Lysionotus forrestii isolate 30 chloroplast, complete genome",Lysionotus forrestii
PQ468978.fasta,PQ468978.1,"Lysionotus gamosepalus isolate 15 chloroplast, complete genome","PQ468978.1 Lysionotus gamosepalus isolate 15 chloroplast, complete genome",Lysionotus gamosepalus
PQ468988.fasta,PQ468988.1,"Lysionotus heterophyllus isolate 25 chloroplast, complete genome","PQ468988.1 Lysionotus heterophyllus isolate 25 chloroplast, complete genome",Lysionotus heterophyllus
PQ468975.fasta,PQ468975.1,"Lysionotus kwangsiensis isolate 12 chloroplast, complete genome","PQ468975.1 Lysionotus kwangsiensis isolate 12 chloroplast, complete genome",Lysionotus kwangsiensis
PQ468989.fasta,PQ468989.1,"Lysionotus levipes isolate 26 chloroplast, complete genome","PQ468989.1 Lysionotus levipes isolate 26 chloroplast, complete genome",Lysionotus levipes
PQ468964.fasta,PQ468964.1,"Lysionotus longipedunculatus isolate 1 chloroplast, complete genome","PQ468964.1 Lysionotus longipedunculatus isolate 1 chloroplast, complete genome",Lysionotus longipedunculatus
PQ468974.fasta,PQ468974.1,"Lysionotus metuoensis isolate 11 chloroplast, complete genome","PQ468974.1 Lysionotus metuoensis isolate 11 chloroplast, complete genome",Lysionotus metuoensis
PQ468994.fasta,PQ468994.1,"Lysionotus microphyllus var. omeiensis isolate 31 chloroplast, complete genome","PQ468994.1 Lysionotus microphyllus var. omeiensis isolate 31 chloroplast, complete genome",Lysionotus microphyllus
PQ468965.fasta,PQ468965.1,"Lysionotus oblongifolius isolate 2 chloroplast, complete genome","PQ468965.1 Lysionotus oblongifolius isolate 2 chloroplast, complete genome",Lysionotus oblongifolius
PQ468992.fasta,PQ468992.1,"Lysionotus pauciflorus var. ikedae isolate 29 chloroplast, complete genome","PQ468992.1 Lysionotus pauciflorus var. ikedae isolate 29 chloroplast, complete genome",Lysionotus pauciflorus
PQ468970.fasta,PQ468970.1,"Lysionotus petelotii isolate 7 chloroplast, complete genome","PQ468970.1 Lysionotus petelotii isolate 7 chloroplast, complete genome",Lysionotus petelotii
PQ468977.fasta,PQ468977.1,"Lysionotus pterocaulis isolate 14 chloroplast, complete genome","PQ468977.1 Lysionotus pterocaulis isolate 14 chloroplast, complete genome",Lysionotus pterocaulis
PQ468973.fasta,PQ468973.1,"Lysionotus pubescens isolate 10 chloroplast, complete genome","PQ468973.1 Lysionotus pubescens isolate 10 chloroplast, complete genome",Lysionotus pubescens
PQ468976.fasta,PQ468976.1,"Lysionotus serratus isolate 13 chloroplast, complete genome","PQ468976.1 Lysionotus serratus isolate 13 chloroplast, complete genome",Lysionotus serratus
PQ468971.fasta,PQ468971.1,"Lysionotus sessilifolius isolate 8 chloroplast, complete genome","PQ468971.1 Lysionotus sessilifolius isolate 8 chloroplast, complete genome",Lysionotus sessilifolius
PQ468972.fasta,PQ468972.1,"Lysionotus sulphureoides isolate 9 chloroplast, complete genome","PQ468972.1 Lysionotus sulphureoides isolate 9 chloroplast, complete genome",Lysionotus sulphureoides
PQ468969.fasta,PQ468969.1,"Lysionotus wilsonii isolate 6 chloroplast, complete genome","PQ468969.1 Lysionotus wilsonii isolate 6 chloroplast, complete genome",Lysionotus wilsonii
PX289983.fasta,PX289983.1,"Macadamia integrifolia isolate GL1H chloroplast, complete genome","PX289983.1 Macadamia integrifolia isolate GL1H chloroplast, complete genome",Macadamia integrifolia
OR264254.fasta,OR264254.1,"Machilus platycarpa voucher SEP009 chloroplast, complete genome","OR264254.1 Machilus platycarpa voucher SEP009 chloroplast, complete genome",Machilus platycarpa
OR264255.fasta,OR264255.1,"Machilus pomifera voucher SEP010 chloroplast, complete genome","OR264255.1 Machilus pomifera voucher SEP010 chloroplast, complete genome",Machilus pomifera
PP212897.fasta,PP212897.1,"Maclura tricuspidata cultivar C01 chloroplast, complete genome","PP212897.1 Maclura tricuspidata cultivar C01 chloroplast, complete genome",Maclura tricuspidata
PQ432215.fasta,PQ432215.1,"Macromeles tschonoskii isolate Z0976 voucher K.Clausen et al.#79-77(PE01702134) chloroplast, complete genome","PQ432215.1 Macromeles tschonoskii isolate Z0976 voucher K.Clausen et al.#79-77(PE01702134) chloroplast, complete genome",Macromeles tschonoskii
PQ351816.fasta,PQ351816.1,"Macropanax rosthornii chloroplast, complete genome","PQ351816.1 Macropanax rosthornii chloroplast, complete genome",Macropanax rosthornii
PX659840.fasta,PX659840.1,"Macrotyloma axillare chloroplast, complete genome","PX659840.1 Macrotyloma axillare chloroplast, complete genome",Macrotyloma axillare
PX659841.fasta,PX659841.1,"Macrotyloma geocarpum chloroplast, complete genome","PX659841.1 Macrotyloma geocarpum chloroplast, complete genome",Macrotyloma geocarpum
PX549914.fasta,PX549914.1,"Macrotyloma uniflorum chloroplast, complete genome","PX549914.1 Macrotyloma uniflorum chloroplast, complete genome",Macrotyloma uniflorum
PV662410.fasta,PV662410.1,"Maesa cavinervis chloroplast, complete genome","PV662410.1 Maesa cavinervis chloroplast, complete genome",Maesa cavinervis
OR946455.fasta,OR946455.1,"Magnolia balansae chloroplast, complete genome","OR946455.1 Magnolia balansae chloroplast, complete genome",Magnolia balansae
PQ303609.fasta,PQ303609.1,"Magnolia buenaventurensis voucher AJP 11777 chloroplast, complete genome","PQ303609.1 Magnolia buenaventurensis voucher AJP 11777 chloroplast, complete genome",Magnolia buenaventurensis
OR946456.fasta,OR946456.1,"Magnolia cavaleriei chloroplast, complete genome","OR946456.1 Magnolia cavaleriei chloroplast, complete genome",Magnolia cavaleriei
OR946457.fasta,OR946457.1,"Magnolia chapensis chloroplast, complete genome","OR946457.1 Magnolia chapensis chloroplast, complete genome",Magnolia chapensis
OR946459.fasta,OR946459.1,"Magnolia ernestii subsp. szechuanica chloroplast, complete genome","OR946459.1 Magnolia ernestii subsp. szechuanica chloroplast, complete genome",Magnolia ernestii
PQ246290.fasta,PQ246290.1,"Magnolia fordiana var. calcarea isolate 0822 chloroplast, complete genome","PQ246290.1 Magnolia fordiana var. calcarea isolate 0822 chloroplast, complete genome",Magnolia fordiana
OR946460.fasta,OR946460.1,"Magnolia guangdongensis chloroplast, complete genome","OR946460.1 Magnolia guangdongensis chloroplast, complete genome",Magnolia guangdongensis
PV239601.fasta,PV239601.1,"Magnolia hookeri var. longirostrata chloroplast, complete genome","PV239601.1 Magnolia hookeri var. longirostrata chloroplast, complete genome",Magnolia hookeri
PV656667.fasta,PV656667.1,"Magnolia lacei chloroplast, complete genome","PV656667.1 Magnolia lacei chloroplast, complete genome",Magnolia lacei
OR946458.fasta,OR946458.1,"Magnolia macclurei chloroplast, complete genome","OR946458.1 Magnolia macclurei chloroplast, complete genome",Magnolia macclurei
OR946454.fasta,OR946454.1,"Magnolia martini chloroplast, complete genome","OR946454.1 Magnolia martini chloroplast, complete genome",Magnolia martini
OR946452.fasta,OR946452.1,"Magnolia maudiae chloroplast, complete genome","OR946452.1 Magnolia maudiae chloroplast, complete genome",Magnolia maudiae
PP078681.fasta,PP078681.1,"Magnolia pilocarpa isolate ZXX21262 chloroplast, complete genome","PP078681.1 Magnolia pilocarpa isolate ZXX21262 chloroplast, complete genome",Magnolia pilocarpa
OR946453.fasta,OR946453.1,"Magnolia xanthantha chloroplast, complete genome","OR946453.1 Magnolia xanthantha chloroplast, complete genome",Magnolia xanthantha
OR946461.fasta,OR946461.1,"Magnolia yunnanensis chloroplast, complete genome","OR946461.1 Magnolia yunnanensis chloroplast, complete genome",Magnolia yunnanensis
OR896883.fasta,OR896883.1,"Maianthemum bifolium chloroplast, complete genome","OR896883.1 Maianthemum bifolium chloroplast, complete genome",Maianthemum bifolium
PV087154.fasta,PV087154.1,"Maianthemum henryi chloroplast, complete genome","PV087154.1 Maianthemum henryi chloroplast, complete genome",Maianthemum henryi
PV087155.fasta,PV087155.1,"Maianthemum lichiangense chloroplast, complete genome","PV087155.1 Maianthemum lichiangense chloroplast, complete genome",Maianthemum lichiangense
PV087156.fasta,PV087156.1,"Maianthemum racemosum chloroplast, complete genome","PV087156.1 Maianthemum racemosum chloroplast, complete genome",Maianthemum racemosum
PV087157.fasta,PV087157.1,"Maianthemum stellatum chloroplast, complete genome","PV087157.1 Maianthemum stellatum chloroplast, complete genome",Maianthemum stellatum
ON729348.fasta,ON729348.1,"Maingaya malayana chloroplast, complete genome","ON729348.1 Maingaya malayana chloroplast, complete genome",Maingaya malayana
PP577928.fasta,PP577928.1,"Malaisia scandens chloroplast, complete genome","PP577928.1 Malaisia scandens chloroplast, complete genome",Malaisia scandens
PQ571154.fasta,PQ571154.1,"Malaxis monophyllos chloroplast, complete genome","PQ571154.1 Malaxis monophyllos chloroplast, complete genome",Malaxis monophyllos
PX763850.fasta,PX763850.1,"Malus angustifolia isolate Malus_angustifolia_Prince_George_ROS364 chloroplast, complete genome","PX763850.1 Malus angustifolia isolate Malus_angustifolia_Prince_George_ROS364 chloroplast, complete genome",Malus angustifolia
PZ348023.fasta,PZ348023.1,"Malus asiatica isolate ROS375 chloroplast, complete genome","PZ348023.1 Malus asiatica isolate ROS375 chloroplast, complete genome",Malus asiatica
PX833250.fasta,PX833250.1,"Malus baccata var. xiaojinensis isolate Z0200 voucher PE00964208 chloroplast, complete genome","PX833250.1 Malus baccata var. xiaojinensis isolate Z0200 voucher PE00964208 chloroplast, complete genome",Malus baccata
PX833239.fasta,PX833239.1,"Malus brevipes isolate Z0168 chloroplast, complete genome","PX833239.1 Malus brevipes isolate Z0168 chloroplast, complete genome",Malus brevipes
PQ415178.fasta,PQ415178.1,"Malus coronaria voucher Q.Hao#30-1 chloroplast, complete genome","PQ415178.1 Malus coronaria voucher Q.Hao#30-1 chloroplast, complete genome",Malus coronaria
PQ432182.fasta,PQ432182.1,"Malus daochengensis isolate Z0196 voucher D.E.Boufford et al.#28816(PE00927519) chloroplast, complete genome","PQ432182.1 Malus daochengensis isolate Z0196 voucher D.E.Boufford et al.#28816(PE00927519) chloroplast, complete genome",Malus daochengensis
PQ415180.fasta,PQ415180.1,"Malus domestica voucher Q.Hao#26-2 chloroplast, complete genome","PQ415180.1 Malus domestica voucher Q.Hao#26-2 chloroplast, complete genome",Malus domestica
PX763841.fasta,PX763841.1,"Malus doumeri isolate ROS1299 chloroplast, complete genome","PX763841.1 Malus doumeri isolate ROS1299 chloroplast, complete genome",Malus doumeri
PX763726.fasta,PX763726.1,"Malus floribunda isolate ROS1172 chloroplast, complete genome","PX763726.1 Malus floribunda isolate ROS1172 chloroplast, complete genome",Malus floribunda
PQ432185.fasta,PQ432185.1,"Malus fusca isolate SRR1658492 chloroplast, complete genome","PQ432185.1 Malus fusca isolate SRR1658492 chloroplast, complete genome",Malus fusca
PX763818.fasta,PX763818.1,"Malus halliana isolate ROS1275 chloroplast, complete genome","PX763818.1 Malus halliana isolate ROS1275 chloroplast, complete genome",Malus halliana
PX763759.fasta,PX763759.1,"Malus honanensis isolate ROS1212 chloroplast, complete genome","PX763759.1 Malus honanensis isolate ROS1212 chloroplast, complete genome",Malus honanensis
PX696641.fasta,PX696641.1,"Malus hupehensis isolate ROS513 chloroplast, complete genome","PX696641.1 Malus hupehensis isolate ROS513 chloroplast, complete genome",Malus hupehensis
PQ415182.fasta,PQ415182.1,"Malus indica voucher PE00773547 chloroplast, complete genome","PQ415182.1 Malus indica voucher PE00773547 chloroplast, complete genome",Malus indica
PQ432193.fasta,PQ432193.1,"Malus ioensis isolate ROS368 voucher Q.Hao#18-2(National Botanical Garden) chloroplast, complete genome","PQ432193.1 Malus ioensis isolate ROS368 voucher Q.Hao#18-2(National Botanical Garden) chloroplast, complete genome",Malus ioensis
PQ432195.fasta,PQ432195.1,"Malus kansuensis isolate Z0999 voucher G.Z.Qian#() chloroplast, complete genome","PQ432195.1 Malus kansuensis isolate Z0999 voucher G.Z.Qian#() chloroplast, complete genome",Malus kansuensis
PQ432196.fasta,PQ432196.1,"Malus komarovii isolate Z0195 voucher S.L.Zhou#(PE) chloroplast, complete genome","PQ432196.1 Malus komarovii isolate Z0195 voucher S.L.Zhou#(PE) chloroplast, complete genome",Malus komarovii
PQ432197.fasta,PQ432197.1,"Malus leiocalyca isolate Z0968 voucher L.G.Lin#7298(PE00952785) chloroplast, complete genome","PQ432197.1 Malus leiocalyca isolate Z0968 voucher L.G.Lin#7298(PE00952785) chloroplast, complete genome",Malus leiocalyca
PX833244.fasta,PX833244.1,"Malus maerkangensis isolate Z0969 chloroplast, complete genome","PX833244.1 Malus maerkangensis isolate Z0969 chloroplast, complete genome",Malus maerkangensis
PX763876.fasta,PX763876.1,"Malus micromalus isolate Malus_micromalus_ROS369 chloroplast, complete genome","PX763876.1 Malus micromalus isolate Malus_micromalus_ROS369 chloroplast, complete genome",Malus micromalus
PQ432198.fasta,PQ432198.1,"Malus ombrophila isolate ROS384 voucher Q.Hao#5(National Botanical Garden) chloroplast, complete genome","PQ432198.1 Malus ombrophila isolate ROS384 voucher Q.Hao#5(National Botanical Garden) chloroplast, complete genome",Malus ombrophila
PX763891.fasta,PX763891.1,"Malus orthocarpa isolate Malus_orthocarpa_ROS388 chloroplast, complete genome","PX763891.1 Malus orthocarpa isolate Malus_orthocarpa_ROS388 chloroplast, complete genome",Malus orthocarpa
PQ432200.fasta,PQ432200.1,"Malus prattii isolate ROS387 voucher Q.Hao#11(National Botanical Garden) chloroplast, complete genome","PQ432200.1 Malus prattii isolate ROS387 voucher Q.Hao#11(National Botanical Garden) chloroplast, complete genome",Malus prattii
PX763892.fasta,PX763892.1,"Malus prunifolia isolate Malus_prunifolia_ROS399 chloroplast, complete genome","PX763892.1 Malus prunifolia isolate Malus_prunifolia_ROS399 chloroplast, complete genome",Malus prunifolia
PX833245.fasta,PX833245.1,"Malus pumila isolate Z0788 voucher PE01702192 chloroplast, complete genome","PX833245.1 Malus pumila isolate Z0788 voucher PE01702192 chloroplast, complete genome",Malus pumila
PZ348028.fasta,PZ348028.1,"Malus rockii isolate ROS405 chloroplast, complete genome","PZ348028.1 Malus rockii isolate ROS405 chloroplast, complete genome",Malus rockii
PX763733.fasta,PX763733.1,"Malus sargentii isolate ROS1179 chloroplast, complete genome","PX763733.1 Malus sargentii isolate ROS1179 chloroplast, complete genome",Malus sargentii
PQ059902.fasta,PQ059902.1,"Malus sieboldii chloroplast, complete genome","PQ059902.1 Malus sieboldii chloroplast, complete genome",Malus sieboldii
PX833249.fasta,PX833249.1,"Malus sieversii var. turkmenorum isolate Z0180 chloroplast, complete genome","PX833249.1 Malus sieversii var. turkmenorum isolate Z0180 chloroplast, complete genome",Malus sieversii
PQ432205.fasta,PQ432205.1,"Malus sikkimensis isolate ROS374 voucher Q.Hao#24-2(National Botanical Garden) chloroplast, complete genome","PQ432205.1 Malus sikkimensis isolate ROS374 voucher Q.Hao#24-2(National Botanical Garden) chloroplast, complete genome",Malus sikkimensis
PX763903.fasta,PX763903.1,"Malus spectabilis isolate Malus_spectabilis_ROS442 chloroplast, complete genome","PX763903.1 Malus spectabilis isolate Malus_spectabilis_ROS442 chloroplast, complete genome",Malus spectabilis
PQ432206.fasta,PQ432206.1,"Malus sylvestris isolate ERR6688724 chloroplast, complete genome","PQ432206.1 Malus sylvestris isolate ERR6688724 chloroplast, complete genome",Malus sylvestris
PX696630.fasta,PX696630.1,"Malus toringoides isolate ROS503 chloroplast, complete genome","PX696630.1 Malus toringoides isolate ROS503 chloroplast, complete genome",Malus toringoides
PQ432211.fasta,PQ432211.1,"Malus transitoria isolate Z1002 voucher G.X.Liu#s.n.(PE) chloroplast, complete genome","PQ432211.1 Malus transitoria isolate Z1002 voucher G.X.Liu#s.n.(PE) chloroplast, complete genome",Malus transitoria
PX833246.fasta,PX833246.1,"Malus x soulardii isolate Z0194 chloroplast, complete genome","PX833246.1 Malus x soulardii isolate Z0194 chloroplast, complete genome",Malus soulardii
PQ432219.fasta,PQ432219.1,"Malus yunnanensis isolate Z1008 voucher G.Z.Qian#(G.Z.Qian sample) chloroplast, complete genome","PQ432219.1 Malus yunnanensis isolate Z1008 voucher G.Z.Qian#(G.Z.Qian sample) chloroplast, complete genome",Malus yunnanensis
PQ432220.fasta,PQ432220.1,"Malus zhaojiaoensis isolate ROS390 voucher Q.Hao#26(National Botanical Garden) chloroplast, complete genome","PQ432220.1 Malus zhaojiaoensis isolate ROS390 voucher Q.Hao#26(National Botanical Garden) chloroplast, complete genome",Malus zhaojiaoensis
PX833251.fasta,PX833251.1,"Malus zumi isolate Z0188 chloroplast, complete genome","PX833251.1 Malus zumi isolate Z0188 chloroplast, complete genome",Malus zumi
PX911599.fasta,PX911599.1,"Malva cachemiriana chloroplast, complete genome","PX911599.1 Malva cachemiriana chloroplast, complete genome",Malva cachemiriana
PQ456194.fasta,PQ456194.1,"Malva cathayensis isolate Mc chloroplast, complete genome","PQ456194.1 Malva cathayensis isolate Mc chloroplast, complete genome",Malva cathayensis
PX552231.fasta,PX552231.1,"Malva pusilla chloroplast, complete genome","PX552231.1 Malva pusilla chloroplast, complete genome",Malva pusilla
OR162025.fasta,OR162025.1,"Malvastrum coromandelianum chloroplast, complete genome","OR162025.1 Malvastrum coromandelianum chloroplast, complete genome",Malvastrum coromandelianum
PX694266.fasta,PX694266.1,"Malvaviscus arboreus isolate M33 chloroplast, complete genome","PX694266.1 Malvaviscus arboreus isolate M33 chloroplast, complete genome",Malvaviscus arboreus
OP133569.fasta,OP133569.1,"Mandevilla sanderi voucher C.F. Zhang 5981 chloroplast, complete genome","OP133569.1 Mandevilla sanderi voucher C.F. Zhang 5981 chloroplast, complete genome",Mandevilla sanderi
PV078025.fasta,PV078025.1,"Mandragora autumnalis voucher personal collection:JeremyBechelli:03-SSU chloroplast, complete genome","PV078025.1 Mandragora autumnalis voucher personal collection:JeremyBechelli:03-SSU chloroplast, complete genome",Mandragora autumnalis
PV078024.fasta,PV078024.1,"Mandragora officinarum voucher personal collection:JeremyBechelli:04-SSU chloroplast, complete genome","PV078024.1 Mandragora officinarum voucher personal collection:JeremyBechelli:04-SSU chloroplast, complete genome",Mandragora officinarum
PV078023.fasta,PV078023.1,"Mandragora turcomanica voucher personal collection:JeremyBechelli:06-SSU chloroplast, complete genome","PV078023.1 Mandragora turcomanica voucher personal collection:JeremyBechelli:06-SSU chloroplast, complete genome",Mandragora turcomanica
PQ568955.fasta,PQ568955.1,"Mangifera indica cultivar Guiqi chloroplast, complete genome","PQ568955.1 Mangifera indica cultivar Guiqi chloroplast, complete genome",Mangifera indica
PQ568954.fasta,PQ568954.1,"Mangifera quadrifida chloroplast, complete genome","PQ568954.1 Mangifera quadrifida chloroplast, complete genome",Mangifera quadrifida
PX309532.fasta,PX309532.1,"Manihot esculenta chloroplast, complete genome","PX309532.1 Manihot esculenta chloroplast, complete genome",Manihot esculenta
PZ138197.fasta,PZ138197.1,"Manihot glaziovii chloroplast, complete genome","PZ138197.1 Manihot glaziovii chloroplast, complete genome",Manihot glaziovii
PV010369.fasta,PV010369.1,"Manilkara kauki chloroplast, complete genome","PV010369.1 Manilkara kauki chloroplast, complete genome",Manilkara kauki
BK071852.fasta,BK071852.1,"Mantisalca salmantica chloroplast, complete genome","BK071852.1 TPA_asm: Mantisalca salmantica chloroplast, complete genome",Mantisalca salmantica
PV739060.fasta,PV739060.1,"Mappianthus iodoides chloroplast, complete genome","PV739060.1 Mappianthus iodoides chloroplast, complete genome",Mappianthus iodoides
PQ835413.fasta,PQ835413.1,"Marantochloa purpurea isolate L101506_(modified) chloroplast, complete genome","PQ835413.1 Marantochloa purpurea isolate L101506_(modified) chloroplast, complete genome",Marantochloa purpurea
PQ231104.fasta,PQ231104.1,"Marrubium vulgare chloroplast, complete genome","PQ231104.1 Marrubium vulgare chloroplast, complete genome",Marrubium vulgare
OP133574.fasta,OP133574.1,"Marsdenia tinctoria voucher X.T. Ma 20210805004 chloroplast, complete genome","OP133574.1 Marsdenia tinctoria voucher X.T. Ma 20210805004 chloroplast, complete genome",Marsdenia tinctoria
PV870758.fasta,PV870758.1,"Mastersia assamica voucher PanBo01-KUN chloroplast, complete genome","PV870758.1 Mastersia assamica voucher PanBo01-KUN chloroplast, complete genome",Mastersia assamica
OR990530.fasta,OR990530.1,"Matricaria discoidea subsp. discoidea chloroplast, complete genome","OR990530.1 Matricaria discoidea subsp. discoidea chloroplast, complete genome",Matricaria discoidea
PP056237.fasta,PP056237.1,"Matsumurella chinensis isolate DBS00494 chloroplast, complete genome","PP056237.1 Matsumurella chinensis isolate DBS00494 chloroplast, complete genome",Matsumurella chinensis
OR565917.fasta,OR565917.1,"Matsumurella kwangtungensis voucher JGS03 chloroplast, complete genome","OR565917.1 Matsumurella kwangtungensis voucher JGS03 chloroplast, complete genome",Matsumurella kwangtungensis
OR565952.fasta,OR565952.1,"Matsumurella szechuanensis voucher ZY61 chloroplast, complete genome","OR565952.1 Matsumurella szechuanensis voucher ZY61 chloroplast, complete genome",Matsumurella szechuanensis
OR565964.fasta,OR565964.1,"Matsumurella tuberifera voucher HN02678 chloroplast, complete genome","OR565964.1 Matsumurella tuberifera voucher HN02678 chloroplast, complete genome",Matsumurella tuberifera
OR565945.fasta,OR565945.1,"Matsumurella yangsoensis chloroplast, complete genome","OR565945.1 Matsumurella yangsoensis chloroplast, complete genome",Matsumurella yangsoensis
PP165059.fasta,PP165059.1,"Matthiola fruticulosa subsp. valesiaca chloroplast, complete genome","PP165059.1 Matthiola fruticulosa subsp. valesiaca chloroplast, complete genome",Matthiola fruticulosa
ON729347.fasta,ON729347.1,"Matudaea trinervia chloroplast, complete genome","ON729347.1 Matudaea trinervia chloroplast, complete genome",Matudaea trinervia
PP078680.fasta,PP078680.1,"Mazus gracilis isolate ZXX21231 chloroplast, complete genome","PP078680.1 Mazus gracilis isolate ZXX21231 chloroplast, complete genome",Mazus gracilis
OR774903.fasta,OR774903.1,"Meconopsis biluoensis chloroplast, complete genome","OR774903.1 Meconopsis biluoensis chloroplast, complete genome",Meconopsis biluoensis
OR774907.fasta,OR774907.1,"Meconopsis georgei chloroplast, complete genome","OR774907.1 Meconopsis georgei chloroplast, complete genome",Meconopsis georgei
PX939970.fasta,PX939970.1,"Medicago archiducis-nicolai chloroplast, complete genome","PX939970.1 Medicago archiducis-nicolai chloroplast, complete genome",Medicago archiducis-nicolai
PV870671.fasta,PV870671.1,"Medicago medicaginoides voucher 15CS10136-KUN chloroplast, complete genome","PV870671.1 Medicago medicaginoides voucher 15CS10136-KUN chloroplast, complete genome",Medicago medicaginoides
PP203139.fasta,PP203139.1,"Medicago minima chloroplast, complete genome","PP203139.1 Medicago minima chloroplast, complete genome",Medicago minima
PP328804.fasta,PP328804.1,"Medicago sativa chloroplast, complete genome","PP328804.1 Medicago sativa chloroplast, complete genome",Medicago sativa
PQ551028.fasta,PQ551028.1,"Meeboldia yunnanensis chloroplast, complete genome","PQ551028.1 Meeboldia yunnanensis chloroplast, complete genome",Meeboldia yunnanensis
PQ462610.fasta,PQ462610.1,"Megacarpaea delavayi chloroplast, complete genome","PQ462610.1 Megacarpaea delavayi chloroplast, complete genome",Megacarpaea delavayi
PX512475.fasta,PX512475.1,"Megacarpaea gigantea chloroplast, complete genome","PX512475.1 Megacarpaea gigantea chloroplast, complete genome",Megacarpaea gigantea
PX512476.fasta,PX512476.1,"Megacarpaea megalocarpa chloroplast, complete genome","PX512476.1 Megacarpaea megalocarpa chloroplast, complete genome",Megacarpaea megalocarpa
PX512477.fasta,PX512477.1,"Megacarpaea orbiculata chloroplast, complete genome","PX512477.1 Megacarpaea orbiculata chloroplast, complete genome",Megacarpaea orbiculata
PP484617.fasta,PP484617.1,"Melampyrum cristatum chloroplast, complete genome","PP484617.1 Melampyrum cristatum chloroplast, complete genome",Melampyrum cristatum
PP484618.fasta,PP484618.1,"Melampyrum pratense chloroplast, complete genome","PP484618.1 Melampyrum pratense chloroplast, complete genome",Melampyrum pratense
PP484619.fasta,PP484619.1,"Melampyrum sylvaticum chloroplast, complete genome","PP484619.1 Melampyrum sylvaticum chloroplast, complete genome",Melampyrum sylvaticum
PV822557.fasta,PV822557.1,"Melanodendron integrifolium isolate MPTP2014017 chloroplast, complete genome","PV822557.1 Melanodendron integrifolium isolate MPTP2014017 chloroplast, complete genome",Melanodendron integrifolium
PQ586435.fasta,PQ586435.1,"Melanoseris cyanea chloroplast, complete genome","PQ586435.1 Melanoseris cyanea chloroplast, complete genome",Melanoseris cyanea
PQ586445.fasta,PQ586445.1,"Melanoseris macrocephala chloroplast, complete genome","PQ586445.1 Melanoseris macrocephala chloroplast, complete genome",Melanoseris macrocephala
PQ535232.fasta,PQ535232.1,"Melanoxylum brauna chloroplast, complete genome","PQ535232.1 Melanoxylum brauna chloroplast, complete genome",Melanoxylum brauna
PP056267.fasta,PP056267.1,"Melia azedarach isolate DBS01400 chloroplast, complete genome","PP056267.1 Melia azedarach isolate DBS01400 chloroplast, complete genome",Melia azedarach
PZ098389.fasta,PZ098389.1,"Melica altissima voucher K:K003213291 chloroplast, complete genome","PZ098389.1 Melica altissima voucher K:K003213291 chloroplast, complete genome",Melica altissima
PZ098314.fasta,PZ098314.1,"Melica amethystina voucher US:3987486 chloroplast, complete genome","PZ098314.1 Melica amethystina voucher US:3987486 chloroplast, complete genome",Melica amethystina
PZ098366.fasta,PZ098366.1,"Melica argentata voucher UC 143519 chloroplast, complete genome","PZ098366.1 Melica argentata voucher UC 143519 chloroplast, complete genome",Melica argentata
PZ098627.fasta,PZ098627.1,"Melica argyrea voucher NY chloroplast, complete genome","PZ098627.1 Melica argyrea voucher NY chloroplast, complete genome",Melica argyrea
PZ098364.fasta,PZ098364.1,"Melica aristata voucher JEPS:JEPS 129811 chloroplast, complete genome","PZ098364.1 Melica aristata voucher JEPS:JEPS 129811 chloroplast, complete genome",Melica aristata
PZ098297.fasta,PZ098297.1,"Melica arzivencoi voucher US:3987012 chloroplast, complete genome","PZ098297.1 Melica arzivencoi voucher US:3987012 chloroplast, complete genome",Melica arzivencoi
PZ098298.fasta,PZ098298.1,"Melica bonariensis voucher US:3987006 chloroplast, complete genome","PZ098298.1 Melica bonariensis voucher US:3987006 chloroplast, complete genome",Melica bonariensis
PZ098302.fasta,PZ098302.1,"Melica brasiliana voucher US:3987080 chloroplast, complete genome","PZ098302.1 Melica brasiliana voucher US:3987080 chloroplast, complete genome",Melica brasiliana
PZ098299.fasta,PZ098299.1,"Melica brevicoronata voucher US:3987062 chloroplast, complete genome","PZ098299.1 Melica brevicoronata voucher US:3987062 chloroplast, complete genome",Melica brevicoronata
PZ098328.fasta,PZ098328.1,"Melica bulbosa voucher WTU:WTU-V-087123 chloroplast, complete genome","PZ098328.1 Melica bulbosa voucher WTU:WTU-V-087123 chloroplast, complete genome",Melica bulbosa
PZ098358.fasta,PZ098358.1,"Melica californica voucher JEPS:JEPS 131623 chloroplast, complete genome","PZ098358.1 Melica californica voucher JEPS:JEPS 131623 chloroplast, complete genome",Melica californica
PZ098303.fasta,PZ098303.1,"Melica chilensis voucher US:452042 chloroplast, complete genome","PZ098303.1 Melica chilensis voucher US:452042 chloroplast, complete genome",Melica chilensis
PZ098294.fasta,PZ098294.1,"Melica ciliata voucher US:4202 chloroplast, complete genome","PZ098294.1 Melica ciliata voucher US:4202 chloroplast, complete genome",Melica ciliata
PZ098312.fasta,PZ098312.1,"Melica dendroides voucher US:3988249 chloroplast, complete genome","PZ098312.1 Melica dendroides voucher US:3988249 chloroplast, complete genome",Melica dendroides
PZ098376.fasta,PZ098376.1,"Melica eligulata voucher K:K003213359 chloroplast, complete genome","PZ098376.1 Melica eligulata voucher K:K003213359 chloroplast, complete genome",Melica eligulata
PZ098264.fasta,PZ098264.1,"Melica eremophila voucher SI:107993 chloroplast, complete genome","PZ098264.1 Melica eremophila voucher SI:107993 chloroplast, complete genome",Melica eremophila
PZ098357.fasta,PZ098357.1,"Melica frutescens voucher UC 1922736 chloroplast, complete genome","PZ098357.1 Melica frutescens voucher UC 1922736 chloroplast, complete genome",Melica frutescens
PZ098613.fasta,PZ098613.1,"Melica fugax voucher NY:1160574 chloroplast, complete genome","PZ098613.1 Melica fugax voucher NY:1160574 chloroplast, complete genome",Melica fugax
PZ098360.fasta,PZ098360.1,"Melica geyeri voucher JEPS:JEPS 110288 chloroplast, complete genome","PZ098360.1 Melica geyeri voucher JEPS:JEPS 110288 chloroplast, complete genome",Melica geyeri
PZ098362.fasta,PZ098362.1,"Melica harfordii voucher JEPS:JEPS 121983 chloroplast, complete genome","PZ098362.1 Melica harfordii voucher JEPS:JEPS 121983 chloroplast, complete genome",Melica harfordii
PZ098304.fasta,PZ098304.1,"Melica hyalina voucher US:3987144 chloroplast, complete genome","PZ098304.1 Melica hyalina voucher US:3987144 chloroplast, complete genome",Melica hyalina
PZ098370.fasta,PZ098370.1,"Melica imperfecta chloroplast, complete genome","PZ098370.1 Melica imperfecta chloroplast, complete genome",Melica imperfecta
PZ098367.fasta,PZ098367.1,"Melica longiflora voucher UC 256788 chloroplast, complete genome","PZ098367.1 Melica longiflora voucher UC 256788 chloroplast, complete genome",Melica longiflora
PZ098629.fasta,PZ098629.1,"Melica macra voucher NY chloroplast, complete genome","PZ098629.1 Melica macra voucher NY chloroplast, complete genome",Melica macra
PZ098391.fasta,PZ098391.1,"Melica minuta voucher K:K003212910 chloroplast, complete genome","PZ098391.1 Melica minuta voucher K:K003212910 chloroplast, complete genome",Melica minuta
PZ098368.fasta,PZ098368.1,"Melica mollis voucher UC 630090 chloroplast, complete genome","PZ098368.1 Melica mollis voucher UC 630090 chloroplast, complete genome",Melica mollis
PZ098365.fasta,PZ098365.1,"Melica montezumae voucher UC 1783972 chloroplast, complete genome","PZ098365.1 Melica montezumae voucher UC 1783972 chloroplast, complete genome",Melica montezumae
PZ098616.fasta,PZ098616.1,"Melica mutica voucher NY:1739751 chloroplast, complete genome","PZ098616.1 Melica mutica voucher NY:1739751 chloroplast, complete genome",Melica mutica
PZ098617.fasta,PZ098617.1,"Melica nitens voucher NY:1739789 chloroplast, complete genome","PZ098617.1 Melica nitens voucher NY:1739789 chloroplast, complete genome",Melica nitens
PZ098401.fasta,PZ098401.1,"Melica nutans voucher K:K003213829 chloroplast, complete genome","PZ098401.1 Melica nutans voucher K:K003213829 chloroplast, complete genome",Melica nutans
PZ098308.fasta,PZ098308.1,"Melica onoei voucher US:3988037 chloroplast, complete genome","PZ098308.1 Melica onoei voucher US:3988037 chloroplast, complete genome",Melica onoei
PZ098286.fasta,PZ098286.1,"Melica paulsenii voucher US:7072 chloroplast, complete genome","PZ098286.1 Melica paulsenii voucher US:7072 chloroplast, complete genome",Melica paulsenii
PZ098295.fasta,PZ098295.1,"Melica penicillaris voucher US:4109 chloroplast, complete genome","PZ098295.1 Melica penicillaris voucher US:4109 chloroplast, complete genome",Melica penicillaris
PZ098394.fasta,PZ098394.1,"Melica persica voucher K:K003213656 chloroplast, complete genome","PZ098394.1 Melica persica voucher K:K003213656 chloroplast, complete genome",Melica persica
PZ098387.fasta,PZ098387.1,"Melica picta voucher K:K003213751 chloroplast, complete genome","PZ098387.1 Melica picta voucher K:K003213751 chloroplast, complete genome",Melica picta
PZ098619.fasta,PZ098619.1,"Melica porteri voucher NY:1724653 chloroplast, complete genome","PZ098619.1 Melica porteri voucher NY:1724653 chloroplast, complete genome",Melica porteri
PZ098272.fasta,PZ098272.1,"Melica racemosa voucher US:ZA-31-b chloroplast, complete genome","PZ098272.1 Melica racemosa voucher US:ZA-31-b chloroplast, complete genome",Melica racemosa
PZ098407.fasta,PZ098407.1,"Melica radula voucher K:K003213884 chloroplast, complete genome","PZ098407.1 Melica radula voucher K:K003213884 chloroplast, complete genome",Melica radula
PZ098315.fasta,PZ098315.1,"Melica rectiflora voucher US:3987901 chloroplast, complete genome","PZ098315.1 Melica rectiflora voucher US:3987901 chloroplast, complete genome",Melica rectiflora
PZ098265.fasta,PZ098265.1,"Melica rigida voucher SI:107991 chloroplast, complete genome","PZ098265.1 Melica rigida voucher SI:107991 chloroplast, complete genome",Melica rigida
PZ098632.fasta,PZ098632.1,"Melica sarmentosa voucher NY chloroplast, complete genome","PZ098632.1 Melica sarmentosa voucher NY chloroplast, complete genome",Melica sarmentosa
PZ098405.fasta,PZ098405.1,"Melica scaberrima voucher K:K003213944 chloroplast, complete genome","PZ098405.1 Melica scaberrima voucher K:K003213944 chloroplast, complete genome",Melica scaberrima
PZ098292.fasta,PZ098292.1,"Melica scabra voucher US:1956721 chloroplast, complete genome","PZ098292.1 Melica scabra voucher US:1956721 chloroplast, complete genome",Melica scabra
PZ098285.fasta,PZ098285.1,"Melica scabrosa voucher US:3987962 chloroplast, complete genome","PZ098285.1 Melica scabrosa voucher US:3987962 chloroplast, complete genome",Melica scabrosa
PZ098406.fasta,PZ098406.1,"Melica schuetzeana voucher K:K003213946 chloroplast, complete genome","PZ098406.1 Melica schuetzeana voucher K:K003213946 chloroplast, complete genome",Melica schuetzeana
PZ098397.fasta,PZ098397.1,"Melica secunda voucher K:K003213918 chloroplast, complete genome","PZ098397.1 Melica secunda voucher K:K003213918 chloroplast, complete genome",Melica secunda
PZ098330.fasta,PZ098330.1,"Melica smithii voucher WTU:WTU-V-022121 chloroplast, complete genome","PZ098330.1 Melica smithii voucher WTU:WTU-V-022121 chloroplast, complete genome",Melica smithii
PZ098331.fasta,PZ098331.1,"Melica spectabilis voucher WTU:373161 chloroplast, complete genome","PZ098331.1 Melica spectabilis voucher WTU:373161 chloroplast, complete genome",Melica spectabilis
PZ098622.fasta,PZ098622.1,"Melica stricta voucher NY:1724864 chloroplast, complete genome","PZ098622.1 Melica stricta voucher NY:1724864 chloroplast, complete genome",Melica stricta
PZ098305.fasta,PZ098305.1,"Melica stuckertii voucher US:3987478 chloroplast, complete genome","PZ098305.1 Melica stuckertii voucher US:3987478 chloroplast, complete genome",Melica stuckertii
PZ098624.fasta,PZ098624.1,"Melica subulata voucher NY:1725448 chloroplast, complete genome","PZ098624.1 Melica subulata voucher NY:1725448 chloroplast, complete genome",Melica subulata
PZ098369.fasta,PZ098369.1,"Melica teneriffae chloroplast, complete genome","PZ098369.1 Melica teneriffae chloroplast, complete genome",Melica teneriffae
PZ098307.fasta,PZ098307.1,"Melica tenuis voucher US:3987466 chloroplast, complete genome","PZ098307.1 Melica tenuis voucher US:3987466 chloroplast, complete genome",Melica tenuis
PZ098612.fasta,PZ098612.1,"Melica torreyana voucher NY:1088729 chloroplast, complete genome","PZ098612.1 Melica torreyana voucher NY:1088729 chloroplast, complete genome",Melica torreyana
PZ098393.fasta,PZ098393.1,"Melica transsilvanica voucher K:K003213655 chloroplast, complete genome","PZ098393.1 Melica transsilvanica voucher K:K003213655 chloroplast, complete genome",Melica transsilvanica
PZ098400.fasta,PZ098400.1,"Melica turczaninowiana voucher K:K003213767 chloroplast, complete genome","PZ098400.1 Melica turczaninowiana voucher K:K003213767 chloroplast, complete genome",Melica turczaninowiana
PZ098267.fasta,PZ098267.1,"Melica uniflora chloroplast, complete genome","PZ098267.1 Melica uniflora chloroplast, complete genome",Melica uniflora
PZ098635.fasta,PZ098635.1,"Melica violacea voucher NY chloroplast, complete genome","PZ098635.1 Melica violacea voucher NY chloroplast, complete genome",Melica violacea
PZ098399.fasta,PZ098399.1,"Melica virgata voucher K:K003213731 chloroplast, complete genome","PZ098399.1 Melica virgata voucher K:K003213731 chloroplast, complete genome",Melica virgata
PZ098404.fasta,PZ098404.1,"Melica yajiangensis voucher K:K003213871 chloroplast, complete genome","PZ098404.1 Melica yajiangensis voucher K:K003213871 chloroplast, complete genome",Melica yajiangensis
PQ221922.fasta,PQ221922.1,"Melicope pteleifolia chloroplast, complete genome","PQ221922.1 Melicope pteleifolia chloroplast, complete genome",Melicope pteleifolia
PV870783.fasta,PV870783.1,"Melilotus officinalis voucher Yi14414-Kew chloroplast, complete genome","PV870783.1 Melilotus officinalis voucher Yi14414-Kew chloroplast, complete genome",Melilotus officinalis
PZ282241.fasta,PZ282241.1,"Meliosma oldhamii isolate MOLDM_GW202404 chloroplast, complete genome","PZ282241.1 Meliosma oldhamii isolate MOLDM_GW202404 chloroplast, complete genome",Meliosma oldhamii
PQ456195.fasta,PQ456195.1,"Melissa officinalis isolate MoL chloroplast, complete genome","PQ456195.1 Melissa officinalis isolate MoL chloroplast, complete genome",Melissa officinalis
PP165060.fasta,PP165060.1,"Melittis melissophyllum subsp. melissophyllum chloroplast, complete genome","PP165060.1 Melittis melissophyllum subsp. melissophyllum chloroplast, complete genome",Melittis melissophyllum
PV976825.fasta,PV976825.1,"Melocalamus arrectus isolate 12190 chloroplast, complete genome","PV976825.1 Melocalamus arrectus isolate 12190 chloroplast, complete genome",Melocalamus arrectus
PV976833.fasta,PV976833.1,"Melocalamus compactiflorus var. fimbriatus isolate ZC038 chloroplast, complete genome","PV976833.1 Melocalamus compactiflorus var. fimbriatus isolate ZC038 chloroplast, complete genome",Melocalamus compactiflorus
PV976839.fasta,PV976839.1,"Melocalamus scandens isolate MY002 chloroplast, complete genome","PV976839.1 Melocalamus scandens isolate MY002 chloroplast, complete genome",Melocalamus scandens
PX367280.fasta,PX367280.1,"Melocanna baccifera voucher UMP-Tre_le-01 chloroplast, complete genome","PX367280.1 Melocanna baccifera voucher UMP-Tre_le-01 chloroplast, complete genome",Melocanna baccifera
PV751239.fasta,PV751239.1,"Melodinus fusiformis chloroplast, complete genome","PV751239.1 Melodinus fusiformis chloroplast, complete genome",Melodinus fusiformis
OP133594.fasta,OP133594.1,"Melodinus tenuicaudatus voucher C.F. Zhang 6070 chloroplast, complete genome","OP133594.1 Melodinus tenuicaudatus voucher C.F. Zhang 6070 chloroplast, complete genome",Melodinus tenuicaudatus
OP271874.fasta,OP271874.1,"Menispermum canadense chloroplast, complete genome","OP271874.1 Menispermum canadense chloroplast, complete genome",Menispermum canadense
PV600640.fasta,PV600640.1,"Mentha aquatica chloroplast, complete genome","PV600640.1 Mentha aquatica chloroplast, complete genome",Mentha aquatica
PX971240.fasta,PX971240.1,"Mentha arvensis chloroplast, complete genome","PX971240.1 Mentha arvensis chloroplast, complete genome",Mentha arvensis
PX971243.fasta,PX971243.1,"Mentha x rotundifolia chloroplast, complete genome","PX971243.1 Mentha x rotundifolia chloroplast, complete genome",Mentha rotundifolia
PP484623.fasta,PP484623.1,"Menyanthes trifoliata chloroplast, complete genome","PP484623.1 Menyanthes trifoliata chloroplast, complete genome",Menyanthes trifoliata
PX969653.fasta,PX969653.1,"Mesosphaerum suaveolens voucher Duq2022079 chloroplast, complete genome","PX969653.1 Mesosphaerum suaveolens voucher Duq2022079 chloroplast, complete genome",Mesosphaerum suaveolens
PV553472.fasta,PV553472.1,"Mespilodaphne macrophylla voucher J.A. Steyermark 43638 chloroplast, complete genome","PV553472.1 Mespilodaphne macrophylla voucher J.A. Steyermark 43638 chloroplast, complete genome",Mespilodaphne macrophylla
PX413299.fasta,PX413299.1,"Mespilus germanica chloroplast, complete genome","PX413299.1 Mespilus germanica chloroplast, complete genome",Mespilus germanica
PP234532.fasta,PP234532.1,"Metaeritrichium microuloides isolate p147 chloroplast, complete genome","PP234532.1 Metaeritrichium microuloides isolate p147 chloroplast, complete genome",Metaeritrichium microuloides
PV553473.fasta,PV553473.1,"Mezilaurus sprucei voucher D.G. Campbell & al. 7037 chloroplast, complete genome","PV553473.1 Mezilaurus sprucei voucher D.G. Campbell & al. 7037 chloroplast, complete genome",Mezilaurus sprucei
PP622687.fasta,PP622687.1,"Micranthes stellaris subsp. robusta chloroplast, complete genome","PP622687.1 Micranthes stellaris subsp. robusta chloroplast, complete genome",Micranthes stellaris
PQ899004.fasta,PQ899004.1,"Micromeles japonica voucher 2267 chloroplast, complete genome","PQ899004.1 Micromeles japonica voucher 2267 chloroplast, complete genome",Micromeles japonica
PX508303.fasta,PX508303.1,"Microphysa elongata isolate YLE072 chloroplast, complete genome","PX508303.1 Microphysa elongata isolate YLE072 chloroplast, complete genome",Microphysa elongata
PP234551.fasta,PP234551.1,"Microula tibetica isolate p34 chloroplast, complete genome","PP234551.1 Microula tibetica isolate p34 chloroplast, complete genome",Microula tibetica
OR712476.fasta,OR712476.1,"Minquartia guianensis voucher D. L. Nickrent 2758 chloroplast, complete genome","OR712476.1 Minquartia guianensis voucher D. L. Nickrent 2758 chloroplast, complete genome",Minquartia guianensis
PX334449.fasta,PX334449.1,"Miscanthus sacchariflorus voucher 2023-001419 chloroplast, complete genome","PX334449.1 Miscanthus sacchariflorus voucher 2023-001419 chloroplast, complete genome",Miscanthus sacchariflorus
PX334454.fasta,PX334454.1,"Miscanthus sinensis var. chejuensis voucher 2023-001410 chloroplast, complete genome","PX334454.1 Miscanthus sinensis var. chejuensis voucher 2023-001410 chloroplast, complete genome",Miscanthus sinensis
PX334453.fasta,PX334453.1,"Miscanthus x longiberbis voucher 2023-001423 chloroplast, complete genome","PX334453.1 Miscanthus x longiberbis voucher 2023-001423 chloroplast, complete genome",Miscanthus longiberbis
OR712477.fasta,OR712477.1,"Misodendrum brachystachyum voucher G. Amico 132 chloroplast, complete genome","OR712477.1 Misodendrum brachystachyum voucher G. Amico 132 chloroplast, complete genome",Misodendrum brachystachyum
PP165056.fasta,PP165056.1,"Moehringia bavarica chloroplast, complete genome","PP165056.1 Moehringia bavarica chloroplast, complete genome",Moehringia bavarica
PP165057.fasta,PP165057.1,"Moehringia muscosa chloroplast, complete genome","PP165057.1 Moehringia muscosa chloroplast, complete genome",Moehringia muscosa
ON729359.fasta,ON729359.1,"Molinadendron sinaloense chloroplast, complete genome","ON729359.1 Molinadendron sinaloense chloroplast, complete genome",Molinadendron sinaloense
PP484626.fasta,PP484626.1,"Molinia caerulea chloroplast, complete genome","PP484626.1 Molinia caerulea chloroplast, complete genome",Molinia caerulea
PP078688.fasta,PP078688.1,"Mollugo verticillata isolate ZXX21922 chloroplast, complete genome","PP078688.1 Mollugo verticillata isolate ZXX21922 chloroplast, complete genome",Mollugo verticillata
PP646449.fasta,PP646449.1,"Momordica trifoliolata voucher SAJIT-002594 chloroplast, complete genome","PP646449.1 Momordica trifoliolata voucher SAJIT-002594 chloroplast, complete genome",Momordica trifoliolata
PX394257.fasta,PX394257.1,"Monarda didyma chloroplast, complete genome","PX394257.1 Monarda didyma chloroplast, complete genome",Monarda didyma
PP883909.fasta,PP883909.1,"Monnina bonplandiana chloroplast, complete genome","PP883909.1 Monnina bonplandiana chloroplast, complete genome",Monnina bonplandiana
PP883912.fasta,PP883912.1,"Monnina carmelensis chloroplast, complete genome","PP883912.1 Monnina carmelensis chloroplast, complete genome",Monnina carmelensis
PP883922.fasta,PP883922.1,"Monnina cestrifolia chloroplast, complete genome","PP883922.1 Monnina cestrifolia chloroplast, complete genome",Monnina cestrifolia
PP883938.fasta,PP883938.1,"Monnina conferta chloroplast, complete genome","PP883938.1 Monnina conferta chloroplast, complete genome",Monnina conferta
PP883952.fasta,PP883952.1,"Monnina confusa chloroplast, complete genome","PP883952.1 Monnina confusa chloroplast, complete genome",Monnina confusa
PP883923.fasta,PP883923.1,"Monnina crassifolia chloroplast, complete genome","PP883923.1 Monnina crassifolia chloroplast, complete genome",Monnina crassifolia
PP883935.fasta,PP883935.1,"Monnina denticulata chloroplast, complete genome","PP883935.1 Monnina denticulata chloroplast, complete genome",Monnina denticulata
PP883906.fasta,PP883906.1,"Monnina equatoriensis chloroplast, complete genome","PP883906.1 Monnina equatoriensis chloroplast, complete genome",Monnina equatoriensis
PP883913.fasta,PP883913.1,"Monnina fastigiata chloroplast, complete genome","PP883913.1 Monnina fastigiata chloroplast, complete genome",Monnina fastigiata
PP883951.fasta,PP883951.1,"Monnina fosbergii chloroplast, complete genome","PP883951.1 Monnina fosbergii chloroplast, complete genome",Monnina fosbergii
PP883949.fasta,PP883949.1,"Monnina herbacea chloroplast, complete genome","PP883949.1 Monnina herbacea chloroplast, complete genome",Monnina herbacea
PP883924.fasta,PP883924.1,"Monnina hirta chloroplast, complete genome","PP883924.1 Monnina hirta chloroplast, complete genome",Monnina hirta
PP883896.fasta,PP883896.1,"Monnina hirtella chloroplast, complete genome","PP883896.1 Monnina hirtella chloroplast, complete genome",Monnina hirtella
PP883955.fasta,PP883955.1,"Monnina leptostachya chloroplast, complete genome","PP883955.1 Monnina leptostachya chloroplast, complete genome",Monnina leptostachya
PP883928.fasta,PP883928.1,"Monnina loxensis chloroplast, complete genome","PP883928.1 Monnina loxensis chloroplast, complete genome",Monnina loxensis
PP883932.fasta,PP883932.1,"Monnina marginata chloroplast, complete genome","PP883932.1 Monnina marginata chloroplast, complete genome",Monnina marginata
PP883934.fasta,PP883934.1,"Monnina phillyreoides chloroplast, complete genome","PP883934.1 Monnina phillyreoides chloroplast, complete genome",Monnina phillyreoides
PP883902.fasta,PP883902.1,"Monnina pichinchensis chloroplast, complete genome","PP883902.1 Monnina pichinchensis chloroplast, complete genome",Monnina pichinchensis
PP883936.fasta,PP883936.1,"Monnina pterocarpa chloroplast, complete genome","PP883936.1 Monnina pterocarpa chloroplast, complete genome",Monnina pterocarpa
PP883947.fasta,PP883947.1,"Monnina pycnophylla chloroplast, complete genome","PP883947.1 Monnina pycnophylla chloroplast, complete genome",Monnina pycnophylla
PP883942.fasta,PP883942.1,"Monnina salicifolia chloroplast, complete genome","PP883942.1 Monnina salicifolia chloroplast, complete genome",Monnina salicifolia
PP883927.fasta,PP883927.1,"Monnina sandemanii chloroplast, complete genome","PP883927.1 Monnina sandemanii chloroplast, complete genome",Monnina sandemanii
PP883903.fasta,PP883903.1,"Monnina sodiroana chloroplast, complete genome","PP883903.1 Monnina sodiroana chloroplast, complete genome",Monnina sodiroana
PP883917.fasta,PP883917.1,"Monnina splendens chloroplast, complete genome","PP883917.1 Monnina splendens chloroplast, complete genome",Monnina splendens
PP883900.fasta,PP883900.1,"Monnina subspeciosa chloroplast, complete genome","PP883900.1 Monnina subspeciosa chloroplast, complete genome",Monnina subspeciosa
PV415187.fasta,PV415187.1,"Monochasma savatieri chloroplast, complete genome","PV415187.1 Monochasma savatieri chloroplast, complete genome",Monochasma savatieri
OR260879.fasta,OR260879.1,"Monstera deliciosa chloroplast, complete genome","OR260879.1 Monstera deliciosa chloroplast, complete genome",Monstera deliciosa
PP897874.fasta,PP897874.1,"Moraea sisyrinchium isolate Turkey chloroplast, complete genome","PP897874.1 Moraea sisyrinchium isolate Turkey chloroplast, complete genome",Moraea sisyrinchium
PP078665.fasta,PP078665.1,"Morella rubra isolate DBS01866 chloroplast, complete genome","PP078665.1 Morella rubra isolate DBS01866 chloroplast, complete genome",Morella rubra
PQ722560.fasta,PQ722560.1,"Morina kokonorica chloroplast, complete genome","PQ722560.1 Morina kokonorica chloroplast, complete genome",Morina kokonorica
PQ594809.fasta,PQ594809.1,"Morus alba var. multicaulis voucher Jitiansang chloroplast, complete genome","PQ594809.1 Morus alba var. multicaulis voucher Jitiansang chloroplast, complete genome",Morus alba
PQ594816.fasta,PQ594816.1,"Morus bombycis voucher Hulusang chloroplast, complete genome","PQ594816.1 Morus bombycis voucher Hulusang chloroplast, complete genome",Morus bombycis
PQ594813.fasta,PQ594813.1,"Morus cathayana voucher Wild-MCa1 chloroplast, complete genome","PQ594813.1 Morus cathayana voucher Wild-MCa1 chloroplast, complete genome",Morus cathayana
PQ594802.fasta,PQ594802.1,"Morus macroura voucher Taiguo46c019 chloroplast, complete genome","PQ594802.1 Morus macroura voucher Taiguo46c019 chloroplast, complete genome",Morus macroura
PQ594815.fasta,PQ594815.1,"Morus mongolica voucher Wild-MMon5 chloroplast, complete genome","PQ594815.1 Morus mongolica voucher Wild-MMon5 chloroplast, complete genome",Morus mongolica
PQ309106.fasta,PQ309106.1,"Morus rubra voucher 182-4 chloroplast, complete genome","PQ309106.1 Morus rubra voucher 182-4 chloroplast, complete genome",Morus rubra
PQ594794.fasta,PQ594794.1,"Morus wittiorum voucher Changsuisang chloroplast, complete genome","PQ594794.1 Morus wittiorum voucher Changsuisang chloroplast, complete genome",Morus wittiorum
PZ101810.fasta,PZ101810.1,"Mosla cavaleriei isolate LAM088 chloroplast, complete genome","PZ101810.1 Mosla cavaleriei isolate LAM088 chloroplast, complete genome",Mosla cavaleriei
PZ101788.fasta,PZ101788.1,"Mosla chinensis isolate LAM446 chloroplast, complete genome","PZ101788.1 Mosla chinensis isolate LAM446 chloroplast, complete genome",Mosla chinensis
PZ101792.fasta,PZ101792.1,"Mosla dianthera isolate LAM452 chloroplast, complete genome","PZ101792.1 Mosla dianthera isolate LAM452 chloroplast, complete genome",Mosla dianthera
PZ101804.fasta,PZ101804.1,"Mosla hangchowensis isolate LAM078 chloroplast, complete genome","PZ101804.1 Mosla hangchowensis isolate LAM078 chloroplast, complete genome",Mosla hangchowensis
PZ101799.fasta,PZ101799.1,"Mosla japonica isolate LAM513 chloroplast, complete genome","PZ101799.1 Mosla japonica isolate LAM513 chloroplast, complete genome",Mosla japonica
PZ101811.fasta,PZ101811.1,"Mosla longibracteata isolate LAM089 chloroplast, complete genome","PZ101811.1 Mosla longibracteata isolate LAM089 chloroplast, complete genome",Mosla longibracteata
PZ101803.fasta,PZ101803.1,"Mosla longispica isolate LAM077 chloroplast, complete genome","PZ101803.1 Mosla longispica isolate LAM077 chloroplast, complete genome",Mosla longispica
PZ101796.fasta,PZ101796.1,"Mosla pauciflora isolate LAM456 chloroplast, complete genome","PZ101796.1 Mosla pauciflora isolate LAM456 chloroplast, complete genome",Mosla pauciflora
PZ101809.fasta,PZ101809.1,"Mosla scabra isolate LAM086 chloroplast, complete genome","PZ101809.1 Mosla scabra isolate LAM086 chloroplast, complete genome",Mosla scabra
PZ101794.fasta,PZ101794.1,"Mosla soochowensis isolate LAM454 chloroplast, complete genome","PZ101794.1 Mosla soochowensis isolate LAM454 chloroplast, complete genome",Mosla soochowensis
PZ101797.fasta,PZ101797.1,"Mosla tamdaoensis isolate LAM457 chloroplast, complete genome","PZ101797.1 Mosla tamdaoensis isolate LAM457 chloroplast, complete genome",Mosla tamdaoensis
PV294935.fasta,PV294935.1,"Mouriri elliptica chloroplast, complete genome","PV294935.1 Mouriri elliptica chloroplast, complete genome",Mouriri elliptica
PZ347914.fasta,PZ347914.1,"Murdannia medica isolate UMP26-01 chloroplast, complete genome","PZ347914.1 Murdannia medica isolate UMP26-01 chloroplast, complete genome",Murdannia medica
PX214363.fasta,PX214363.1,"Murraya paniculata chloroplast, complete genome","PX214363.1 Murraya paniculata chloroplast, complete genome",Murraya paniculata
LC858458.fasta,LC858458.1,"Murraya sumatrana 35-A345BGR chloroplast DNA, complete genome","LC858458.1 Murraya sumatrana 35-A345BGR chloroplast DNA, complete genome",Murraya sumatrana
PX023001.fasta,PX023001.1,"Musa acuminata voucher MZU-DBT-C47(IC-0633381) chloroplast, complete genome","PX023001.1 Musa acuminata voucher MZU-DBT-C47(IC-0633381) chloroplast, complete genome",Musa acuminata
PX070098.fasta,PX070098.1,"Musa cheesmanii voucher MZU-DBT C51 chloroplast, complete genome","PX070098.1 Musa cheesmanii voucher MZU-DBT C51 chloroplast, complete genome",Musa cheesmanii
PX411857.fasta,PX411857.1,"Musa exotica chloroplast, complete genome","PX411857.1 Musa exotica chloroplast, complete genome",Musa exotica
OP278172.fasta,OP278172.1,"Musa indandamanensis chloroplast, complete genome","OP278172.1 Musa indandamanensis chloroplast, complete genome",Musa indandamanensis
PQ210146.fasta,PQ210146.1,"Muscari adilii voucher VANF 20535 chloroplast, complete genome","PQ210146.1 Muscari adilii voucher VANF 20535 chloroplast, complete genome",Muscari adilii
PQ210178.fasta,PQ210178.1,"Muscari alpanicum voucher WSY chloroplast, complete genome","PQ210178.1 Muscari alpanicum voucher WSY chloroplast, complete genome",Muscari alpanicum
PQ210155.fasta,PQ210155.1,"Muscari anatolicum voucher VANF 20530 chloroplast, complete genome","PQ210155.1 Muscari anatolicum voucher VANF 20530 chloroplast, complete genome",Muscari anatolicum
PQ210180.fasta,PQ210180.1,"Muscari armeniacum voucher TR 0 FRIBG 20030434 chloroplast, complete genome","PQ210180.1 Muscari armeniacum voucher TR 0 FRIBG 20030434 chloroplast, complete genome",Muscari armeniacum
PQ210182.fasta,PQ210182.1,"Muscari aucheri voucher 19563852 chloroplast, complete genome","PQ210182.1 Muscari aucheri voucher 19563852 chloroplast, complete genome",Muscari aucheri
PQ210183.fasta,PQ210183.1,"Muscari azureum voucher WSY chloroplast, complete genome","PQ210183.1 Muscari azureum voucher WSY chloroplast, complete genome",Muscari azureum
PQ210162.fasta,PQ210162.1,"Muscari babachii voucher VANF 20520 chloroplast, complete genome","PQ210162.1 Muscari babachii voucher VANF 20520 chloroplast, complete genome",Muscari babachii
OR896884.fasta,OR896884.1,"Muscari botryoides subsp. botryoides chloroplast, complete genome","OR896884.1 Muscari botryoides subsp. botryoides chloroplast, complete genome",Muscari botryoides
PQ210152.fasta,PQ210152.1,"Muscari bourgaei voucher VANF 20536 chloroplast, complete genome","PQ210152.1 Muscari bourgaei voucher VANF 20536 chloroplast, complete genome",Muscari bourgaei
PQ210161.fasta,PQ210161.1,"Muscari caucasicum voucher VANF 20517 chloroplast, complete genome","PQ210161.1 Muscari caucasicum voucher VANF 20517 chloroplast, complete genome",Muscari caucasicum
PQ210165.fasta,PQ210165.1,"Muscari coeleste voucher W20081036-A chloroplast, complete genome","PQ210165.1 Muscari coeleste voucher W20081036-A chloroplast, complete genome",Muscari coeleste
PQ210133.fasta,PQ210133.1,"Muscari commutatum voucher RNG P00 43911 chloroplast, complete genome","PQ210133.1 Muscari commutatum voucher RNG P00 43911 chloroplast, complete genome",Muscari commutatum
OR896885.fasta,OR896885.1,"Muscari comosum chloroplast, complete genome","OR896885.1 Muscari comosum chloroplast, complete genome",Muscari comosum
PQ210135.fasta,PQ210135.1,"Muscari cycladicum voucher W200801032-A chloroplast, complete genome","PQ210135.1 Muscari cycladicum voucher W200801032-A chloroplast, complete genome",Muscari cycladicum
PQ210138.fasta,PQ210138.1,"Muscari discolor voucher VANF 20531 chloroplast, complete genome","PQ210138.1 Muscari discolor voucher VANF 20531 chloroplast, complete genome",Muscari discolor
PQ210163.fasta,PQ210163.1,"Muscari erdalii voucher VANF 20519 chloroplast, complete genome","PQ210163.1 Muscari erdalii voucher VANF 20519 chloroplast, complete genome",Muscari erdalii
PQ210127.fasta,PQ210127.1,"Muscari forniculatum voucher WSY chloroplast, complete genome","PQ210127.1 Muscari forniculatum voucher WSY chloroplast, complete genome",Muscari forniculatum
PQ210171.fasta,PQ210171.1,"Muscari inconstrictum voucher WSY chloroplast, complete genome","PQ210171.1 Muscari inconstrictum voucher WSY chloroplast, complete genome",Muscari inconstrictum
PQ210149.fasta,PQ210149.1,"Muscari latifolium voucher VANF 20534 chloroplast, complete genome","PQ210149.1 Muscari latifolium voucher VANF 20534 chloroplast, complete genome",Muscari latifolium
PQ210157.fasta,PQ210157.1,"Muscari longipes voucher VANF 20521 chloroplast, complete genome","PQ210157.1 Muscari longipes voucher VANF 20521 chloroplast, complete genome",Muscari longipes
PQ210156.fasta,PQ210156.1,"Muscari macbeathianum voucher VANF 20541 chloroplast, complete genome","PQ210156.1 Muscari macbeathianum voucher VANF 20541 chloroplast, complete genome",Muscari macbeathianum
PQ210144.fasta,PQ210144.1,"Muscari macrocarpum voucher VANF 20514 chloroplast, complete genome","PQ210144.1 Muscari macrocarpum voucher VANF 20514 chloroplast, complete genome",Muscari macrocarpum
PQ210185.fasta,PQ210185.1,"Muscari massayanum voucher RNG P00 44748 chloroplast, complete genome","PQ210185.1 Muscari massayanum voucher RNG P00 44748 chloroplast, complete genome",Muscari massayanum
PQ210186.fasta,PQ210186.1,"Muscari matritense voucher MGC-Cormof93543 chloroplast, complete genome","PQ210186.1 Muscari matritense voucher MGC-Cormof93543 chloroplast, complete genome",Muscari matritense
PQ210154.fasta,PQ210154.1,"Muscari microstomum voucher VANF 20538 chloroplast, complete genome","PQ210154.1 Muscari microstomum voucher VANF 20538 chloroplast, complete genome",Muscari microstomum
PQ210160.fasta,PQ210160.1,"Muscari mirum voucher VANF 20523 chloroplast, complete genome","PQ210160.1 Muscari mirum voucher VANF 20523 chloroplast, complete genome",Muscari mirum
OR896886.fasta,OR896886.1,"Muscari neglectum chloroplast, complete genome","OR896886.1 Muscari neglectum chloroplast, complete genome",Muscari neglectum
PQ210191.fasta,PQ210191.1,"Muscari olivetorum voucher MGC-Cormof93540*C chloroplast, complete genome","PQ210191.1 Muscari olivetorum voucher MGC-Cormof93540*C chloroplast, complete genome",Muscari olivetorum
PQ210164.fasta,PQ210164.1,"Muscari parviflorum voucher VANF 20543 chloroplast, complete genome","PQ210164.1 Muscari parviflorum voucher VANF 20543 chloroplast, complete genome",Muscari parviflorum
PQ210194.fasta,PQ210194.1,"Muscari pseudomuscari voucher WSY chloroplast, complete genome","PQ210194.1 Muscari pseudomuscari voucher WSY chloroplast, complete genome",Muscari pseudomuscari
PQ210174.fasta,PQ210174.1,"Muscari racemosum voucher W918287-A chloroplast, complete genome","PQ210174.1 Muscari racemosum voucher W918287-A chloroplast, complete genome",Muscari racemosum
PQ210150.fasta,PQ210150.1,"Muscari sandrasicum voucher VANF 20537 chloroplast, complete genome","PQ210150.1 Muscari sandrasicum voucher VANF 20537 chloroplast, complete genome",Muscari sandrasicum
PQ210159.fasta,PQ210159.1,"Muscari serpentinicum voucher VANF 20527 chloroplast, complete genome","PQ210159.1 Muscari serpentinicum voucher VANF 20527 chloroplast, complete genome",Muscari serpentinicum
PQ210145.fasta,PQ210145.1,"Muscari sivrihisardaghlarense voucher VANF 20526 chloroplast, complete genome","PQ210145.1 Muscari sivrihisardaghlarense voucher VANF 20526 chloroplast, complete genome",Muscari sivrihisardaghlarense
PQ210193.fasta,PQ210193.1,"Muscari spreitzenhoferi voucher RNG P00 43940 chloroplast, complete genome","PQ210193.1 Muscari spreitzenhoferi voucher RNG P00 43940 chloroplast, complete genome",Muscari spreitzenhoferi
PQ210177.fasta,PQ210177.1,"Muscari tenuiflorum voucher W20060820-A chloroplast, complete genome","PQ210177.1 Muscari tenuiflorum voucher W20060820-A chloroplast, complete genome",Muscari tenuiflorum
PQ210153.fasta,PQ210153.1,"Muscari turcicum voucher VANF 20532 chloroplast, complete genome","PQ210153.1 Muscari turcicum voucher VANF 20532 chloroplast, complete genome",Muscari turcicum
PQ210140.fasta,PQ210140.1,"Muscari vuralii voucher VANF 20542 chloroplast, complete genome","PQ210140.1 Muscari vuralii voucher VANF 20542 chloroplast, complete genome",Muscari vuralii
PQ210170.fasta,PQ210170.1,"Muscari weissii voucher W20060222-A chloroplast, complete genome","PQ210170.1 Muscari weissii voucher W20060222-A chloroplast, complete genome",Muscari weissii
PQ464577.fasta,PQ464577.1,"Mussaenda shikokiana isolate DYBZS chloroplast, complete genome","PQ464577.1 Mussaenda shikokiana isolate DYBZS chloroplast, complete genome",Mussaenda shikokiana
PQ310502.fasta,PQ310502.1,"Myosotis angustata isolate angu_SN_Arth2 voucher WELT SP112227 chloroplast, complete genome","PQ310502.1 Myosotis angustata isolate angu_SN_Arth2 voucher WELT SP112227 chloroplast, complete genome",Myosotis angustata
PQ310498.fasta,PQ310498.1,"Myosotis australis subsp. australis isolate auau_SC_BPCa chloroplast, complete genome","PQ310498.1 Myosotis australis subsp. australis isolate auau_SC_BPCa chloroplast, complete genome",Myosotis australis
PQ310499.fasta,PQ310499.1,"Myosotis capitata isolate capi_AA_Dick1 voucher WELT SP106541/A chloroplast, complete genome","PQ310499.1 Myosotis capitata isolate capi_AA_Dick1 voucher WELT SP106541/A chloroplast, complete genome",Myosotis capitata
PQ310503.fasta,PQ310503.1,"Myosotis colensoi isolate cole_SC_RedH voucher WELT SP107472 chloroplast, complete genome","PQ310503.1 Myosotis colensoi isolate cole_SC_RedH voucher WELT SP107472 chloroplast, complete genome",Myosotis colensoi
PQ310504.fasta,PQ310504.1,"Myosotis goyenii subsp. infima isolate goin_SM_Hanm1 voucher WELT SP106686 chloroplast, complete genome","PQ310504.1 Myosotis goyenii subsp. infima isolate goin_SM_Hanm1 voucher WELT SP106686 chloroplast, complete genome",Myosotis goyenii
PQ310501.fasta,PQ310501.1,"Myosotis rakiura isolate raki_SR_Sola voucher WELT SP106004 chloroplast, complete genome","PQ310501.1 Myosotis rakiura isolate raki_SR_Sola voucher WELT SP106004 chloroplast, complete genome",Myosotis rakiura
PQ310505.fasta,PQ310505.1,"Myosotis retrorsa isolate retr_SS_Humm voucher WELT SP106618 chloroplast, complete genome","PQ310505.1 Myosotis retrorsa isolate retr_SS_Humm voucher WELT SP106618 chloroplast, complete genome",Myosotis retrorsa
PQ310506.fasta,PQ310506.1,"Myosotis saxatilis isolate saxa_SW_Rain voucher WELT SP105622 chloroplast, complete genome","PQ310506.1 Myosotis saxatilis isolate saxa_SW_Rain voucher WELT SP105622 chloroplast, complete genome",Myosotis saxatilis
PQ310507.fasta,PQ310507.1,"Myosotis tenericaulis isolate tene_SS_Livi voucher WELT SP114483 chloroplast, complete genome","PQ310507.1 Myosotis tenericaulis isolate tene_SS_Livi voucher WELT SP114483 chloroplast, complete genome",Myosotis tenericaulis
PQ310508.fasta,PQ310508.1,"Myosotis traversii subsp. traversii isolate trtr_SM_Amur voucher WELT SP103838 chloroplast, complete genome","PQ310508.1 Myosotis traversii subsp. traversii isolate trtr_SM_Amur voucher WELT SP103838 chloroplast, complete genome",Myosotis traversii
PQ310509.fasta,PQ310509.1,"Myosotis venticola isolate vent_SO_Laud voucher WELT SP111279 chloroplast, complete genome","PQ310509.1 Myosotis venticola isolate vent_SO_Laud voucher WELT SP111279 chloroplast, complete genome",Myosotis venticola
PX251231.fasta,PX251231.1,"Myrciaria dubia isolate PER1000398 chloroplast, complete genome","PX251231.1 Myrciaria dubia isolate PER1000398 chloroplast, complete genome",Myrciaria dubia
PX929580.fasta,PX929580.1,"Myricaria elegans isolate Me1 chloroplast, complete genome","PX929580.1 Myricaria elegans isolate Me1 chloroplast, complete genome",Myricaria elegans
PQ898998.fasta,PQ898998.1,"Myricaria germanica chloroplast, complete genome","PQ898998.1 Myricaria germanica chloroplast, complete genome",Myricaria germanica
PP234567.fasta,PP234567.1,"Myricaria prostrata isolate p57 chloroplast, complete genome","PP234567.1 Myricaria prostrata isolate p57 chloroplast, complete genome",Myricaria prostrata
PV929690.fasta,PV929690.1,"Myriophyllum aquaticum isolate FL chloroplast, complete genome","PV929690.1 Myriophyllum aquaticum isolate FL chloroplast, complete genome",Myriophyllum aquaticum
PV929692.fasta,PV929692.1,"Myriophyllum papillosum isolate RT chloroplast, complete genome","PV929692.1 Myriophyllum papillosum isolate RT chloroplast, complete genome",Myriophyllum papillosum
PZ094982.fasta,PZ094982.1,"Myriophyllum sibiricum chloroplast, complete genome","PZ094982.1 Myriophyllum sibiricum chloroplast, complete genome",Myriophyllum sibiricum
PV929693.fasta,PV929693.1,"Myriophyllum spicatum isolate SZ chloroplast, complete genome","PV929693.1 Myriophyllum spicatum isolate SZ chloroplast, complete genome",Myriophyllum spicatum
PV929694.fasta,PV929694.1,"Myriophyllum ussuriense isolate WSL chloroplast, complete genome","PV929694.1 Myriophyllum ussuriense isolate WSL chloroplast, complete genome",Myriophyllum ussuriense
PV929691.fasta,PV929691.1,"Myriophyllum verticillatum isolate HW chloroplast, complete genome","PV929691.1 Myriophyllum verticillatum isolate HW chloroplast, complete genome",Myriophyllum verticillatum
OP133597.fasta,OP133597.1,"Myriopteron extensum voucher C.F. Zhang 6047 chloroplast, complete genome","OP133597.1 Myriopteron extensum voucher C.F. Zhang 6047 chloroplast, complete genome",Myriopteron extensum
PX562784.fasta,PX562784.1,"Myristica fragrans chloroplast, complete genome","PX562784.1 Myristica fragrans chloroplast, complete genome",Myristica fragrans
PV870679.fasta,PV870679.1,"Myrocarpus fastigiatus voucher Cardoso 3516-HUEFS chloroplast, complete genome","PV870679.1 Myrocarpus fastigiatus voucher Cardoso 3516-HUEFS chloroplast, complete genome",Myrocarpus fastigiatus
PV870703.fasta,PV870703.1,"Myrocarpus venezuelensis voucher 113-Kew chloroplast, complete genome","PV870703.1 Myrocarpus venezuelensis voucher 113-Kew chloroplast, complete genome",Myrocarpus venezuelensis
PV870751.fasta,PV870751.1,"Myrospermum frutescens voucher N. Zamora7281-Costa Rica chloroplast, complete genome","PV870751.1 Myrospermum frutescens voucher N. Zamora7281-Costa Rica chloroplast, complete genome",Myrospermum frutescens
PV870791.fasta,PV870791.1,"Myroxylon balsamum voucher Yi14576-KUN chloroplast, complete genome","PV870791.1 Myroxylon balsamum voucher Yi14576-KUN chloroplast, complete genome",Myroxylon balsamum
PZ095204.fasta,PZ095204.1,"Myrsine kwangsiensis chloroplast, complete genome","PZ095204.1 Myrsine kwangsiensis chloroplast, complete genome",Myrsine kwangsiensis
PZ095203.fasta,PZ095203.1,"Myrsine semiserrata chloroplast, complete genome","PZ095203.1 Myrsine semiserrata chloroplast, complete genome",Myrsine semiserrata
PZ095202.fasta,PZ095202.1,"Myrsine stolonifera chloroplast, complete genome","PZ095202.1 Myrsine stolonifera chloroplast, complete genome",Myrsine stolonifera
ON729344.fasta,ON729344.1,"Mytilaria laosensis chloroplast, complete genome","ON729344.1 Mytilaria laosensis chloroplast, complete genome",Mytilaria laosensis
OP531907.fasta,OP531907.1,"Myxopyrum hainanense voucher p2021-0219 chloroplast, complete genome","OP531907.1 Myxopyrum hainanense voucher p2021-0219 chloroplast, complete genome",Myxopyrum hainanense
PZ087074.fasta,PZ087074.1,"Najas marina chloroplast, complete genome","PZ087074.1 Najas marina chloroplast, complete genome",Najas marina
OR712478.fasta,OR712478.1,"Nanodea muscosa voucher R. Lewis RL1824 chloroplast, complete genome","OR712478.1 Nanodea muscosa voucher R. Lewis RL1824 chloroplast, complete genome",Nanodea muscosa
ON929845.fasta,ON929845.1,"Nanophyton erinaceum chloroplast, complete genome","ON929845.1 Nanophyton erinaceum chloroplast, complete genome",Nanophyton erinaceum
PP484627.fasta,PP484627.1,"Nardus stricta chloroplast, complete genome","PP484627.1 Nardus stricta chloroplast, complete genome",Nardus stricta
PQ585797.fasta,PQ585797.1,"Nassella tenuissima chloroplast, complete genome","PQ585797.1 Nassella tenuissima chloroplast, complete genome",Nassella tenuissima
PV239776.fasta,PV239776.1,"Nekemias grossedentata chloroplast, complete genome","PV239776.1 Nekemias grossedentata chloroplast, complete genome",Nekemias grossedentata
PX959571.fasta,PX959571.1,"Neltuma pallida isolate A2 chloroplast, complete genome","PX959571.1 Neltuma pallida isolate A2 chloroplast, complete genome",Neltuma pallida
PP796632.fasta,PP796632.1,"Neoachmandra japonica chloroplast, complete genome","PP796632.1 Neoachmandra japonica chloroplast, complete genome",Neoachmandra japonica
PV870741.fasta,PV870741.1,"Neochevalierodendron stephanii voucher 3558-MO chloroplast, complete genome","PV870741.1 Neochevalierodendron stephanii voucher 3558-MO chloroplast, complete genome",Neochevalierodendron stephanii
OR264256.fasta,OR264256.1,"Neocinnamomum caudatum voucher XTBGLQM0778 chloroplast, complete genome","OR264256.1 Neocinnamomum caudatum voucher XTBGLQM0778 chloroplast, complete genome",Neocinnamomum caudatum
OR264257.fasta,OR264257.1,"Neocinnamomum lecomtei voucher SEP005 chloroplast, complete genome","OR264257.1 Neocinnamomum lecomtei voucher SEP005 chloroplast, complete genome",Neocinnamomum lecomtei
PV976843.fasta,PV976843.1,"Neomicrocalamus yunnanensis isolate JC003 chloroplast, complete genome","PV976843.1 Neomicrocalamus yunnanensis isolate JC003 chloroplast, complete genome",Neomicrocalamus yunnanensis
PV536199.fasta,PV536199.1,"Neostapfia colusana isolate DT0270 chloroplast, complete genome","PV536199.1 Neostapfia colusana isolate DT0270 chloroplast, complete genome",Neostapfia colusana
ON729364.fasta,ON729364.1,"Neostrearia fleckeri chloroplast, complete genome","ON729364.1 Neostrearia fleckeri chloroplast, complete genome",Neostrearia fleckeri
PP484635.fasta,PP484635.1,"Neotinea ustulata chloroplast, complete genome","PP484635.1 Neotinea ustulata chloroplast, complete genome",Neotinea ustulata
PP484611.fasta,PP484611.1,"Neottia cordata chloroplast, complete genome","PP484611.1 Neottia cordata chloroplast, complete genome",Neottia cordata
PP484612.fasta,PP484612.1,"Neottia ovata chloroplast, complete genome","PP484612.1 Neottia ovata chloroplast, complete genome",Neottia ovata
PZ033183.fasta,PZ033183.1,"Nepenthes mirabilis chloroplast, complete genome","PZ033183.1 Nepenthes mirabilis chloroplast, complete genome",Nepenthes mirabilis
PZ342510.fasta,PZ342510.1,"Nepeta griffithii isolate NP-1 chloroplast, complete genome","PZ342510.1 Nepeta griffithii isolate NP-1 chloroplast, complete genome",Nepeta griffithii
PV930134.fasta,PV930134.1,"Nepeta nuda chloroplast, complete genome","PV930134.1 Nepeta nuda chloroplast, complete genome",Nepeta nuda
PV837617.fasta,PV837617.1,"Nepeta santoana voucher TASH072436 chloroplast, complete genome","PV837617.1 Nepeta santoana voucher TASH072436 chloroplast, complete genome",Nepeta santoana
PV870732.fasta,PV870732.1,"Neptunia oleracea voucher 32136-MO chloroplast, complete genome","PV870732.1 Neptunia oleracea voucher 32136-MO chloroplast, complete genome",Neptunia oleracea
PV870733.fasta,PV870733.1,"Neptunia plena voucher 31965-MO chloroplast, complete genome","PV870733.1 Neptunia plena voucher 31965-MO chloroplast, complete genome",Neptunia plena
PV409680.fasta,PV409680.1,"Nerine bowdenii chloroplast, complete genome","PV409680.1 Nerine bowdenii chloroplast, complete genome",Nerine bowdenii
PX309533.fasta,PX309533.1,"Nerium oleander chloroplast, complete genome","PX309533.1 Nerium oleander chloroplast, complete genome",Nerium oleander
PV870720.fasta,PV870720.1,"Newtonia griffoniana voucher 12119-MO chloroplast, complete genome","PV870720.1 Newtonia griffoniana voucher 12119-MO chloroplast, complete genome",Newtonia griffoniana
PP952504.fasta,PP952504.1,"Nicotiana attenuata chloroplast, complete genome","PP952504.1 Nicotiana attenuata chloroplast, complete genome",Nicotiana attenuata
PV870682.fasta,PV870682.1,"Nissolia bracteosa voucher Cardoso 2646-HUEFS chloroplast, complete genome","PV870682.1 Nissolia bracteosa voucher Cardoso 2646-HUEFS chloroplast, complete genome",Nissolia bracteosa
ON729363.fasta,ON729363.1,"Noahdendron nicholasii chloroplast, complete genome","ON729363.1 Noahdendron nicholasii chloroplast, complete genome",Noahdendron nicholasii
PP335079.fasta,PP335079.1,"Noccaea goesingensis chloroplast, complete genome","PP335079.1 Noccaea goesingensis chloroplast, complete genome",Noccaea goesingensis
PV870839.fasta,PV870839.1,"Nogra guangxiensis voucher ZR5-Yi Lab chloroplast, complete genome","PV870839.1 Nogra guangxiensis voucher ZR5-Yi Lab chloroplast, complete genome",Nogra guangxiensis
PP952505.fasta,PP952505.1,"Nolana paradoxa chloroplast, complete genome","PP952505.1 Nolana paradoxa chloroplast, complete genome",Nolana paradoxa
PV087158.fasta,PV087158.1,"Nolina cespitifera chloroplast, complete genome","PV087158.1 Nolina cespitifera chloroplast, complete genome",Nolina cespitifera
PZ095200.fasta,PZ095200.1,"Nothofagus alessandri chloroplast, complete genome","PZ095200.1 Nothofagus alessandri chloroplast, complete genome",Nothofagus alessandri
OR899320.fasta,OR899320.1,"Notholirion bulbuliferum isolate BLZ1 voucher SCUNB 12 chloroplast, complete genome","OR899320.1 Notholirion bulbuliferum isolate BLZ1 voucher SCUNB 12 chloroplast, complete genome",Notholirion bulbuliferum
OR899322.fasta,OR899322.1,"Notholirion macrophyllum isolate MDC1 voucher SCUNC 01 chloroplast, complete genome","OR899322.1 Notholirion macrophyllum isolate MDC1 voucher SCUNC 01 chloroplast, complete genome",Notholirion macrophyllum
OR899324.fasta,OR899324.1,"Notholirion thomsonianum isolate NT1 voucher SCUNT 01 chloroplast, complete genome","OR899324.1 Notholirion thomsonianum isolate NT1 voucher SCUNT 01 chloroplast, complete genome",Notholirion thomsonianum
PV794569.fasta,PV794569.1,"Nothosmyrnium japonicum var. sutchuensis isolate XYL2023092901 chloroplast, complete genome","PV794569.1 Nothosmyrnium japonicum var. sutchuensis isolate XYL2023092901 chloroplast, complete genome",Nothosmyrnium japonicum
PV794570.fasta,PV794570.1,"Nothosmyrnium xizangense var. simpliciorum isolate XYL2022080401 chloroplast, complete genome","PV794570.1 Nothosmyrnium xizangense var. simpliciorum isolate XYL2022080401 chloroplast, complete genome",Nothosmyrnium xizangense
BK071853.fasta,BK071853.1,"Notobasis syriaca chloroplast, complete genome","BK071853.1 TPA_asm: Notobasis syriaca chloroplast, complete genome",Notobasis syriaca
OP531908.fasta,OP531908.1,"Nyctanthes arbor-tristis voucher TIN2017-1520 chloroplast, complete genome","OP531908.1 Nyctanthes arbor-tristis voucher TIN2017-1520 chloroplast, complete genome",Nyctanthes arbor-tristis
PP078668.fasta,PP078668.1,"Nyssa sinensis isolate DBSYS460 chloroplast, complete genome","PP078668.1 Nyssa sinensis isolate DBSYS460 chloroplast, complete genome",Nyssa sinensis
PQ571155.fasta,PQ571155.1,"Oberonia seidenfadenii chloroplast, complete genome","PQ571155.1 Oberonia seidenfadenii chloroplast, complete genome",Oberonia seidenfadenii
PQ571156.fasta,PQ571156.1,"Oberonioides microtatantha chloroplast, complete genome","PQ571156.1 Oberonioides microtatantha chloroplast, complete genome",Oberonioides microtatantha
OR832750.fasta,OR832750.1,"Ochroma pyramidale chloroplast, complete genome","OR832750.1 Ochroma pyramidale chloroplast, complete genome",Ochroma pyramidale
OR264258.fasta,OR264258.1,"Ocotea heterochroma voucher 4282a chloroplast, complete genome","OR264258.1 Ocotea heterochroma voucher 4282a chloroplast, complete genome",Ocotea heterochroma
OR712479.fasta,OR712479.1,"Octoknema affinis voucher X. M. van der Burgt & J. Motoh 821 chloroplast, complete genome","OR712479.1 Octoknema affinis voucher X. M. van der Burgt & J. Motoh 821 chloroplast, complete genome",Octoknema affinis
PV640846.fasta,PV640846.1,"Odontostemma barbatum chloroplast, complete genome","PV640846.1 Odontostemma barbatum chloroplast, complete genome",Odontostemma barbatum
PV640847.fasta,PV640847.1,"Odontostemma longistylum chloroplast, complete genome","PV640847.1 Odontostemma longistylum chloroplast, complete genome",Odontostemma longistylum
PV640850.fasta,PV640850.1,"Odontostemma rockii chloroplast, complete genome","PV640850.1 Odontostemma rockii chloroplast, complete genome",Odontostemma rockii
PV640843.fasta,PV640843.1,"Odontostemma roseiflora chloroplast, complete genome","PV640843.1 Odontostemma roseiflora chloroplast, complete genome",Odontostemma roseiflora
PV640844.fasta,PV640844.1,"Odontostemma saginoides chloroplast, complete genome","PV640844.1 Odontostemma saginoides chloroplast, complete genome",Odontostemma saginoides
PV640852.fasta,PV640852.1,"Odontostemma spathulifolium chloroplast, complete genome","PV640852.1 Odontostemma spathulifolium chloroplast, complete genome",Odontostemma spathulifolium
PV640845.fasta,PV640845.1,"Odontostemma trichophorum chloroplast, complete genome","PV640845.1 Odontostemma trichophorum chloroplast, complete genome",Odontostemma trichophorum
PV640848.fasta,PV640848.1,"Odontostemma weissianum chloroplast, complete genome","PV640848.1 Odontostemma weissianum chloroplast, complete genome",Odontostemma weissianum
PV640851.fasta,PV640851.1,"Odontostemma yunnanense chloroplast, complete genome","PV640851.1 Odontostemma yunnanense chloroplast, complete genome",Odontostemma yunnanense
PQ283867.fasta,PQ283867.1,"Oenanthe hookeri chloroplast, complete genome","PQ283867.1 Oenanthe hookeri chloroplast, complete genome",Oenanthe hookeri
PQ283868.fasta,PQ283868.1,"Oenanthe javanica isolate WJ2305 chloroplast, complete genome","PQ283868.1 Oenanthe javanica isolate WJ2305 chloroplast, complete genome",Oenanthe javanica
PQ283871.fasta,PQ283871.1,"Oenanthe linearis chloroplast, complete genome","PQ283871.1 Oenanthe linearis chloroplast, complete genome",Oenanthe linearis
PQ283874.fasta,PQ283874.1,"Oenanthe pimpinelloides chloroplast, complete genome","PQ283874.1 Oenanthe pimpinelloides chloroplast, complete genome",Oenanthe pimpinelloides
PQ283875.fasta,PQ283875.1,"Oenanthe thomsonii chloroplast, complete genome","PQ283875.1 Oenanthe thomsonii chloroplast, complete genome",Oenanthe thomsonii
PV394816.fasta,PV394816.1,"Oenothera drummondii chloroplast, complete genome","PV394816.1 Oenothera drummondii chloroplast, complete genome",Oenothera drummondii
PX977793.fasta,PX977793.1,"Oldenlandia corymbosa chloroplast, complete genome","PX977793.1 Oldenlandia corymbosa chloroplast, complete genome",Oldenlandia corymbosa
PQ676994.fasta,PQ676994.1,"Olea europaea subsp. europaea isolate IR-55 chloroplast, complete genome","PQ676994.1 Olea europaea subsp. europaea isolate IR-55 chloroplast, complete genome",Olea europaea
BK071854.fasta,BK071854.1,"Olgaea petri-primi chloroplast, complete genome","BK071854.1 TPA_asm: Olgaea petri-primi chloroplast, complete genome",Olgaea petri-primi
PQ631126.fasta,PQ631126.1,"Oligochaeta divaricata chloroplast, complete genome","PQ631126.1 Oligochaeta divaricata chloroplast, complete genome",Oligochaeta divaricata
PX227293.fasta,PX227293.1,"Oligochaeta ramosa chloroplast, complete genome","PX227293.1 Oligochaeta ramosa chloroplast, complete genome",Oligochaeta ramosa
PP681670.fasta,PP681670.1,"Oligostachyum fujianense voucher ZXB27 chloroplast, complete genome","PP681670.1 Oligostachyum fujianense voucher ZXB27 chloroplast, complete genome",Oligostachyum fujianense
PP681667.fasta,PP681667.1,"Oligostachyum heterophyllum voucher ZXB21 chloroplast, complete genome","PP681667.1 Oligostachyum heterophyllum voucher ZXB21 chloroplast, complete genome",Oligostachyum heterophyllum
PP681651.fasta,PP681651.1,"Oligostachyum lanceolatum voucher NZY262 chloroplast, complete genome","PP681651.1 Oligostachyum lanceolatum voucher NZY262 chloroplast, complete genome",Oligostachyum lanceolatum
PP681654.fasta,PP681654.1,"Oligostachyum lubricum voucher NZY139 chloroplast, complete genome","PP681654.1 Oligostachyum lubricum voucher NZY139 chloroplast, complete genome",Oligostachyum lubricum
PP681649.fasta,PP681649.1,"Oligostachyum nuspiculum voucher BH112 chloroplast, complete genome","PP681649.1 Oligostachyum nuspiculum voucher BH112 chloroplast, complete genome",Oligostachyum nuspiculum
PP681673.fasta,PP681673.1,"Oligostachyum oedogonatum voucher ZXB38 chloroplast, complete genome","PP681673.1 Oligostachyum oedogonatum voucher ZXB38 chloroplast, complete genome",Oligostachyum oedogonatum
PP681645.fasta,PP681645.1,"Oligostachyum scabriflorum voucher LX186 chloroplast, complete genome","PP681645.1 Oligostachyum scabriflorum voucher LX186 chloroplast, complete genome",Oligostachyum scabriflorum
PP681646.fasta,PP681646.1,"Oligostachyum shiuyingianum voucher NH043 chloroplast, complete genome","PP681646.1 Oligostachyum shiuyingianum voucher NH043 chloroplast, complete genome",Oligostachyum shiuyingianum
PP681653.fasta,PP681653.1,"Oligostachyum spongiosum voucher NZY084 chloroplast, complete genome","PP681653.1 Oligostachyum spongiosum voucher NZY084 chloroplast, complete genome",Oligostachyum spongiosum
PP681669.fasta,PP681669.1,"Oligostachyum sulcatum voucher ZXB26 chloroplast, complete genome","PP681669.1 Oligostachyum sulcatum voucher ZXB26 chloroplast, complete genome",Oligostachyum sulcatum
PP484636.fasta,PP484636.1,"Oloptum miliaceum chloroplast, complete genome","PP484636.1 Oloptum miliaceum chloroplast, complete genome",Oloptum miliaceum
OQ596335.fasta,OQ596335.1,"Omphalogramma delavayi isolate HY-2 chloroplast, complete genome","OQ596335.1 Omphalogramma delavayi isolate HY-2 chloroplast, complete genome",Omphalogramma delavayi
OQ596338.fasta,OQ596338.1,"Omphalogramma elegans isolate HY-5 chloroplast, complete genome","OQ596338.1 Omphalogramma elegans isolate HY-5 chloroplast, complete genome",Omphalogramma elegans
OQ596337.fasta,OQ596337.1,"Omphalogramma forrestii isolate HY-4 chloroplast, complete genome","OQ596337.1 Omphalogramma forrestii isolate HY-4 chloroplast, complete genome",Omphalogramma forrestii
OQ596339.fasta,OQ596339.1,"Omphalogramma souliei isolate HY-15 chloroplast, complete genome","OQ596339.1 Omphalogramma souliei isolate HY-15 chloroplast, complete genome",Omphalogramma souliei
OQ596334.fasta,OQ596334.1,"Omphalogramma tibeticum isolate HY-1 chloroplast, complete genome","OQ596334.1 Omphalogramma tibeticum isolate HY-1 chloroplast, complete genome",Omphalogramma tibeticum
OQ596336.fasta,OQ596336.1,"Omphalogramma vinciflorum isolate HY-3 chloroplast, complete genome","OQ596336.1 Omphalogramma vinciflorum isolate HY-3 chloroplast, complete genome",Omphalogramma vinciflorum
PP328807.fasta,PP328807.1,"Onobrychis arenaria chloroplast, complete genome","PP328807.1 Onobrychis arenaria chloroplast, complete genome",Onobrychis arenaria
PP328805.fasta,PP328805.1,"Onobrychis montana subsp. montana chloroplast, complete genome","PP328805.1 Onobrychis montana subsp. montana chloroplast, complete genome",Onobrychis montana
PP328806.fasta,PP328806.1,"Onobrychis viciifolia chloroplast, complete genome","PP328806.1 Onobrychis viciifolia chloroplast, complete genome",Onobrychis viciifolia
PP328808.fasta,PP328808.1,"Ononis spinosa chloroplast, complete genome","PP328808.1 Ononis spinosa chloroplast, complete genome",Ononis spinosa
BK071855.fasta,BK071855.1,"Onopordum acanthium chloroplast, complete genome","BK071855.1 TPA_asm: Onopordum acanthium chloroplast, complete genome",Onopordum acanthium
BK071856.fasta,BK071856.1,"Onopordum illyricum chloroplast, complete genome","BK071856.1 TPA_asm: Onopordum illyricum chloroplast, complete genome",Onopordum illyricum
PV087159.fasta,PV087159.1,"Ophiopogon planiscapus chloroplast, complete genome","PV087159.1 Ophiopogon planiscapus chloroplast, complete genome",Ophiopogon planiscapus
PX023271.fasta,PX023271.1,"Ophiorrhiza guizhouensis chloroplast, complete genome","PX023271.1 Ophiorrhiza guizhouensis chloroplast, complete genome",Ophiorrhiza guizhouensis
PP484630.fasta,PP484630.1,"Ophrys insectifera chloroplast, complete genome","PP484630.1 Ophrys insectifera chloroplast, complete genome",Ophrys insectifera
PP091628.fasta,PP091628.1,"Opisthopappus taihangensis chloroplast, complete genome","PP091628.1 Opisthopappus taihangensis chloroplast, complete genome",Opisthopappus taihangensis
OQ198451.fasta,OQ198451.1,"Opopanax chironium chloroplast, complete genome","OQ198451.1 Opopanax chironium chloroplast, complete genome",Opopanax chironium
PQ276655.fasta,PQ276655.1,"Opuntia sulphurea chloroplast, complete genome","PQ276655.1 Opuntia sulphurea chloroplast, complete genome",Opuntia sulphurea
PQ412530.fasta,PQ412530.1,"Orbea sprengeri subsp. commutata voucher E. Elfaify EF2 chloroplast, complete genome","PQ412530.1 Orbea sprengeri subsp. commutata voucher E. Elfaify EF2 chloroplast, complete genome",Orbea sprengeri
OP133581.fasta,OP133581.1,"Orbea variegata voucher C.F. Zhang 6050 chloroplast, complete genome","OP133581.1 Orbea variegata voucher C.F. Zhang 6050 chloroplast, complete genome",Orbea variegata
PQ412531.fasta,PQ412531.1,"Orbea wissmannii var. eremastrum chloroplast, complete genome","PQ412531.1 Orbea wissmannii var. eremastrum chloroplast, complete genome",Orbea wissmannii
PP484631.fasta,PP484631.1,"Orchis mascula chloroplast, complete genome","PP484631.1 Orchis mascula chloroplast, complete genome",Orchis mascula
PP484633.fasta,PP484633.1,"Orchis militaris chloroplast, complete genome","PP484633.1 Orchis militaris chloroplast, complete genome",Orchis militaris
PP484634.fasta,PP484634.1,"Orchis purpurea chloroplast, complete genome","PP484634.1 Orchis purpurea chloroplast, complete genome",Orchis purpurea
PX422680.fasta,PX422680.1,"Oreocharis burtii isolate LNHRJT01 chloroplast, complete genome","PX422680.1 Oreocharis burtii isolate LNHRJT01 chloroplast, complete genome",Oreocharis burtii
PX926115.fasta,PX926115.1,"Oreocharis guileana isolate WTS_1 chloroplast, complete genome","PX926115.1 Oreocharis guileana isolate WTS_1 chloroplast, complete genome",Oreocharis guileana
PP056238.fasta,PP056238.1,"Oreocharis sericea isolate ZXX202442 chloroplast, complete genome","PP056238.1 Oreocharis sericea isolate ZXX202442 chloroplast, complete genome",Oreocharis sericea
ON929860.fasta,ON929860.1,"Oreosalsola arbusculiformis chloroplast, complete genome","ON929860.1 Oreosalsola arbusculiformis chloroplast, complete genome",Oreosalsola arbusculiformis
ON929862.fasta,ON929862.1,"Oreosalsola laricifolia chloroplast, complete genome","ON929862.1 Oreosalsola laricifolia chloroplast, complete genome",Oreosalsola laricifolia
PP693367.fasta,PP693367.1,"Oreoselinum nigrum chloroplast, complete genome","PP693367.1 Oreoselinum nigrum chloroplast, complete genome",Oreoselinum nigrum
PQ468695.fasta,PQ468695.1,"Origanum vulgare chloroplast, complete genome","PQ468695.1 Origanum vulgare chloroplast, complete genome",Origanum vulgare
PP056239.fasta,PP056239.1,"Orixa japonica isolate ZXX20097 chloroplast, complete genome","PP056239.1 Orixa japonica isolate ZXX20097 chloroplast, complete genome",Orixa japonica
OR896887.fasta,OR896887.1,"Orlaya grandiflora chloroplast, complete genome","OR896887.1 Orlaya grandiflora chloroplast, complete genome",Orlaya grandiflora
PV870775.fasta,PV870775.1,"Ormocarpum trichocarpum voucher Yi285-ACDB chloroplast, complete genome","PV870775.1 Ormocarpum trichocarpum voucher Yi285-ACDB chloroplast, complete genome",Ormocarpum trichocarpum
OR896888.fasta,OR896888.1,"Ornithogalum orthophyllum subsp. kochii chloroplast, complete genome","OR896888.1 Ornithogalum orthophyllum subsp. kochii chloroplast, complete genome",Ornithogalum orthophyllum
BK068668.fasta,BK068668.1,"Ornithopus perpusillus chloroplast, complete genome","BK068668.1 TPA_asm: Ornithopus perpusillus chloroplast, complete genome",Ornithopus perpusillus
PQ456196.fasta,PQ456196.1,"Orthosiphon aristatus isolate Oa chloroplast, complete genome","PQ456196.1 Orthosiphon aristatus isolate Oa chloroplast, complete genome",Orthosiphon aristatus
PX116179.fasta,PX116179.1,"Orychophragmus yangii voucher L. L. Xun 3061 chloroplast, complete genome","PX116179.1 Orychophragmus yangii voucher L. L. Xun 3061 chloroplast, complete genome",Orychophragmus yangii
CP157865.fasta,CP157865.1,"Oryza meyeriana var. indandamanica isolate IRCG 106473 chloroplast, complete genome","CP157865.1 Oryza meyeriana var. indandamanica isolate IRCG 106473 chloroplast, complete genome",Oryza meyeriana
PX733955.fasta,PX733955.1,"Oryza sativa chloroplast, complete genome","PX733955.1 Oryza sativa chloroplast, complete genome",Oryza sativa
OP531909.fasta,OP531909.1,"Osmanthus fragrans voucher K-J. Kim UCONN G.H chloroplast, complete genome","OP531909.1 Osmanthus fragrans voucher K-J. Kim UCONN G.H chloroplast, complete genome",Osmanthus fragrans
PX710923.fasta,PX710923.1,"Osmoxylon lineare chloroplast, complete genome","PX710923.1 Osmoxylon lineare chloroplast, complete genome",Osmoxylon lineare
OR995425.fasta,OR995425.1,"Osteomeles schwerinae voucher X.X.Zhou#25282 chloroplast, complete genome","OR995425.1 Osteomeles schwerinae voucher X.X.Zhou#25282 chloroplast, complete genome",Osteomeles schwerinae
ON729362.fasta,ON729362.1,"Ostrearia australiana chloroplast, complete genome","ON729362.1 Ostrearia australiana chloroplast, complete genome",Ostrearia australiana
PV870670.fasta,PV870670.1,"Otholobium caffrum voucher Abbott9245-Michelle Lab chloroplast, complete genome","PV870670.1 Otholobium caffrum voucher Abbott9245-Michelle Lab chloroplast, complete genome",Otholobium caffrum
PV744416.fasta,PV744416.1,"Othonna capensis chloroplast, complete genome","PV744416.1 Othonna capensis chloroplast, complete genome",Othonna capensis
PV591927.fasta,PV591927.1,"Ottelia guanyangensis chloroplast, complete genome","PV591927.1 Ottelia guanyangensis chloroplast, complete genome",Ottelia guanyangensis
PX297336.fasta,PX297336.1,"Ouret lanata isolate BBL1 chloroplast, complete genome","PX297336.1 Ouret lanata isolate BBL1 chloroplast, complete genome",Ouret lanata
PV867308.fasta,PV867308.1,"Oxalis articulata chloroplast, complete genome","PV867308.1 Oxalis articulata chloroplast, complete genome",Oxalis articulata
PP078682.fasta,PP078682.1,"Oxalis bulbillifera isolate ZXX21357 chloroplast, complete genome","PP078682.1 Oxalis bulbillifera isolate ZXX21357 chloroplast, complete genome",Oxalis bulbillifera
PQ773890.fasta,PQ773890.1,"Oxalis triangularis chloroplast, complete genome","PQ773890.1 Oxalis triangularis chloroplast, complete genome",Oxalis triangularis
OR884997.fasta,OR884997.1,"Oxybasis glauca chloroplast, complete genome","OR884997.1 Oxybasis glauca chloroplast, complete genome",Oxybasis glauca
PV870780.fasta,PV870780.1,"Oxylobium robustum voucher Yi14555-Yi Lab chloroplast, complete genome","PV870780.1 Oxylobium robustum voucher Yi14555-Yi Lab chloroplast, complete genome",Oxylobium robustum
PX501763.fasta,PX501763.1,"Oxyria digyna chloroplast, complete genome","PX501763.1 Oxyria digyna chloroplast, complete genome",Oxyria digyna
PX776104.fasta,PX776104.1,"Oxystelma esculentum chloroplast, complete genome","PX776104.1 Oxystelma esculentum chloroplast, complete genome",Oxystelma esculentum
PV684027.fasta,PV684027.1,"Oxytropis aciphylla voucher Li QQ 20230602057 chloroplast, complete genome","PV684027.1 Oxytropis aciphylla voucher Li QQ 20230602057 chloroplast, complete genome",Oxytropis aciphylla
PV684034.fasta,PV684034.1,"Oxytropis bicolor voucher Li QQ 20230520004 chloroplast, complete genome","PV684034.1 Oxytropis bicolor voucher Li QQ 20230520004 chloroplast, complete genome",Oxytropis bicolor
PP328809.fasta,PP328809.1,"Oxytropis campestris chloroplast, complete genome","PP328809.1 Oxytropis campestris chloroplast, complete genome",Oxytropis campestris
PV694277.fasta,PV694277.1,"Oxytropis chiliophylla voucher Li QQ 20230720015 chloroplast, complete genome","PV694277.1 Oxytropis chiliophylla voucher Li QQ 20230720015 chloroplast, complete genome",Oxytropis chiliophylla
PV684026.fasta,PV684026.1,"Oxytropis ciliata voucher Li QQ 20230620045 chloroplast, complete genome","PV684026.1 Oxytropis ciliata voucher Li QQ 20230620045 chloroplast, complete genome",Oxytropis ciliata
PV684031.fasta,PV684031.1,"Oxytropis coerulea voucher Li QQ 20230807007 chloroplast, complete genome","PV684031.1 Oxytropis coerulea voucher Li QQ 20230807007 chloroplast, complete genome",Oxytropis coerulea
PV684028.fasta,PV684028.1,"Oxytropis diversifolia voucher Li QQ HLT001 chloroplast, complete genome","PV684028.1 Oxytropis diversifolia voucher Li QQ HLT001 chloroplast, complete genome",Oxytropis diversifolia
PV684033.fasta,PV684033.1,"Oxytropis filiformis voucher Li QQ 20230805042 chloroplast, complete genome","PV684033.1 Oxytropis filiformis voucher Li QQ 20230805042 chloroplast, complete genome",Oxytropis filiformis
PV684032.fasta,PV684032.1,"Oxytropis hirta voucher Li QQ 20230805058 chloroplast, complete genome","PV684032.1 Oxytropis hirta voucher Li QQ 20230805058 chloroplast, complete genome",Oxytropis hirta
PV694276.fasta,PV694276.1,"Oxytropis holanshanensis voucher Li QQ 20230804029 chloroplast, complete genome","PV694276.1 Oxytropis holanshanensis voucher Li QQ 20230804029 chloroplast, complete genome",Oxytropis holanshanensis
PQ790176.fasta,PQ790176.1,"Oxytropis kansuensis chloroplast, complete genome","PQ790176.1 Oxytropis kansuensis chloroplast, complete genome",Oxytropis kansuensis
PV694278.fasta,PV694278.1,"Oxytropis latibracteata voucher Li QQ 20230805031 chloroplast, complete genome","PV694278.1 Oxytropis latibracteata voucher Li QQ 20230805031 chloroplast, complete genome",Oxytropis latibracteata
PV684029.fasta,PV684029.1,"Oxytropis microphylla voucher Li QQ 20230528014 chloroplast, complete genome","PV684029.1 Oxytropis microphylla voucher Li QQ 20230528014 chloroplast, complete genome",Oxytropis microphylla
PZ368383.fasta,PZ368383.1,"Oxytropis moellendorffii isolate xz70 chloroplast, complete genome","PZ368383.1 Oxytropis moellendorffii isolate xz70 chloroplast, complete genome",Oxytropis moellendorffii
PV240322.fasta,PV240322.1,"Oxytropis monophylla chloroplast, complete genome","PV240322.1 Oxytropis monophylla chloroplast, complete genome",Oxytropis monophylla
PP836295.fasta,PP836295.1,"Oxytropis myriophylla chloroplast, complete genome","PP836295.1 Oxytropis myriophylla chloroplast, complete genome",Oxytropis myriophylla
PV684030.fasta,PV684030.1,"Oxytropis neimonggolica voucher Li QQ 20230803032 chloroplast, complete genome","PV684030.1 Oxytropis neimonggolica voucher Li QQ 20230803032 chloroplast, complete genome",Oxytropis neimonggolica
PV684024.fasta,PV684024.1,"Oxytropis ochrantha voucher Li QQ 20220828007 chloroplast, complete genome","PV684024.1 Oxytropis ochrantha voucher Li QQ 20220828007 chloroplast, complete genome",Oxytropis ochrantha
PV660686.fasta,PV660686.1,"Oxytropis oxyphylla chloroplast, complete genome","PV660686.1 Oxytropis oxyphylla chloroplast, complete genome",Oxytropis oxyphylla
PV694280.fasta,PV694280.1,"Oxytropis proboscidea voucher Li QQ 20230718011 chloroplast, complete genome","PV694280.1 Oxytropis proboscidea voucher Li QQ 20230718011 chloroplast, complete genome",Oxytropis proboscidea
PX512474.fasta,PX512474.1,"Oxytropis pseudorosea chloroplast, complete genome","PX512474.1 Oxytropis pseudorosea chloroplast, complete genome",Oxytropis pseudorosea
PV684037.fasta,PV684037.1,"Oxytropis racemosa voucher Li QQ 20230531062 chloroplast, complete genome","PV684037.1 Oxytropis racemosa voucher Li QQ 20230531062 chloroplast, complete genome",Oxytropis racemosa
PV684035.fasta,PV684035.1,"Oxytropis sericopetala voucher Li QQ 20230718021 chloroplast, complete genome","PV684035.1 Oxytropis sericopetala voucher Li QQ 20230718021 chloroplast, complete genome",Oxytropis sericopetala
PV684025.fasta,PV684025.1,"Oxytropis squammulosa voucher Li QQ 20230620004 chloroplast, complete genome","PV684025.1 Oxytropis squammulosa voucher Li QQ 20230620004 chloroplast, complete genome",Oxytropis squammulosa
PP328810.fasta,PP328810.1,"Oxytropis xerophila chloroplast, complete genome","PP328810.1 Oxytropis xerophila chloroplast, complete genome",Oxytropis xerophila
MT053008.fasta,MT053008.1,"Pachira aquatica voucher PDBK2018-0001 chloroplast, complete genome","MT053008.1 Pachira aquatica voucher PDBK2018-0001 chloroplast, complete genome",Pachira aquatica
OR754287.fasta,OR754287.1,"Pachycereus pringlei voucher DES:1978-0232-01 chloroplast, complete genome","OR754287.1 Pachycereus pringlei voucher DES:1978-0232-01 chloroplast, complete genome",Pachycereus pringlei
PP078859.fasta,PP078859.1,"Pachypleurum alpinum isolate 107911 chloroplast, complete genome","PP078859.1 Pachypleurum alpinum isolate 107911 chloroplast, complete genome",Pachypleurum alpinum
OP133567.fasta,OP133567.1,"Pachypodium lamerei voucher C.F. Zhang 6063 chloroplast, complete genome","OP133567.1 Pachypodium lamerei voucher C.F. Zhang 6063 chloroplast, complete genome",Pachypodium lamerei
PV870837.fasta,PV870837.1,"Pachyrhizus erosus voucher ZR1501-KUN chloroplast, complete genome","PV870837.1 Pachyrhizus erosus voucher ZR1501-KUN chloroplast, complete genome",Pachyrhizus erosus
PP484637.fasta,PP484637.1,"Paederota bonarota chloroplast, complete genome","PP484637.1 Paederota bonarota chloroplast, complete genome",Paederota bonarota
PX252291.fasta,PX252291.1,"Paeonia suffruticosa cultivar Shouanhong chloroplast, complete genome","PX252291.1 Paeonia suffruticosa cultivar Shouanhong chloroplast, complete genome",Paeonia suffruticosa
PP476258.fasta,PP476258.2,"Paeonia x lemoinei isolate HG_refined cultivar Oukan chloroplast, complete genome","PP476258.2 Paeonia x lemoinei isolate HG_refined cultivar Oukan chloroplast, complete genome",Paeonia x
PX712345.fasta,PX712345.1,"Palaquium gutta isolate PALGUTID03 chloroplast, complete genome","PX712345.1 Palaquium gutta isolate PALGUTID03 chloroplast, complete genome",Palaquium gutta
PV575190.fasta,PV575190.1,"Panax major isolate 2 chloroplast, complete genome","PV575190.1 Panax major isolate 2 chloroplast, complete genome",Panax major
PX309535.fasta,PX309535.1,"Pandanus tectorius chloroplast, complete genome","PX309535.1 Pandanus tectorius chloroplast, complete genome",Pandanus tectorius
PV364371.fasta,PV364371.1,"Pankycodon purpureus chloroplast, complete genome","PV364371.1 Pankycodon purpureus chloroplast, complete genome",Pankycodon purpureus
PP970579.fasta,PP970579.1,"Panzerina lanata isolate J5041 chloroplast, complete genome","PP970579.1 Panzerina lanata isolate J5041 chloroplast, complete genome",Panzerina lanata
PP484638.fasta,PP484638.1,"Papaver dubium chloroplast, complete genome","PP484638.1 Papaver dubium chloroplast, complete genome",Papaver dubium
PX501761.fasta,PX501761.1,"Papaver pavoninum chloroplast, complete genome","PX501761.1 Papaver pavoninum chloroplast, complete genome",Papaver pavoninum
PP484639.fasta,PP484639.1,"Papaver rhoeas chloroplast, complete genome","PP484639.1 Papaver rhoeas chloroplast, complete genome",Papaver rhoeas
PV026028.fasta,PV026028.1,"Papaver somniferum chloroplast, complete genome","PV026028.1 Papaver somniferum chloroplast, complete genome",Papaver somniferum
PX501760.fasta,PX501760.1,"Paphiopedilum armeniacum chloroplast, complete genome","PX501760.1 Paphiopedilum armeniacum chloroplast, complete genome",Paphiopedilum armeniacum
PZ247582.fasta,PZ247582.1,"Paphiopedilum bellatulum isolate JBDL_SY chloroplast, complete genome","PZ247582.1 Paphiopedilum bellatulum isolate JBDL_SY chloroplast, complete genome",Paphiopedilum bellatulum
OR698944.fasta,OR698944.1,"Paphiopedilum dianthum isolate ZJY272 chloroplast, complete genome","OR698944.1 Paphiopedilum dianthum isolate ZJY272 chloroplast, complete genome",Paphiopedilum dianthum
OR698945.fasta,OR698945.1,"Paphiopedilum emersonii isolate ZJY271 chloroplast, complete genome","OR698945.1 Paphiopedilum emersonii isolate ZJY271 chloroplast, complete genome",Paphiopedilum emersonii
PZ369860.fasta,PZ369860.1,"Paphiopedilum hirsutissimum chloroplast, complete genome","PZ369860.1 Paphiopedilum hirsutissimum chloroplast, complete genome",Paphiopedilum hirsutissimum
OR698946.fasta,OR698946.1,"Paphiopedilum micranthum isolate ZJY270 chloroplast, complete genome","OR698946.1 Paphiopedilum micranthum isolate ZJY270 chloroplast, complete genome",Paphiopedilum micranthum
MK204359.fasta,MK204359.1,"Paphiopedilum purpuratum chloroplast, complete genome","MK204359.1 Paphiopedilum purpuratum chloroplast, complete genome",Paphiopedilum purpuratum
OR698947.fasta,OR698947.1,"Paphiopedilum villosum isolate ZJY269 chloroplast, complete genome","OR698947.1 Paphiopedilum villosum isolate ZJY269 chloroplast, complete genome",Paphiopedilum villosum
OR698948.fasta,OR698948.1,"Paphiopedilum x fanaticum isolate ZJY273 chloroplast, complete genome","OR698948.1 Paphiopedilum x fanaticum isolate ZJY273 chloroplast, complete genome",Paphiopedilum x
PQ505028.fasta,PQ505028.1,"Papilionanthe biswasiana chloroplast, complete genome","PQ505028.1 Papilionanthe biswasiana chloroplast, complete genome",Papilionanthe biswasiana
PQ505027.fasta,PQ505027.1,"Papilionanthe teres chloroplast, complete genome","PQ505027.1 Papilionanthe teres chloroplast, complete genome",Papilionanthe teres
PV890573.fasta,PV890573.1,"Paposoa laeta voucher EIF 14530 chloroplast, complete genome","PV890573.1 Paposoa laeta voucher EIF 14530 chloroplast, complete genome",Paposoa laeta
PX647581.fasta,PX647581.1,"Papuacalia mogrere voucher L chloroplast, complete genome","PX647581.1 Papuacalia mogrere voucher L chloroplast, complete genome",Papuacalia mogrere
PV553471.fasta,PV553471.1,"Paraia bracteata voucher A.A. Loureiro INPA39554 chloroplast, complete genome","PV553471.1 Paraia bracteata voucher A.A. Loureiro INPA39554 chloroplast, complete genome",Paraia bracteata
PX776348.fasta,PX776348.1,"Paraixeris denticulata voucher LYG-1 chloroplast, complete genome","PX776348.1 Paraixeris denticulata voucher LYG-1 chloroplast, complete genome",Paraixeris denticulata
PQ231090.fasta,PQ231090.1,"Paraleonurus chaituroides chloroplast, complete genome","PQ231090.1 Paraleonurus chaituroides chloroplast, complete genome",Paraleonurus chaituroides
PQ231092.fasta,PQ231092.1,"Paraleonurus japonicus isolate 2 chloroplast, complete genome","PQ231092.1 Paraleonurus japonicus isolate 2 chloroplast, complete genome",Paraleonurus japonicus
PQ231096.fasta,PQ231096.1,"Paraleonurus pseudomacranthus chloroplast, complete genome","PQ231096.1 Paraleonurus pseudomacranthus chloroplast, complete genome",Paraleonurus pseudomacranthus
PQ231097.fasta,PQ231097.1,"Paraleonurus sibiricus chloroplast, complete genome","PQ231097.1 Paraleonurus sibiricus chloroplast, complete genome",Paraleonurus sibiricus
PQ231087.fasta,PQ231087.1,"Paraleonurus supinus isolate 1 chloroplast, complete genome","PQ231087.1 Paraleonurus supinus isolate 1 chloroplast, complete genome",Paraleonurus supinus
OR565920.fasta,OR565920.1,"Paraphlomis albida var. albida voucher LK0841 chloroplast, complete genome","OR565920.1 Paraphlomis albida var. albida voucher LK0841 chloroplast, complete genome",Paraphlomis albida
OR565950.fasta,OR565950.1,"Paraphlomis albiflora var. biflora voucher ZY56 chloroplast, complete genome","OR565950.1 Paraphlomis albiflora var. biflora voucher ZY56 chloroplast, complete genome",Paraphlomis albiflora
OR565962.fasta,OR565962.1,"Paraphlomis albotomentosa voucher HN01564 chloroplast, complete genome","OR565962.1 Paraphlomis albotomentosa voucher HN01564 chloroplast, complete genome",Paraphlomis albotomentosa
OR565942.fasta,OR565942.1,"Paraphlomis caloneura voucher LX200703 chloroplast, complete genome","OR565942.1 Paraphlomis caloneura voucher LX200703 chloroplast, complete genome",Paraphlomis caloneura
OR565918.fasta,OR565918.1,"Paraphlomis coronata voucher JGS05 chloroplast, complete genome","OR565918.1 Paraphlomis coronata voucher JGS05 chloroplast, complete genome",Paraphlomis coronata
OR565931.fasta,OR565931.1,"Paraphlomis foliata subsp. montigena chloroplast, complete genome","OR565931.1 Paraphlomis foliata subsp. montigena chloroplast, complete genome",Paraphlomis foliata
OR565953.fasta,OR565953.1,"Paraphlomis formosana voucher 25593 chloroplast, complete genome","OR565953.1 Paraphlomis formosana voucher 25593 chloroplast, complete genome",Paraphlomis formosana
OR565927.fasta,OR565927.1,"Paraphlomis gracilis voucher LK1402 chloroplast, complete genome","OR565927.1 Paraphlomis gracilis voucher LK1402 chloroplast, complete genome",Paraphlomis gracilis
OR565958.fasta,OR565958.1,"Paraphlomis hirsutissima voucher XCL2115 chloroplast, complete genome","OR565958.1 Paraphlomis hirsutissima voucher XCL2115 chloroplast, complete genome",Paraphlomis hirsutissima
PQ231107.fasta,PQ231107.1,"Paraphlomis hispida chloroplast, complete genome","PQ231107.1 Paraphlomis hispida chloroplast, complete genome",Paraphlomis hispida
OR565934.fasta,OR565934.1,"Paraphlomis intermedia chloroplast, complete genome","OR565934.1 Paraphlomis intermedia chloroplast, complete genome",Paraphlomis intermedia
OR565961.fasta,OR565961.1,"Paraphlomis javanica voucher WYJ205 chloroplast, complete genome","OR565961.1 Paraphlomis javanica voucher WYJ205 chloroplast, complete genome",Paraphlomis javanica
OR565956.fasta,OR565956.1,"Paraphlomis jinggangshanensis chloroplast, complete genome","OR565956.1 Paraphlomis jinggangshanensis chloroplast, complete genome",Paraphlomis jinggangshanensis
OR565939.fasta,OR565939.1,"Paraphlomis kuankuoshuiensis voucher ZRB1509 chloroplast, complete genome","OR565939.1 Paraphlomis kuankuoshuiensis voucher ZRB1509 chloroplast, complete genome",Paraphlomis kuankuoshuiensis
OR565963.fasta,OR565963.1,"Paraphlomis kwangtungensis voucher 19738 chloroplast, complete genome","OR565963.1 Paraphlomis kwangtungensis voucher 19738 chloroplast, complete genome",Paraphlomis kwangtungensis
OR565955.fasta,OR565955.1,"Paraphlomis lanceolata chloroplast, complete genome","OR565955.1 Paraphlomis lanceolata chloroplast, complete genome",Paraphlomis lanceolata
OR565935.fasta,OR565935.1,"Paraphlomis lancidentata chloroplast, complete genome","OR565935.1 Paraphlomis lancidentata chloroplast, complete genome",Paraphlomis lancidentata
OR565925.fasta,OR565925.1,"Paraphlomis longicalyx voucher DC04 chloroplast, complete genome","OR565925.1 Paraphlomis longicalyx voucher DC04 chloroplast, complete genome",Paraphlomis longicalyx
OR565959.fasta,OR565959.1,"Paraphlomis membranacea chloroplast, complete genome","OR565959.1 Paraphlomis membranacea chloroplast, complete genome",Paraphlomis membranacea
OR565913.fasta,OR565913.1,"Paraphlomis nana voucher XCL335 chloroplast, complete genome","OR565913.1 Paraphlomis nana voucher XCL335 chloroplast, complete genome",Paraphlomis nana
OR565932.fasta,OR565932.1,"Paraphlomis patentisetulosa chloroplast, complete genome","OR565932.1 Paraphlomis patentisetulosa chloroplast, complete genome",Paraphlomis patentisetulosa
OR565915.fasta,OR565915.1,"Paraphlomis paucisetosa chloroplast, complete genome","OR565915.1 Paraphlomis paucisetosa chloroplast, complete genome",Paraphlomis paucisetosa
OR565944.fasta,OR565944.1,"Paraphlomis reflexa voucher 1736 chloroplast, complete genome","OR565944.1 Paraphlomis reflexa voucher 1736 chloroplast, complete genome",Paraphlomis reflexa
OR565940.fasta,OR565940.1,"Paraphlomis seticalyx voucher TY20080901 chloroplast, complete genome","OR565940.1 Paraphlomis seticalyx voucher TY20080901 chloroplast, complete genome",Paraphlomis seticalyx
OR565960.fasta,OR565960.1,"Paraphlomis setulosa voucher Xu2015 chloroplast, complete genome","OR565960.1 Paraphlomis setulosa voucher Xu2015 chloroplast, complete genome",Paraphlomis setulosa
OR565937.fasta,OR565937.1,"Paraphlomis strictiflora voucher CB05956 chloroplast, complete genome","OR565937.1 Paraphlomis strictiflora voucher CB05956 chloroplast, complete genome",Paraphlomis strictiflora
OR565948.fasta,OR565948.1,"Paraphlomis yingdeensis voucher 19013 chloroplast, complete genome","OR565948.1 Paraphlomis yingdeensis voucher 19013 chloroplast, complete genome",Paraphlomis yingdeensis
PX125960.fasta,PX125960.1,"Parasenecio lanpingensis chloroplast, complete genome","PX125960.1 Parasenecio lanpingensis chloroplast, complete genome",Parasenecio lanpingensis
PQ878626.fasta,PQ878626.1,"Parietaria judaica voucher LISE:96443 chloroplast, complete genome","PQ878626.1 Parietaria judaica voucher LISE:96443 chloroplast, complete genome",Parietaria judaica
PQ838414.fasta,PQ838414.1,"Paris delavayi isolate PD chloroplast, complete genome","PQ838414.1 Paris delavayi isolate PD chloroplast, complete genome",Paris delavayi
OP425116.fasta,OP425116.1,"Paris nitida chloroplast, complete genome","OP425116.1 Paris nitida chloroplast, complete genome",Paris nitida
PQ838415.fasta,PQ838415.1,"Paris polyphylla var. stenophylla isolate PS chloroplast, complete genome","PQ838415.1 Paris polyphylla var. stenophylla isolate PS chloroplast, complete genome",Paris polyphylla
PP541848.fasta,PP541848.1,"Paris quadrifolia chloroplast, complete genome","PP541848.1 Paris quadrifolia chloroplast, complete genome",Paris quadrifolia
PP056269.fasta,PP056269.1,"Paris verticillata isolate ZSY0475 chloroplast, complete genome","PP056269.1 Paris verticillata isolate ZSY0475 chloroplast, complete genome",Paris verticillata
PX130726.fasta,PX130726.1,"Parnassia rhombipetala chloroplast, complete genome","PX130726.1 Parnassia rhombipetala chloroplast, complete genome",Parnassia rhombipetala
ON729370.fasta,ON729370.1,"Parrotia persica chloroplast, complete genome","ON729370.1 Parrotia persica chloroplast, complete genome",Parrotia persica
ON729369.fasta,ON729369.1,"Parrotia subaequalis chloroplast, complete genome","ON729369.1 Parrotia subaequalis chloroplast, complete genome",Parrotia subaequalis
ON729368.fasta,ON729368.1,"Parrotiopsis jacquemontiana chloroplast, complete genome","ON729368.1 Parrotiopsis jacquemontiana chloroplast, complete genome",Parrotiopsis jacquemontiana
PZ101455.fasta,PZ101455.1,"Parrya alba isolate YZP001932 chloroplast, complete genome","PZ101455.1 Parrya alba isolate YZP001932 chloroplast, complete genome",Parrya alba
PV069734.fasta,PV069734.1,"Parryodes calcarea voucher BRNU 681275 (4082) chloroplast, complete genome","PV069734.1 Parryodes calcarea voucher BRNU 681275 (4082) chloroplast, complete genome",Parryodes calcarea
OP133570.fasta,OP133570.1,"Parsonsia goniostemon voucher C.F. Zhang 6465 chloroplast, complete genome","OP133570.1 Parsonsia goniostemon voucher C.F. Zhang 6465 chloroplast, complete genome",Parsonsia goniostemon
PP056240.fasta,PP056240.1,"Paulownia catalpifolia isolate ZXX202505 chloroplast, complete genome","PP056240.1 Paulownia catalpifolia isolate ZXX202505 chloroplast, complete genome",Paulownia catalpifolia
PP234559.fasta,PP234559.1,"Pedicularis alaschanica isolate p46 chloroplast, complete genome","PP234559.1 Pedicularis alaschanica isolate p46 chloroplast, complete genome",Pedicularis alaschanica
PX776210.fasta,PX776210.1,"Pedicularis armata isolate SDX00210 chloroplast, complete genome","PX776210.1 Pedicularis armata isolate SDX00210 chloroplast, complete genome",Pedicularis armata
PX776209.fasta,PX776209.1,"Pedicularis batangensis isolate SDX00197 chloroplast, complete genome","PX776209.1 Pedicularis batangensis isolate SDX00197 chloroplast, complete genome",Pedicularis batangensis
PX776204.fasta,PX776204.1,"Pedicularis bidentata isolate SDX013 chloroplast, complete genome","PX776204.1 Pedicularis bidentata isolate SDX013 chloroplast, complete genome",Pedicularis bidentata
PX776206.fasta,PX776206.1,"Pedicularis cranolopha isolate SDX060 chloroplast, complete genome","PX776206.1 Pedicularis cranolopha isolate SDX060 chloroplast, complete genome",Pedicularis cranolopha
PX776205.fasta,PX776205.1,"Pedicularis decorissima isolate SDX016 chloroplast, complete genome","PX776205.1 Pedicularis decorissima isolate SDX016 chloroplast, complete genome",Pedicularis decorissima
PP541849.fasta,PP541849.1,"Pedicularis elongata subsp. elongata chloroplast, complete genome","PP541849.1 Pedicularis elongata subsp. elongata chloroplast, complete genome",Pedicularis elongata
PQ759906.fasta,PQ759906.1,"Pedicularis flava voucher UBU chloroplast, complete genome","PQ759906.1 Pedicularis flava voucher UBU chloroplast, complete genome",Pedicularis flava
PP541850.fasta,PP541850.1,"Pedicularis hacquetii chloroplast, complete genome","PP541850.1 Pedicularis hacquetii chloroplast, complete genome",Pedicularis hacquetii
PP232718.fasta,PP232718.1,"Pedicularis kansuensis chloroplast, complete genome","PP232718.1 Pedicularis kansuensis chloroplast, complete genome",Pedicularis kansuensis
PP541851.fasta,PP541851.1,"Pedicularis palustris subsp. palustris chloroplast, complete genome","PP541851.1 Pedicularis palustris subsp. palustris chloroplast, complete genome",Pedicularis palustris
PX776211.fasta,PX776211.1,"Pedicularis semitorta isolate SDX00287 chloroplast, complete genome","PX776211.1 Pedicularis semitorta isolate SDX00287 chloroplast, complete genome",Pedicularis semitorta
PX673993.fasta,PX673993.1,"Pedicularis spicata isolate ZYLJ chloroplast, complete genome","PX673993.1 Pedicularis spicata isolate ZYLJ chloroplast, complete genome",Pedicularis spicata
PX776208.fasta,PX776208.1,"Pedicularis trichocymba isolate SDX00131 chloroplast, complete genome","PX776208.1 Pedicularis trichocymba isolate SDX00131 chloroplast, complete genome",Pedicularis trichocymba
PV870690.fasta,PV870690.1,"Pediomelum tenuiflorum voucher 13385-MO chloroplast, complete genome","PV870690.1 Pediomelum tenuiflorum voucher 13385-MO chloroplast, complete genome",Pediomelum tenuiflorum
PQ859556.fasta,PQ859556.1,"Peganum harmala chloroplast, complete genome","PQ859556.1 Peganum harmala chloroplast, complete genome",Peganum harmala
OL804278.fasta,OL804278.1,"Peganum multisectum isolate R27_2 chloroplast, complete genome","OL804278.1 Peganum multisectum isolate R27_2 chloroplast, complete genome",Peganum multisectum
PQ859558.fasta,PQ859558.1,"Peganum nigellastrum chloroplast, complete genome","PQ859558.1 Peganum nigellastrum chloroplast, complete genome",Peganum nigellastrum
OR521098.fasta,OR521098.1,"Pellionia pellucida voucher ES2 chloroplast, complete genome","OR521098.1 Pellionia pellucida voucher ES2 chloroplast, complete genome",Pellionia pellucida
PQ287278.fasta,PQ287278.1,"Pellionia retrohispida chloroplast, complete genome","PQ287278.1 Pellionia retrohispida chloroplast, complete genome",Pellionia retrohispida
PQ314360.fasta,PQ314360.1,"Pellionia scabra isolate XC20231111-01-9 chloroplast, complete genome","PQ314360.1 Pellionia scabra isolate XC20231111-01-9 chloroplast, complete genome",Pellionia scabra
OR521105.fasta,OR521105.1,"Pellionia viridis voucher V127 chloroplast, complete genome","OR521105.1 Pellionia viridis voucher V127 chloroplast, complete genome",Pellionia viridis
OR521109.fasta,OR521109.1,"Pellionia yunnanensis voucher Y085 chloroplast, complete genome","OR521109.1 Pellionia yunnanensis voucher Y085 chloroplast, complete genome",Pellionia yunnanensis
PZ291594.fasta,PZ291594.1,"Pennisetum sinese chloroplast, complete genome","PZ291594.1 Pennisetum sinese chloroplast, complete genome",Pennisetum sinese
PV870743.fasta,PV870743.1,"Pentaclethra eetveldeana voucher 3273-MO chloroplast, complete genome","PV870743.1 Pentaclethra eetveldeana voucher 3273-MO chloroplast, complete genome",Pentaclethra eetveldeana
PV870734.fasta,PV870734.1,"Pentaclethra macroloba voucher 29229-MO chloroplast, complete genome","PV870734.1 Pentaclethra macroloba voucher 29229-MO chloroplast, complete genome",Pentaclethra macroloba
PP189928.fasta,PP189928.1,"Pentactina schlothauerae isolate 248 voucher VBGI:144823 chloroplast, complete genome","PP189928.1 Pentactina schlothauerae isolate 248 voucher VBGI:144823 chloroplast, complete genome",Pentactina schlothauerae
OP133568.fasta,OP133568.1,"Pentalinon luteum voucher C.F. Zhang 5987 chloroplast, complete genome","OP133568.1 Pentalinon luteum voucher C.F. Zhang 5987 chloroplast, complete genome",Pentalinon luteum
OR990532.fasta,OR990532.1,"Pentanema ensifolium chloroplast, complete genome","OR990532.1 Pentanema ensifolium chloroplast, complete genome",Pentanema ensifolium
OR990533.fasta,OR990533.1,"Pentanema hirtum chloroplast, complete genome","OR990533.1 Pentanema hirtum chloroplast, complete genome",Pentanema hirtum
OR990535.fasta,OR990535.1,"Pentanema x haussmannii chloroplast, complete genome","OR990535.1 Pentanema x haussmannii chloroplast, complete genome",Pentanema x
OP133583.fasta,OP133583.1,"Pentasachme caudatum voucher C.F. Zhang et al. 6056 chloroplast, complete genome","OP133583.1 Pentasachme caudatum voucher C.F. Zhang et al. 6056 chloroplast, complete genome",Pentasachme caudatum
PQ685807.fasta,PQ685807.1,"Pentatropis nivalis chloroplast, complete genome","PQ685807.1 Pentatropis nivalis chloroplast, complete genome",Pentatropis nivalis
PP056241.fasta,PP056241.1,"Penthorum chinense isolate ZSY0318 chloroplast, complete genome","PP056241.1 Penthorum chinense isolate ZSY0318 chloroplast, complete genome",Penthorum chinense
PV190327.fasta,PV190327.1,"Pera arborea voucher NZ7585 chloroplast, complete genome","PV190327.1 Pera arborea voucher NZ7585 chloroplast, complete genome",Pera arborea
OR995426.fasta,OR995426.1,"Peraphyllum ramosissimum voucher K.Paulson & R.Paulson#223 (PE-01656430) chloroplast, complete genome","OR995426.1 Peraphyllum ramosissimum voucher K.Paulson & R.Paulson#223 (PE-01656430) chloroplast, complete genome",Peraphyllum ramosissimum
OR711232.fasta,OR711232.1,"Pereskia humboldtii voucher DES:1997-0428-01-04 chloroplast, complete genome","OR711232.1 Pereskia humboldtii voucher DES:1997-0428-01-04 chloroplast, complete genome",Pereskia humboldtii
PV870774.fasta,PV870774.1,"Periandra coccinea voucher Queiroz 15994-HUEFS chloroplast, complete genome","PV870774.1 Periandra coccinea voucher Queiroz 15994-HUEFS chloroplast, complete genome",Periandra coccinea
PV870818.fasta,PV870818.1,"Pericopsis mooniana voucher Yi15248-KUN chloroplast, complete genome","PV870818.1 Pericopsis mooniana voucher Yi15248-KUN chloroplast, complete genome",Pericopsis mooniana
OR264260.fasta,OR264260.1,"Persea americana voucher SEP011 chloroplast, complete genome","OR264260.1 Persea americana voucher SEP011 chloroplast, complete genome",Persea americana
PP541852.fasta,PP541852.1,"Persicaria amphibia chloroplast, complete genome","PP541852.1 Persicaria amphibia chloroplast, complete genome",Persicaria amphibia
PX501764.fasta,PX501764.1,"Persicaria chinensis chloroplast, complete genome","PX501764.1 Persicaria chinensis chloroplast, complete genome",Persicaria chinensis
PP056242.fasta,PP056242.1,"Persicaria hastatosagittata isolate DBS01582 chloroplast, complete genome","PP056242.1 Persicaria hastatosagittata isolate DBS01582 chloroplast, complete genome",Persicaria hastatosagittata
MK234902.fasta,MK234902.1,"Persicaria hydropiper chloroplast, complete genome","MK234902.1 Persicaria hydropiper chloroplast, complete genome",Persicaria hydropiper
PX501753.fasta,PX501753.1,"Persicaria lapathifolia chloroplast, complete genome","PX501753.1 Persicaria lapathifolia chloroplast, complete genome",Persicaria lapathifolia
PX501750.fasta,PX501750.1,"Persicaria maculosa chloroplast, complete genome","PX501750.1 Persicaria maculosa chloroplast, complete genome",Persicaria maculosa
PX373531.fasta,PX373531.1,"Persicaria pensylvanica chloroplast, complete genome","PX373531.1 Persicaria pensylvanica chloroplast, complete genome",Persicaria pensylvanica
MK234901.fasta,MK234901.1,"Persicaria pubescens chloroplast, complete genome","MK234901.1 Persicaria pubescens chloroplast, complete genome",Persicaria pubescens
MK351805.fasta,MK351805.1,"Pertya dioica chloroplast, complete genome","MK351805.1 Pertya dioica chloroplast, complete genome",Pertya dioica
OR990538.fasta,OR990538.1,"Petasites albus chloroplast, complete genome","OR990538.1 Petasites albus chloroplast, complete genome",Petasites albus
PV487827.fasta,PV487827.1,"Petrea volubilis voucher R. Lange 1197 (FLAS 234750) chloroplast, complete genome","PV487827.1 Petrea volubilis voucher R. Lange 1197 (FLAS 234750) chloroplast, complete genome",Petrea volubilis
PV995246.fasta,PV995246.1,"Petrocodon dealbatus var. minimus chloroplast, complete genome","PV995246.1 Petrocodon dealbatus var. minimus chloroplast, complete genome",Petrocodon dealbatus
PQ636880.fasta,PQ636880.1,"Petrocodon gracilis chloroplast, complete genome","PQ636880.1 Petrocodon gracilis chloroplast, complete genome",Petrocodon gracilis
PQ636881.fasta,PQ636881.1,"Petrocodon hancei chloroplast, complete genome","PQ636881.1 Petrocodon hancei chloroplast, complete genome",Petrocodon hancei
PV750053.fasta,PV750053.1,"Petrocosmea pengzhouensis chloroplast, complete genome","PV750053.1 Petrocosmea pengzhouensis chloroplast, complete genome",Petrocosmea pengzhouensis
PP165058.fasta,PP165058.1,"Petrorhagia prolifera chloroplast, complete genome","PP165058.1 Petrorhagia prolifera chloroplast, complete genome",Petrorhagia prolifera
ON929841.fasta,ON929841.1,"Petrosimonia sibirica chloroplast, complete genome","ON929841.1 Petrosimonia sibirica chloroplast, complete genome",Petrosimonia sibirica
PX549438.fasta,PX549438.1,"Peucedanum chujaense isolate Song 2020-178 voucher KIOM2021043 chloroplast, complete genome","PX549438.1 Peucedanum chujaense isolate Song 2020-178 voucher KIOM2021043 chloroplast, complete genome",Peucedanum chujaense
PX549439.fasta,PX549439.1,"Peucedanum elegans voucher Kim et al. 76 SNU 107549 chloroplast, complete genome","PX549439.1 Peucedanum elegans voucher Kim et al. 76 SNU 107549 chloroplast, complete genome",Peucedanum elegans
PX549441.fasta,PX549441.1,"Peucedanum hakuunense voucher K. Kim & H. Kim 2013-7 (SNU 113027) chloroplast, complete genome","PX549441.1 Peucedanum hakuunense voucher K. Kim & H. Kim 2013-7 (SNU 113027) chloroplast, complete genome",Peucedanum hakuunense
PX549442.fasta,PX549442.1,"Peucedanum japonicum voucher Song & Yang 2020-256 (KIOM20210452) chloroplast, complete genome","PX549442.1 Peucedanum japonicum voucher Song & Yang 2020-256 (KIOM20210452) chloroplast, complete genome",Peucedanum japonicum
PX549443.fasta,PX549443.1,"Peucedanum litorale voucher Kim et al. 918 (SNU 107552) chloroplast, complete genome","PX549443.1 Peucedanum litorale voucher Kim et al. 918 (SNU 107552) chloroplast, complete genome",Peucedanum litorale
PX549445.fasta,PX549445.1,"Peucedanum miroense voucher Song & Yang 2021-646 (KIOM 202101023797) chloroplast, complete genome","PX549445.1 Peucedanum miroense voucher Song & Yang 2021-646 (KIOM 202101023797) chloroplast, complete genome",Peucedanum miroense
PP693366.fasta,PP693366.1,"Peucedanum ostruthium chloroplast, complete genome","PP693366.1 Peucedanum ostruthium chloroplast, complete genome",Peucedanum ostruthium
PX549444.fasta,PX549444.1,"Peucedanum paishanense voucher Park et al. 89 (SNU) chloroplast, complete genome","PX549444.1 Peucedanum paishanense voucher Park et al. 89 (SNU) chloroplast, complete genome",Peucedanum paishanense
PX398768.fasta,PX398768.1,"Peucedanum shanianum isolate L20210704 chloroplast, complete genome","PX398768.1 Peucedanum shanianum isolate L20210704 chloroplast, complete genome",Peucedanum shanianum
PX549448.fasta,PX549448.1,"Peucedanum tongkangense voucher Song & Yang 2021-800 (KIOM202301024656) chloroplast, complete genome","PX549448.1 Peucedanum tongkangense voucher Song & Yang 2021-800 (KIOM202301024656) chloroplast, complete genome",Peucedanum tongkangense
PQ300635.fasta,PQ300635.1,"Phaius mishmensis chloroplast, complete genome","PQ300635.1 Phaius mishmensis chloroplast, complete genome",Phaius mishmensis
PQ300636.fasta,PQ300636.1,"Phaius takeoi chloroplast, complete genome","PQ300636.1 Phaius takeoi chloroplast, complete genome",Phaius takeoi
PQ300637.fasta,PQ300637.1,"Phaius tancarvilleae chloroplast, complete genome","PQ300637.1 Phaius tancarvilleae chloroplast, complete genome",Phaius tancarvilleae
PQ300638.fasta,PQ300638.1,"Phaius tonkinensis chloroplast, complete genome","PQ300638.1 Phaius tonkinensis chloroplast, complete genome",Phaius tonkinensis
PQ300639.fasta,PQ300639.1,"Phaius wallichii chloroplast, complete genome","PQ300639.1 Phaius wallichii chloroplast, complete genome",Phaius wallichii
PQ300640.fasta,PQ300640.1,"Phaius wenshanensis chloroplast, complete genome","PQ300640.1 Phaius wenshanensis chloroplast, complete genome",Phaius wenshanensis
BK071857.fasta,BK071857.1,"Phalacrachena inuloides chloroplast, complete genome","BK071857.1 TPA_asm: Phalacrachena inuloides chloroplast, complete genome",Phalacrachena inuloides
PP868376.fasta,PP868376.1,"Phalaenopsis difformis isolate YCL chloroplast, complete genome","PP868376.1 Phalaenopsis difformis isolate YCL chloroplast, complete genome",Phalaenopsis difformis
PX943416.fasta,PX943416.1,"Phalaris canariensis chloroplast, complete genome","PX943416.1 Phalaris canariensis chloroplast, complete genome",Phalaris canariensis
PV528435.fasta,PV528435.1,"Phedimus aizoon chloroplast, complete genome","PV528435.1 Phedimus aizoon chloroplast, complete genome",Phedimus aizoon
OP531910.fasta,OP531910.1,"Phillyrea angustifolia voucher Kew 180-74-01825 chloroplast, complete genome","OP531910.1 Phillyrea angustifolia voucher Kew 180-74-01825 chloroplast, complete genome",Phillyrea angustifolia
PP541853.fasta,PP541853.1,"Phleum pratense subsp. pratense chloroplast, complete genome","PP541853.1 Phleum pratense subsp. pratense chloroplast, complete genome",Phleum pratense
PP541854.fasta,PP541854.1,"Phleum rhaeticum chloroplast, complete genome","PP541854.1 Phleum rhaeticum chloroplast, complete genome",Phleum rhaeticum
OR565907.fasta,OR565907.1,"Phlomis fruticosa chloroplast, complete genome","OR565907.1 Phlomis fruticosa chloroplast, complete genome",Phlomis fruticosa
PV929680.fasta,PV929680.1,"Phlomoides anisochila chloroplast, complete genome","PV929680.1 Phlomoides anisochila chloroplast, complete genome",Phlomoides anisochila
PX921649.fasta,PX921649.1,"Phlomoides isochila chloroplast, complete genome","PX921649.1 Phlomoides isochila chloroplast, complete genome",Phlomoides isochila
PV591338.fasta,PV591338.1,"Phlomoides rotata chloroplast, complete genome","PV591338.1 Phlomoides rotata chloroplast, complete genome",Phlomoides rotata
OR565910.fasta,OR565910.1,"Phlomoides tuberosa voucher ZY29 chloroplast, complete genome","OR565910.1 Phlomoides tuberosa voucher ZY29 chloroplast, complete genome",Phlomoides tuberosa
PP234524.fasta,PP234524.1,"Phlomoides younghusbandii isolate p137 chloroplast, complete genome","PP234524.1 Phlomoides younghusbandii isolate p137 chloroplast, complete genome",Phlomoides younghusbandii
PX297399.fasta,PX297399.1,"Phoebe bournei voucher SZBG-00011298 chloroplast, complete genome","PX297399.1 Phoebe bournei voucher SZBG-00011298 chloroplast, complete genome",Phoebe bournei
PX363577.fasta,PX363577.1,"Phoebe calcarea isolate 2 voucher GXFI chloroplast, complete genome","PX363577.1 Phoebe calcarea isolate 2 voucher GXFI chloroplast, complete genome",Phoebe calcarea
PX394654.fasta,PX394654.1,"Phoebe chekiangensis isolate ZJN4 chloroplast, complete genome","PX394654.1 Phoebe chekiangensis isolate ZJN4 chloroplast, complete genome",Phoebe chekiangensis
PX363579.fasta,PX363579.1,"Phoebe jingxiensis isolate 4 voucher GXFI chloroplast, complete genome","PX363579.1 Phoebe jingxiensis isolate 4 voucher GXFI chloroplast, complete genome",Phoebe jingxiensis
PX297392.fasta,PX297392.1,"Phoebe jinpingensis isolate 3447 chloroplast, complete genome","PX297392.1 Phoebe jinpingensis isolate 3447 chloroplast, complete genome",Phoebe jinpingensis
PX297394.fasta,PX297394.1,"Phoebe kwangsiensis isolate 9711 voucher IBK IBK00309392 chloroplast, complete genome","PX297394.1 Phoebe kwangsiensis isolate 9711 voucher IBK IBK00309392 chloroplast, complete genome",Phoebe kwangsiensis
PX297400.fasta,PX297400.1,"Phoebe lanceolata isolate 2542 chloroplast, complete genome","PX297400.1 Phoebe lanceolata isolate 2542 chloroplast, complete genome",Phoebe lanceolata
PX297404.fasta,PX297404.1,"Phoebe legendrei isolate 147 chloroplast, complete genome","PX297404.1 Phoebe legendrei isolate 147 chloroplast, complete genome",Phoebe legendrei
OR264262.fasta,OR264262.1,"Phoebe neurantha voucher CFL3673 chloroplast, complete genome","OR264262.1 Phoebe neurantha voucher CFL3673 chloroplast, complete genome",Phoebe neurantha
PX297398.fasta,PX297398.1,"Phoebe panzhihuaensis isolate 94 chloroplast, complete genome","PX297398.1 Phoebe panzhihuaensis isolate 94 chloroplast, complete genome",Phoebe panzhihuaensis
PX297406.fasta,PX297406.1,"Phoebe puwenensis isolate 2665 chloroplast, complete genome","PX297406.1 Phoebe puwenensis isolate 2665 chloroplast, complete genome",Phoebe puwenensis
PX363582.fasta,PX363582.1,"Phoebe yaiensis isolate 2 voucher GXFI chloroplast, complete genome","PX363582.1 Phoebe yaiensis isolate 2 voucher GXFI chloroplast, complete genome",Phoebe yaiensis
PZ123182.fasta,PZ123182.1,"Phoenix dactylifera cultivar Mejhoul chloroplast, complete genome","PZ123182.1 Phoenix dactylifera cultivar Mejhoul chloroplast, complete genome",Phoenix dactylifera
PV604934.fasta,PV604934.1,"Phoenix sylvestris chloroplast, complete genome","PV604934.1 Phoenix sylvestris chloroplast, complete genome",Phoenix sylvestris
PQ197389.fasta,PQ197389.1,"Photinia beauverdiana isolate ZHSN chloroplast, complete genome","PQ197389.1 Photinia beauverdiana isolate ZHSN chloroplast, complete genome",Photinia beauverdiana
PQ197388.fasta,PQ197388.1,"Photinia glomerata isolate QHSN chloroplast, complete genome","PQ197388.1 Photinia glomerata isolate QHSN chloroplast, complete genome",Photinia glomerata
PQ197390.fasta,PQ197390.1,"Photinia parvifolia isolate XYSN chloroplast, complete genome","PQ197390.1 Photinia parvifolia isolate XYSN chloroplast, complete genome",Photinia parvifolia
PQ443460.fasta,PQ443460.1,"Phryma leptostachya voucher Moon_M8 chloroplast, complete genome","PQ443460.1 Phryma leptostachya voucher Moon_M8 chloroplast, complete genome",Phryma leptostachya
PQ835415.fasta,PQ835415.1,"Phrynium hainanense isolate L041305 chloroplast, complete genome","PQ835415.1 Phrynium hainanense isolate L041305 chloroplast, complete genome",Phrynium hainanense
PQ835418.fasta,PQ835418.1,"Phrynium imbricatum isolate L102007 chloroplast, complete genome","PQ835418.1 Phrynium imbricatum isolate L102007 chloroplast, complete genome",Phrynium imbricatum
PQ835423.fasta,PQ835423.1,"Phrynium pedunculiferum isolate L041301 chloroplast, complete genome","PQ835423.1 Phrynium pedunculiferum isolate L041301 chloroplast, complete genome",Phrynium pedunculiferum
PQ835425.fasta,PQ835425.1,"Phrynium pubinerve isolate L011606 chloroplast, complete genome","PQ835425.1 Phrynium pubinerve isolate L011606 chloroplast, complete genome",Phrynium pubinerve
PQ835439.fasta,PQ835439.1,"Phrynium tonkinense isolate L62008 chloroplast, complete genome","PQ835439.1 Phrynium tonkinense isolate L62008 chloroplast, complete genome",Phrynium tonkinense
PQ835442.fasta,PQ835442.1,"Phrynium yunnanense isolate L42107 chloroplast, complete genome","PQ835442.1 Phrynium yunnanense isolate L42107 chloroplast, complete genome",Phrynium yunnanense
PV487828.fasta,PV487828.1,"Phyla nodiflora voucher MH178191 chloroplast, complete genome","PV487828.1 Phyla nodiflora voucher MH178191 chloroplast, complete genome",Phyla nodiflora
PZ369843.fasta,PZ369843.1,"Phyllolobium chinense isolate xz31 chloroplast, complete genome","PZ369843.1 Phyllolobium chinense isolate xz31 chloroplast, complete genome",Phyllolobium chinense
PQ472922.fasta,PQ472922.1,"Phyllostachys aureosulcata f. spectabilis chloroplast, complete genome","PQ472922.1 Phyllostachys aureosulcata f. spectabilis chloroplast, complete genome",Phyllostachys aureosulcata
PQ472923.fasta,PQ472923.1,"Phyllostachys edulis chloroplast, complete genome","PQ472923.1 Phyllostachys edulis chloroplast, complete genome",Phyllostachys edulis
PQ472925.fasta,PQ472925.1,"Phyllostachys heteroclada chloroplast, complete genome","PQ472925.1 Phyllostachys heteroclada chloroplast, complete genome",Phyllostachys heteroclada
MZ662759.fasta,MZ662759.1,"Phyllostachys lithophila voucher personal collection:Kung,K.N.3184 chloroplast, complete genome","MZ662759.1 Phyllostachys lithophila voucher personal collection:Kung,K.N.3184 chloroplast, complete genome",Phyllostachys lithophila
PP681660.fasta,PP681660.1,"Phyllostachys nidularia voucher NZY213 chloroplast, complete genome","PP681660.1 Phyllostachys nidularia voucher NZY213 chloroplast, complete genome",Phyllostachys nidularia
PQ472924.fasta,PQ472924.1,"Phyllostachys nigra chloroplast, complete genome","PQ472924.1 Phyllostachys nigra chloroplast, complete genome",Phyllostachys nigra
PQ472927.fasta,PQ472927.1,"Phyllostachys vivax f. aureocaulis chloroplast, complete genome","PQ472927.1 Phyllostachys vivax f. aureocaulis chloroplast, complete genome",Phyllostachys vivax
PV553470.fasta,PV553470.1,"Phyllostemonodaphne geminiflora voucher D.A. Folli 7134 chloroplast, complete genome","PV553470.1 Phyllostemonodaphne geminiflora voucher D.A. Folli 7134 chloroplast, complete genome",Phyllostemonodaphne geminiflora
PV870708.fasta,PV870708.1,"Phylloxylon xylophylloides voucher 1637-MO chloroplast, complete genome","PV870708.1 Phylloxylon xylophylloides voucher 1637-MO chloroplast, complete genome",Phylloxylon xylophylloides
PV472657.fasta,PV472657.1,"Physaliastrum kweichouense chloroplast, complete genome","PV472657.1 Physaliastrum kweichouense chloroplast, complete genome",Physaliastrum kweichouense
PV472658.fasta,PV472658.1,"Physaliastrum sinicum chloroplast, complete genome","PV472658.1 Physaliastrum sinicum chloroplast, complete genome",Physaliastrum sinicum
PP952506.fasta,PP952506.1,"Physalis grisea chloroplast, complete genome","PP952506.1 Physalis grisea chloroplast, complete genome",Physalis grisea
PP952507.fasta,PP952507.1,"Physalis peruviana chloroplast, complete genome","PP952507.1 Physalis peruviana chloroplast, complete genome",Physalis peruviana
PP648233.fasta,PP648233.1,"Physocarpus amurensis voucher L. Zhao#WX230 chloroplast, complete genome","PP648233.1 Physocarpus amurensis voucher L. Zhao#WX230 chloroplast, complete genome",Physocarpus amurensis
PP056243.fasta,PP056243.1,"Physochlaina infundibularis isolate DC220 chloroplast, complete genome","PP056243.1 Physochlaina infundibularis isolate DC220 chloroplast, complete genome",Physochlaina infundibularis
PX872517.fasta,PX872517.1,"Physospermopsis cuneata chloroplast, complete genome","PX872517.1 Physospermopsis cuneata chloroplast, complete genome",Physospermopsis cuneata
PQ551029.fasta,PQ551029.1,"Physospermopsis handelii chloroplast, complete genome","PQ551029.1 Physospermopsis handelii chloroplast, complete genome",Physospermopsis handelii
PP530889.fasta,PP530889.1,"Physospermopsis obtusiuscula isolate TRM chloroplast, complete genome","PP530889.1 Physospermopsis obtusiuscula isolate TRM chloroplast, complete genome",Physospermopsis obtusiuscula
PQ551030.fasta,PQ551030.1,"Physospermopsis rubrinervis chloroplast, complete genome","PQ551030.1 Physospermopsis rubrinervis chloroplast, complete genome",Physospermopsis rubrinervis
PQ584746.fasta,PQ584746.1,"Phytolacca acinosa voucher CBU-C-1 chloroplast, complete genome","PQ584746.1 Phytolacca acinosa voucher CBU-C-1 chloroplast, complete genome",Phytolacca acinosa
BK071858.fasta,BK071858.1,"Picnomon acarna chloroplast, complete genome","BK071858.1 TPA_asm: Picnomon acarna chloroplast, complete genome",Picnomon acarna
PP504911.fasta,PP504911.1,"Pilea menghaiensis chloroplast, complete genome","PP504911.1 Pilea menghaiensis chloroplast, complete genome",Pilea menghaiensis
PX112152.fasta,PX112152.1,"Pilea sinofasciata isolate LSH chloroplast, complete genome","PX112152.1 Pilea sinofasciata isolate LSH chloroplast, complete genome",Pilea sinofasciata
OR909644.fasta,OR909644.1,"Pilosella cymosa chloroplast, complete genome","OR909644.1 Pilosella cymosa chloroplast, complete genome",Pilosella cymosa
OR909645.fasta,OR909645.1,"Pilosella hoppeana chloroplast, complete genome","OR909645.1 Pilosella hoppeana chloroplast, complete genome",Pilosella hoppeana
OR909646.fasta,OR909646.1,"Pilosella lactucella chloroplast, complete genome","OR909646.1 Pilosella lactucella chloroplast, complete genome",Pilosella lactucella
OR909647.fasta,OR909647.1,"Pilosella officinarum chloroplast, complete genome","OR909647.1 Pilosella officinarum chloroplast, complete genome",Pilosella officinarum
OR909648.fasta,OR909648.1,"Pilosella sphaerocephala chloroplast, complete genome","OR909648.1 Pilosella sphaerocephala chloroplast, complete genome",Pilosella sphaerocephala
PQ551036.fasta,PQ551036.1,"Pimpinella acuminata chloroplast, complete genome","PQ551036.1 Pimpinella acuminata chloroplast, complete genome",Pimpinella acuminata
OR896890.fasta,OR896890.1,"Pimpinella alpina chloroplast, complete genome","OR896890.1 Pimpinella alpina chloroplast, complete genome",Pimpinella alpina
PV794572.fasta,PV794572.1,"Pimpinella candolleana isolate CJ2021110401 chloroplast, complete genome","PV794572.1 Pimpinella candolleana isolate CJ2021110401 chloroplast, complete genome",Pimpinella candolleana
PV794573.fasta,PV794573.1,"Pimpinella caudata isolate XYL2023092303 chloroplast, complete genome","PV794573.1 Pimpinella caudata isolate XYL2023092303 chloroplast, complete genome",Pimpinella caudata
PV794574.fasta,PV794574.1,"Pimpinella chungdienensis isolate XYL2023092001 chloroplast, complete genome","PV794574.1 Pimpinella chungdienensis isolate XYL2023092001 chloroplast, complete genome",Pimpinella chungdienensis
PV794575.fasta,PV794575.1,"Pimpinella cnidioides isolate XYL2024090306 chloroplast, complete genome","PV794575.1 Pimpinella cnidioides isolate XYL2024090306 chloroplast, complete genome",Pimpinella cnidioides
PV794576.fasta,PV794576.1,"Pimpinella coriacea isolate XYL2023071302 chloroplast, complete genome","PV794576.1 Pimpinella coriacea isolate XYL2023071302 chloroplast, complete genome",Pimpinella coriacea
PV794577.fasta,PV794577.1,"Pimpinella diversifolia isolate WY2024081903 chloroplast, complete genome","PV794577.1 Pimpinella diversifolia isolate WY2024081903 chloroplast, complete genome",Pimpinella diversifolia
PV794580.fasta,PV794580.1,"Pimpinella fargesii isolate XYL2023092801 chloroplast, complete genome","PV794580.1 Pimpinella fargesii isolate XYL2023092801 chloroplast, complete genome",Pimpinella fargesii
PV794581.fasta,PV794581.1,"Pimpinella flaccida isolate XYL2023082602 chloroplast, complete genome","PV794581.1 Pimpinella flaccida isolate XYL2023082602 chloroplast, complete genome",Pimpinella flaccida
PV794583.fasta,PV794583.1,"Pimpinella grisea isolate GXL2015081571 chloroplast, complete genome","PV794583.1 Pimpinella grisea isolate GXL2015081571 chloroplast, complete genome",Pimpinella grisea
PV794586.fasta,PV794586.1,"Pimpinella helosciadoidea isolate XYL2023092901 chloroplast, complete genome","PV794586.1 Pimpinella helosciadoidea isolate XYL2023092901 chloroplast, complete genome",Pimpinella helosciadoidea
PV794584.fasta,PV794584.1,"Pimpinella henryi isolate WYY2023081509 chloroplast, complete genome","PV794584.1 Pimpinella henryi isolate WYY2023081509 chloroplast, complete genome",Pimpinella henryi
PV794587.fasta,PV794587.1,"Pimpinella kingdon-wardii isolate XYL2024092402 chloroplast, complete genome","PV794587.1 Pimpinella kingdon-wardii isolate XYL2024092402 chloroplast, complete genome",Pimpinella kingdon-wardii
OR896889.fasta,OR896889.1,"Pimpinella major chloroplast, complete genome","OR896889.1 Pimpinella major chloroplast, complete genome",Pimpinella major
PV794589.fasta,PV794589.1,"Pimpinella nyingchiensis isolate XYL2024082302 chloroplast, complete genome","PV794589.1 Pimpinella nyingchiensis isolate XYL2024082302 chloroplast, complete genome",Pimpinella nyingchiensis
PV794592.fasta,PV794592.1,"Pimpinella purpurea isolate XYL2024092102 chloroplast, complete genome","PV794592.1 Pimpinella purpurea isolate XYL2024092102 chloroplast, complete genome",Pimpinella purpurea
PV794594.fasta,PV794594.1,"Pimpinella renifolia isolate XYL2024090101 chloroplast, complete genome","PV794594.1 Pimpinella renifolia isolate XYL2024090101 chloroplast, complete genome",Pimpinella renifolia
PV794595.fasta,PV794595.1,"Pimpinella rhomboidea isolate XYL2022072603 chloroplast, complete genome","PV794595.1 Pimpinella rhomboidea isolate XYL2022072603 chloroplast, complete genome",Pimpinella rhomboidea
PV794596.fasta,PV794596.1,"Pimpinella rockii isolate XYL2024072001 chloroplast, complete genome","PV794596.1 Pimpinella rockii isolate XYL2024072001 chloroplast, complete genome",Pimpinella rockii
PV794597.fasta,PV794597.1,"Pimpinella rubescens isolate XYL2024092103 chloroplast, complete genome","PV794597.1 Pimpinella rubescens isolate XYL2024092103 chloroplast, complete genome",Pimpinella rubescens
PV794598.fasta,PV794598.1,"Pimpinella silvatica isolate WY2024081702 chloroplast, complete genome","PV794598.1 Pimpinella silvatica isolate WY2024081702 chloroplast, complete genome",Pimpinella silvatica
PV794599.fasta,PV794599.1,"Pimpinella thellungiana isolate LMD24080607 chloroplast, complete genome","PV794599.1 Pimpinella thellungiana isolate LMD24080607 chloroplast, complete genome",Pimpinella thellungiana
PV794600.fasta,PV794600.1,"Pimpinella tibetanica isolate XYL2024081901 chloroplast, complete genome","PV794600.1 Pimpinella tibetanica isolate XYL2024081901 chloroplast, complete genome",Pimpinella tibetanica
PV794602.fasta,PV794602.1,"Pimpinella valleculosa isolate XYL2023101501 chloroplast, complete genome","PV794602.1 Pimpinella valleculosa isolate XYL2023101501 chloroplast, complete genome",Pimpinella valleculosa
PV794603.fasta,PV794603.1,"Pimpinella yunnanensis isolate XYL2023081601 chloroplast, complete genome","PV794603.1 Pimpinella yunnanensis isolate XYL2023081601 chloroplast, complete genome",Pimpinella yunnanensis
PP272172.fasta,PP272172.1,"Pinguicula leptoceras chloroplast, complete genome","PP272172.1 Pinguicula leptoceras chloroplast, complete genome",Pinguicula leptoceras
PP272173.fasta,PP272173.1,"Pinguicula vulgaris subsp. vulgaris chloroplast, complete genome","PP272173.1 Pinguicula vulgaris subsp. vulgaris chloroplast, complete genome",Pinguicula vulgaris
PV870779.fasta,PV870779.1,"Piptadenia gonoacantha voucher Yi14556-Yi Lab chloroplast, complete genome","PV870779.1 Piptadenia gonoacantha voucher Yi14556-Yi Lab chloroplast, complete genome",Piptadenia gonoacantha
PV870702.fasta,PV870702.1,"Piptadeniastrum africanum voucher 1696-MO chloroplast, complete genome","PV870702.1 Piptadeniastrum africanum voucher 1696-MO chloroplast, complete genome",Piptadeniastrum africanum
PV870840.fasta,PV870840.1,"Piptanthus nepalensis voucher Yi15363-KUN chloroplast, complete genome","PV870840.1 Piptanthus nepalensis voucher Yi15363-KUN chloroplast, complete genome",Piptanthus nepalensis
PV870731.fasta,PV870731.1,"Piscidia grandifolia voucher 29668-MO chloroplast, complete genome","PV870731.1 Piscidia grandifolia voucher 29668-MO chloroplast, complete genome",Piscidia grandifolia
OR884998.fasta,OR884998.1,"Pistacia terebinthus subsp. terebinthus chloroplast, complete genome","OR884998.1 Pistacia terebinthus subsp. terebinthus chloroplast, complete genome",Pistacia terebinthus
OR832748.fasta,OR832748.1,"Pityranthe trichosperma chloroplast, complete genome","OR832748.1 Pityranthe trichosperma chloroplast, complete genome",Pityranthe trichosperma
PV192922.fasta,PV192922.1,"Plagiorhegma dubium isolate ZY729 TH chloroplast, complete genome","PV192922.1 Plagiorhegma dubium isolate ZY729 TH chloroplast, complete genome",Plagiorhegma dubium
PP541855.fasta,PP541855.1,"Plantago argentea subsp. liburnica chloroplast, complete genome","PP541855.1 Plantago argentea subsp. liburnica chloroplast, complete genome",Plantago argentea
PP541856.fasta,PP541856.1,"Plantago atrata subsp. fuscescens chloroplast, complete genome","PP541856.1 Plantago atrata subsp. fuscescens chloroplast, complete genome",Plantago atrata
PP541858.fasta,PP541858.1,"Plantago strictissima chloroplast, complete genome","PP541858.1 Plantago strictissima chloroplast, complete genome",Plantago strictissima
PP541859.fasta,PP541859.1,"Platanthera bifolia chloroplast, complete genome","PP541859.1 Platanthera bifolia chloroplast, complete genome",Platanthera bifolia
PV153498.fasta,PV153498.1,"Platanus kerrii voucher CNBK2024 chloroplast, complete genome","PV153498.1 Platanus kerrii voucher CNBK2024 chloroplast, complete genome",Platanus kerrii
PV476682.fasta,PV476682.1,"Platostoma palustre isolate GDMM1 chloroplast, complete genome","PV476682.1 Platostoma palustre isolate GDMM1 chloroplast, complete genome",Platostoma palustre
PV870753.fasta,PV870753.1,"Platycyamus regnellii voucher H.C. de Lima-MO chloroplast, complete genome","PV870753.1 Platycyamus regnellii voucher H.C. de Lima-MO chloroplast, complete genome",Platycyamus regnellii
PV870749.fasta,PV870749.1,"Platymiscium parviflorum voucher N. Zamora6895-Zamora Lab chloroplast, complete genome","PV870749.1 Platymiscium parviflorum voucher N. Zamora6895-Zamora Lab chloroplast, complete genome",Platymiscium parviflorum
BK071859.fasta,BK071859.1,"Plectocephalus cachinalensis chloroplast, complete genome","BK071859.1 TPA_asm: Plectocephalus cachinalensis chloroplast, complete genome",Plectocephalus cachinalensis
PX926898.fasta,PX926898.1,"Plectranthus ecklonii voucher Duq2024005 chloroplast, complete genome","PX926898.1 Plectranthus ecklonii voucher Duq2024005 chloroplast, complete genome",Plectranthus ecklonii
PQ472930.fasta,PQ472930.1,"Pleioblastus argenteostriatus chloroplast, complete genome","PQ472930.1 Pleioblastus argenteostriatus chloroplast, complete genome",Pleioblastus argenteostriatus
PQ636882.fasta,PQ636882.1,"Pleioblastus chino chloroplast, complete genome","PQ636882.1 Pleioblastus chino chloroplast, complete genome",Pleioblastus chino
PQ472931.fasta,PQ472931.1,"Pleioblastus gramineus chloroplast, complete genome","PQ472931.1 Pleioblastus gramineus chloroplast, complete genome",Pleioblastus gramineus
PQ472932.fasta,PQ472932.1,"Pleioblastus maculatus chloroplast, complete genome","PQ472932.1 Pleioblastus maculatus chloroplast, complete genome",Pleioblastus maculatus
PQ472933.fasta,PQ472933.1,"Pleioblastus simonii chloroplast, complete genome","PQ472933.1 Pleioblastus simonii chloroplast, complete genome",Pleioblastus simonii
PQ472929.fasta,PQ472929.1,"Pleioblastus variegatus chloroplast, complete genome","PQ472929.1 Pleioblastus variegatus chloroplast, complete genome",Pleioblastus variegatus
PP216494.fasta,PP216494.1,"Pleione arunachalensis chloroplast, complete genome","PP216494.1 Pleione arunachalensis chloroplast, complete genome",Pleione arunachalensis
PP216490.fasta,PP216490.1,"Pleione limprichtii chloroplast, complete genome","PP216490.1 Pleione limprichtii chloroplast, complete genome",Pleione limprichtii
PP216497.fasta,PP216497.1,"Pleione yunnanensis chloroplast, complete genome","PP216497.1 Pleione yunnanensis chloroplast, complete genome",Pleione yunnanensis
PZ098353.fasta,PZ098353.1,"Pleuropogon californicus voucher JEPS:JEPS 112211 chloroplast, complete genome","PZ098353.1 Pleuropogon californicus voucher JEPS:JEPS 112211 chloroplast, complete genome",Pleuropogon californicus
PZ098354.fasta,PZ098354.1,"Pleuropogon hooverianus voucher UC 2014878 chloroplast, complete genome","PZ098354.1 Pleuropogon hooverianus voucher UC 2014878 chloroplast, complete genome",Pleuropogon hooverianus
PZ098325.fasta,PZ098325.1,"Pleuropogon refractus voucher WTU:WTU-V-029908 chloroplast, complete genome","PZ098325.1 Pleuropogon refractus voucher WTU:WTU-V-029908 chloroplast, complete genome",Pleuropogon refractus
PZ098326.fasta,PZ098326.1,"Pleuropogon sabinei voucher WTU:316921 chloroplast, complete genome","PZ098326.1 Pleuropogon sabinei voucher WTU:316921 chloroplast, complete genome",Pleuropogon sabinei
PX309536.fasta,PX309536.1,"Pleuropterus multiflorus chloroplast, complete genome","PX309536.1 Pleuropterus multiflorus chloroplast, complete genome",Pleuropterus multiflorus
PQ551034.fasta,PQ551034.1,"Pleurospermopsis bicolor chloroplast, complete genome","PQ551034.1 Pleurospermopsis bicolor chloroplast, complete genome",Pleurospermopsis bicolor
PX091994.fasta,PX091994.1,"Pleurospermum wrightianum chloroplast, complete genome","PX091994.1 Pleurospermum wrightianum chloroplast, complete genome",Pleurospermum wrightianum
PX828359.fasta,PX828359.1,"Pleurothallis lindenii chloroplast, complete genome","PX828359.1 Pleurothallis lindenii chloroplast, complete genome",Pleurothallis lindenii
PV553469.fasta,PV553469.1,"Pleurothyrium cuneifolium voucher W. Quizhpe & al. 349 chloroplast, complete genome","PV553469.1 Pleurothyrium cuneifolium voucher W. Quizhpe & al. 349 chloroplast, complete genome",Pleurothyrium cuneifolium
PX315800.fasta,PX315800.1,"Plumbago auriculata cultivar Plumbago auriculata f.alba chloroplast, complete genome","PX315800.1 Plumbago auriculata cultivar Plumbago auriculata f.alba chloroplast, complete genome",Plumbago auriculata
PX136589.fasta,PX136589.1,"Plumbago indica chloroplast, complete genome","PX136589.1 Plumbago indica chloroplast, complete genome",Plumbago indica
PX315799.fasta,PX315799.1,"Plumbago zeylanica chloroplast, complete genome","PX315799.1 Plumbago zeylanica chloroplast, complete genome",Plumbago zeylanica
PX975914.fasta,PX975914.1,"Poa alpina chloroplast, complete genome","PX975914.1 Poa alpina chloroplast, complete genome",Poa alpina
PP484642.fasta,PP484642.1,"Poa annua chloroplast, complete genome","PP484642.1 Poa annua chloroplast, complete genome",Poa annua
PX975915.fasta,PX975915.1,"Poa badensis chloroplast, complete genome","PX975915.1 Poa badensis chloroplast, complete genome",Poa badensis
PX975916.fasta,PX975916.1,"Poa bulbosa chloroplast, complete genome","PX975916.1 Poa bulbosa chloroplast, complete genome",Poa bulbosa
PP541860.fasta,PP541860.1,"Poa chaixii chloroplast, complete genome","PP541860.1 Poa chaixii chloroplast, complete genome",Poa chaixii
PP541861.fasta,PP541861.1,"Poa compressa chloroplast, complete genome","PP541861.1 Poa compressa chloroplast, complete genome",Poa compressa
PX975918.fasta,PX975918.1,"Poa glauca chloroplast, complete genome","PX975918.1 Poa glauca chloroplast, complete genome",Poa glauca
PP541862.fasta,PP541862.1,"Poa nemoralis chloroplast, complete genome","PP541862.1 Poa nemoralis chloroplast, complete genome",Poa nemoralis
PX975920.fasta,PX975920.1,"Poa palustris chloroplast, complete genome","PX975920.1 Poa palustris chloroplast, complete genome",Poa palustris
PP484641.fasta,PP484641.1,"Poa pratensis subsp. angustifolia chloroplast, complete genome","PP484641.1 Poa pratensis subsp. angustifolia chloroplast, complete genome",Poa pratensis
PP541863.fasta,PP541863.1,"Poa supina chloroplast, complete genome","PP541863.1 Poa supina chloroplast, complete genome",Poa supina
PX975921.fasta,PX975921.1,"Poa trivialis chloroplast, complete genome","PX975921.1 Poa trivialis chloroplast, complete genome",Poa trivialis
PV192923.fasta,PV192923.1,"Podophyllum peltatum isolate ZY730 USA chloroplast, complete genome","PV192923.1 Podophyllum peltatum isolate ZY730 USA chloroplast, complete genome",Podophyllum peltatum
PQ067316.fasta,PQ067316.1,"Podostemum comatum voucher UNAM:FCEQYN 152 chloroplast, complete genome","PQ067316.1 Podostemum comatum voucher UNAM:FCEQYN 152 chloroplast, complete genome",Podostemum comatum
PV870763.fasta,PV870763.1,"Poiretia bahiana voucher Queiroz 15990-HUEFS chloroplast, complete genome","PV870763.1 Poiretia bahiana voucher Queiroz 15990-HUEFS chloroplast, complete genome",Poiretia bahiana
PP056244.fasta,PP056244.1,"Polycarpaea corymbosa isolate ZXX202503 chloroplast, complete genome","PP056244.1 Polycarpaea corymbosa isolate ZXX202503 chloroplast, complete genome",Polycarpaea corymbosa
PP541865.fasta,PP541865.1,"Polygala alpestris subsp. alpestris chloroplast, complete genome","PP541865.1 Polygala alpestris subsp. alpestris chloroplast, complete genome",Polygala alpestris
MT762166.fasta,MT762166.1,"Polygala fallax chloroplast, complete genome","MT762166.1 Polygala fallax chloroplast, complete genome",Polygala fallax
PV700461.fasta,PV700461.1,"Polygala glomerata chloroplast, complete genome","PV700461.1 Polygala glomerata chloroplast, complete genome",Polygala glomerata
PP078694.fasta,PP078694.1,"Polygala sibirica isolate DBS00778 chloroplast, complete genome","PP078694.1 Polygala sibirica isolate DBS00778 chloroplast, complete genome",Polygala sibirica
PV087161.fasta,PV087161.1,"Polygonatum acuminatifolium chloroplast, complete genome","PV087161.1 Polygonatum acuminatifolium chloroplast, complete genome",Polygonatum acuminatifolium
PP346800.fasta,PP346800.1,"Polygonatum amabile voucher Masuda et al. 138-2 chloroplast, complete genome","PP346800.1 Polygonatum amabile voucher Masuda et al. 138-2 chloroplast, complete genome",Polygonatum amabile
PP346799.fasta,PP346799.1,"Polygonatum cathcartii chloroplast, complete genome","PP346799.1 Polygonatum cathcartii chloroplast, complete genome",Polygonatum cathcartii
PV055067.fasta,PV055067.1,"Polygonatum caulialatum isolate BJ7202 chloroplast, complete genome","PV055067.1 Polygonatum caulialatum isolate BJ7202 chloroplast, complete genome",Polygonatum caulialatum
OR896658.fasta,OR896658.1,"Polygonatum cirrhifolium voucher YN2023HJ481 chloroplast, complete genome","OR896658.1 Polygonatum cirrhifolium voucher YN2023HJ481 chloroplast, complete genome",Polygonatum cirrhifolium
PP346797.fasta,PP346797.1,"Polygonatum cryptanthum chloroplast, complete genome","PP346797.1 Polygonatum cryptanthum chloroplast, complete genome",Polygonatum cryptanthum
PV055066.fasta,PV055066.1,"Polygonatum curvistylum isolate GZ7363 chloroplast, complete genome","PV055066.1 Polygonatum curvistylum isolate GZ7363 chloroplast, complete genome",Polygonatum curvistylum
PV055053.fasta,PV055053.1,"Polygonatum cyrtonema var. gutianshanicum isolate GTS6884 chloroplast, complete genome","PV055053.1 Polygonatum cyrtonema var. gutianshanicum isolate GTS6884 chloroplast, complete genome",Polygonatum cyrtonema
PP346794.fasta,PP346794.1,"Polygonatum falcatum var. hyugaense chloroplast, complete genome","PP346794.1 Polygonatum falcatum var. hyugaense chloroplast, complete genome",Polygonatum falcatum
OQ928152.fasta,OQ928152.1,"Polygonatum filipes chloroplast, complete genome","OQ928152.1 Polygonatum filipes chloroplast, complete genome",Polygonatum filipes
PV055065.fasta,PV055065.1,"Polygonatum franchetii isolate BJ7214 chloroplast, complete genome","PV055065.1 Polygonatum franchetii isolate BJ7214 chloroplast, complete genome",Polygonatum franchetii
PP346795.fasta,PP346795.1,"Polygonatum gongshanense chloroplast, complete genome","PP346795.1 Polygonatum gongshanense chloroplast, complete genome",Polygonatum gongshanense
PV199345.fasta,PV199345.1,"Polygonatum grandicaule voucher JH220617027 chloroplast, complete genome","PV199345.1 Polygonatum grandicaule voucher JH220617027 chloroplast, complete genome",Polygonatum grandicaule
OR492287.fasta,OR492287.1,"Polygonatum hirtellum chloroplast, complete genome","OR492287.1 Polygonatum hirtellum chloroplast, complete genome",Polygonatum hirtellum
PP346791.fasta,PP346791.1,"Polygonatum humile chloroplast, complete genome","PP346791.1 Polygonatum humile chloroplast, complete genome",Polygonatum humile
PP346790.fasta,PP346790.1,"Polygonatum inflatum chloroplast, complete genome","PP346790.1 Polygonatum inflatum chloroplast, complete genome",Polygonatum inflatum
PP346789.fasta,PP346789.1,"Polygonatum involucratum chloroplast, complete genome","PP346789.1 Polygonatum involucratum chloroplast, complete genome",Polygonatum involucratum
PV055061.fasta,PV055061.1,"Polygonatum jinzhaiense isolate YLP08 chloroplast, complete genome","PV055061.1 Polygonatum jinzhaiense isolate YLP08 chloroplast, complete genome",Polygonatum jinzhaiense
PZ091436.fasta,PZ091436.1,"Polygonatum kingianum isolate Yunnan MLP chloroplast, complete genome","PZ091436.1 Polygonatum kingianum isolate Yunnan MLP chloroplast, complete genome",Polygonatum kingianum
PV055060.fasta,PV055060.1,"Polygonatum langyaense isolate O.D01 chloroplast, complete genome","PV055060.1 Polygonatum langyaense isolate O.D01 chloroplast, complete genome",Polygonatum langyaense
PP346788.fasta,PP346788.1,"Polygonatum lasianthum var. coreanum chloroplast, complete genome","PP346788.1 Polygonatum lasianthum var. coreanum chloroplast, complete genome",Polygonatum lasianthum
PP346786.fasta,PP346786.1,"Polygonatum macranthum chloroplast, complete genome","PP346786.1 Polygonatum macranthum chloroplast, complete genome",Polygonatum macranthum
PV055059.fasta,PV055059.1,"Polygonatum macropodum isolate BJC01 chloroplast, complete genome","PV055059.1 Polygonatum macropodum isolate BJC01 chloroplast, complete genome",Polygonatum macropodum
OR896891.fasta,OR896891.1,"Polygonatum multiflorum chloroplast, complete genome","OR896891.1 Polygonatum multiflorum chloroplast, complete genome",Polygonatum multiflorum
PV055058.fasta,PV055058.1,"Polygonatum nodosum isolate CQ7340_1 chloroplast, complete genome","PV055058.1 Polygonatum nodosum isolate CQ7340_1 chloroplast, complete genome",Polygonatum nodosum
PP346785.fasta,PP346785.1,"Polygonatum odoratum f. variegatum chloroplast, complete genome","PP346785.1 Polygonatum odoratum f. variegatum chloroplast, complete genome",Polygonatum odoratum
PP346781.fasta,PP346781.1,"Polygonatum prattii chloroplast, complete genome","PP346781.1 Polygonatum prattii chloroplast, complete genome",Polygonatum prattii
PV055055.fasta,PV055055.1,"Polygonatum punctatum isolate HH003 chloroplast, complete genome","PV055055.1 Polygonatum punctatum isolate HH003 chloroplast, complete genome",Polygonatum punctatum
OQ928156.fasta,OQ928156.1,"Polygonatum sibiricum chloroplast, complete genome","OQ928156.1 Polygonatum sibiricum chloroplast, complete genome",Polygonatum sibiricum
PP346778.fasta,PP346778.1,"Polygonatum singalilense voucher Tamura et al. 1312054 chloroplast, complete genome","PP346778.1 Polygonatum singalilense voucher Tamura et al. 1312054 chloroplast, complete genome",Polygonatum singalilense
PP346777.fasta,PP346777.1,"Polygonatum stenophyllum voucher Masuda et al. 115 chloroplast, complete genome","PP346777.1 Polygonatum stenophyllum voucher Masuda et al. 115 chloroplast, complete genome",Polygonatum stenophyllum
PV087166.fasta,PV087166.1,"Polygonatum tessellatum chloroplast, complete genome","PV087166.1 Polygonatum tessellatum chloroplast, complete genome",Polygonatum tessellatum
OR896644.fasta,OR896644.1,"Polygonatum uncinatum voucher YN2022HJ454 chloroplast, complete genome","OR896644.1 Polygonatum uncinatum voucher YN2022HJ454 chloroplast, complete genome",Polygonatum uncinatum
OR896893.fasta,OR896893.1,"Polygonatum verticillatum chloroplast, complete genome","OR896893.1 Polygonatum verticillatum chloroplast, complete genome",Polygonatum verticillatum
PV055054.fasta,PV055054.1,"Polygonatum zanlanscianense isolate HNz8908 chloroplast, complete genome","PV055054.1 Polygonatum zanlanscianense isolate HNz8908 chloroplast, complete genome",Polygonatum zanlanscianense
PX501752.fasta,PX501752.1,"Polygonum ajanense chloroplast, complete genome","PX501752.1 Polygonum ajanense chloroplast, complete genome",Polygonum ajanense
PP541866.fasta,PP541866.1,"Polygonum aviculare subsp. aviculare chloroplast, complete genome","PP541866.1 Polygonum aviculare subsp. aviculare chloroplast, complete genome",Polygonum aviculare
OQ834952.fasta,OQ834952.1,"Polylepis rugulosa chloroplast, complete genome","OQ834952.1 Polylepis rugulosa chloroplast, complete genome",Polylepis rugulosa
PX309537.fasta,PX309537.1,"Polyscias fruticosa chloroplast, complete genome","PX309537.1 Polyscias fruticosa chloroplast, complete genome",Polyscias fruticosa
OQ503545.fasta,OQ503545.1,"Polyspora axillaris isolate J4097 chloroplast, complete genome","OQ503545.1 Polyspora axillaris isolate J4097 chloroplast, complete genome",Polyspora axillaris
OQ503544.fasta,OQ503544.1,"Polyspora longicarpa isolate J1882 chloroplast, complete genome","OQ503544.1 Polyspora longicarpa isolate J1882 chloroplast, complete genome",Polyspora longicarpa
PQ010072.fasta,PQ010072.1,"Pontederia azurea voucher Sousa 239 chloroplast, complete genome","PQ010072.1 Pontederia azurea voucher Sousa 239 chloroplast, complete genome",Pontederia azurea
PQ010096.fasta,PQ010096.1,"Pontederia cordata var. lancifolia voucher Sousa 543 chloroplast, complete genome","PQ010096.1 Pontederia cordata var. lancifolia voucher Sousa 543 chloroplast, complete genome",Pontederia cordata
PQ010073.fasta,PQ010073.1,"Pontederia crassipes voucher Sousa 307 chloroplast, complete genome","PQ010073.1 Pontederia crassipes voucher Sousa 307 chloroplast, complete genome",Pontederia crassipes
PQ010091.fasta,PQ010091.1,"Pontederia cyanea voucher -na- chloroplast, complete genome","PQ010091.1 Pontederia cyanea voucher -na- chloroplast, complete genome",Pontederia cyanea
PQ010074.fasta,PQ010074.1,"Pontederia diversifolia voucher Sousa 550 chloroplast, complete genome","PQ010074.1 Pontederia diversifolia voucher Sousa 550 chloroplast, complete genome",Pontederia diversifolia
PQ010097.fasta,PQ010097.1,"Pontederia gigantea voucher Sousa 480 chloroplast, complete genome","PQ010097.1 Pontederia gigantea voucher Sousa 480 chloroplast, complete genome",Pontederia gigantea
PQ010092.fasta,PQ010092.1,"Pontederia hastata voucher Barrett 1407 chloroplast, complete genome","PQ010092.1 Pontederia hastata voucher Barrett 1407 chloroplast, complete genome",Pontederia hastata
PQ010075.fasta,PQ010075.1,"Pontederia heterosperma voucher Sousa 551 chloroplast, complete genome","PQ010075.1 Pontederia heterosperma voucher Sousa 551 chloroplast, complete genome",Pontederia heterosperma
PQ010093.fasta,PQ010093.1,"Pontederia korsakowii voucher Barrett 1415 chloroplast, complete genome","PQ010093.1 Pontederia korsakowii voucher Barrett 1415 chloroplast, complete genome",Pontederia korsakowii
PQ010076.fasta,PQ010076.1,"Pontederia meyeri voucher Sousa 530 chloroplast, complete genome","PQ010076.1 Pontederia meyeri voucher Sousa 530 chloroplast, complete genome",Pontederia meyeri
PQ010077.fasta,PQ010077.1,"Pontederia natans voucher Madsen 6072 chloroplast, complete genome","PQ010077.1 Pontederia natans voucher Madsen 6072 chloroplast, complete genome",Pontederia natans
PQ010098.fasta,PQ010098.1,"Pontederia ovalis voucher Sousa 490 chloroplast, complete genome","PQ010098.1 Pontederia ovalis voucher Sousa 490 chloroplast, complete genome",Pontederia ovalis
PQ010078.fasta,PQ010078.1,"Pontederia paniculata voucher Sousa 203 chloroplast, complete genome","PQ010078.1 Pontederia paniculata voucher Sousa 203 chloroplast, complete genome",Pontederia paniculata
PQ010079.fasta,PQ010079.1,"Pontederia paradoxa isolate L voucher Sousa 319 chloroplast, complete genome","PQ010079.1 Pontederia paradoxa isolate L voucher Sousa 319 chloroplast, complete genome",Pontederia paradoxa
PQ010099.fasta,PQ010099.1,"Pontederia reflexa voucher Sousa 553 chloroplast, complete genome","PQ010099.1 Pontederia reflexa voucher Sousa 553 chloroplast, complete genome",Pontederia reflexa
PQ010100.fasta,PQ010100.1,"Pontederia rotundifolia voucher Sousa 520 chloroplast, complete genome","PQ010100.1 Pontederia rotundifolia voucher Sousa 520 chloroplast, complete genome",Pontederia rotundifolia
PQ010101.fasta,PQ010101.1,"Pontederia subovata voucher Sousa 519 chloroplast, complete genome","PQ010101.1 Pontederia subovata voucher Sousa 519 chloroplast, complete genome",Pontederia subovata
PQ010102.fasta,PQ010102.1,"Pontederia triflora voucher Sousa 510 chloroplast, complete genome","PQ010102.1 Pontederia triflora voucher Sousa 510 chloroplast, complete genome",Pontederia triflora
PQ010094.fasta,PQ010094.1,"Pontederia vaginalis voucher Barrett 1111 chloroplast, complete genome","PQ010094.1 Pontederia vaginalis voucher Barrett 1111 chloroplast, complete genome",Pontederia vaginalis
PP565779.fasta,PP565779.1,"Populus butuoensis chloroplast, complete genome","PP565779.1 Populus butuoensis chloroplast, complete genome",Populus butuoensis
PP565781.fasta,PP565781.1,"Populus cathayana chloroplast, complete genome","PP565781.1 Populus cathayana chloroplast, complete genome",Populus cathayana
PP565785.fasta,PP565785.1,"Populus dafengensis chloroplast, complete genome","PP565785.1 Populus dafengensis chloroplast, complete genome",Populus dafengensis
PX893663.fasta,PX893663.1,"Populus deltoides isolate Danhong chloroplast, complete genome","PX893663.1 Populus deltoides isolate Danhong chloroplast, complete genome",Populus deltoides
PP565784.fasta,PP565784.1,"Populus gonggaensis chloroplast, complete genome","PP565784.1 Populus gonggaensis chloroplast, complete genome",Populus gonggaensis
PP565783.fasta,PP565783.1,"Populus lasiocarpa chloroplast, complete genome","PP565783.1 Populus lasiocarpa chloroplast, complete genome",Populus lasiocarpa
PP541867.fasta,PP541867.1,"Populus nigra subsp. nigra chloroplast, complete genome","PP541867.1 Populus nigra subsp. nigra chloroplast, complete genome",Populus nigra
PP565782.fasta,PP565782.1,"Populus szechuanica chloroplast, complete genome","PP565782.1 Populus szechuanica chloroplast, complete genome",Populus szechuanica
PP565780.fasta,PP565780.1,"Populus wilsonii chloroplast, complete genome","PP565780.1 Populus wilsonii chloroplast, complete genome",Populus wilsonii
PV200281.fasta,PV200281.1,"Populus x xiaohei chloroplast, complete genome","PV200281.1 Populus x xiaohei chloroplast, complete genome",Populus xiaohei 
PV837933.fasta,PV837933.1,"Portulaca gilliesii chloroplast, complete genome","PV837933.1 Portulaca gilliesii chloroplast, complete genome",Portulaca gilliesii
PV671014.fasta,PV671014.1,"Portulaca oleracea isolate NPG01 voucher KYO:Nishimura_230813-01 chloroplast, complete genome","PV671014.1 Portulaca oleracea isolate NPG01 voucher KYO:Nishimura_230813-01 chloroplast, complete genome",Portulaca oleracea
PV744415.fasta,PV744415.1,"Portulacaria afra chloroplast, complete genome","PV744415.1 Portulacaria afra chloroplast, complete genome",Portulacaria afra
OR601536.fasta,OR601536.1,"Potentilla acaulis isolate p9 chloroplast, complete genome","OR601536.1 Potentilla acaulis isolate p9 chloroplast, complete genome",Potentilla acaulis
PP541868.fasta,PP541868.1,"Potentilla alba chloroplast, complete genome","PP541868.1 Potentilla alba chloroplast, complete genome",Potentilla alba
PP541869.fasta,PP541869.1,"Potentilla aurea subsp. aurea chloroplast, complete genome","PP541869.1 Potentilla aurea subsp. aurea chloroplast, complete genome",Potentilla aurea
OR601534.fasta,OR601534.1,"Potentilla betonicifolia isolate p67 chloroplast, complete genome","OR601534.1 Potentilla betonicifolia isolate p67 chloroplast, complete genome",Potentilla betonicifolia
OR601525.fasta,OR601525.1,"Potentilla chinensis var. lineariloba isolate p15 chloroplast, complete genome","OR601525.1 Potentilla chinensis var. lineariloba isolate p15 chloroplast, complete genome",Potentilla chinensis
PP541870.fasta,PP541870.1,"Potentilla erecta chloroplast, complete genome","PP541870.1 Potentilla erecta chloroplast, complete genome",Potentilla erecta
OR601527.fasta,OR601527.1,"Potentilla fragarioides isolate p29 chloroplast, complete genome","OR601527.1 Potentilla fragarioides isolate p29 chloroplast, complete genome",Potentilla fragarioides
PX409049.fasta,PX409049.1,"Potentilla gobica chloroplast, complete genome","PX409049.1 Potentilla gobica chloroplast, complete genome",Potentilla gobica
PX409051.fasta,PX409051.1,"Potentilla inopinata chloroplast, complete genome","PX409051.1 Potentilla inopinata chloroplast, complete genome",Potentilla inopinata
PX409048.fasta,PX409048.1,"Potentilla laevipes chloroplast, complete genome","PX409048.1 Potentilla laevipes chloroplast, complete genome",Potentilla laevipes
PX409047.fasta,PX409047.1,"Potentilla laevissima chloroplast, complete genome","PX409047.1 Potentilla laevissima chloroplast, complete genome",Potentilla laevissima
PV591335.fasta,PV591335.1,"Potentilla lineata chloroplast, complete genome","PV591335.1 Potentilla lineata chloroplast, complete genome",Potentilla lineata
OR601528.fasta,OR601528.1,"Potentilla mandshurica isolate p3 chloroplast, complete genome","OR601528.1 Potentilla mandshurica isolate p3 chloroplast, complete genome",Potentilla mandshurica
PP541871.fasta,PP541871.1,"Potentilla micrantha chloroplast, complete genome","PP541871.1 Potentilla micrantha chloroplast, complete genome",Potentilla micrantha
OR601537.fasta,OR601537.1,"Potentilla multicaulis isolate p93 chloroplast, complete genome","OR601537.1 Potentilla multicaulis isolate p93 chloroplast, complete genome",Potentilla multicaulis
OR601519.fasta,OR601519.1,"Potentilla multifida isolate p103 chloroplast, complete genome","OR601519.1 Potentilla multifida isolate p103 chloroplast, complete genome",Potentilla multifida
OR601522.fasta,OR601522.1,"Potentilla nivea isolate p129 chloroplast, complete genome","OR601522.1 Potentilla nivea isolate p129 chloroplast, complete genome",Potentilla nivea
PP234560.fasta,PP234560.1,"Potentilla parvifolia isolate p49 chloroplast, complete genome","PP234560.1 Potentilla parvifolia isolate p49 chloroplast, complete genome",Potentilla parvifolia
OR601533.fasta,OR601533.1,"Potentilla potaninii isolate p5 chloroplast, complete genome","OR601533.1 Potentilla potaninii isolate p5 chloroplast, complete genome",Potentilla potaninii
OR601523.fasta,OR601523.1,"Potentilla saundersiana isolate p131 chloroplast, complete genome","OR601523.1 Potentilla saundersiana isolate p131 chloroplast, complete genome",Potentilla saundersiana
PX409050.fasta,PX409050.1,"Potentilla schmakovii chloroplast, complete genome","PX409050.1 Potentilla schmakovii chloroplast, complete genome",Potentilla schmakovii
OR601538.fasta,OR601538.1,"Potentilla tanacetifolia isolate p99 chloroplast, complete genome","OR601538.1 Potentilla tanacetifolia isolate p99 chloroplast, complete genome",Potentilla tanacetifolia
PV938952.fasta,PV938952.1,"Pothos chinensis chloroplast, complete genome","PV938952.1 Pothos chinensis chloroplast, complete genome",Pothos chinensis
PV553480.fasta,PV553480.1,"Potoxylon melagangai voucher B. Hyland 14969 chloroplast, complete genome","PV553480.1 Potoxylon melagangai voucher B. Hyland 14969 chloroplast, complete genome",Potoxylon melagangai
PQ197391.fasta,PQ197391.1,"Pourthiaea villosa isolate CSSN chloroplast, complete genome","PQ197391.1 Pourthiaea villosa isolate CSSN chloroplast, complete genome",Pourthiaea villosa
PP056245.fasta,PP056245.1,"Pouzolzia zeylanica isolate DBS00665 chloroplast, complete genome","PP056245.1 Pouzolzia zeylanica isolate DBS00665 chloroplast, complete genome",Pouzolzia zeylanica
PQ790014.fasta,PQ790014.1,"Prasoxylon excelsum chloroplast, complete genome","PQ790014.1 Prasoxylon excelsum chloroplast, complete genome",Prasoxylon excelsum
PV866628.fasta,PV866628.1,"Primula agleniana chloroplast, complete genome","PV866628.1 Primula agleniana chloroplast, complete genome",Primula agleniana
PQ740947.fasta,PQ740947.1,"Primula bella chloroplast, complete genome","PQ740947.1 Primula bella chloroplast, complete genome",Primula bella
PP541896.fasta,PP541896.1,"Primula daonensis chloroplast, complete genome","PP541896.1 Primula daonensis chloroplast, complete genome",Primula daonensis
PP541898.fasta,PP541898.1,"Primula elatior subsp. intricata chloroplast, complete genome","PP541898.1 Primula elatior subsp. intricata chloroplast, complete genome",Primula elatior
PQ838449.fasta,PQ838449.1,"Primula fangii chloroplast, complete genome","PQ838449.1 Primula fangii chloroplast, complete genome",Primula fangii
PP541897.fasta,PP541897.1,"Primula farinosa chloroplast, complete genome","PP541897.1 Primula farinosa chloroplast, complete genome",Primula farinosa
PP842194.fasta,PP842194.1,"Primula farreriana chloroplast, complete genome","PP842194.1 Primula farreriana chloroplast, complete genome",Primula farreriana
PQ536122.fasta,PQ536122.1,"Primula flava chloroplast, complete genome","PQ536122.1 Primula flava chloroplast, complete genome",Primula flava
PQ536123.fasta,PQ536123.1,"Primula gemmifera chloroplast, complete genome","PQ536123.1 Primula gemmifera chloroplast, complete genome",Primula gemmifera
PQ310524.fasta,PQ310524.1,"Primula mallophylla chloroplast, complete genome","PQ310524.1 Primula mallophylla chloroplast, complete genome",Primula mallophylla
PQ784118.fasta,PQ784118.1,"Primula pelargoniifolia chloroplast, complete genome","PQ784118.1 Primula pelargoniifolia chloroplast, complete genome",Primula pelargoniifolia
PQ523385.fasta,PQ523385.1,"Primula polyneura chloroplast, complete genome","PQ523385.1 Primula polyneura chloroplast, complete genome",Primula polyneura
PQ516712.fasta,PQ516712.1,"Primula purdomii chloroplast, complete genome","PQ516712.1 Primula purdomii chloroplast, complete genome",Primula purdomii
PQ550128.fasta,PQ550128.1,"Primula secundiflora chloroplast, complete genome","PQ550128.1 Primula secundiflora chloroplast, complete genome",Primula secundiflora
PP541899.fasta,PP541899.1,"Primula spectabilis chloroplast, complete genome","PP541899.1 Primula spectabilis chloroplast, complete genome",Primula spectabilis
PX068036.fasta,PX068036.1,"Primula tibetica isolate Tcds chloroplast, complete genome","PX068036.1 Primula tibetica isolate Tcds chloroplast, complete genome",Primula tibetica
PP541900.fasta,PP541900.1,"Primula veris subsp. veris chloroplast, complete genome","PP541900.1 Primula veris subsp. veris chloroplast, complete genome",Primula veris
PQ568378.fasta,PQ568378.1,"Primula wawushanica chloroplast, complete genome","PQ568378.1 Primula wawushanica chloroplast, complete genome",Primula wawushanica
PP541901.fasta,PP541901.1,"Primula x polyantha chloroplast, complete genome","PP541901.1 Primula x polyantha chloroplast, complete genome",Primula polyantha
PX316975.fasta,PX316975.1,"Primulina xingyiensis voucher X. X. Bai et al. XYS 07277 chloroplast, complete genome","PX316975.1 Primulina xingyiensis voucher X. X. Bai et al. XYS 07277 chloroplast, complete genome",Primulina xingyiensis
PP595844.fasta,PP595844.1,"Prinsepia uniflora voucher L. Zhao#WX231 chloroplast, complete genome","PP595844.1 Prinsepia uniflora voucher L. Zhao#WX231 chloroplast, complete genome",Prinsepia uniflora
PV409681.fasta,PV409681.1,"Proiphys amboinensis chloroplast, complete genome","PV409681.1 Proiphys amboinensis chloroplast, complete genome",Proiphys amboinensis
PQ450556.fasta,PQ450556.1,"Promenaea rollissonii chloroplast, complete genome","PQ450556.1 Promenaea rollissonii chloroplast, complete genome",Promenaea rollissonii
PV530471.fasta,PV530471.1,"Protea cynaroides isolate DWH chloroplast, complete genome","PV530471.1 Protea cynaroides isolate DWH chloroplast, complete genome",Protea cynaroides
PP272174.fasta,PP272174.1,"Prunella vulgaris subsp. vulgaris chloroplast, complete genome","PP272174.1 Prunella vulgaris subsp. vulgaris chloroplast, complete genome",Prunella vulgaris
PP595882.fasta,PP595882.1,"Prunus arborea var. montana voucher L. Zhao#WX229 chloroplast, complete genome","PP595882.1 Prunus arborea var. montana voucher L. Zhao#WX229 chloroplast, complete genome",Prunus arborea
PV138220.fasta,PV138220.1,"Prunus armeniaca chloroplast, complete genome","PV138220.1 Prunus armeniaca chloroplast, complete genome",Prunus armeniaca
PP595827.fasta,PP595827.1,"Prunus avium voucher BOP002693 chloroplast, complete genome","PP595827.1 Prunus avium voucher BOP002693 chloroplast, complete genome",Prunus avium
PP595842.fasta,PP595842.1,"Prunus brachypoda voucher BOP002669 chloroplast, complete genome","PP595842.1 Prunus brachypoda voucher BOP002669 chloroplast, complete genome",Prunus brachypoda
PP595840.fasta,PP595840.1,"Prunus caroliniana voucher BOP029039 chloroplast, complete genome","PP595840.1 Prunus caroliniana voucher BOP029039 chloroplast, complete genome",Prunus caroliniana
PP315674.fasta,PP315674.1,"Prunus cerasifera isolate S1 chloroplast, complete genome","PP315674.1 Prunus cerasifera isolate S1 chloroplast, complete genome",Prunus cerasifera
PP595871.fasta,PP595871.1,"Prunus cerasoides voucher BOP002855 chloroplast, complete genome","PP595871.1 Prunus cerasoides voucher BOP002855 chloroplast, complete genome",Prunus cerasoides
PP595828.fasta,PP595828.1,"Prunus clarofolia voucher BOP002703 chloroplast, complete genome","PP595828.1 Prunus clarofolia voucher BOP002703 chloroplast, complete genome",Prunus clarofolia
PP595829.fasta,PP595829.1,"Prunus cyclamina voucher BOP002628 chloroplast, complete genome","PP595829.1 Prunus cyclamina voucher BOP002628 chloroplast, complete genome",Prunus cyclamina
PP595845.fasta,PP595845.1,"Prunus davidiana chloroplast, complete genome","PP595845.1 Prunus davidiana chloroplast, complete genome",Prunus davidiana
PP595830.fasta,PP595830.1,"Prunus dielsiana voucher BOP002629 chloroplast, complete genome","PP595830.1 Prunus dielsiana voucher BOP002629 chloroplast, complete genome",Prunus dielsiana
PP595846.fasta,PP595846.1,"Prunus discadenia chloroplast, complete genome","PP595846.1 Prunus discadenia chloroplast, complete genome",Prunus discadenia
PP595847.fasta,PP595847.1,"Prunus ferganensis voucher BOP002789 chloroplast, complete genome","PP595847.1 Prunus ferganensis voucher BOP002789 chloroplast, complete genome",Prunus ferganensis
PP546823.fasta,PP546823.1,"Prunus fujianensis isolate 836_FJ voucher L.Zhao#xsy836 chloroplast, complete genome","PP546823.1 Prunus fujianensis isolate 836_FJ voucher L.Zhao#xsy836 chloroplast, complete genome",Prunus fujianensis
PP595831.fasta,PP595831.1,"Prunus glandulosa voucher BOP002698 chloroplast, complete genome","PP595831.1 Prunus glandulosa voucher BOP002698 chloroplast, complete genome",Prunus glandulosa
PP595853.fasta,PP595853.1,"Prunus gongshanensis voucher L. Zhao#JR379 chloroplast, complete genome","PP595853.1 Prunus gongshanensis voucher L. Zhao#JR379 chloroplast, complete genome",Prunus gongshanensis
PP595870.fasta,PP595870.1,"Prunus grisea voucher L. Zhao#SN510 chloroplast, complete genome","PP595870.1 Prunus grisea voucher L. Zhao#SN510 chloroplast, complete genome",Prunus grisea
PP595859.fasta,PP595859.1,"Prunus himalayana voucher L. Zhao#xsy848 chloroplast, complete genome","PP595859.1 Prunus himalayana voucher L. Zhao#xsy848 chloroplast, complete genome",Prunus himalayana
PP595865.fasta,PP595865.1,"Prunus hypoleuca voucher PE97099(B) chloroplast, complete genome","PP595865.1 Prunus hypoleuca voucher PE97099(B) chloroplast, complete genome",Prunus hypoleuca
PP648240.fasta,PP648240.1,"Prunus hypoxantha voucher PE01296248 chloroplast, complete genome","PP648240.1 Prunus hypoxantha voucher PE01296248 chloroplast, complete genome",Prunus hypoxantha
PP595867.fasta,PP595867.1,"Prunus incisoserrata voucher PE01560561 chloroplast, complete genome","PP595867.1 Prunus incisoserrata voucher PE01560561 chloroplast, complete genome",Prunus incisoserrata
AP041288.fasta,AP041288.1,"Prunus itosakura NIG-0593 chloroplast DNA, complete genome","AP041288.1 Prunus itosakura NIG-0593 chloroplast DNA, complete genome",Prunus itosakura
AP041397.fasta,AP041397.1,"Prunus jamasakura TFSG-CP70p1p4 chloroplast DNA, complete genome","AP041397.1 Prunus jamasakura TFSG-CP70p1p4 chloroplast DNA, complete genome",Prunus jamasakura
PP595868.fasta,PP595868.1,"Prunus japonica var. nakaii voucher L. Zhao#SN503 chloroplast, complete genome","PP595868.1 Prunus japonica var. nakaii voucher L. Zhao#SN503 chloroplast, complete genome",Prunus japonica
PP595869.fasta,PP595869.1,"Prunus laurocerasus voucher L. Zhao#WX227 chloroplast, complete genome","PP595869.1 Prunus laurocerasus voucher L. Zhao#WX227 chloroplast, complete genome",Prunus laurocerasus
PP541872.fasta,PP541872.1,"Prunus mahaleb var. mahaleb chloroplast, complete genome","PP541872.1 Prunus mahaleb var. mahaleb chloroplast, complete genome",Prunus mahaleb
PP595872.fasta,PP595872.1,"Prunus mandshurica voucher BOP002747 chloroplast, complete genome","PP595872.1 Prunus mandshurica voucher BOP002747 chloroplast, complete genome",Prunus mandshurica
PP595832.fasta,PP595832.1,"Prunus maximowiczii voucher BOP016576 chloroplast, complete genome","PP595832.1 Prunus maximowiczii voucher BOP016576 chloroplast, complete genome",Prunus maximowiczii
PP595873.fasta,PP595873.1,"Prunus mira voucher BOP002793 chloroplast, complete genome","PP595873.1 Prunus mira voucher BOP002793 chloroplast, complete genome",Prunus mira
PZ188322.fasta,PZ188322.1,"Prunus mongolica isolate PM061 voucher 4-Jul-24 chloroplast, complete genome","PZ188322.1 Prunus mongolica isolate PM061 voucher 4-Jul-24 chloroplast, complete genome",Prunus mongolica
PP595874.fasta,PP595874.1,"Prunus mume chloroplast, complete genome","PP595874.1 Prunus mume chloroplast, complete genome",Prunus mume
PP595843.fasta,PP595843.1,"Prunus obtusata voucher BOP002671 chloroplast, complete genome","PP595843.1 Prunus obtusata voucher BOP002671 chloroplast, complete genome",Prunus obtusata
PP595875.fasta,PP595875.1,"Prunus padus chloroplast, complete genome","PP595875.1 Prunus padus chloroplast, complete genome",Prunus padus
PP595877.fasta,PP595877.1,"Prunus persica voucher BOP002795 chloroplast, complete genome","PP595877.1 Prunus persica voucher BOP002795 chloroplast, complete genome",Prunus persica
PP595833.fasta,PP595833.1,"Prunus pseudocerasus voucher BOP002626 chloroplast, complete genome","PP595833.1 Prunus pseudocerasus voucher BOP002626 chloroplast, complete genome",Prunus pseudocerasus
PV624663.fasta,PV624663.1,"Prunus rufa chloroplast, complete genome","PV624663.1 Prunus rufa chloroplast, complete genome",Prunus rufa
PP595878.fasta,PP595878.1,"Prunus salicina voucher BOP002868 chloroplast, complete genome","PP595878.1 Prunus salicina voucher BOP002868 chloroplast, complete genome",Prunus salicina
PP595879.fasta,PP595879.1,"Prunus serotina voucher L. Zhao#WX204 chloroplast, complete genome","PP595879.1 Prunus serotina voucher L. Zhao#WX204 chloroplast, complete genome",Prunus serotina
PP595834.fasta,PP595834.1,"Prunus serrulata voucher BOP002519 chloroplast, complete genome","PP595834.1 Prunus serrulata voucher BOP002519 chloroplast, complete genome",Prunus serrulata
PP595880.fasta,PP595880.1,"Prunus sibirica chloroplast, complete genome","PP595880.1 Prunus sibirica chloroplast, complete genome",Prunus sibirica
PP541873.fasta,PP541873.1,"Prunus spinosa subsp. spinosa chloroplast, complete genome","PP541873.1 Prunus spinosa subsp. spinosa chloroplast, complete genome",Prunus spinosa
PP595835.fasta,PP595835.1,"Prunus subhirtella voucher BOP002663 chloroplast, complete genome","PP595835.1 Prunus subhirtella voucher BOP002663 chloroplast, complete genome",Prunus subhirtella
PV138222.fasta,PV138222.1,"Prunus tianshanica chloroplast, complete genome","PV138222.1 Prunus tianshanica chloroplast, complete genome",Prunus tianshanica
PP595881.fasta,PP595881.1,"Prunus tomentosa voucher L. Zhao#WX216 chloroplast, complete genome","PP595881.1 Prunus tomentosa voucher L. Zhao#WX216 chloroplast, complete genome",Prunus tomentosa
PP595837.fasta,PP595837.1,"Prunus trichostoma voucher BOP002589 chloroplast, complete genome","PP595837.1 Prunus trichostoma voucher BOP002589 chloroplast, complete genome",Prunus trichostoma
PP595883.fasta,PP595883.1,"Prunus triloba voucher BOP002869 chloroplast, complete genome","PP595883.1 Prunus triloba voucher BOP002869 chloroplast, complete genome",Prunus triloba
PP648249.fasta,PP648249.1,"Prunus wilsonii voucher L. Zhao#JR438 chloroplast, complete genome","PP648249.1 Prunus wilsonii voucher L. Zhao#JR438 chloroplast, complete genome",Prunus wilsonii
PP595838.fasta,PP595838.1,"Prunus yedoensis voucher BOP002623 chloroplast, complete genome","PP595838.1 Prunus yedoensis voucher BOP002623 chloroplast, complete genome",Prunus yedoensis
PP595839.fasta,PP595839.1,"Prunus yunnanensis voucher BOP002590 chloroplast, complete genome","PP595839.1 Prunus yunnanensis voucher BOP002590 chloroplast, complete genome",Prunus yunnanensis
PV208095.fasta,PV208095.1,"Prunus zhuxiensis voucher Q.L. Gan 23-1-1 chloroplast, complete genome","PV208095.1 Prunus zhuxiensis voucher Q.L. Gan 23-1-1 chloroplast, complete genome",Prunus zhuxiensis
PP234564.fasta,PP234564.1,"Przewalskia tangutica isolate p53 chloroplast, complete genome","PP234564.1 Przewalskia tangutica isolate p53 chloroplast, complete genome",Przewalskia tangutica
PV870759.fasta,PV870759.1,"Pseudarthria panii voucher PZ02-KUN chloroplast, complete genome","PV870759.1 Pseudarthria panii voucher PZ02-KUN chloroplast, complete genome",Pseudarthria panii
OR771721.fasta,OR771721.1,"Pseudognaphalium thermale chloroplast, complete genome","OR771721.1 Pseudognaphalium thermale chloroplast, complete genome",Pseudognaphalium thermale
PV548683.fasta,PV548683.1,"Pseudolappula sinaica voucher BNU2021XJ095 chloroplast, complete genome","PV548683.1 Pseudolappula sinaica voucher BNU2021XJ095 chloroplast, complete genome",Pseudolappula sinaica
PX924388.fasta,PX924388.1,"Pseudopodospermum inconspicuum chloroplast, complete genome","PX924388.1 Pseudopodospermum inconspicuum chloroplast, complete genome",Pseudopodospermum inconspicuum
PQ472934.fasta,PQ472934.1,"Pseudosasa amabilis chloroplast, complete genome","PQ472934.1 Pseudosasa amabilis chloroplast, complete genome",Pseudosasa amabilis
PQ576948.fasta,PQ576948.1,"Pseudosasa hindsii voucher BH220 chloroplast, complete genome","PQ576948.1 Pseudosasa hindsii voucher BH220 chloroplast, complete genome",Pseudosasa hindsii
PQ472935.fasta,PQ472935.1,"Pseudosasa japonica chloroplast, complete genome","PQ472935.1 Pseudosasa japonica chloroplast, complete genome",Pseudosasa japonica
PP975594.fasta,PP975594.1,"Pseudosedum affine chloroplast, complete genome","PP975594.1 Pseudosedum affine chloroplast, complete genome",Pseudosedum affine
PP975595.fasta,PP975595.1,"Pseudosedum lievenii chloroplast, complete genome","PP975595.1 Pseudosedum lievenii chloroplast, complete genome",Pseudosedum lievenii
PX309538.fasta,PX309538.1,"Psidium guajava chloroplast, complete genome","PX309538.1 Psidium guajava chloroplast, complete genome",Psidium guajava
PP236145.fasta,PP236145.1,"Psittacanthus auriculatus chloroplast, complete genome","PP236145.1 Psittacanthus auriculatus chloroplast, complete genome",Psittacanthus auriculatus
PP236144.fasta,PP236144.1,"Psittacanthus palmeri voucher CPC139 chloroplast, complete genome","PP236144.1 Psittacanthus palmeri voucher CPC139 chloroplast, complete genome",Psittacanthus palmeri
PP579889.fasta,PP579889.1,"Psittacanthus rhynchanthus voucher E. Ruiz Sanchez 417 chloroplast, complete genome","PP579889.1 Psittacanthus rhynchanthus voucher E. Ruiz Sanchez 417 chloroplast, complete genome",Psittacanthus rhynchanthus
PP313080.fasta,PP313080.1,"Psittacanthus sonorae chloroplast, complete genome","PP313080.1 Psittacanthus sonorae chloroplast, complete genome",Psittacanthus sonorae
PV340847.fasta,PV340847.1,"Psychopsis sanderae voucher MHLi or156 chloroplast, complete genome","PV340847.1 Psychopsis sanderae voucher MHLi or156 chloroplast, complete genome",Psychopsis sanderae
PV870816.fasta,PV870816.1,"Pterocarpus indicus voucher Yi15249-KUN chloroplast, complete genome","PV870816.1 Pterocarpus indicus voucher Yi15249-KUN chloroplast, complete genome",Pterocarpus indicus
PV791734.fasta,PV791734.1,"Pterocarya fraxinifolia isolate Sari voucher Sari-3 chloroplast, complete genome","PV791734.1 Pterocarya fraxinifolia isolate Sari voucher Sari-3 chloroplast, complete genome",Pterocarya fraxinifolia
PV130124.fasta,PV130124.1,"Pterocarya macroptera var. delavayi chloroplast, complete genome","PV130124.1 Pterocarya macroptera var. delavayi chloroplast, complete genome",Pterocarya macroptera
PV130126.fasta,PV130126.1,"Pterocarya rhoifolia chloroplast, complete genome","PV130126.1 Pterocarya rhoifolia chloroplast, complete genome",Pterocarya rhoifolia
PQ551022.fasta,PQ551022.1,"Pterocyclus rotundatus chloroplast, complete genome","PQ551022.1 Pterocyclus rotundatus chloroplast, complete genome",Pterocyclus rotundatus
PV738961.fasta,PV738961.1,"Pterospermum heterophyllum chloroplast, complete genome","PV738961.1 Pterospermum heterophyllum chloroplast, complete genome",Pterospermum heterophyllum
OR832752.fasta,OR832752.1,"Pterospermum kingtungense chloroplast, complete genome","OR832752.1 Pterospermum kingtungense chloroplast, complete genome",Pterospermum kingtungense
PX776207.fasta,PX776207.1,"Pterygiella tenuisecta isolate SDX083 chloroplast, complete genome","PX776207.1 Pterygiella tenuisecta isolate SDX083 chloroplast, complete genome",Pterygiella tenuisecta
BK071860.fasta,BK071860.1,"Ptilostemon diacanthus chloroplast, complete genome","BK071860.1 TPA_asm: Ptilostemon diacanthus chloroplast, complete genome",Ptilostemon diacanthus
PX125814.fasta,PX125814.1,"Pueraria alopecuroides voucher HWG chloroplast, complete genome","PX125814.1 Pueraria alopecuroides voucher HWG chloroplast, complete genome",Pueraria alopecuroides
PX125812.fasta,PX125812.1,"Pueraria grandiflora voucher DHG chloroplast, complete genome","PX125812.1 Pueraria grandiflora voucher DHG chloroplast, complete genome",Pueraria grandiflora
PX125817.fasta,PX125817.1,"Pueraria montana var. lobata voucher YG-136 chloroplast, complete genome","PX125817.1 Pueraria montana var. lobata voucher YG-136 chloroplast, complete genome",Pueraria montana
PP024537.fasta,PP024537.1,"Pulmonaria australis chloroplast, complete genome","PP024537.1 Pulmonaria australis chloroplast, complete genome",Pulmonaria australis
PP024538.fasta,PP024538.1,"Pulmonaria officinalis chloroplast, complete genome","PP024538.1 Pulmonaria officinalis chloroplast, complete genome",Pulmonaria officinalis
PV870786.fasta,PV870786.1,"Pultenaea villosa voucher Yi14585-Yi Lab chloroplast, complete genome","PV870786.1 Pultenaea villosa voucher Yi14585-Yi Lab chloroplast, complete genome",Pultenaea villosa
PQ891887.fasta,PQ891887.1,"Purshia tridentata voucher Pur_trV_3 chloroplast, complete genome","PQ891887.1 Purshia tridentata voucher Pur_trV_3 chloroplast, complete genome",Purshia tridentata
ON929868.fasta,ON929868.1,"Pyankovia brachiata chloroplast, complete genome","ON929868.1 Pyankovia brachiata chloroplast, complete genome",Pyankovia brachiata
PX843639.fasta,PX843639.1,"Pycnanthemum tenuifolium isolate S1 chloroplast, complete genome","PX843639.1 Pycnanthemum tenuifolium isolate S1 chloroplast, complete genome",Pycnanthemum tenuifolium
OM256484.fasta,OM256484.1,"Pygeum macrocarpum chloroplast, complete genome","OM256484.1 Pygeum macrocarpum chloroplast, complete genome",Pygeum macrocarpum
OR995427.fasta,OR995427.1,"Pyracantha fortuneana isolate B.B.Liu-2517 voucher B.B.Liu#2517 (PE-02071222) chloroplast, complete genome","OR995427.1 Pyracantha fortuneana isolate B.B.Liu-2517 voucher B.B.Liu#2517 (PE-02071222) chloroplast, complete genome",Pyracantha fortuneana
OQ503619.fasta,OQ503619.1,"Pyrenaria oblongicarpa isolate S4676 chloroplast, complete genome","OQ503619.1 Pyrenaria oblongicarpa isolate S4676 chloroplast, complete genome",Pyrenaria oblongicarpa
PV200167.fasta,PV200167.1,"Pyrola decorata chloroplast, complete genome","PV200167.1 Pyrola decorata chloroplast, complete genome",Pyrola decorata
PQ891888.fasta,PQ891888.1,"Pyrus betulifolia voucher PWH12 chloroplast, complete genome","PQ891888.1 Pyrus betulifolia voucher PWH12 chloroplast, complete genome",Pyrus betulifolia
OR995433.fasta,OR995433.1,"Pyrus calleryana voucher M.Li#LiMeng_00662 chloroplast, complete genome","OR995433.1 Pyrus calleryana voucher M.Li#LiMeng_00662 chloroplast, complete genome",Pyrus calleryana
OR995436.fasta,OR995436.1,"Pyrus communis subsp. caucasica isolate J.Wu_col1868 chloroplast, complete genome","OR995436.1 Pyrus communis subsp. caucasica isolate J.Wu_col1868 chloroplast, complete genome",Pyrus communis
OR995437.fasta,OR995437.1,"Pyrus cordata isolate J.Wu_col1869 chloroplast, complete genome","OR995437.1 Pyrus cordata isolate J.Wu_col1869 chloroplast, complete genome",Pyrus cordata
OR995438.fasta,OR995438.1,"Pyrus cossonii isolate J.Wu_col1870 chloroplast, complete genome","OR995438.1 Pyrus cossonii isolate J.Wu_col1870 chloroplast, complete genome",Pyrus cossonii
OR995439.fasta,OR995439.1,"Pyrus dimorphophylla isolate J.Wu_col1871 chloroplast, complete genome","OR995439.1 Pyrus dimorphophylla isolate J.Wu_col1871 chloroplast, complete genome",Pyrus dimorphophylla
OR995440.fasta,OR995440.1,"Pyrus elaeagrifolia isolate J.Wu_col1872 chloroplast, complete genome","OR995440.1 Pyrus elaeagrifolia isolate J.Wu_col1872 chloroplast, complete genome",Pyrus elaeagrifolia
OR995443.fasta,OR995443.1,"Pyrus fauriei isolate J.Wu_col1874 chloroplast, complete genome","OR995443.1 Pyrus fauriei isolate J.Wu_col1874 chloroplast, complete genome",Pyrus fauriei
OR995445.fasta,OR995445.1,"Pyrus hondoensis isolate J.Wu_col1876 chloroplast, complete genome","OR995445.1 Pyrus hondoensis isolate J.Wu_col1876 chloroplast, complete genome",Pyrus hondoensis
OR995447.fasta,OR995447.1,"Pyrus hopeiensis isolate J.Wu_col1878 chloroplast, complete genome","OR995447.1 Pyrus hopeiensis isolate J.Wu_col1878 chloroplast, complete genome",Pyrus hopeiensis
OR995448.fasta,OR995448.1,"Pyrus korshinskyi voucher Expeditio Biologica Sino-Rossica#1019 (US-03696475) chloroplast, complete genome","OR995448.1 Pyrus korshinskyi voucher Expeditio Biologica Sino-Rossica#1019 (US-03696475) chloroplast, complete genome",Pyrus korshinskyi
OR995449.fasta,OR995449.1,"Pyrus mamorensis isolate J.Wu_col1879 chloroplast, complete genome","OR995449.1 Pyrus mamorensis isolate J.Wu_col1879 chloroplast, complete genome",Pyrus mamorensis
OR995467.fasta,OR995467.1,"Pyrus neoserrulata isolate J.Wu_col1895 chloroplast, complete genome","OR995467.1 Pyrus neoserrulata isolate J.Wu_col1895 chloroplast, complete genome",Pyrus neoserrulata
OR995453.fasta,OR995453.1,"Pyrus pashia isolate J.Wu_col1883 chloroplast, complete genome","OR995453.1 Pyrus pashia isolate J.Wu_col1883 chloroplast, complete genome",Pyrus pashia
OR995454.fasta,OR995454.1,"Pyrus phaeocarpa isolate J.Wu_col1884 chloroplast, complete genome","OR995454.1 Pyrus phaeocarpa isolate J.Wu_col1884 chloroplast, complete genome",Pyrus phaeocarpa
OR995457.fasta,OR995457.1,"Pyrus pseudopashia isolate J.Wu_col1887 chloroplast, complete genome","OR995457.1 Pyrus pseudopashia isolate J.Wu_col1887 chloroplast, complete genome",Pyrus pseudopashia
OR995458.fasta,OR995458.1,"Pyrus pyraster isolate J.Wu_col1888 chloroplast, complete genome","OR995458.1 Pyrus pyraster isolate J.Wu_col1888 chloroplast, complete genome",Pyrus pyraster
PX220299.fasta,PX220299.1,"Pyrus pyrifolia cultivar Jindingxiehuasu voucher NLSL_1 chloroplast, complete genome","PX220299.1 Pyrus pyrifolia cultivar Jindingxiehuasu voucher NLSL_1 chloroplast, complete genome",Pyrus pyrifolia
OR995462.fasta,OR995462.1,"Pyrus regelii isolate J.Wu_col1892 chloroplast, complete genome","OR995462.1 Pyrus regelii isolate J.Wu_col1892 chloroplast, complete genome",Pyrus regelii
OR995464.fasta,OR995464.1,"Pyrus sachokiana isolate J.Wu_col1894 chloroplast, complete genome","OR995464.1 Pyrus sachokiana isolate J.Wu_col1894 chloroplast, complete genome",Pyrus sachokiana
OR995466.fasta,OR995466.1,"Pyrus salicifolia isolate J.Wu_col1894 chloroplast, complete genome","OR995466.1 Pyrus salicifolia isolate J.Wu_col1894 chloroplast, complete genome",Pyrus salicifolia
OR995469.fasta,OR995469.1,"Pyrus spinosa isolate J.Wu_col1897 chloroplast, complete genome","OR995469.1 Pyrus spinosa isolate J.Wu_col1897 chloroplast, complete genome",Pyrus spinosa
OR995444.fasta,OR995444.1,"Pyrus syriaca isolate J.Wu_col1875 chloroplast, complete genome","OR995444.1 Pyrus syriaca isolate J.Wu_col1875 chloroplast, complete genome",Pyrus syriaca
OR995472.fasta,OR995472.1,"Pyrus takhtadzhianii voucher Collector illegible#s.n. (US-03696555) chloroplast, complete genome","OR995472.1 Pyrus takhtadzhianii voucher Collector illegible#s.n. (US-03696555) chloroplast, complete genome",Pyrus takhtadzhianii
OR995476.fasta,OR995476.1,"Pyrus ussuriensis isolate J.Wu_col18103 chloroplast, complete genome","OR995476.1 Pyrus ussuriensis isolate J.Wu_col18103 chloroplast, complete genome",Pyrus ussuriensis
OR995451.fasta,OR995451.1,"Pyrus x nivalis isolate J.Wu_col1881 chloroplast, complete genome","OR995451.1 Pyrus x nivalis isolate J.Wu_col1881 chloroplast, complete genome",Pyrus nivalis
OR995477.fasta,OR995477.1,"Pyrus xerophila isolate J.Wu_col18104 chloroplast, complete genome","OR995477.1 Pyrus xerophila isolate J.Wu_col18104 chloroplast, complete genome",Pyrus xerophila
PP888130.fasta,PP888130.1,"Quercus acutissima isolate HB_BI2 chloroplast, complete genome","PP888130.1 Quercus acutissima isolate HB_BI2 chloroplast, complete genome",Quercus acutissima
PP887982.fasta,PP887982.1,"Quercus baronii isolate JN_BL1 chloroplast, complete genome","PP887982.1 Quercus baronii isolate JN_BL1 chloroplast, complete genome",Quercus baronii
OR966887.fasta,OR966887.1,"Quercus camusae chloroplast, complete genome","OR966887.1 Quercus camusae chloroplast, complete genome",Quercus camusae
PP465455.fasta,PP465455.1,"Quercus championii chloroplast, complete genome","PP465455.1 Quercus championii chloroplast, complete genome",Quercus championii
PP888222.fasta,PP888222.1,"Quercus chenii isolate QI_AO1 chloroplast, complete genome","PP888222.1 Quercus chenii isolate QI_AO1 chloroplast, complete genome",Quercus chenii
PP465457.fasta,PP465457.1,"Quercus delavayi chloroplast, complete genome","PP465457.1 Quercus delavayi chloroplast, complete genome",Quercus delavayi
PZ337562.fasta,PZ337562.1,"Quercus dolicholepis voucher SYAU-YJ-001 chloroplast, complete genome","PZ337562.1 Quercus dolicholepis voucher SYAU-YJ-001 chloroplast, complete genome",Quercus dolicholepis
PP471847.fasta,PP471847.1,"Quercus gilva chloroplast, complete genome","PP471847.1 Quercus gilva chloroplast, complete genome",Quercus gilva
OR493260.fasta,OR493260.1,"Quercus guyavifolia chloroplast, complete genome","OR493260.1 Quercus guyavifolia chloroplast, complete genome",Quercus guyavifolia
OR493265.fasta,OR493265.1,"Quercus longispica chloroplast, complete genome","OR493265.1 Quercus longispica chloroplast, complete genome",Quercus longispica
OR493255.fasta,OR493255.1,"Quercus monimotricha chloroplast, complete genome","OR493255.1 Quercus monimotricha chloroplast, complete genome",Quercus monimotricha
OR493263.fasta,OR493263.1,"Quercus pannosa chloroplast, complete genome","OR493263.1 Quercus pannosa chloroplast, complete genome",Quercus pannosa
OR493261.fasta,OR493261.1,"Quercus pseudosemecarpifolia chloroplast, complete genome","OR493261.1 Quercus pseudosemecarpifolia chloroplast, complete genome",Quercus pseudosemecarpifolia
PP203132.fasta,PP203132.1,"Quercus pubescens subsp. pubescens chloroplast, complete genome","PP203132.1 Quercus pubescens subsp. pubescens chloroplast, complete genome",Quercus pubescens
OR493267.fasta,OR493267.1,"Quercus rehderiana chloroplast, complete genome","OR493267.1 Quercus rehderiana chloroplast, complete genome",Quercus rehderiana
OR966888.fasta,OR966888.1,"Quercus semiserrata chloroplast, complete genome","OR966888.1 Quercus semiserrata chloroplast, complete genome",Quercus semiserrata
OR493269.fasta,OR493269.1,"Quercus senescens chloroplast, complete genome","OR493269.1 Quercus senescens chloroplast, complete genome",Quercus senescens
PP465456.fasta,PP465456.1,"Quercus sichourensis chloroplast, complete genome","PP465456.1 Quercus sichourensis chloroplast, complete genome",Quercus sichourensis
OR493256.fasta,OR493256.1,"Quercus spinosa chloroplast, complete genome","OR493256.1 Quercus spinosa chloroplast, complete genome",Quercus spinosa
PP465454.fasta,PP465454.1,"Quercus thorelii chloroplast, complete genome","PP465454.1 Quercus thorelii chloroplast, complete genome",Quercus thorelii
PP889298.fasta,PP889298.1,"Quercus variabilis isolate YC_EB1 chloroplast, complete genome","PP889298.1 Quercus variabilis isolate YC_EB1 chloroplast, complete genome",Quercus variabilis
PZ055524.fasta,PZ055524.1,"Quillaja lancifolia voucher ICN 142953 chloroplast, complete genome","PZ055524.1 Quillaja lancifolia voucher ICN 142953 chloroplast, complete genome",Quillaja lancifolia
PX400301.fasta,PX400301.1,"Radermachera sinica isolate 175852846721508 chloroplast, complete genome","PX400301.1 Radermachera sinica isolate 175852846721508 chloroplast, complete genome",Radermachera sinica
PV870819.fasta,PV870819.1,"Rafnia angulata voucher Yi15123-KUN chloroplast, complete genome","PV870819.1 Rafnia angulata voucher Yi15123-KUN chloroplast, complete genome",Rafnia angulata
PP541876.fasta,PP541876.1,"Ranunculus acris chloroplast, complete genome","PP541876.1 Ranunculus acris chloroplast, complete genome",Ranunculus acris
PV621859.fasta,PV621859.1,"Ranunculus arvensis chloroplast, complete genome","PV621859.1 Ranunculus arvensis chloroplast, complete genome",Ranunculus arvensis
PV621860.fasta,PV621860.1,"Ranunculus aureopetalus chloroplast, complete genome","PV621860.1 Ranunculus aureopetalus chloroplast, complete genome",Ranunculus aureopetalus
PP840339.fasta,PP840339.1,"Ranunculus bulbosus chloroplast, complete genome","PP840339.1 Ranunculus bulbosus chloroplast, complete genome",Ranunculus bulbosus
PP541877.fasta,PP541877.1,"Ranunculus carinthiacus chloroplast, complete genome","PP541877.1 Ranunculus carinthiacus chloroplast, complete genome",Ranunculus carinthiacus
PV621858.fasta,PV621858.1,"Ranunculus glacialis chloroplast, complete genome","PV621858.1 Ranunculus glacialis chloroplast, complete genome",Ranunculus glacialis
PX753853.fasta,PX753853.1,"Ranunculus glareosus chloroplast, complete genome","PX753853.1 Ranunculus glareosus chloroplast, complete genome",Ranunculus glareosus
PV364609.fasta,PV364609.1,"Ranunculus laetus chloroplast, complete genome","PV364609.1 Ranunculus laetus chloroplast, complete genome",Ranunculus laetus
PP541878.fasta,PP541878.1,"Ranunculus montanus chloroplast, complete genome","PP541878.1 Ranunculus montanus chloroplast, complete genome",Ranunculus montanus
PV744414.fasta,PV744414.1,"Ranunculus muricatus chloroplast, complete genome","PV744414.1 Ranunculus muricatus chloroplast, complete genome",Ranunculus muricatus
PX686328.fasta,PX686328.1,"Ranunculus nephelogenes chloroplast, complete genome","PX686328.1 Ranunculus nephelogenes chloroplast, complete genome",Ranunculus nephelogenes
PV621861.fasta,PV621861.1,"Ranunculus sieboldii chloroplast, complete genome","PV621861.1 Ranunculus sieboldii chloroplast, complete genome",Ranunculus sieboldii
PP541879.fasta,PP541879.1,"Ranunculus thora chloroplast, complete genome","PP541879.1 Ranunculus thora chloroplast, complete genome",Ranunculus thora
PP541880.fasta,PP541880.1,"Ranunculus tuberosus chloroplast, complete genome","PP541880.1 Ranunculus tuberosus chloroplast, complete genome",Ranunculus tuberosus
PV621862.fasta,PV621862.1,"Ranunculus uncostigma chloroplast, complete genome","PV621862.1 Ranunculus uncostigma chloroplast, complete genome",Ranunculus uncostigma
OR832754.fasta,OR832754.1,"Reevesia pubescens chloroplast, complete genome","OR832754.1 Reevesia pubescens chloroplast, complete genome",Reevesia pubescens
MW029458.fasta,MW029458.1,"Reevesia thyrsoidea voucher PDBK2010-0172 chloroplast, complete genome","MW029458.1 Reevesia thyrsoidea voucher PDBK2010-0172 chloroplast, complete genome",Reevesia thyrsoidea
PX170676.fasta,PX170676.1,"Rehmannia chrysantha strain HHDH1 chloroplast, complete genome","PX170676.1 Rehmannia chrysantha strain HHDH1 chloroplast, complete genome",Rehmannia chrysantha
PP541881.fasta,PP541881.1,"Reseda lutea subsp. lutea chloroplast, complete genome","PP541881.1 Reseda lutea subsp. lutea chloroplast, complete genome",Reseda lutea
PP541882.fasta,PP541882.1,"Reseda luteola chloroplast, complete genome","PP541882.1 Reseda luteola chloroplast, complete genome",Reseda luteola
PV870802.fasta,PV870802.1,"Retama monosperma voucher Yi14774-KUN chloroplast, complete genome","PV870802.1 Retama monosperma voucher Yi14774-KUN chloroplast, complete genome",Retama monosperma
PX394660.fasta,PX394660.1,"Rhamnella franguloides isolate Rh-f chloroplast, complete genome","PX394660.1 Rhamnella franguloides isolate Rh-f chloroplast, complete genome",Rhamnella franguloides
PQ891889.fasta,PQ891889.1,"Rhamnella wilsonii voucher 1813s-2017-LZ06-25_H3TLGDMXX chloroplast, complete genome","PQ891889.1 Rhamnella wilsonii voucher 1813s-2017-LZ06-25_H3TLGDMXX chloroplast, complete genome",Rhamnella wilsonii
PP541883.fasta,PP541883.1,"Rhamnus cathartica chloroplast, complete genome","PP541883.1 Rhamnus cathartica chloroplast, complete genome",Rhamnus cathartica
PX969651.fasta,PX969651.1,"Rhamnus erythroxylum voucher UBU2026 chloroplast, complete genome","PX969651.1 Rhamnus erythroxylum voucher UBU2026 chloroplast, complete genome",Rhamnus erythroxylum
PP541884.fasta,PP541884.1,"Rhamnus saxatilis chloroplast, complete genome","PP541884.1 Rhamnus saxatilis chloroplast, complete genome",Rhamnus saxatilis
BK071861.fasta,BK071861.1,"Rhaponticoides alpina chloroplast, complete genome","BK071861.1 TPA_asm: Rhaponticoides alpina chloroplast, complete genome",Rhaponticoides alpina
PQ963207.fasta,PQ963207.1,"Rheum webbianum isolate Royle chloroplast, complete genome","PQ963207.1 Rheum webbianum isolate Royle chloroplast, complete genome",Rheum webbianum
PP541885.fasta,PP541885.1,"Rhinanthus alectorolophus subsp. alectorolophus chloroplast, complete genome","PP541885.1 Rhinanthus alectorolophus subsp. alectorolophus chloroplast, complete genome",Rhinanthus alectorolophus
PP541886.fasta,PP541886.1,"Rhinanthus freynii chloroplast, complete genome","PP541886.1 Rhinanthus freynii chloroplast, complete genome",Rhinanthus freynii
PP541887.fasta,PP541887.1,"Rhinanthus minor chloroplast, complete genome","PP541887.1 Rhinanthus minor chloroplast, complete genome",Rhinanthus minor
PZ291611.fasta,PZ291611.1,"Rhizophora mangle chloroplast, complete genome","PZ291611.1 Rhizophora mangle chloroplast, complete genome",Rhizophora mangle
PZ291610.fasta,PZ291610.1,"Rhizophora racemosa chloroplast, complete genome","PZ291610.1 Rhizophora racemosa chloroplast, complete genome",Rhizophora racemosa
PP975596.fasta,PP975596.1,"Rhodiola alsia chloroplast, complete genome","PP975596.1 Rhodiola alsia chloroplast, complete genome",Rhodiola alsia
PP965695.fasta,PP965695.1,"Rhodiola alterna chloroplast, complete genome","PP965695.1 Rhodiola alterna chloroplast, complete genome",Rhodiola alterna
PZ229033.fasta,PZ229033.1,"Rhodiola amabilis isolate TPIB01245 chloroplast, complete genome","PZ229033.1 Rhodiola amabilis isolate TPIB01245 chloroplast, complete genome",Rhodiola amabilis
PP262146.fasta,PP262146.1,"Rhodiola angusta isolate THCBHJT01 chloroplast, complete genome","PP262146.1 Rhodiola angusta isolate THCBHJT01 chloroplast, complete genome",Rhodiola angusta
PP965697.fasta,PP965697.1,"Rhodiola atuntsuensis chloroplast, complete genome","PP965697.1 Rhodiola atuntsuensis chloroplast, complete genome",Rhodiola atuntsuensis
PP975593.fasta,PP975593.1,"Rhodiola chrysanthemifolia subsp. sacra isolate GBJD chloroplast, complete genome","PP975593.1 Rhodiola chrysanthemifolia subsp. sacra isolate GBJD chloroplast, complete genome",Rhodiola chrysanthemifolia
PP975607.fasta,PP975607.1,"Rhodiola coccinea subsp. scabrida chloroplast, complete genome","PP975607.1 Rhodiola coccinea subsp. scabrida chloroplast, complete genome",Rhodiola coccinea
PP262137.fasta,PP262137.1,"Rhodiola crenulata isolate DHHJT chloroplast, complete genome","PP262137.1 Rhodiola crenulata isolate DHHJT chloroplast, complete genome",Rhodiola crenulata
PP262148.fasta,PP262148.1,"Rhodiola cretinii subsp. sinoalpina isolate XJDHHJT01 chloroplast, complete genome","PP262148.1 Rhodiola cretinii subsp. sinoalpina isolate XJDHHJT01 chloroplast, complete genome",Rhodiola cretinii
PP965698.fasta,PP965698.1,"Rhodiola discolor chloroplast, complete genome","PP965698.1 Rhodiola discolor chloroplast, complete genome",Rhodiola discolor
PP262144.fasta,PP262144.1,"Rhodiola dumulosa isolate TBXCHJT01 chloroplast, complete genome","PP262144.1 Rhodiola dumulosa isolate TBXCHJT01 chloroplast, complete genome",Rhodiola dumulosa
PP262134.fasta,PP262134.1,"Rhodiola fastigiata isolate CBHJT chloroplast, complete genome","PP262134.1 Rhodiola fastigiata isolate CBHJT chloroplast, complete genome",Rhodiola fastigiata
PP975597.fasta,PP975597.1,"Rhodiola forrestii chloroplast, complete genome","PP975597.1 Rhodiola forrestii chloroplast, complete genome",Rhodiola forrestii
PP975598.fasta,PP975598.1,"Rhodiola gelida chloroplast, complete genome","PP975598.1 Rhodiola gelida chloroplast, complete genome",Rhodiola gelida
PP262150.fasta,PP262150.1,"Rhodiola heterodonta isolate XJYCHJT01 chloroplast, complete genome","PP262150.1 Rhodiola heterodonta isolate XJYCHJT01 chloroplast, complete genome",Rhodiola heterodonta
PP262151.fasta,PP262151.1,"Rhodiola himalensis isolate XMHJT chloroplast, complete genome","PP262151.1 Rhodiola himalensis isolate XMHJT chloroplast, complete genome",Rhodiola himalensis
PP262152.fasta,PP262152.1,"Rhodiola kirilowii isolate DQZJHJT01 chloroplast, complete genome","PP262152.1 Rhodiola kirilowii isolate DQZJHJT01 chloroplast, complete genome",Rhodiola kirilowii
PP975599.fasta,PP975599.1,"Rhodiola liciae chloroplast, complete genome","PP975599.1 Rhodiola liciae chloroplast, complete genome",Rhodiola liciae
PP262149.fasta,PP262149.1,"Rhodiola litwinowii isolate XJHEHJT01 chloroplast, complete genome","PP262149.1 Rhodiola litwinowii isolate XJHEHJT01 chloroplast, complete genome",Rhodiola litwinowii
PP975600.fasta,PP975600.1,"Rhodiola nobilis chloroplast, complete genome","PP975600.1 Rhodiola nobilis chloroplast, complete genome",Rhodiola nobilis
PP262138.fasta,PP262138.1,"Rhodiola primuloides isolate DLBCHJT01 chloroplast, complete genome","PP262138.1 Rhodiola primuloides isolate DLBCHJT01 chloroplast, complete genome",Rhodiola primuloides
PP975601.fasta,PP975601.1,"Rhodiola purpureoviridis chloroplast, complete genome","PP975601.1 Rhodiola purpureoviridis chloroplast, complete genome",Rhodiola purpureoviridis
PP262143.fasta,PP262143.1,"Rhodiola quadrifida isolate SLHJT chloroplast, complete genome","PP262143.1 Rhodiola quadrifida isolate SLHJT chloroplast, complete genome",Rhodiola quadrifida
PP975604.fasta,PP975604.1,"Rhodiola renii isolate 3 chloroplast, complete genome","PP975604.1 Rhodiola renii isolate 3 chloroplast, complete genome",Rhodiola renii
PP165063.fasta,PP165063.1,"Rhodiola rosea chloroplast, complete genome","PP165063.1 Rhodiola rosea chloroplast, complete genome",Rhodiola rosea
PP262147.fasta,PP262147.1,"Rhodiola sachalinensis isolate THKYHJT01-1 chloroplast, complete genome","PP262147.1 Rhodiola sachalinensis isolate THKYHJT01-1 chloroplast, complete genome",Rhodiola sachalinensis
PP975608.fasta,PP975608.1,"Rhodiola semenovii chloroplast, complete genome","PP975608.1 Rhodiola semenovii chloroplast, complete genome",Rhodiola semenovii
PP975609.fasta,PP975609.1,"Rhodiola serrata chloroplast, complete genome","PP975609.1 Rhodiola serrata chloroplast, complete genome",Rhodiola serrata
PP975610.fasta,PP975610.1,"Rhodiola sinuata chloroplast, complete genome","PP975610.1 Rhodiola sinuata chloroplast, complete genome",Rhodiola sinuata
PP234588.fasta,PP234588.1,"Rhodiola smithii isolate p80 chloroplast, complete genome","PP234588.1 Rhodiola smithii isolate p80 chloroplast, complete genome",Rhodiola smithii
PP965700.fasta,PP965700.1,"Rhodiola tangutica chloroplast, complete genome","PP965700.1 Rhodiola tangutica chloroplast, complete genome",Rhodiola tangutica
PP965701.fasta,PP965701.1,"Rhodiola tibetica chloroplast, complete genome","PP965701.1 Rhodiola tibetica chloroplast, complete genome",Rhodiola tibetica
PP262133.fasta,PP262133.1,"Rhodiola tieghemii isolate BTHJT chloroplast, complete genome","PP262133.1 Rhodiola tieghemii isolate BTHJT chloroplast, complete genome",Rhodiola tieghemii
PP262135.fasta,PP262135.1,"Rhodiola wallichiana isolate CJHJT chloroplast, complete genome","PP262135.1 Rhodiola wallichiana isolate CJHJT chloroplast, complete genome",Rhodiola wallichiana
PP262155.fasta,PP262155.1,"Rhodiola yunnanensis isolate YNHJT chloroplast, complete genome","PP262155.1 Rhodiola yunnanensis isolate YNHJT chloroplast, complete genome",Rhodiola yunnanensis
PZ095205.fasta,PZ095205.1,"Rhododendron griersonianum chloroplast, complete genome","PZ095205.1 Rhododendron griersonianum chloroplast, complete genome",Rhododendron griersonianum
PV409682.fasta,PV409682.1,"Rhodohypoxis baurii chloroplast, complete genome","PV409682.1 Rhodohypoxis baurii chloroplast, complete genome",Rhodohypoxis baurii
ON693853.fasta,ON693853.1,"Rhodoleia championii isolate HHH82-1AA chloroplast, complete genome","ON693853.1 Rhodoleia championii isolate HHH82-1AA chloroplast, complete genome",Rhodoleia championii
ON729341.fasta,ON729341.1,"Rhodoleia henryi chloroplast, complete genome","ON729341.1 Rhodoleia henryi chloroplast, complete genome",Rhodoleia henryi
PV553468.fasta,PV553468.1,"Rhodostemonodaphne kunthiana voucher A. Rodriguez & al. 3362 chloroplast, complete genome","PV553468.1 Rhodostemonodaphne kunthiana voucher A. Rodriguez & al. 3362 chloroplast, complete genome",Rhodostemonodaphne kunthiana
OR783476.fasta,OR783476.1,"Rhynchopsidium pumilum chloroplast, complete genome","OR783476.1 Rhynchopsidium pumilum chloroplast, complete genome",Rhynchopsidium pumilum
PZ168340.fasta,PZ168340.1,"Rhynchosia minima chloroplast, complete genome","PZ168340.1 Rhynchosia minima chloroplast, complete genome",Rhynchosia minima
PP078696.fasta,PP078696.1,"Ribes fasciculatum isolate ZXX21002 chloroplast, complete genome","PP078696.1 Ribes fasciculatum isolate ZXX21002 chloroplast, complete genome",Ribes fasciculatum
PP203133.fasta,PP203133.1,"Ribes petraeum chloroplast, complete genome","PP203133.1 Ribes petraeum chloroplast, complete genome",Ribes petraeum
PX999661.fasta,PX999661.1,"Richardia brasiliensis chloroplast, complete genome","PX999661.1 Richardia brasiliensis chloroplast, complete genome",Richardia brasiliensis
PQ834960.fasta,PQ834960.1,"Robinia neomexicana var. luxurians isolate XH chloroplast, complete genome","PQ834960.1 Robinia neomexicana var. luxurians isolate XH chloroplast, complete genome",Robinia neomexicana
PQ593568.fasta,PQ593568.1,"Robinia pseudoacacia chloroplast, complete genome","PQ593568.1 Robinia pseudoacacia chloroplast, complete genome",Robinia pseudoacacia
PQ580731.fasta,PQ580731.1,"Rochelia bungei voucher BNU2020XJ043 chloroplast, complete genome","PQ580731.1 Rochelia bungei voucher BNU2020XJ043 chloroplast, complete genome",Rochelia bungei
PV548698.fasta,PV548698.1,"Rochelia campanulata voucher 2023TAJ289 chloroplast, complete genome","PV548698.1 Rochelia campanulata voucher 2023TAJ289 chloroplast, complete genome",Rochelia campanulata
PQ585759.fasta,PQ585759.1,"Rochelia cardiosepala voucher BNU2021XJ096 chloroplast, complete genome","PQ585759.1 Rochelia cardiosepala voucher BNU2021XJ096 chloroplast, complete genome",Rochelia cardiosepala
PQ580730.fasta,PQ580730.1,"Rochelia leiocarpa voucher BNU2020XJ078 chloroplast, complete genome","PQ580730.1 Rochelia leiocarpa voucher BNU2020XJ078 chloroplast, complete genome",Rochelia leiocarpa
PV548697.fasta,PV548697.1,"Rochelia rectipes voucher TASH:s. n. chloroplast, complete genome","PV548697.1 Rochelia rectipes voucher TASH:s. n. chloroplast, complete genome",Rochelia rectipes
PV548701.fasta,PV548701.1,"Rochelia sessiliflora voucher TASH:50 chloroplast, complete genome","PV548701.1 Rochelia sessiliflora voucher TASH:50 chloroplast, complete genome",Rochelia sessiliflora
PV640437.fasta,PV640437.1,"Rorippa dubia chloroplast, complete genome","PV640437.1 Rorippa dubia chloroplast, complete genome",Rorippa dubia
PP297065.fasta,PP297065.1,"Rorippa globosa chloroplast, complete genome","PP297065.1 Rorippa globosa chloroplast, complete genome",Rorippa globosa
PP297066.fasta,PP297066.1,"Rorippa indica chloroplast, complete genome","PP297066.1 Rorippa indica chloroplast, complete genome",Rorippa indica
PP165064.fasta,PP165064.1,"Rorippa palustris chloroplast, complete genome","PP165064.1 Rorippa palustris chloroplast, complete genome",Rorippa palustris
PP297068.fasta,PP297068.1,"Rorippa sylvestris chloroplast, complete genome","PP297068.1 Rorippa sylvestris chloroplast, complete genome",Rorippa sylvestris
PV744412.fasta,PV744412.1,"Rosa abyssinica voucher CDBI:ZC694 chloroplast, complete genome","PV744412.1 Rosa abyssinica voucher CDBI:ZC694 chloroplast, complete genome",Rosa abyssinica
PV330080.fasta,PV330080.1,"Rosa acicularis isolate ipbb_64.12.6.1 chloroplast, complete genome","PV330080.1 Rosa acicularis isolate ipbb_64.12.6.1 chloroplast, complete genome",Rosa acicularis
PV744374.fasta,PV744374.1,"Rosa anemoniflora voucher CDBI:SF2010-157-3 chloroplast, complete genome","PV744374.1 Rosa anemoniflora voucher CDBI:SF2010-157-3 chloroplast, complete genome",Rosa anemoniflora
PV744409.fasta,PV744409.1,"Rosa arvensis voucher CDBI:GXF16220-1 chloroplast, complete genome","PV744409.1 Rosa arvensis voucher CDBI:GXF16220-1 chloroplast, complete genome",Rosa arvensis
PV744413.fasta,PV744413.1,"Rosa blanda voucher CDBI:GXF16595 chloroplast, complete genome","PV744413.1 Rosa blanda voucher CDBI:GXF16595 chloroplast, complete genome",Rosa blanda
PP976079.fasta,PP976079.1,"Rosa bracteata isolate M602_10 chloroplast, complete genome","PP976079.1 Rosa bracteata isolate M602_10 chloroplast, complete genome",Rosa bracteata
PV550499.fasta,PV550499.1,"Rosa canina isolate S27 voucher GLM12396 chloroplast, complete genome","PV550499.1 Rosa canina isolate S27 voucher GLM12396 chloroplast, complete genome",Rosa canina
PP976081.fasta,PP976081.1,"Rosa chinensis var. spontanea isolate M602_12 cultivar Pink Blush chloroplast, complete genome","PP976081.1 Rosa chinensis var. spontanea isolate M602_12 cultivar Pink Blush chloroplast, complete genome",Rosa chinensis
OK509171.fasta,OK509171.1,"Rosa clinophylla var. clinophylla isolate 8 voucher GXFhome-MD chloroplast, complete genome","OK509171.1 Rosa clinophylla var. clinophylla isolate 8 voucher GXFhome-MD chloroplast, complete genome",Rosa clinophylla
PP976091.fasta,PP976091.1,"Rosa cymosa isolate R1 chloroplast, complete genome","PP976091.1 Rosa cymosa isolate R1 chloroplast, complete genome",Rosa cymosa
PV744386.fasta,PV744386.1,"Rosa daishanensis voucher CDBI:SF2012-015-2 chloroplast, complete genome","PV744386.1 Rosa daishanensis voucher CDBI:SF2012-015-2 chloroplast, complete genome",Rosa daishanensis
PV744406.fasta,PV744406.1,"Rosa deqenensis voucher CDBI:GXF13439-7 chloroplast, complete genome","PV744406.1 Rosa deqenensis voucher CDBI:GXF13439-7 chloroplast, complete genome",Rosa deqenensis
PV744405.fasta,PV744405.1,"Rosa derongensis voucher CDBI:GXF13437-4 chloroplast, complete genome","PV744405.1 Rosa derongensis voucher CDBI:GXF13437-4 chloroplast, complete genome",Rosa derongensis
PV786059.fasta,PV786059.1,"Rosa ecae chloroplast, complete genome","PV786059.1 Rosa ecae chloroplast, complete genome",Rosa ecae
PV786060.fasta,PV786060.1,"Rosa fedtschenkoana chloroplast, complete genome","PV786060.1 Rosa fedtschenkoana chloroplast, complete genome",Rosa fedtschenkoana
OK509173.fasta,OK509173.1,"Rosa filipes isolate 20a voucher SF2012-034-1(CDBI) chloroplast, complete genome","OK509173.1 Rosa filipes isolate 20a voucher SF2012-034-1(CDBI) chloroplast, complete genome",Rosa filipes
PV487599.fasta,PV487599.1,"Rosa forrestiana voucher CDBI:GXF18940-8 chloroplast, complete genome","PV487599.1 Rosa forrestiana voucher CDBI:GXF18940-8 chloroplast, complete genome",Rosa forrestiana
PV487598.fasta,PV487598.1,"Rosa freitagii voucher FUMH:46139 chloroplast, complete genome","PV487598.1 Rosa freitagii voucher FUMH:46139 chloroplast, complete genome",Rosa freitagii
PV744391.fasta,PV744391.1,"Rosa fujisanensis voucher CDBI:TLR014 chloroplast, complete genome","PV744391.1 Rosa fujisanensis voucher CDBI:TLR014 chloroplast, complete genome",Rosa fujisanensis
OK509172.fasta,OK509172.1,"Rosa gallica isolate 116 voucher TLR104(CDBI) chloroplast, complete genome","OK509172.1 Rosa gallica isolate 116 voucher TLR104(CDBI) chloroplast, complete genome",Rosa gallica
PV487597.fasta,PV487597.1,"Rosa glomerata voucher CDBI:GXF18947-1 chloroplast, complete genome","PV487597.1 Rosa glomerata voucher CDBI:GXF18947-1 chloroplast, complete genome",Rosa glomerata
PP191172.fasta,PP191172.1,"Rosa hugonis chloroplast, complete genome","PP191172.1 Rosa hugonis chloroplast, complete genome",Rosa hugonis
PP976097.fasta,PP976097.1,"Rosa hybrid cultivar isolate R7 cultivar Frau Karl Druschki chloroplast, complete genome","PP976097.1 Rosa hybrid cultivar isolate R7 cultivar Frau Karl Druschki chloroplast, complete genome",Rosa hybrid
PV330081.fasta,PV330081.1,"Rosa iliensis isolate ipbb_64.12.5.1 chloroplast, complete genome","PV330081.1 Rosa iliensis isolate ipbb_64.12.5.1 chloroplast, complete genome",Rosa iliensis
PV786061.fasta,PV786061.1,"Rosa kokanica chloroplast, complete genome","PV786061.1 Rosa kokanica chloroplast, complete genome",Rosa kokanica
PV744375.fasta,PV744375.1,"Rosa kwangtungensis voucher CDBI:WTS0001 chloroplast, complete genome","PV744375.1 Rosa kwangtungensis voucher CDBI:WTS0001 chloroplast, complete genome",Rosa kwangtungensis
PP976064.fasta,PP976064.1,"Rosa laevigata isolate D0929_R12 chloroplast, complete genome","PP976064.1 Rosa laevigata isolate D0929_R12 chloroplast, complete genome",Rosa laevigata
PV744399.fasta,PV744399.1,"Rosa lasiosepala voucher ANUB:ZZM527-1 chloroplast, complete genome","PV744399.1 Rosa lasiosepala voucher ANUB:ZZM527-1 chloroplast, complete genome",Rosa lasiosepala
PV330082.fasta,PV330082.1,"Rosa laxa isolate ipbb_64.12.4.1 chloroplast, complete genome","PV330082.1 Rosa laxa isolate ipbb_64.12.4.1 chloroplast, complete genome",Rosa laxa
PV744411.fasta,PV744411.1,"Rosa leschenaultiana voucher CDBI:TLR101 chloroplast, complete genome","PV744411.1 Rosa leschenaultiana voucher CDBI:TLR101 chloroplast, complete genome",Rosa leschenaultiana
PV744402.fasta,PV744402.1,"Rosa longicuspis var. longicuspis voucher CDBI:ZC50367 chloroplast, complete genome","PV744402.1 Rosa longicuspis var. longicuspis voucher CDBI:ZC50367 chloroplast, complete genome",Rosa longicuspis
OP787130.fasta,OP787130.1,"Rosa lucidissima chloroplast, complete genome","OP787130.1 Rosa lucidissima chloroplast, complete genome",Rosa lucidissima
PP934438.fasta,PP934438.1,"Rosa lucieae var. onoei isolate JM102 voucher SKK:JM102 chloroplast, complete genome","PP934438.1 Rosa lucieae var. onoei isolate JM102 voucher SKK:JM102 chloroplast, complete genome",Rosa lucieae
PV744397.fasta,PV744397.1,"Rosa ludingensis voucher CDBI:2011-014 chloroplast, complete genome","PV744397.1 Rosa ludingensis voucher CDBI:2011-014 chloroplast, complete genome",Rosa ludingensis
PV744387.fasta,PV744387.1,"Rosa maximowicziana voucher CDBI:GXF16450-18 chloroplast, complete genome","PV744387.1 Rosa maximowicziana voucher CDBI:GXF16450-18 chloroplast, complete genome",Rosa maximowicziana
OK509175.fasta,OK509175.1,"Rosa minutifolia isolate 115 chloroplast, complete genome","OK509175.1 Rosa minutifolia isolate 115 chloroplast, complete genome",Rosa minutifolia
PP541888.fasta,PP541888.1,"Rosa montana chloroplast, complete genome","PP541888.1 Rosa montana chloroplast, complete genome",Rosa montana
PP976092.fasta,PP976092.1,"Rosa moschata isolate R2 chloroplast, complete genome","PP976092.1 Rosa moschata isolate R2 chloroplast, complete genome",Rosa moschata
PV744408.fasta,PV744408.1,"Rosa multiflora var. cathayensis voucher CDBI:GL0004-2 chloroplast, complete genome","PV744408.1 Rosa multiflora var. cathayensis voucher CDBI:GL0004-2 chloroplast, complete genome",Rosa multiflora
PP976095.fasta,PP976095.1,"Rosa nitida isolate R5 chloroplast, complete genome","PP976095.1 Rosa nitida isolate R5 chloroplast, complete genome",Rosa nitida
PP976089.fasta,PP976089.1,"Rosa odorata var. erubescens isolate M602_20 chloroplast, complete genome","PP976089.1 Rosa odorata var. erubescens isolate M602_20 chloroplast, complete genome",Rosa odorata
PP976098.fasta,PP976098.1,"Rosa omeiensis isolate Rosa_omeiensis chloroplast, complete genome","PP976098.1 Rosa omeiensis isolate Rosa_omeiensis chloroplast, complete genome",Rosa omeiensis
PP976094.fasta,PP976094.1,"Rosa palustris isolate R4 chloroplast, complete genome","PP976094.1 Rosa palustris isolate R4 chloroplast, complete genome",Rosa palustris
PP934439.fasta,PP934439.1,"Rosa paniculigera isolate 2137 voucher SKK:140403307 chloroplast, complete genome","PP934439.1 Rosa paniculigera isolate 2137 voucher SKK:140403307 chloroplast, complete genome",Rosa paniculigera
OK509178.fasta,OK509178.1,"Rosa prattii isolate 149 voucher GXF17351-4(CDBI) chloroplast, complete genome","OK509178.1 Rosa prattii isolate 149 voucher GXF17351-4(CDBI) chloroplast, complete genome",Rosa prattii
PV744377.fasta,PV744377.1,"Rosa pricei var. pricei voucher CDBI:SF-2012-029-1 chloroplast, complete genome","PV744377.1 Rosa pricei var. pricei voucher CDBI:SF-2012-029-1 chloroplast, complete genome",Rosa pricei
OK509174.fasta,OK509174.1,"Rosa roxburghii var. hirtula isolate 46a voucher TLR020(CDBI) chloroplast, complete genome","OK509174.1 Rosa roxburghii var. hirtula isolate 46a voucher TLR020(CDBI) chloroplast, complete genome",Rosa roxburghii
PV744378.fasta,PV744378.1,"Rosa rubus voucher CDBI:ZZM704 chloroplast, complete genome","PV744378.1 Rosa rubus voucher CDBI:ZZM704 chloroplast, complete genome",Rosa rubus
PP648251.fasta,PP648251.1,"Rosa rugosa voucher BOP010536 chloroplast, complete genome","PP648251.1 Rosa rugosa voucher BOP010536 chloroplast, complete genome",Rosa rugosa
PV744404.fasta,PV744404.1,"Rosa sambucina var. sambucina voucher CDBI:GXF15759-2 chloroplast, complete genome","PV744404.1 Rosa sambucina var. sambucina voucher CDBI:GXF15759-2 chloroplast, complete genome",Rosa sambucina
PV744410.fasta,PV744410.1,"Rosa sempervirens voucher CDBI:GXF16244-4 chloroplast, complete genome","PV744410.1 Rosa sempervirens voucher CDBI:GXF16244-4 chloroplast, complete genome",Rosa sempervirens
OK509176.fasta,OK509176.1,"Rosa soulieana isolate 23 voucher THP-KD-7066(CDBI) chloroplast, complete genome","OK509176.1 Rosa soulieana isolate 23 voucher THP-KD-7066(CDBI) chloroplast, complete genome",Rosa soulieana
PV330083.fasta,PV330083.1,"Rosa spinosissima isolate ipbb_64.12.8.1 chloroplast, complete genome","PV330083.1 Rosa spinosissima isolate ipbb_64.12.8.1 chloroplast, complete genome",Rosa spinosissima
PV443020.fasta,PV443020.1,"Rosa sterilis (nom. nud.) chloroplast, complete genome","PV443020.1 Rosa sterilis (nom. nud.) chloroplast, complete genome",Rosa sterilis
PP934442.fasta,PP934442.1,"Rosa taiwanensis isolate 7267 voucher SKK:JJH-267 chloroplast, complete genome","PP934442.1 Rosa taiwanensis isolate 7267 voucher SKK:JJH-267 chloroplast, complete genome",Rosa taiwanensis
PP934441.fasta,PP934441.1,"Rosa transmorrisonensis isolate 7301 voucher SKK:JJH-301 chloroplast, complete genome","PP934441.1 Rosa transmorrisonensis isolate 7301 voucher SKK:JJH-301 chloroplast, complete genome",Rosa transmorrisonensis
PV744376.fasta,PV744376.1,"Rosa tunquinensis voucher CDBI:TLR102 chloroplast, complete genome","PV744376.1 Rosa tunquinensis voucher CDBI:TLR102 chloroplast, complete genome",Rosa tunquinensis
PP976093.fasta,PP976093.1,"Rosa virginiana isolate R3 chloroplast, complete genome","PP976093.1 Rosa virginiana isolate R3 chloroplast, complete genome",Rosa virginiana
PV744396.fasta,PV744396.1,"Rosa weisiensis voucher CDBI:GXF16399-8 chloroplast, complete genome","PV744396.1 Rosa weisiensis voucher CDBI:GXF16399-8 chloroplast, complete genome",Rosa weisiensis
PP976090.fasta,PP976090.1,"Rosa x damascena isolate M602_S1 chloroplast, complete genome","PP976090.1 Rosa x damascena isolate M602_S1 chloroplast, complete genome",Rosa damascena
PX872519.fasta,PX872519.1,"Rosa xanthina isolate DB chloroplast, complete genome","PX872519.1 Rosa xanthina isolate DB chloroplast, complete genome",Rosa xanthina
PZ168341.fasta,PZ168341.1,"Rosularia adenotricha chloroplast, complete genome","PZ168341.1 Rosularia adenotricha chloroplast, complete genome",Rosularia adenotricha
PX570610.fasta,PX570610.1,"Rubroshorea johorensis chloroplast, complete genome","PX570610.1 Rubroshorea johorensis chloroplast, complete genome",Rubroshorea johorensis
PQ412302.fasta,PQ412302.1,"Rubroshorea palembanica chloroplast, complete genome","PQ412302.1 Rubroshorea palembanica chloroplast, complete genome",Rubroshorea palembanica
OR972714.fasta,OR972714.1,"Rubus argutus chloroplast, complete genome","OR972714.1 Rubus argutus chloroplast, complete genome",Rubus argutus
PV282406.fasta,PV282406.1,"Rubus armeniacus clone Rar2 chloroplast, complete genome","PV282406.1 Rubus armeniacus clone Rar2 chloroplast, complete genome",Rubus armeniacus
PV282407.fasta,PV282407.1,"Rubus caesius clone Rca2 chloroplast, complete genome","PV282407.1 Rubus caesius clone Rca2 chloroplast, complete genome",Rubus caesius
PV282408.fasta,PV282408.1,"Rubus chamaemorus clone Rcha3 chloroplast, complete genome","PV282408.1 Rubus chamaemorus clone Rcha3 chloroplast, complete genome",Rubus chamaemorus
PP872287.fasta,PP872287.1,"Rubus chingii chloroplast, complete genome","PP872287.1 Rubus chingii chloroplast, complete genome",Rubus chingii
OR972716.fasta,OR972716.1,"Rubus corchorifolius chloroplast, complete genome","OR972716.1 Rubus corchorifolius chloroplast, complete genome",Rubus corchorifolius
PV008705.fasta,PV008705.1,"Rubus coreanus voucher HGNU-0194 chloroplast, complete genome","PV008705.1 Rubus coreanus voucher HGNU-0194 chloroplast, complete genome",Rubus coreanus
PP541890.fasta,PP541890.1,"Rubus hirtus chloroplast, complete genome","PP541890.1 Rubus hirtus chloroplast, complete genome",Rubus hirtus
PZ264131.fasta,PZ264131.1,"Rubus idaeus chloroplast, complete genome","PZ264131.1 Rubus idaeus chloroplast, complete genome",Rubus idaeus
OR972718.fasta,OR972718.1,"Rubus occidentalis chloroplast, complete genome","OR972718.1 Rubus occidentalis chloroplast, complete genome",Rubus occidentalis
OR972719.fasta,OR972719.1,"Rubus parviflorus chloroplast, complete genome","OR972719.1 Rubus parviflorus chloroplast, complete genome",Rubus parviflorus
PV955414.fasta,PV955414.1,"Rubus reflexus var. lanceolobus chloroplast, complete genome","PV955414.1 Rubus reflexus var. lanceolobus chloroplast, complete genome",Rubus reflexus
PV590107.fasta,PV590107.1,"Rubus semiplenus voucher HY16383 chloroplast, complete genome","PV590107.1 Rubus semiplenus voucher HY16383 chloroplast, complete genome",Rubus semiplenus
PV330320.fasta,PV330320.1,"Rubus spectabilis clone Rsp2 chloroplast, complete genome","PV330320.1 Rubus spectabilis clone Rsp2 chloroplast, complete genome",Rubus spectabilis
OQ564492.fasta,OQ564492.1,"Ruellia elegans chloroplast, complete genome","OQ564492.1 Ruellia elegans chloroplast, complete genome",Ruellia elegans
PX921675.fasta,PX921675.1,"Ruellia simplex chloroplast, complete genome","PX921675.1 Ruellia simplex chloroplast, complete genome",Ruellia simplex
PP541893.fasta,PP541893.1,"Rumex alpinus chloroplast, complete genome","PP541893.1 Rumex alpinus chloroplast, complete genome",Rumex alpinus
PP234507.fasta,PP234507.1,"Rumex angulatus isolate p105 chloroplast, complete genome","PP234507.1 Rumex angulatus isolate p105 chloroplast, complete genome",Rumex angulatus
PP541892.fasta,PP541892.1,"Rumex crispus chloroplast, complete genome","PP541892.1 Rumex crispus chloroplast, complete genome",Rumex crispus
PX501751.fasta,PX501751.1,"Rumex hastatus chloroplast, complete genome","PX501751.1 Rumex hastatus chloroplast, complete genome",Rumex hastatus
PP541894.fasta,PP541894.1,"Rumex pulcher subsp. pulcher chloroplast, complete genome","PP541894.1 Rumex pulcher subsp. pulcher chloroplast, complete genome",Rumex pulcher
PP541895.fasta,PP541895.1,"Rumex scutatus subsp. scutatus chloroplast, complete genome","PP541895.1 Rumex scutatus subsp. scutatus chloroplast, complete genome",Rumex scutatus
PV087168.fasta,PV087168.1,"Ruscus hypophyllum chloroplast, complete genome","PV087168.1 Ruscus hypophyllum chloroplast, complete genome",Ruscus hypophyllum
PQ762215.fasta,PQ762215.1,"Rutidosis leptorrhynchoides isolate AG116_Rl617_1_P2 chloroplast, complete genome","PQ762215.1 Rutidosis leptorrhynchoides isolate AG116_Rl617_1_P2 chloroplast, complete genome",Rutidosis leptorrhynchoides
PX275705.fasta,PX275705.1,"Sabulina glaucina subsp. leptophylla chloroplast, complete genome","PX275705.1 Sabulina glaucina subsp. leptophylla chloroplast, complete genome",Sabulina glaucina
PP484625.fasta,PP484625.1,"Sabulina tenuifolia chloroplast, complete genome","PP484625.1 Sabulina tenuifolia chloroplast, complete genome",Sabulina tenuifolia
PZ381150.fasta,PZ381150.1,"Saccharum hybrid cultivar cultivar Pringu chloroplast, complete genome","PZ381150.1 Saccharum hybrid cultivar cultivar Pringu chloroplast, complete genome",Saccharum hybrid
PV091122.fasta,PV091122.1,"Saccharum longisetosum isolate GZ95-20 chloroplast, complete genome","PV091122.1 Saccharum longisetosum isolate GZ95-20 chloroplast, complete genome",Saccharum longisetosum
PV008706.fasta,PV008706.1,"Sageretia thea voucher 295848 chloroplast, complete genome","PV008706.1 Sageretia thea voucher 295848 chloroplast, complete genome",Sageretia thea
PP165065.fasta,PP165065.1,"Sagina apetala subsp. apetala chloroplast, complete genome","PP165065.1 Sagina apetala subsp. apetala chloroplast, complete genome",Sagina apetala
PQ573026.fasta,PQ573026.1,"Sagina maxima chloroplast, complete genome","PQ573026.1 Sagina maxima chloroplast, complete genome",Sagina maxima
PP165066.fasta,PP165066.1,"Sagina procumbens chloroplast, complete genome","PP165066.1 Sagina procumbens chloroplast, complete genome",Sagina procumbens
PZ250435.fasta,PZ250435.1,"Salacia chinensis chloroplast, complete genome","PZ250435.1 Salacia chinensis chloroplast, complete genome",Salacia chinensis
PQ842552.fasta,PQ842552.1,"Salix babylonica isolate F chloroplast, complete genome","PQ842552.1 Salix babylonica isolate F chloroplast, complete genome",Salix babylonica
PP622677.fasta,PP622677.1,"Salix breviserrata chloroplast, complete genome","PP622677.1 Salix breviserrata chloroplast, complete genome",Salix breviserrata
PP622678.fasta,PP622678.1,"Salix cinerea chloroplast, complete genome","PP622678.1 Salix cinerea chloroplast, complete genome",Salix cinerea
PP622679.fasta,PP622679.1,"Salix hastata chloroplast, complete genome","PP622679.1 Salix hastata chloroplast, complete genome",Salix hastata
PQ842550.fasta,PQ842550.1,"Salix pierotii isolate F chloroplast, complete genome","PQ842550.1 Salix pierotii isolate F chloroplast, complete genome",Salix pierotii
PQ842554.fasta,PQ842554.1,"Salix pseudolasiogyne isolate F chloroplast, complete genome","PQ842554.1 Salix pseudolasiogyne isolate F chloroplast, complete genome",Salix pseudolasiogyne
PP622680.fasta,PP622680.1,"Salix reticulata chloroplast, complete genome","PP622680.1 Salix reticulata chloroplast, complete genome",Salix reticulata
PP622681.fasta,PP622681.1,"Salix rosmarinifolia chloroplast, complete genome","PP622681.1 Salix rosmarinifolia chloroplast, complete genome",Salix rosmarinifolia
PP622682.fasta,PP622682.1,"Salix triandra subsp. triandra chloroplast, complete genome","PP622682.1 Salix triandra subsp. triandra chloroplast, complete genome",Salix triandra
ON929854.fasta,ON929854.1,"Salsola collina chloroplast, complete genome","ON929854.1 Salsola collina chloroplast, complete genome",Salsola collina
ON929866.fasta,ON929866.1,"Salsola foliosa chloroplast, complete genome","ON929866.1 Salsola foliosa chloroplast, complete genome",Salsola foliosa
ON929865.fasta,ON929865.1,"Salsola heptapotamica chloroplast, complete genome","ON929865.1 Salsola heptapotamica chloroplast, complete genome",Salsola heptapotamica
ON929856.fasta,ON929856.1,"Salsola junatovii chloroplast, complete genome","ON929856.1 Salsola junatovii chloroplast, complete genome",Salsola junatovii
PP234571.fasta,PP234571.1,"Salsola monoptera isolate p62 chloroplast, complete genome","PP234571.1 Salsola monoptera isolate p62 chloroplast, complete genome",Salsola monoptera
ON929855.fasta,ON929855.1,"Salsola paulsenii chloroplast, complete genome","ON929855.1 Salsola paulsenii chloroplast, complete genome",Salsola paulsenii
ON929859.fasta,ON929859.1,"Salsola pellucida chloroplast, complete genome","ON929859.1 Salsola pellucida chloroplast, complete genome",Salsola pellucida
ON929864.fasta,ON929864.1,"Salsola rosacea chloroplast, complete genome","ON929864.1 Salsola rosacea chloroplast, complete genome",Salsola rosacea
ON929869.fasta,ON929869.1,"Salsola tragus chloroplast, complete genome","ON929869.1 Salsola tragus chloroplast, complete genome",Salsola tragus
PV870855.fasta,PV870855.1,"Salvia aethiopis voucher 2501 chloroplast, complete genome","PV870855.1 Salvia aethiopis voucher 2501 chloroplast, complete genome",Salvia aethiopis
PV870856.fasta,PV870856.1,"Salvia amarissima voucher 2502 chloroplast, complete genome","PV870856.1 Salvia amarissima voucher 2502 chloroplast, complete genome",Salvia amarissima
PX971244.fasta,PX971244.1,"Salvia brandegeei chloroplast, complete genome","PX971244.1 Salvia brandegeei chloroplast, complete genome",Salvia brandegeei
PV601297.fasta,PV601297.1,"Salvia bucharica chloroplast, complete genome","PV601297.1 Salvia bucharica chloroplast, complete genome",Salvia bucharica
PV591959.fasta,PV591959.1,"Salvia chinensis chloroplast, complete genome","PV591959.1 Salvia chinensis chloroplast, complete genome",Salvia chinensis
PX971245.fasta,PX971245.1,"Salvia clevelandii chloroplast, complete genome","PX971245.1 Salvia clevelandii chloroplast, complete genome",Salvia clevelandii
PX971246.fasta,PX971246.1,"Salvia columbariae chloroplast, complete genome","PX971246.1 Salvia columbariae chloroplast, complete genome",Salvia columbariae
PV235598.fasta,PV235598.1,"Salvia digitaloides chloroplast, complete genome","PV235598.1 Salvia digitaloides chloroplast, complete genome",Salvia digitaloides
PV870857.fasta,PV870857.1,"Salvia dorrii voucher 2503 chloroplast, complete genome","PV870857.1 Salvia dorrii voucher 2503 chloroplast, complete genome",Salvia dorrii
PV870858.fasta,PV870858.1,"Salvia eremostachya voucher 2504 chloroplast, complete genome","PV870858.1 Salvia eremostachya voucher 2504 chloroplast, complete genome",Salvia eremostachya
PV870859.fasta,PV870859.1,"Salvia fruticosa voucher 2505 chloroplast, complete genome","PV870859.1 Salvia fruticosa voucher 2505 chloroplast, complete genome",Salvia fruticosa
PV340579.fasta,PV340579.1,"Salvia glutinosa chloroplast, complete genome","PV340579.1 Salvia glutinosa chloroplast, complete genome",Salvia glutinosa
OR767373.fasta,OR767373.1,"Salvia guidongensis chloroplast, complete genome","OR767373.1 Salvia guidongensis chloroplast, complete genome",Salvia guidongensis
PV870860.fasta,PV870860.1,"Salvia huberi voucher 2506 chloroplast, complete genome","PV870860.1 Salvia huberi voucher 2506 chloroplast, complete genome",Salvia huberi
PV972776.fasta,PV972776.1,"Salvia insignis voucher TASH090325 chloroplast, complete genome","PV972776.1 Salvia insignis voucher TASH090325 chloroplast, complete genome",Salvia insignis
PV601298.fasta,PV601298.1,"Salvia korolkovii voucher TASH090422 chloroplast, complete genome","PV601298.1 Salvia korolkovii voucher TASH090422 chloroplast, complete genome",Salvia korolkovii
PV870861.fasta,PV870861.1,"Salvia kronenburgii voucher 2507 chloroplast, complete genome","PV870861.1 Salvia kronenburgii voucher 2507 chloroplast, complete genome",Salvia kronenburgii
PV991053.fasta,PV991053.1,"Salvia lilacinocoerulea chloroplast, complete genome","PV991053.1 Salvia lilacinocoerulea chloroplast, complete genome",Salvia lilacinocoerulea
PV870862.fasta,PV870862.1,"Salvia limbata voucher 2508 chloroplast, complete genome","PV870862.1 Salvia limbata voucher 2508 chloroplast, complete genome",Salvia limbata
PV870863.fasta,PV870863.1,"Salvia mohavensis voucher 2509 chloroplast, complete genome","PV870863.1 Salvia mohavensis voucher 2509 chloroplast, complete genome",Salvia mohavensis
OR684571.fasta,OR684571.1,"Salvia multicaulis voucher DPUH4229 chloroplast, complete genome","OR684571.1 Salvia multicaulis voucher DPUH4229 chloroplast, complete genome",Salvia multicaulis
PX971247.fasta,PX971247.1,"Salvia munzii chloroplast, complete genome","PX971247.1 Salvia munzii chloroplast, complete genome",Salvia munzii
PV340580.fasta,PV340580.1,"Salvia officinalis chloroplast, complete genome","PV340580.1 Salvia officinalis chloroplast, complete genome",Salvia officinalis
PX971248.fasta,PX971248.1,"Salvia omeiana chloroplast, complete genome","PX971248.1 Salvia omeiana chloroplast, complete genome",Salvia omeiana
PV870865.fasta,PV870865.1,"Salvia pachyphylla voucher 2511 chloroplast, complete genome","PV870865.1 Salvia pachyphylla voucher 2511 chloroplast, complete genome",Salvia pachyphylla
PP272175.fasta,PP272175.1,"Salvia pratensis chloroplast, complete genome","PP272175.1 Salvia pratensis chloroplast, complete genome",Salvia pratensis
PX673854.fasta,PX673854.1,"Salvia rosmarinus chloroplast, complete genome","PX673854.1 Salvia rosmarinus chloroplast, complete genome",Salvia rosmarinus
PV870867.fasta,PV870867.1,"Salvia saccardiana voucher 2513 chloroplast, complete genome","PV870867.1 Salvia saccardiana voucher 2513 chloroplast, complete genome",Salvia saccardiana
PV340581.fasta,PV340581.1,"Salvia sclarea chloroplast, complete genome","PV340581.1 Salvia sclarea chloroplast, complete genome",Salvia sclarea
PV870868.fasta,PV870868.1,"Salvia sonomensis voucher 2514 chloroplast, complete genome","PV870868.1 Salvia sonomensis voucher 2514 chloroplast, complete genome",Salvia sonomensis
PV870869.fasta,PV870869.1,"Salvia spathacea voucher 2515 chloroplast, complete genome","PV870869.1 Salvia spathacea voucher 2515 chloroplast, complete genome",Salvia spathacea
PV601299.fasta,PV601299.1,"Salvia submutica voucher TASH091595 chloroplast, complete genome","PV601299.1 Salvia submutica voucher TASH091595 chloroplast, complete genome",Salvia submutica
PV995245.fasta,PV995245.1,"Salvia tianschanica voucher TASH091648 chloroplast, complete genome","PV995245.1 Salvia tianschanica voucher TASH091648 chloroplast, complete genome",Salvia tianschanica
PV243854.fasta,PV243854.1,"Salvia trijuga chloroplast, complete genome","PV243854.1 Salvia trijuga chloroplast, complete genome",Salvia trijuga
PX971249.fasta,PX971249.1,"Salvia tuerckheimii chloroplast, complete genome","PX971249.1 Salvia tuerckheimii chloroplast, complete genome",Salvia tuerckheimii
PP272176.fasta,PP272176.1,"Salvia verbenaca chloroplast, complete genome","PP272176.1 Salvia verbenaca chloroplast, complete genome",Salvia verbenaca
PP272177.fasta,PP272177.1,"Salvia verticillata subsp. verticillata chloroplast, complete genome","PP272177.1 Salvia verticillata subsp. verticillata chloroplast, complete genome",Salvia verticillata
PV870871.fasta,PV870871.1,"Salvia xanthocheila voucher 2517 chloroplast, complete genome","PV870871.1 Salvia xanthocheila voucher 2517 chloroplast, complete genome",Salvia xanthocheila
PQ524041.fasta,PQ524041.2,"Salvia yunnanensis isolate 173004159443018 chloroplast, complete genome","PQ524041.2 Salvia yunnanensis isolate 173004159443018 chloroplast, complete genome",Salvia yunnanensis
PZ239390.fasta,PZ239390.1,"Sambucus canadensis isolate SC chloroplast, complete genome","PZ239390.1 Sambucus canadensis isolate SC chloroplast, complete genome",Sambucus canadensis
PQ963024.fasta,PQ963024.1,"Sambucus ebulus subsp. africana isolate AEWU3 chloroplast, complete genome","PQ963024.1 Sambucus ebulus subsp. africana isolate AEWU3 chloroplast, complete genome",Sambucus ebulus
PZ239391.fasta,PZ239391.1,"Sambucus nigra isolate SN chloroplast, complete genome","PZ239391.1 Sambucus nigra isolate SN chloroplast, complete genome",Sambucus nigra
PZ239384.fasta,PZ239384.1,"Sambucus racemosa subsp. kamtschatica isolate SK3 chloroplast, complete genome","PZ239384.1 Sambucus racemosa subsp. kamtschatica isolate SK3 chloroplast, complete genome",Sambucus racemosa
PZ239387.fasta,PZ239387.1,"Sambucus sieboldiana isolate SS1 chloroplast, complete genome","PZ239387.1 Sambucus sieboldiana isolate SS1 chloroplast, complete genome",Sambucus sieboldiana
PZ239389.fasta,PZ239389.1,"Sambucus williamsii isolate SW chloroplast, complete genome","PZ239389.1 Sambucus williamsii isolate SW chloroplast, complete genome",Sambucus williamsii
PV010370.fasta,PV010370.1,"Sandoricum koetjape chloroplast, complete genome","PV010370.1 Sandoricum koetjape chloroplast, complete genome",Sandoricum koetjape
PP622683.fasta,PP622683.1,"Sanguisorba minor subsp. minor chloroplast, complete genome","PP622683.1 Sanguisorba minor subsp. minor chloroplast, complete genome",Sanguisorba minor
OR865878.fasta,OR865878.1,"Sanicula chinensis voucher S23052101 chloroplast, complete genome","OR865878.1 Sanicula chinensis voucher S23052101 chloroplast, complete genome",Sanicula chinensis
OR865884.fasta,OR865884.1,"Sanicula flavovirens voucher S23062301 chloroplast, complete genome","OR865884.1 Sanicula flavovirens voucher S23062301 chloroplast, complete genome",Sanicula flavovirens
OR865883.fasta,OR865883.1,"Sanicula giraldii voucher SBN2324 chloroplast, complete genome","OR865883.1 Sanicula giraldii voucher SBN2324 chloroplast, complete genome",Sanicula giraldii
OR865891.fasta,OR865891.1,"Sanicula hanyuanensis voucher S2073003 chloroplast, complete genome","OR865891.1 Sanicula hanyuanensis voucher S2073003 chloroplast, complete genome",Sanicula hanyuanensis
OR865876.fasta,OR865876.1,"Sanicula lamelligera voucher SBN2306 chloroplast, complete genome","OR865876.1 Sanicula lamelligera voucher SBN2306 chloroplast, complete genome",Sanicula lamelligera
OR865887.fasta,OR865887.1,"Sanicula langaoensis voucher S23041201 chloroplast, complete genome","OR865887.1 Sanicula langaoensis voucher S23041201 chloroplast, complete genome",Sanicula langaoensis
OR865880.fasta,OR865880.1,"Sanicula rubriflora voucher S082301 chloroplast, complete genome","OR865880.1 Sanicula rubriflora voucher S082301 chloroplast, complete genome",Sanicula rubriflora
OR865886.fasta,OR865886.1,"Sanicula tienmuensis var. pauciflora voucher S2062201 chloroplast, complete genome","OR865886.1 Sanicula tienmuensis var. pauciflora voucher S2062201 chloroplast, complete genome",Sanicula tienmuensis
PV087170.fasta,PV087170.1,"Sansevieria aethiopica chloroplast, complete genome","PV087170.1 Sansevieria aethiopica chloroplast, complete genome",Sansevieria aethiopica
PX240012.fasta,PX240012.1,"Sansevieria trifasciata cultivar Hani chloroplast, complete genome","PX240012.1 Sansevieria trifasciata cultivar Hani chloroplast, complete genome",Sansevieria trifasciata
PP078860.fasta,PP078860.1,"Saposhnikovia divaricata isolate 0709FF chloroplast, complete genome","PP078860.1 Saposhnikovia divaricata isolate 0709FF chloroplast, complete genome",Saposhnikovia divaricata
PQ728896.fasta,PQ728896.1,"Sarcandra glabra chloroplast, complete genome","PQ728896.1 Sarcandra glabra chloroplast, complete genome",Sarcandra glabra
PP681297.fasta,PP681297.1,"Sasamorpha hubeiensis voucher LX150 chloroplast, complete genome","PP681297.1 Sasamorpha hubeiensis voucher LX150 chloroplast, complete genome",Sasamorpha hubeiensis
PP590241.fasta,PP590241.1,"Sasamorpha qingyuanensis voucher CZY117 chloroplast, complete genome","PP590241.1 Sasamorpha qingyuanensis voucher CZY117 chloroplast, complete genome",Sasamorpha qingyuanensis
OR264263.fasta,OR264263.1,"Sassafras tzumu voucher GN002 chloroplast, complete genome","OR264263.1 Sassafras tzumu voucher GN002 chloroplast, complete genome",Sassafras tzumu
PP316497.fasta,PP316497.1,"Satureja hortensis chloroplast, complete genome","PP316497.1 Satureja hortensis chloroplast, complete genome",Satureja hortensis
PV480542.fasta,PV480542.1,"Satureja khuzistanica chloroplast, complete genome","PV480542.1 Satureja khuzistanica chloroplast, complete genome",Satureja khuzistanica
PV480543.fasta,PV480543.1,"Satureja montana chloroplast, complete genome","PV480543.1 Satureja montana chloroplast, complete genome",Satureja montana
OM949900.fasta,OM949900.1,"Saurauia polyneura voucher Lixw2994 chloroplast, complete genome","OM949900.1 Saurauia polyneura voucher Lixw2994 chloroplast, complete genome",Saurauia polyneura
PP056246.fasta,PP056246.1,"Saururus chinensis isolate CXZ383 chloroplast, complete genome","PP056246.1 Saururus chinensis isolate CXZ383 chloroplast, complete genome",Saururus chinensis
PP234557.fasta,PP234557.1,"Saussurea bracteata isolate p43 chloroplast, complete genome","PP234557.1 Saussurea bracteata isolate p43 chloroplast, complete genome",Saussurea bracteata
OR990540.fasta,OR990540.1,"Saussurea discolor chloroplast, complete genome","OR990540.1 Saussurea discolor chloroplast, complete genome",Saussurea discolor
PX236118.fasta,PX236118.1,"Saussurea ispajensis voucher YZP001570 chloroplast, complete genome","PX236118.1 Saussurea ispajensis voucher YZP001570 chloroplast, complete genome",Saussurea ispajensis
BK071862.fasta,BK071862.1,"Saussurea lehmannii chloroplast, complete genome","BK071862.1 TPA_asm: Saussurea lehmannii chloroplast, complete genome",Saussurea lehmannii
PV495202.fasta,PV495202.1,"Saussurea salicifolia chloroplast, complete genome","PV495202.1 Saussurea salicifolia chloroplast, complete genome",Saussurea salicifolia
PQ564432.fasta,PQ564432.1,"Saussurea seoulensis isolate S2 chloroplast, complete genome","PQ564432.1 Saussurea seoulensis isolate S2 chloroplast, complete genome",Saussurea seoulensis
PP234533.fasta,PP234533.1,"Saussurea thomsonii isolate p148 chloroplast, complete genome","PP234533.1 Saussurea thomsonii isolate p148 chloroplast, complete genome",Saussurea thomsonii
PP234529.fasta,PP234529.1,"Saussurea thoroldii isolate p144 chloroplast, complete genome","PP234529.1 Saussurea thoroldii isolate p144 chloroplast, complete genome",Saussurea thoroldii
PP234554.fasta,PP234554.1,"Saussurea wellbyi isolate p40 chloroplast, complete genome","PP234554.1 Saussurea wellbyi isolate p40 chloroplast, complete genome",Saussurea wellbyi
PV423509.fasta,PV423509.1,"Saxifraga aizoides chloroplast, complete genome","PV423509.1 Saxifraga aizoides chloroplast, complete genome",Saxifraga aizoides
PV426729.fasta,PV426729.1,"Saxifraga androsacea chloroplast, complete genome","PV426729.1 Saxifraga androsacea chloroplast, complete genome",Saxifraga androsacea
PV426730.fasta,PV426730.1,"Saxifraga aphylla chloroplast, complete genome","PV426730.1 Saxifraga aphylla chloroplast, complete genome",Saxifraga aphylla
PV426731.fasta,PV426731.1,"Saxifraga biflora chloroplast, complete genome","PV426731.1 Saxifraga biflora chloroplast, complete genome",Saxifraga biflora
PV426732.fasta,PV426732.1,"Saxifraga bryoides chloroplast, complete genome","PV426732.1 Saxifraga bryoides chloroplast, complete genome",Saxifraga bryoides
PV426733.fasta,PV426733.1,"Saxifraga caesia chloroplast, complete genome","PV426733.1 Saxifraga caesia chloroplast, complete genome",Saxifraga caesia
PZ168314.fasta,PZ168314.1,"Saxifraga cardiophylla isolate T105 chloroplast, complete genome","PZ168314.1 Saxifraga cardiophylla isolate T105 chloroplast, complete genome",Saxifraga cardiophylla
PV426734.fasta,PV426734.1,"Saxifraga consanguinea chloroplast, complete genome","PV426734.1 Saxifraga consanguinea chloroplast, complete genome",Saxifraga consanguinea
PV426735.fasta,PV426735.1,"Saxifraga depressa chloroplast, complete genome","PV426735.1 Saxifraga depressa chloroplast, complete genome",Saxifraga depressa
PV426736.fasta,PV426736.1,"Saxifraga exarata chloroplast, complete genome","PV426736.1 Saxifraga exarata chloroplast, complete genome",Saxifraga exarata
PZ168312.fasta,PZ168312.1,"Saxifraga haplophylloides isolate T55 chloroplast, complete genome","PZ168312.1 Saxifraga haplophylloides isolate T55 chloroplast, complete genome",Saxifraga haplophylloides
PV426737.fasta,PV426737.1,"Saxifraga hostii chloroplast, complete genome","PV426737.1 Saxifraga hostii chloroplast, complete genome",Saxifraga hostii
PP849681.fasta,PP849681.1,"Saxifraga josephii chloroplast, complete genome","PP849681.1 Saxifraga josephii chloroplast, complete genome",Saxifraga josephii
PP359606.fasta,PP359606.1,"Saxifraga mengtzeana voucher YNS0740 (KUN) chloroplast, complete genome","PP359606.1 Saxifraga mengtzeana voucher YNS0740 (KUN) chloroplast, complete genome",Saxifraga mengtzeana
PP622684.fasta,PP622684.1,"Saxifraga moschata chloroplast, complete genome","PP622684.1 Saxifraga moschata chloroplast, complete genome",Saxifraga moschata
PV426739.fasta,PV426739.1,"Saxifraga mutata chloroplast, complete genome","PV426739.1 Saxifraga mutata chloroplast, complete genome",Saxifraga mutata
PZ168313.fasta,PZ168313.1,"Saxifraga omphalodifolia isolate T87 chloroplast, complete genome","PZ168313.1 Saxifraga omphalodifolia isolate T87 chloroplast, complete genome",Saxifraga omphalodifolia
PV426740.fasta,PV426740.1,"Saxifraga oppositifolia subsp. rudolphiana chloroplast, complete genome","PV426740.1 Saxifraga oppositifolia subsp. rudolphiana chloroplast, complete genome",Saxifraga oppositifolia
PP622685.fasta,PP622685.1,"Saxifraga paniculata chloroplast, complete genome","PP622685.1 Saxifraga paniculata chloroplast, complete genome",Saxifraga paniculata
PZ168311.fasta,PZ168311.1,"Saxifraga parnassifolia isolate T23 chloroplast, complete genome","PZ168311.1 Saxifraga parnassifolia isolate T23 chloroplast, complete genome",Saxifraga parnassifolia
PP622686.fasta,PP622686.1,"Saxifraga rotundifolia subsp. rotundifolia chloroplast, complete genome","PP622686.1 Saxifraga rotundifolia subsp. rotundifolia chloroplast, complete genome",Saxifraga rotundifolia
PQ932579.fasta,PQ932579.1,"Saxifraga saxicola chloroplast, complete genome","PQ932579.1 Saxifraga saxicola chloroplast, complete genome",Saxifraga saxicola
PV426743.fasta,PV426743.1,"Saxifraga sedoides chloroplast, complete genome","PV426743.1 Saxifraga sedoides chloroplast, complete genome",Saxifraga sedoides
PV426744.fasta,PV426744.1,"Saxifraga sibirica chloroplast, complete genome","PV426744.1 Saxifraga sibirica chloroplast, complete genome",Saxifraga sibirica
PZ168310.fasta,PZ168310.1,"Saxifraga subamplexicaulis isolate T18 chloroplast, complete genome","PZ168310.1 Saxifraga subamplexicaulis isolate T18 chloroplast, complete genome",Saxifraga subamplexicaulis
PP796444.fasta,PP796444.1,"Saxifraga sunhangiana isolate H1 voucher Deng11386 chloroplast, complete genome","PP796444.1 Saxifraga sunhangiana isolate H1 voucher Deng11386 chloroplast, complete genome",Saxifraga sunhangiana
PP234511.fasta,PP234511.1,"Saxifraga tangutica isolate p114 chloroplast, complete genome","PP234511.1 Saxifraga tangutica isolate p114 chloroplast, complete genome",Saxifraga tangutica
PP234553.fasta,PP234553.1,"Saxifraga tibetica isolate p39 chloroplast, complete genome","PP234553.1 Saxifraga tibetica isolate p39 chloroplast, complete genome",Saxifraga tibetica
PZ168315.fasta,PZ168315.1,"Saxifraga tigrina isolate T110 chloroplast, complete genome","PZ168315.1 Saxifraga tigrina isolate T110 chloroplast, complete genome",Saxifraga tigrina
PV426745.fasta,PV426745.1,"Saxifraga tombeanensis chloroplast, complete genome","PV426745.1 Saxifraga tombeanensis chloroplast, complete genome",Saxifraga tombeanensis
PP622688.fasta,PP622688.1,"Saxifraga tridactylites chloroplast, complete genome","PP622688.1 Saxifraga tridactylites chloroplast, complete genome",Saxifraga tridactylites
PP234544.fasta,PP234544.1,"Saxifraga unguiculata isolate p20 chloroplast, complete genome","PP234544.1 Saxifraga unguiculata isolate p20 chloroplast, complete genome",Saxifraga unguiculata
PV426746.fasta,PV426746.1,"Saxifraga vandellii chloroplast, complete genome","PV426746.1 Saxifraga vandellii chloroplast, complete genome",Saxifraga vandellii
PP796443.fasta,PP796443.1,"Saxifraga yangshuoensis voucher YS0038 chloroplast, complete genome","PP796443.1 Saxifraga yangshuoensis voucher YS0038 chloroplast, complete genome",Saxifraga yangshuoensis
PZ168318.fasta,PZ168318.1,"Saxifraga zhiminiae isolate Tsui4759C chloroplast, complete genome","PZ168318.1 Saxifraga zhiminiae isolate Tsui4759C chloroplast, complete genome",Saxifraga zhiminiae
PV409683.fasta,PV409683.1,"Scadoxus multiflorus chloroplast, complete genome","PV409683.1 Scadoxus multiflorus chloroplast, complete genome",Scadoxus multiflorus
OR884999.fasta,OR884999.1,"Scandix pecten-veneris subsp. pecten-veneris chloroplast, complete genome","OR884999.1 Scandix pecten-veneris subsp. pecten-veneris chloroplast, complete genome",Scandix pecten-veneris
OR187837.fasta,OR187837.1,"Scaphium scaphigerum chloroplast, complete genome","OR187837.1 Scaphium scaphigerum chloroplast, complete genome",Scaphium scaphigerum
PX828357.fasta,PX828357.1,"Scaphosepalum antenniferum chloroplast, complete genome","PX828357.1 Scaphosepalum antenniferum chloroplast, complete genome",Scaphosepalum antenniferum
PZ098311.fasta,PZ098311.1,"Schizachne purpurascens voucher US:3348 chloroplast, complete genome","PZ098311.1 Schizachne purpurascens voucher US:3348 chloroplast, complete genome",Schizachne purpurascens
OR909649.fasta,OR909649.1,"Schlagintweitia intybacea chloroplast, complete genome","OR909649.1 Schlagintweitia intybacea chloroplast, complete genome",Schlagintweitia intybacea
OR712480.fasta,OR712480.1,"Schoepfia arenaria voucher M.A. Caraballo-Ortiz 3035 chloroplast, complete genome","OR712480.1 Schoepfia arenaria voucher M.A. Caraballo-Ortiz 3035 chloroplast, complete genome",Schoepfia arenaria
OR712481.fasta,OR712481.1,"Schoepfia schreberi voucher W. Forstreuter FW9132 chloroplast, complete genome","OR712481.1 Schoepfia schreberi voucher W. Forstreuter FW9132 chloroplast, complete genome",Schoepfia schreberi
OP531911.fasta,OP531911.1,"Schrebera alata voucher TU2017-0001 chloroplast, complete genome","OP531911.1 Schrebera alata voucher TU2017-0001 chloroplast, complete genome",Schrebera alata
OM826985.fasta,OM826985.1,"Schumannia karelinii chloroplast, complete genome","OM826985.1 Schumannia karelinii chloroplast, complete genome",Schumannia karelinii
PV137603.fasta,PV137603.1,"Schweinfurthia imbricata chloroplast, complete genome","PV137603.1 Schweinfurthia imbricata chloroplast, complete genome",Schweinfurthia imbricata
PV097193.fasta,PV097193.1,"Schweinfurthia papilionacea isolate CpG chloroplast, complete genome","PV097193.1 Schweinfurthia papilionacea isolate CpG chloroplast, complete genome",Schweinfurthia papilionacea
PX842504.fasta,PX842504.1,"Schwenckia americana isolate s12_Copy chloroplast, complete genome","PX842504.1 Schwenckia americana isolate s12_Copy chloroplast, complete genome",Schwenckia americana
PQ210195.fasta,PQ210195.1,"Scilla messeniaca voucher WSY chloroplast, complete genome","PQ210195.1 Scilla messeniaca voucher WSY chloroplast, complete genome",Scilla messeniaca
PQ210196.fasta,PQ210196.1,"Scilla siberica voucher WSY chloroplast, complete genome","PQ210196.1 Scilla siberica voucher WSY chloroplast, complete genome",Scilla siberica
PP078674.fasta,PP078674.1,"Scleromitrion diffusum isolate ZXX201978 chloroplast, complete genome","PP078674.1 Scleromitrion diffusum isolate ZXX201978 chloroplast, complete genome",Scleromitrion diffusum
PP952508.fasta,PP952508.1,"Sclerophylax spinescens chloroplast, complete genome","PP952508.1 Sclerophylax spinescens chloroplast, complete genome",Sclerophylax spinescens
PX370050.fasta,PX370050.1,"Scorzonera gageoides voucher S3 chloroplast, complete genome","PX370050.1 Scorzonera gageoides voucher S3 chloroplast, complete genome",Scorzonera gageoides
OR990542.fasta,OR990542.1,"Scorzonera humilis chloroplast, complete genome","OR990542.1 Scorzonera humilis chloroplast, complete genome",Scorzonera humilis
PX924389.fasta,PX924389.1,"Scorzonera tragopogonoides chloroplast, complete genome","PX924389.1 Scorzonera tragopogonoides chloroplast, complete genome",Scorzonera tragopogonoides
PX924391.fasta,PX924391.1,"Scorzonera turkestanica chloroplast, complete genome","PX924391.1 Scorzonera turkestanica chloroplast, complete genome",Scorzonera turkestanica
OR990527.fasta,OR990527.1,"Scorzoneroides autumnalis chloroplast, complete genome","OR990527.1 Scorzoneroides autumnalis chloroplast, complete genome",Scorzoneroides autumnalis
PP622689.fasta,PP622689.1,"Scrophularia canina chloroplast, complete genome","PP622689.1 Scrophularia canina chloroplast, complete genome",Scrophularia canina
PQ679323.fasta,PQ679323.1,"Scrophularia marilandica chloroplast, complete genome","PQ679323.1 Scrophularia marilandica chloroplast, complete genome",Scrophularia marilandica
PP056247.fasta,PP056247.1,"Scrophularia ningpoensis isolate ZSY0063 chloroplast, complete genome","PP056247.1 Scrophularia ningpoensis isolate ZSY0063 chloroplast, complete genome",Scrophularia ningpoensis
PP622690.fasta,PP622690.1,"Scrophularia nodosa chloroplast, complete genome","PP622690.1 Scrophularia nodosa chloroplast, complete genome",Scrophularia nodosa
MW420937.fasta,MW420937.1,"Scutellaria albida subsp. condensata voucher s. n. chloroplast, complete genome","MW420937.1 Scutellaria albida subsp. condensata voucher s. n. chloroplast, complete genome",Scutellaria albida
MW420957.fasta,MW420957.1,"Scutellaria altamaha voucher R. Kral 51180 chloroplast, complete genome","MW420957.1 Scutellaria altamaha voucher R. Kral 51180 chloroplast, complete genome",Scutellaria altamaha
MW420978.fasta,MW420978.1,"Scutellaria angustifolia voucher R. Olmstead 558 chloroplast, complete genome","MW420978.1 Scutellaria angustifolia voucher R. Olmstead 558 chloroplast, complete genome",Scutellaria angustifolia
PZ281924.fasta,PZ281924.1,"Scutellaria baicalensis chloroplast, complete genome","PZ281924.1 Scutellaria baicalensis chloroplast, complete genome",Scutellaria baicalensis
MW420972.fasta,MW420972.1,"Scutellaria bolanderi voucher R. Olmstead 395 chloroplast, complete genome","MW420972.1 Scutellaria bolanderi voucher R. Olmstead 395 chloroplast, complete genome",Scutellaria bolanderi
PZ130064.fasta,PZ130064.1,"Scutellaria colpodea chloroplast, complete genome","PZ130064.1 Scutellaria colpodea chloroplast, complete genome",Scutellaria colpodea
MW420973.fasta,MW420973.1,"Scutellaria costaricana voucher R. Olmstead s.n. chloroplast, complete genome","MW420973.1 Scutellaria costaricana voucher R. Olmstead s.n. chloroplast, complete genome",Scutellaria costaricana
PZ130072.fasta,PZ130072.1,"Scutellaria cristata chloroplast, complete genome","PZ130072.1 Scutellaria cristata chloroplast, complete genome",Scutellaria cristata
OR178745.fasta,OR178745.1,"Scutellaria cypria voucher SWU0060224 chloroplast, complete genome","OR178745.1 Scutellaria cypria voucher SWU0060224 chloroplast, complete genome",Scutellaria cypria
MW420952.fasta,MW420952.1,"Scutellaria dependens voucher K. Yonekura 12880 chloroplast, complete genome","MW420952.1 Scutellaria dependens voucher K. Yonekura 12880 chloroplast, complete genome",Scutellaria dependens
MW420951.fasta,MW420951.1,"Scutellaria discolor voucher J. Murata & al. 25593 chloroplast, complete genome","MW420951.1 Scutellaria discolor voucher J. Murata & al. 25593 chloroplast, complete genome",Scutellaria discolor
MW420974.fasta,MW420974.1,"Scutellaria drummondii voucher J. Bacon 2117 chloroplast, complete genome","MW420974.1 Scutellaria drummondii voucher J. Bacon 2117 chloroplast, complete genome",Scutellaria drummondii
PZ169283.fasta,PZ169283.1,"Scutellaria fedtschenkoi voucher TASH131433 chloroplast, complete genome","PZ169283.1 Scutellaria fedtschenkoi voucher TASH131433 chloroplast, complete genome",Scutellaria fedtschenkoi
MW420950.fasta,MW420950.1,"Scutellaria forrestii voucher Liu Zhenwen & Zhoujing 1041 chloroplast, complete genome","MW420950.1 Scutellaria forrestii voucher Liu Zhenwen & Zhoujing 1041 chloroplast, complete genome",Scutellaria forrestii
MW420968.fasta,MW420968.1,"Scutellaria franchetiana voucher D. Z. Ji 431 chloroplast, complete genome","MW420968.1 Scutellaria franchetiana voucher D. Z. Ji 431 chloroplast, complete genome",Scutellaria franchetiana
MW413436.fasta,MW413436.1,"Scutellaria gardoquioides chloroplast, complete genome","MW413436.1 Scutellaria gardoquioides chloroplast, complete genome",Scutellaria gardoquioides
MW420958.fasta,MW420958.1,"Scutellaria gaumeri voucher B. Mogensen 1130 chloroplast, complete genome","MW420958.1 Scutellaria gaumeri voucher B. Mogensen 1130 chloroplast, complete genome",Scutellaria gaumeri
PZ130067.fasta,PZ130067.1,"Scutellaria glabrata chloroplast, complete genome","PZ130067.1 Scutellaria glabrata chloroplast, complete genome",Scutellaria glabrata
MW420965.fasta,MW420965.1,"Scutellaria guatemalensis voucher Demetrio Alvarez 11028 chloroplast, complete genome","MW420965.1 Scutellaria guatemalensis voucher Demetrio Alvarez 11028 chloroplast, complete genome",Scutellaria guatemalensis
MW420934.fasta,MW420934.1,"Scutellaria hastifolia voucher M.Dvorakova, M.Smejkel & J.Vichar 1552 chloroplast, complete genome","MW420934.1 Scutellaria hastifolia voucher M.Dvorakova, M.Smejkel & J.Vichar 1552 chloroplast, complete genome",Scutellaria hastifolia
MW420938.fasta,MW420938.1,"Scutellaria heterophylla voucher B.Balansa 498 chloroplast, complete genome","MW420938.1 Scutellaria heterophylla voucher B.Balansa 498 chloroplast, complete genome",Scutellaria heterophylla
MW420941.fasta,MW420941.1,"Scutellaria heydei voucher C. Grey-Wilson & T.F.Hewer 1625 chloroplast, complete genome","MW420941.1 Scutellaria heydei voucher C. Grey-Wilson & T.F.Hewer 1625 chloroplast, complete genome",Scutellaria heydei
MW420959.fasta,MW420959.1,"Scutellaria hintoniana voucher A. de Avila 662 chloroplast, complete genome","MW420959.1 Scutellaria hintoniana voucher A. de Avila 662 chloroplast, complete genome",Scutellaria hintoniana
MW420942.fasta,MW420942.1,"Scutellaria hissarica voucher L.P.Markova et al. s.n. chloroplast, complete genome","MW420942.1 Scutellaria hissarica voucher L.P.Markova et al. s.n. chloroplast, complete genome",Scutellaria hissarica
PZ169285.fasta,PZ169285.1,"Scutellaria holosericea voucher TASH069598 chloroplast, complete genome","PZ169285.1 Scutellaria holosericea voucher TASH069598 chloroplast, complete genome",Scutellaria holosericea
MW420944.fasta,MW420944.1,"Scutellaria immaculata voucher Vatolkina 4757 chloroplast, complete genome","MW420944.1 Scutellaria immaculata voucher Vatolkina 4757 chloroplast, complete genome",Scutellaria immaculata
MW420975.fasta,MW420975.1,"Scutellaria incana voucher R. Olmstead 90-10 chloroplast, complete genome","MW420975.1 Scutellaria incana voucher R. Olmstead 90-10 chloroplast, complete genome",Scutellaria incana
MW420946.fasta,MW420946.1,"Scutellaria indica voucher B.J.Conn 4109 chloroplast, complete genome","MW420946.1 Scutellaria indica voucher B.J.Conn 4109 chloroplast, complete genome",Scutellaria indica
PZ169286.fasta,PZ169286.1,"Scutellaria intermedia chloroplast, complete genome","PZ169286.1 Scutellaria intermedia chloroplast, complete genome",Scutellaria intermedia
PZ169287.fasta,PZ169287.1,"Scutellaria kuramensis voucher TASH002754 chloroplast, complete genome","PZ169287.1 Scutellaria kuramensis voucher TASH002754 chloroplast, complete genome",Scutellaria kuramensis
MW420940.fasta,MW420940.1,"Scutellaria leptosiphon voucher R. Markova et al s.n. chloroplast, complete genome","MW420940.1 Scutellaria leptosiphon voucher R. Markova et al s.n. chloroplast, complete genome",Scutellaria leptosiphon
MW420945.fasta,MW420945.1,"Scutellaria linearis voucher R.W.Parker 3396 chloroplast, complete genome","MW420945.1 Scutellaria linearis voucher R.W.Parker 3396 chloroplast, complete genome",Scutellaria linearis
MW420966.fasta,MW420966.1,"Scutellaria longifolia voucher J. J. Castillo & J. M. Vargas 2722 chloroplast, complete genome","MW420966.1 Scutellaria longifolia voucher J. J. Castillo & J. M. Vargas 2722 chloroplast, complete genome",Scutellaria longifolia
MW420976.fasta,MW420976.1,"Scutellaria mexicana voucher W. Messinger 257 chloroplast, complete genome","MW420976.1 Scutellaria mexicana voucher W. Messinger 257 chloroplast, complete genome",Scutellaria mexicana
MW420947.fasta,MW420947.1,"Scutellaria mollis voucher R.G.Coveny 9162 chloroplast, complete genome","MW420947.1 Scutellaria mollis voucher R.G.Coveny 9162 chloroplast, complete genome",Scutellaria mollis
MW420954.fasta,MW420954.1,"Scutellaria moniliorhiza voucher J. Kim & Y. Lee 2019-002 chloroplast, complete genome","MW420954.1 Scutellaria moniliorhiza voucher J. Kim & Y. Lee 2019-002 chloroplast, complete genome",Scutellaria moniliorhiza
PZ169284.fasta,PZ169284.1,"Scutellaria multicaulis voucher TASH136047 chloroplast, complete genome","PZ169284.1 Scutellaria multicaulis voucher TASH136047 chloroplast, complete genome",Scutellaria multicaulis
MW420969.fasta,MW420969.1,"Scutellaria nana voucher M. Bourell 6012 chloroplast, complete genome","MW420969.1 Scutellaria nana voucher M. Bourell 6012 chloroplast, complete genome",Scutellaria nana
MW420960.fasta,MW420960.1,"Scutellaria nummulariifolia voucher T. M. Pedersen 14491 chloroplast, complete genome","MW420960.1 Scutellaria nummulariifolia voucher T. M. Pedersen 14491 chloroplast, complete genome",Scutellaria nummulariifolia
MW420933.fasta,MW420933.1,"Scutellaria orientalis voucher P. Davis 33797 chloroplast, complete genome","MW420933.1 Scutellaria orientalis voucher P. Davis 33797 chloroplast, complete genome",Scutellaria orientalis
MW420955.fasta,MW420955.1,"Scutellaria orthocalyx voucher Y. Lee 2019-003 chloroplast, complete genome","MW420955.1 Scutellaria orthocalyx voucher Y. Lee 2019-003 chloroplast, complete genome",Scutellaria orthocalyx
MW420970.fasta,MW420970.1,"Scutellaria ovata voucher R. C. Clark 22239 chloroplast, complete genome","MW420970.1 Scutellaria ovata voucher R. C. Clark 22239 chloroplast, complete genome",Scutellaria ovata
MW420964.fasta,MW420964.1,"Scutellaria parvula voucher R. Dale Thomas & Cecil Slaughter 103.883 chloroplast, complete genome","MW420964.1 Scutellaria parvula voucher R. Dale Thomas & Cecil Slaughter 103.883 chloroplast, complete genome",Scutellaria parvula
MW420953.fasta,MW420953.1,"Scutellaria pekinensis var. maxima voucher S. Kim 2015-0108 chloroplast, complete genome","MW420953.1 Scutellaria pekinensis var. maxima voucher S. Kim 2015-0108 chloroplast, complete genome",Scutellaria pekinensis
PZ130071.fasta,PZ130071.1,"Scutellaria phyllostachya chloroplast, complete genome","PZ130071.1 Scutellaria phyllostachya chloroplast, complete genome",Scutellaria phyllostachya
MW420948.fasta,MW420948.1,"Scutellaria pinnatifida subsp. mucida voucher K. H. Rechinger 43494 chloroplast, complete genome","MW420948.1 Scutellaria pinnatifida subsp. mucida voucher K. H. Rechinger 43494 chloroplast, complete genome",Scutellaria pinnatifida
MW420949.fasta,MW420949.1,"Scutellaria platensis voucher B. Sparre 341 chloroplast, complete genome","MW420949.1 Scutellaria platensis voucher B. Sparre 341 chloroplast, complete genome",Scutellaria platensis
PZ169294.fasta,PZ169294.1,"Scutellaria pycnoclada chloroplast, complete genome","PZ169294.1 Scutellaria pycnoclada chloroplast, complete genome",Scutellaria pycnoclada
MW420939.fasta,MW420939.1,"Scutellaria rubicunda voucher B.Balansa 499 chloroplast, complete genome","MW420939.1 Scutellaria rubicunda voucher B.Balansa 499 chloroplast, complete genome",Scutellaria rubicunda
PZ169289.fasta,PZ169289.1,"Scutellaria schachristanica voucher TASH069802 chloroplast, complete genome","PZ169289.1 Scutellaria schachristanica voucher TASH069802 chloroplast, complete genome",Scutellaria schachristanica
MW420961.fasta,MW420961.1,"Scutellaria scutellarioides voucher J. A. Hart 1616 chloroplast, complete genome","MW420961.1 Scutellaria scutellarioides voucher J. A. Hart 1616 chloroplast, complete genome",Scutellaria scutellarioides
MW420962.fasta,MW420962.1,"Scutellaria seleriana voucher N. Martinez Melendez 1126 1126 chloroplast, complete genome","MW420962.1 Scutellaria seleriana voucher N. Martinez Melendez 1126 1126 chloroplast, complete genome",Scutellaria seleriana
MW420977.fasta,MW420977.1,"Scutellaria siphocampyloides voucher R. Olmstead 794 chloroplast, complete genome","MW420977.1 Scutellaria siphocampyloides voucher R. Olmstead 794 chloroplast, complete genome",Scutellaria siphocampyloides
MW420963.fasta,MW420963.1,"Scutellaria splendens voucher F. J. Rendon Sandoval 571 571 chloroplast, complete genome","MW420963.1 Scutellaria splendens voucher F. J. Rendon Sandoval 571 571 chloroplast, complete genome",Scutellaria splendens
PZ130065.fasta,PZ130065.1,"Scutellaria striatella chloroplast, complete genome","PZ130065.1 Scutellaria striatella chloroplast, complete genome",Scutellaria striatella
MW420956.fasta,MW420956.1,"Scutellaria strigillosa voucher S. Kim 20140705-1 chloroplast, complete genome","MW420956.1 Scutellaria strigillosa voucher S. Kim 20140705-1 chloroplast, complete genome",Scutellaria strigillosa
MW420967.fasta,MW420967.1,"Scutellaria suffrutescens voucher James L. Reveal 3390 chloroplast, complete genome","MW420967.1 Scutellaria suffrutescens voucher James L. Reveal 3390 chloroplast, complete genome",Scutellaria suffrutescens
PZ130069.fasta,PZ130069.1,"Scutellaria supina chloroplast, complete genome","PZ130069.1 Scutellaria supina chloroplast, complete genome",Scutellaria supina
MW420943.fasta,MW420943.1,"Scutellaria tomentosa voucher Rechinger 46863 chloroplast, complete genome","MW420943.1 Scutellaria tomentosa voucher Rechinger 46863 chloroplast, complete genome",Scutellaria tomentosa
PZ169292.fasta,PZ169292.1,"Scutellaria urticifolia chloroplast, complete genome","PZ169292.1 Scutellaria urticifolia chloroplast, complete genome",Scutellaria urticifolia
PZ169293.fasta,PZ169293.1,"Scutellaria villosissima voucher TASH069953 chloroplast, complete genome","PZ169293.1 Scutellaria villosissima voucher TASH069953 chloroplast, complete genome",Scutellaria villosissima
OP133598.fasta,OP133598.1,"Secamone elliptica subsp. siamica voucher C.F. Zhang 5992 chloroplast, complete genome","OP133598.1 Secamone elliptica subsp. siamica voucher C.F. Zhang 5992 chloroplast, complete genome",Secamone elliptica
PP203134.fasta,PP203134.1,"Securigera varia chloroplast, complete genome","PP203134.1 Securigera varia chloroplast, complete genome",Securigera varia
PP175353.fasta,PP175353.1,"Sedum album chloroplast, complete genome","PP175353.1 Sedum album chloroplast, complete genome",Sedum album
PP234501.fasta,PP234501.1,"Sedum alfredii voucher DQ-04 chloroplast, complete genome","PP234501.1 Sedum alfredii voucher DQ-04 chloroplast, complete genome",Sedum alfredii
PP175354.fasta,PP175354.1,"Sedum annuum chloroplast, complete genome","PP175354.1 Sedum annuum chloroplast, complete genome",Sedum annuum
PP175355.fasta,PP175355.1,"Sedum atratum chloroplast, complete genome","PP175355.1 Sedum atratum chloroplast, complete genome",Sedum atratum
PV656444.fasta,PV656444.1,"Sedum bulbiferum chloroplast, complete genome","PV656444.1 Sedum bulbiferum chloroplast, complete genome",Sedum bulbiferum
PP175356.fasta,PP175356.1,"Sedum dasyphyllum chloroplast, complete genome","PP175356.1 Sedum dasyphyllum chloroplast, complete genome",Sedum dasyphyllum
PX957621.fasta,PX957621.1,"Sedum hispanicum chloroplast, complete genome","PX957621.1 Sedum hispanicum chloroplast, complete genome",Sedum hispanicum
PP234499.fasta,PP234499.1,"Sedum japonicum voucher KPBK001 chloroplast, complete genome","PP234499.1 Sedum japonicum voucher KPBK001 chloroplast, complete genome",Sedum japonicum
PP234490.fasta,PP234490.1,"Sedum plumbizincicola voucher QZ-09 chloroplast, complete genome","PP234490.1 Sedum plumbizincicola voucher QZ-09 chloroplast, complete genome",Sedum plumbizincicola
PP175357.fasta,PP175357.1,"Sedum rupestre chloroplast, complete genome","PP175357.1 Sedum rupestre chloroplast, complete genome",Sedum rupestre
PP175358.fasta,PP175358.1,"Sedum sexangulare chloroplast, complete genome","PP175358.1 Sedum sexangulare chloroplast, complete genome",Sedum sexangulare
PP078685.fasta,PP078685.1,"Sedum spiralifolium isolate ZXX21555 chloroplast, complete genome","PP078685.1 Sedum spiralifolium isolate ZXX21555 chloroplast, complete genome",Sedum spiralifolium
PV177150.fasta,PV177150.1,"Sedum xunvense isolate Pan_Li_012036 chloroplast, complete genome","PV177150.1 Sedum xunvense isolate Pan_Li_012036 chloroplast, complete genome",Sedum xunvense
PQ824055.fasta,PQ824055.1,"Selenicereus megalanthus cultivar Wucihuanglong chloroplast, complete genome","PQ824055.1 Selenicereus megalanthus cultivar Wucihuanglong chloroplast, complete genome",Selenicereus megalanthus
PQ824056.fasta,PQ824056.1,"Selenicereus monacanthus cultivar Sijihong chloroplast, complete genome","PQ824056.1 Selenicereus monacanthus cultivar Sijihong chloroplast, complete genome",Selenicereus monacanthus
PQ824058.fasta,PQ824058.1,"Selenicereus undatus cultivar Putongbairou chloroplast, complete genome","PQ824058.1 Selenicereus undatus cultivar Putongbairou chloroplast, complete genome",Selenicereus undatus
ON470826.fasta,ON470826.1,"Selinum cryptotaenium voucher LSC chloroplast, complete genome","ON470826.1 Selinum cryptotaenium voucher LSC chloroplast, complete genome",Selinum cryptotaenium
PV546613.fasta,PV546613.1,"Semiaquilegia adoxoides isolate P713 chloroplast, complete genome","PV546613.1 Semiaquilegia adoxoides isolate P713 chloroplast, complete genome",Semiaquilegia adoxoides
PQ584724.fasta,PQ584724.1,"Semiaquilegia guangxiensis chloroplast, complete genome","PQ584724.1 Semiaquilegia guangxiensis chloroplast, complete genome",Semiaquilegia guangxiensis
PX987619.fasta,PX987619.1,"Semiaquilegia quelpaertensis chloroplast, complete genome","PX987619.1 Semiaquilegia quelpaertensis chloroplast, complete genome",Semiaquilegia quelpaertensis
PP681665.fasta,PP681665.1,"Semiarundinaria sinica voucher NZY220 chloroplast, complete genome","PP681665.1 Semiarundinaria sinica voucher NZY220 chloroplast, complete genome",Semiarundinaria sinica
ON729378.fasta,ON729378.1,"Semiliquidambar cathayensis chloroplast, complete genome","ON729378.1 Semiliquidambar cathayensis chloroplast, complete genome",Semiliquidambar cathayensis
ON729379.fasta,ON729379.1,"Semiliquidambar caudata chloroplast, complete genome","ON729379.1 Semiliquidambar caudata chloroplast, complete genome",Semiliquidambar caudata
PP262176.fasta,PP262176.1,"Sempervivum arachnoideum voucher KL01220 chloroplast, complete genome","PP262176.1 Sempervivum arachnoideum voucher KL01220 chloroplast, complete genome",Sempervivum arachnoideum
PP262169.fasta,PP262169.1,"Sempervivum calcareum voucher KL01614 chloroplast, complete genome","PP262169.1 Sempervivum calcareum voucher KL01614 chloroplast, complete genome",Sempervivum calcareum
PP262170.fasta,PP262170.1,"Sempervivum ciliosum voucher KL02009 chloroplast, complete genome","PP262170.1 Sempervivum ciliosum voucher KL02009 chloroplast, complete genome",Sempervivum ciliosum
PP262171.fasta,PP262171.1,"Sempervivum funckii voucher KL01838 chloroplast, complete genome","PP262171.1 Sempervivum funckii voucher KL01838 chloroplast, complete genome",Sempervivum funckii
PP262173.fasta,PP262173.1,"Sempervivum heuffelii voucher KL01265 chloroplast, complete genome","PP262173.1 Sempervivum heuffelii voucher KL01265 chloroplast, complete genome",Sempervivum heuffelii
PP262174.fasta,PP262174.1,"Sempervivum tectorum voucher KL01460 chloroplast, complete genome","PP262174.1 Sempervivum tectorum voucher KL01460 chloroplast, complete genome",Sempervivum tectorum
OR990545.fasta,OR990545.1,"Senecio doronicum chloroplast, complete genome","OR990545.1 Senecio doronicum chloroplast, complete genome",Senecio doronicum
PP234590.fasta,PP234590.1,"Senecio dubitabilis isolate p82 chloroplast, complete genome","PP234590.1 Senecio dubitabilis isolate p82 chloroplast, complete genome",Senecio dubitabilis
OR990546.fasta,OR990546.1,"Senecio inaequidens chloroplast, complete genome","OR990546.1 Senecio inaequidens chloroplast, complete genome",Senecio inaequidens
OR990547.fasta,OR990547.1,"Senecio vulgaris subsp. vulgaris chloroplast, complete genome","OR990547.1 Senecio vulgaris subsp. vulgaris chloroplast, complete genome",Senecio vulgaris
PX394258.fasta,PX394258.1,"Senegalia burkei chloroplast, complete genome","PX394258.1 Senegalia burkei chloroplast, complete genome",Senegalia burkei
PV870767.fasta,PV870767.1,"Senegalia pennata voucher Yi957-KUN chloroplast, complete genome","PV870767.1 Senegalia pennata voucher Yi957-KUN chloroplast, complete genome",Senegalia pennata
PX097887.fasta,PX097887.1,"Senna nomame chloroplast, complete genome","PX097887.1 Senna nomame chloroplast, complete genome",Senna nomame
PP621515.fasta,PP621515.2,"Serissa serissoides chloroplast, complete genome","PP621515.2 Serissa serissoides chloroplast, complete genome",Serissa serissoides
BK071863.fasta,BK071863.1,"Serratula tinctoria subsp. monticola chloroplast, complete genome","BK071863.1 TPA_asm: Serratula tinctoria subsp. monticola chloroplast, complete genome",Serratula tinctoria
PZ173271.fasta,PZ173271.1,"Sesamum indicum cultivar Zhongzhi No.11 chloroplast, complete genome","PZ173271.1 Sesamum indicum cultivar Zhongzhi No.11 chloroplast, complete genome",Sesamum indicum
PZ173272.fasta,PZ173272.1,"Sesamum schinzianum voucher GY chloroplast, complete genome","PZ173272.1 Sesamum schinzianum voucher GY chloroplast, complete genome",Sesamum schinzianum
OQ570473.fasta,OQ570473.1,"Seseli aemulans chloroplast, complete genome","OQ570473.1 Seseli aemulans chloroplast, complete genome",Seseli aemulans
OQ570474.fasta,OQ570474.1,"Seseli asperulum chloroplast, complete genome","OQ570474.1 Seseli asperulum chloroplast, complete genome",Seseli asperulum
PV631426.fasta,PV631426.1,"Seseli giganteum voucher KG_20180603_056 chloroplast, complete genome","PV631426.1 Seseli giganteum voucher KG_20180603_056 chloroplast, complete genome",Seseli giganteum
OQ570475.fasta,OQ570475.1,"Seseli junatovii chloroplast, complete genome","OQ570475.1 Seseli junatovii chloroplast, complete genome",Seseli junatovii
OQ570476.fasta,OQ570476.1,"Seseli nudum chloroplast, complete genome","OQ570476.1 Seseli nudum chloroplast, complete genome",Seseli nudum
OQ570472.fasta,OQ570472.1,"Seseli seseloides chloroplast, complete genome","OQ570472.1 Seseli seseloides chloroplast, complete genome",Seseli seseloides
PV613240.fasta,PV613240.1,"Seselopsis tianschanica isolate L-8 chloroplast, complete genome","PV613240.1 Seselopsis tianschanica isolate L-8 chloroplast, complete genome",Seselopsis tianschanica
PP622691.fasta,PP622691.1,"Sesleria caerulea subsp. caerulea chloroplast, complete genome","PP622691.1 Sesleria caerulea subsp. caerulea chloroplast, complete genome",Sesleria caerulea
PX369354.fasta,PX369354.1,"Setaria parviflora chloroplast, complete genome","PX369354.1 Setaria parviflora chloroplast, complete genome",Setaria parviflora
PZ381390.fasta,PZ381390.1,"Setaria viridis chloroplast, complete genome","PZ381390.1 Setaria viridis chloroplast, complete genome",Setaria viridis
PP622692.fasta,PP622692.1,"Sherardia arvensis chloroplast, complete genome","PP622692.1 Sherardia arvensis chloroplast, complete genome",Sherardia arvensis
PP681662.fasta,PP681662.1,"Shibataea chinensis voucher NZY215 chloroplast, complete genome","PP681662.1 Shibataea chinensis voucher NZY215 chloroplast, complete genome",Shibataea chinensis
PV640849.fasta,PV640849.1,"Shivparvatia melandryiformis chloroplast, complete genome","PV640849.1 Shivparvatia melandryiformis chloroplast, complete genome",Shivparvatia melandryiformis
PP234584.fasta,PP234584.1,"Sibbaldianthe bifurca isolate p77 chloroplast, complete genome","PP234584.1 Sibbaldianthe bifurca isolate p77 chloroplast, complete genome",Sibbaldianthe bifurca
PX878886.fasta,PX878886.1,"Sida cordata chloroplast, complete genome","PX878886.1 Sida cordata chloroplast, complete genome",Sida cordata
OR162023.fasta,OR162023.1,"Sida cuspidata chloroplast, complete genome","OR162023.1 Sida cuspidata chloroplast, complete genome",Sida cuspidata
OR162024.fasta,OR162024.1,"Sida rhombifolia chloroplast, complete genome","OR162024.1 Sida rhombifolia chloroplast, complete genome",Sida rhombifolia
PP190929.fasta,PP190929.1,"Silene acaulis subsp. acaulis chloroplast, complete genome","PP190929.1 Silene acaulis subsp. acaulis chloroplast, complete genome",Silene acaulis
PQ533856.fasta,PQ533856.1,"Silene banksia isolate LFU chloroplast, complete genome","PQ533856.1 Silene banksia isolate LFU chloroplast, complete genome",Silene banksia
PQ533854.fasta,PQ533854.1,"Silene cognata isolate LCG chloroplast, complete genome","PQ533854.1 Silene cognata isolate LCG chloroplast, complete genome",Silene cognata
PQ533855.fasta,PQ533855.1,"Silene coronaria isolate LCR chloroplast, complete genome","PQ533855.1 Silene coronaria isolate LCR chloroplast, complete genome",Silene coronaria
PP190930.fasta,PP190930.1,"Silene dioica chloroplast, complete genome","PP190930.1 Silene dioica chloroplast, complete genome",Silene dioica
PP165055.fasta,PP165055.1,"Silene flos-cuculi subsp. flos-cuculi chloroplast, complete genome","PP165055.1 Silene flos-cuculi subsp. flos-cuculi chloroplast, complete genome",Silene flos-cuculi
PP234569.fasta,PP234569.1,"Silene gonosperma isolate p60 chloroplast, complete genome","PP234569.1 Silene gonosperma isolate p60 chloroplast, complete genome",Silene gonosperma
PQ533857.fasta,PQ533857.1,"Silene kiusiana isolate LKI chloroplast, complete genome","PQ533857.1 Silene kiusiana isolate LKI chloroplast, complete genome",Silene kiusiana
PQ533858.fasta,PQ533858.1,"Silene miqueliana isolate LMI chloroplast, complete genome","PQ533858.1 Silene miqueliana isolate LMI chloroplast, complete genome",Silene miqueliana
PQ533859.fasta,PQ533859.1,"Silene wilfordii isolate LWI chloroplast, complete genome","PQ533859.1 Silene wilfordii isolate LWI chloroplast, complete genome",Silene wilfordii
OR885000.fasta,OR885000.1,"Siler montanum subsp. montanum chloroplast, complete genome","OR885000.1 Siler montanum subsp. montanum chloroplast, complete genome",Siler montanum
PX549449.fasta,PX549449.1,"Sillaphyton podagraria voucher Kim 3503 (SNU) chloroplast, complete genome","PX549449.1 Sillaphyton podagraria voucher Kim 3503 (SNU) chloroplast, complete genome",Sillaphyton podagraria
PV794591.fasta,PV794591.1,"Similisinocarum pimpinellisimulacrum isolate XYL2024081402 chloroplast, complete genome","PV794591.1 Similisinocarum pimpinellisimulacrum isolate XYL2024081402 chloroplast, complete genome",Similisinocarum pimpinellisimulacrum
PV870725.fasta,PV870725.1,"Sindoropsis le-testui voucher 12409-MO chloroplast, complete genome","PV870725.1 Sindoropsis le-testui voucher 12409-MO chloroplast, complete genome",Sindoropsis le-testui
PP681656.fasta,PP681656.1,"Sinobambusa tootsik var. dentata voucher NZY171 chloroplast, complete genome","PP681656.1 Sinobambusa tootsik var. dentata voucher NZY171 chloroplast, complete genome",Sinobambusa tootsik
OQ835381.fasta,OQ835381.1,"Sinocarum schizopetalum var. bijiangense voucher LLJ21081801(SZ) chloroplast, complete genome","OQ835381.1 Sinocarum schizopetalum var. bijiangense voucher LLJ21081801(SZ) chloroplast, complete genome",Sinocarum schizopetalum
PZ166663.fasta,PZ166663.1,"Sinolimprichtia alpina chloroplast, complete genome","PZ166663.1 Sinolimprichtia alpina chloroplast, complete genome",Sinolimprichtia alpina
PP681652.fasta,PP681652.1,"Sinosasa mingyueshanensis voucher BO-1 chloroplast, complete genome","PP681652.1 Sinosasa mingyueshanensis voucher BO-1 chloroplast, complete genome",Sinosasa mingyueshanensis
PV748923.fasta,PV748923.1,"Sinosenecio chienii chloroplast, complete genome","PV748923.1 Sinosenecio chienii chloroplast, complete genome",Sinosenecio chienii
PV748924.fasta,PV748924.1,"Sinosenecio yaanensis chloroplast, complete genome","PV748924.1 Sinosenecio yaanensis chloroplast, complete genome",Sinosenecio yaanensis
ON729358.fasta,ON729358.1,"Sinowilsonia henryi chloroplast, complete genome","ON729358.1 Sinowilsonia henryi chloroplast, complete genome",Sinowilsonia henryi
PP175359.fasta,PP175359.1,"Sisymbrium officinale chloroplast, complete genome","PP175359.1 Sisymbrium officinale chloroplast, complete genome",Sisymbrium officinale
PV794606.fasta,PV794606.1,"Sium serra isolate XYL2023072702 chloroplast, complete genome","PV794606.1 Sium serra isolate XYL2023072702 chloroplast, complete genome",Sium serra
PQ283877.fasta,PQ283877.1,"Sium suave chloroplast, complete genome","PQ283877.1 Sium suave chloroplast, complete genome",Sium suave
PQ283878.fasta,PQ283878.1,"Sium ventricosum chloroplast, complete genome","PQ283878.1 Sium ventricosum chloroplast, complete genome",Sium ventricosum
PX547999.fasta,PX547999.2,"Solanum carolinense voucher LSG0107 chloroplast, complete genome","PX547999.2 Solanum carolinense voucher LSG0107 chloroplast, complete genome",Solanum carolinense
PZ094980.fasta,PZ094980.1,"Solanum doddsii chloroplast, complete genome","PZ094980.1 Solanum doddsii chloroplast, complete genome",Solanum doddsii
PP622693.fasta,PP622693.1,"Solanum dulcamara chloroplast, complete genome","PP622693.1 Solanum dulcamara chloroplast, complete genome",Solanum dulcamara
PP744563.fasta,PP744563.1,"Solanum ensifolium clone A chloroplast, complete genome","PP744563.1 Solanum ensifolium clone A chloroplast, complete genome",Solanum ensifolium
PZ094979.fasta,PZ094979.1,"Solanum ferocissimum chloroplast, complete genome","PZ094979.1 Solanum ferocissimum chloroplast, complete genome",Solanum ferocissimum
PZ183444.fasta,PZ183444.1,"Solanum hirtulum chloroplast, complete genome","PZ183444.1 Solanum hirtulum chloroplast, complete genome",Solanum hirtulum
PX395651.fasta,PX395651.1,"Solanum japonense voucher 2023-001478 chloroplast, complete genome","PX395651.1 Solanum japonense voucher 2023-001478 chloroplast, complete genome",Solanum japonense
PX971186.fasta,PX971186.1,"Solanum lasiocarpum chloroplast, complete genome","PX971186.1 Solanum lasiocarpum chloroplast, complete genome",Solanum lasiocarpum
PP952510.fasta,PP952510.1,"Solanum lycopersicum chloroplast, complete genome","PP952510.1 Solanum lycopersicum chloroplast, complete genome",Solanum lycopersicum
PX395654.fasta,PX395654.1,"Solanum lyratum voucher 2023-001502 chloroplast, complete genome","PX395654.1 Solanum lyratum voucher 2023-001502 chloroplast, complete genome",Solanum lyratum
OP688482.fasta,OP688482.1,"Solanum melongena cultivar Yunqie 9 chloroplast, complete genome","OP688482.1 Solanum melongena cultivar Yunqie 9 chloroplast, complete genome",Solanum melongena
PZ094981.fasta,PZ094981.1,"Solanum nigrum chloroplast, complete genome","PZ094981.1 Solanum nigrum chloroplast, complete genome",Solanum nigrum
PP579974.fasta,PP579974.1,"Solanum phureja isolate IVP101 chloroplast, complete genome","PP579974.1 Solanum phureja isolate IVP101 chloroplast, complete genome",Solanum phureja
PV802126.fasta,PV802126.1,"Solanum pruinosum isolate S25 voucher Colorico Soto 2528 chloroplast, complete genome","PV802126.1 Solanum pruinosum isolate S25 voucher Colorico Soto 2528 chloroplast, complete genome",Solanum pruinosum
PV802111.fasta,PV802111.1,"Solanum triflorum isolate S44 voucher H1620636 chloroplast, complete genome","PV802111.1 Solanum triflorum isolate S44 voucher H1620636 chloroplast, complete genome",Solanum triflorum
PP952511.fasta,PP952511.1,"Solanum tuberosum chloroplast, complete genome","PP952511.1 Solanum tuberosum chloroplast, complete genome",Solanum tuberosum
PV866731.fasta,PV866731.1,"Solanum viarum voucher LSG0107 chloroplast, complete genome","PV866731.1 Solanum viarum voucher LSG0107 chloroplast, complete genome",Solanum viarum
PP622694.fasta,PP622694.1,"Soldanella alpina subsp. alpina chloroplast, complete genome","PP622694.1 Soldanella alpina subsp. alpina chloroplast, complete genome",Soldanella alpina
PP328572.fasta,PP328572.1,"Solidago altissima chloroplast, complete genome","PP328572.1 Solidago altissima chloroplast, complete genome",Solidago altissima
OM272998.fasta,OM272998.1,"Solidago canadensis chloroplast, complete genome","OM272998.1 Solidago canadensis chloroplast, complete genome",Solidago canadensis
OM273003.fasta,OM273003.1,"Solidago decurrens chloroplast, complete genome","OM273003.1 Solidago decurrens chloroplast, complete genome",Solidago decurrens
PP234527.fasta,PP234527.1,"Solms-laubachia parryoides isolate p142 chloroplast, complete genome","PP234527.1 Solms-laubachia parryoides isolate p142 chloroplast, complete genome",Solms-laubachia parryoides
PP133728.fasta,PP133728.1,"Sonchus arboreus chloroplast, complete genome","PP133728.1 Sonchus arboreus chloroplast, complete genome",Sonchus arboreus
OR990548.fasta,OR990548.1,"Sonchus asper subsp. asper chloroplast, complete genome","OR990548.1 Sonchus asper subsp. asper chloroplast, complete genome",Sonchus asper
PP133729.fasta,PP133729.1,"Sonchus bornmuelleri chloroplast, complete genome","PP133729.1 Sonchus bornmuelleri chloroplast, complete genome",Sonchus bornmuelleri
PP133730.fasta,PP133730.1,"Sonchus brachylobus chloroplast, complete genome","PP133730.1 Sonchus brachylobus chloroplast, complete genome",Sonchus brachylobus
PP133731.fasta,PP133731.1,"Sonchus congestus chloroplast, complete genome","PP133731.1 Sonchus congestus chloroplast, complete genome",Sonchus congestus
PP133732.fasta,PP133732.1,"Sonchus fauces-orci chloroplast, complete genome","PP133732.1 Sonchus fauces-orci chloroplast, complete genome",Sonchus fauces-orci
PP133733.fasta,PP133733.1,"Sonchus gonzalezpadronii chloroplast, complete genome","PP133733.1 Sonchus gonzalezpadronii chloroplast, complete genome",Sonchus gonzalezpadronii
PP133734.fasta,PP133734.1,"Sonchus gummifer chloroplast, complete genome","PP133734.1 Sonchus gummifer chloroplast, complete genome",Sonchus gummifer
PP133735.fasta,PP133735.1,"Sonchus heterophyllus chloroplast, complete genome","PP133735.1 Sonchus heterophyllus chloroplast, complete genome",Sonchus heterophyllus
PP133736.fasta,PP133736.1,"Sonchus hierrensis chloroplast, complete genome","PP133736.1 Sonchus hierrensis chloroplast, complete genome",Sonchus hierrensis
PP133737.fasta,PP133737.1,"Sonchus microcarpus chloroplast, complete genome","PP133737.1 Sonchus microcarpus chloroplast, complete genome",Sonchus microcarpus
OR990549.fasta,OR990549.1,"Sonchus oleraceus chloroplast, complete genome","OR990549.1 Sonchus oleraceus chloroplast, complete genome",Sonchus oleraceus
PP133738.fasta,PP133738.1,"Sonchus palmensis chloroplast, complete genome","PP133738.1 Sonchus palmensis chloroplast, complete genome",Sonchus palmensis
PP133739.fasta,PP133739.1,"Sonchus pendulus chloroplast, complete genome","PP133739.1 Sonchus pendulus chloroplast, complete genome",Sonchus pendulus
PP133740.fasta,PP133740.1,"Sonchus platylepis chloroplast, complete genome","PP133740.1 Sonchus platylepis chloroplast, complete genome",Sonchus platylepis
PP133741.fasta,PP133741.1,"Sonchus radicatus chloroplast, complete genome","PP133741.1 Sonchus radicatus chloroplast, complete genome",Sonchus radicatus
PP133742.fasta,PP133742.1,"Sonchus tuberifer chloroplast, complete genome","PP133742.1 Sonchus tuberifer chloroplast, complete genome",Sonchus tuberifer
PV890009.fasta,PV890009.1,"Sorbaria sorbifolia var. glandulifolia voucher CBU-V-448 chloroplast, complete genome","PV890009.1 Sorbaria sorbifolia var. glandulifolia voucher CBU-V-448 chloroplast, complete genome",Sorbaria sorbifolia
OR995478.fasta,OR995478.1,"Sorbus albopilosa isolate B.B.Liu_dd1007 chloroplast, complete genome","OR995478.1 Sorbus albopilosa isolate B.B.Liu_dd1007 chloroplast, complete genome",Sorbus albopilosa
OR995479.fasta,OR995479.1,"Sorbus americana isolate B.B.Liu_dd1008 chloroplast, complete genome","OR995479.1 Sorbus americana isolate B.B.Liu_dd1008 chloroplast, complete genome",Sorbus americana
OR995480.fasta,OR995480.1,"Sorbus aucuparia isolate B.B.Liu_dd1009 chloroplast, complete genome","OR995480.1 Sorbus aucuparia isolate B.B.Liu_dd1009 chloroplast, complete genome",Sorbus aucuparia
OR995481.fasta,OR995481.1,"Sorbus decora isolate B.B.Liu_dd1010 chloroplast, complete genome","OR995481.1 Sorbus decora isolate B.B.Liu_dd1010 chloroplast, complete genome",Sorbus decora
PV802398.fasta,PV802398.1,"Sorbus glomerulata isolate Li20250512 chloroplast, complete genome","PV802398.1 Sorbus glomerulata isolate Li20250512 chloroplast, complete genome",Sorbus glomerulata
PQ031219.fasta,PQ031219.1,"Sorbus tapashana voucher 2257 chloroplast, complete genome","PQ031219.1 Sorbus tapashana voucher 2257 chloroplast, complete genome",Sorbus tapashana
PQ031217.fasta,PQ031217.1,"Sorbus tianschanica voucher 1762 chloroplast, complete genome","PQ031217.1 Sorbus tianschanica voucher 1762 chloroplast, complete genome",Sorbus tianschanica
PP098517.fasta,PP098517.1,"Sorghum bicolor chloroplast, complete genome","PP098517.1 Sorghum bicolor chloroplast, complete genome",Sorghum bicolor
PQ632124.fasta,PQ632124.1,"Sorghum sorghoides chloroplast, complete genome","PQ632124.1 Sorghum sorghoides chloroplast, complete genome",Sorghum sorghoides
PV870790.fasta,PV870790.1,"Spartium junceum voucher Yi14761-KUN chloroplast, complete genome","PV870790.1 Spartium junceum voucher Yi14761-KUN chloroplast, complete genome",Spartium junceum
PV087171.fasta,PV087171.1,"Speirantha gardenii chloroplast, complete genome","PV087171.1 Speirantha gardenii chloroplast, complete genome",Speirantha gardenii
PP941956.fasta,PP941956.1,"Speranskia cantonensis chloroplast, complete genome","PP941956.1 Speranskia cantonensis chloroplast, complete genome",Speranskia cantonensis
PP941957.fasta,PP941957.1,"Speranskia yunnanensis chloroplast, complete genome","PP941957.1 Speranskia yunnanensis chloroplast, complete genome",Speranskia yunnanensis
PV870675.fasta,PV870675.1,"Sphaerophysa salsula voucher 15CS10306-KUN chloroplast, complete genome","PV870675.1 Sphaerophysa salsula voucher 15CS10306-KUN chloroplast, complete genome",Sphaerophysa salsula
PV870736.fasta,PV870736.1,"Sphenostylis angustifolia voucher 1603-MO chloroplast, complete genome","PV870736.1 Sphenostylis angustifolia voucher 1603-MO chloroplast, complete genome",Sphenostylis angustifolia
OR601530.fasta,OR601530.1,"Spiraea alpina isolate p32 chloroplast, complete genome","OR601530.1 Spiraea alpina isolate p32 chloroplast, complete genome",Spiraea alpina
PX591894.fasta,PX591894.1,"Spiraea chamaedryfolia chloroplast, complete genome","PX591894.1 Spiraea chamaedryfolia chloroplast, complete genome",Spiraea chamaedryfolia
PZ148117.fasta,PZ148117.1,"Spiraea microgyna voucher ESK21-526 chloroplast, complete genome","PZ148117.1 Spiraea microgyna voucher ESK21-526 chloroplast, complete genome",Spiraea microgyna
PZ276092.fasta,PZ276092.1,"Spiraea thunbergii chloroplast, complete genome","PZ276092.1 Spiraea thunbergii chloroplast, complete genome",Spiraea thunbergii
PQ469702.fasta,PQ469702.1,"Spodiopogon cotulifer chloroplast, complete genome","PQ469702.1 Spodiopogon cotulifer chloroplast, complete genome",Spodiopogon cotulifer
PQ469704.fasta,PQ469704.1,"Spodiopogon duclouxii chloroplast, complete genome","PQ469704.1 Spodiopogon duclouxii chloroplast, complete genome",Spodiopogon duclouxii
PQ550994.fasta,PQ550994.1,"Spodiopogon formosanus chloroplast, complete genome","PQ550994.1 Spodiopogon formosanus chloroplast, complete genome",Spodiopogon formosanus
PQ469703.fasta,PQ469703.1,"Spodiopogon sibiricus chloroplast, complete genome","PQ469703.1 Spodiopogon sibiricus chloroplast, complete genome",Spodiopogon sibiricus
PV794604.fasta,PV794604.1,"Spuriopimpinella brachycarpa isolate XYL2023071801 chloroplast, complete genome","PV794604.1 Spuriopimpinella brachycarpa isolate XYL2023071801 chloroplast, complete genome",Spuriopimpinella brachycarpa
PV794605.fasta,PV794605.1,"Spuriopimpinella brachystyla isolate CRY24082401 chloroplast, complete genome","PV794605.1 Spuriopimpinella brachystyla isolate CRY24082401 chloroplast, complete genome",Spuriopimpinella brachystyla
PQ835443.fasta,PQ835443.1,"Stachyphrynium placentarium isolate L41102 chloroplast, complete genome","PQ835443.1 Stachyphrynium placentarium isolate L41102 chloroplast, complete genome",Stachyphrynium placentarium
PQ835452.fasta,PQ835452.1,"Stachyphrynium spicatum isolate L101505 chloroplast, complete genome","PQ835452.1 Stachyphrynium spicatum isolate L101505 chloroplast, complete genome",Stachyphrynium spicatum
PX260186.fasta,PX260186.1,"Stachys germanica chloroplast, complete genome","PX260186.1 Stachys germanica chloroplast, complete genome",Stachys germanica
PX260185.fasta,PX260185.1,"Stachys persica chloroplast, complete genome","PX260185.1 Stachys persica chloroplast, complete genome",Stachys persica
PP272178.fasta,PP272178.1,"Stachys recta subsp. labiosa chloroplast, complete genome","PP272178.1 Stachys recta subsp. labiosa chloroplast, complete genome",Stachys recta
PP272179.fasta,PP272179.1,"Stachys sylvatica chloroplast, complete genome","PP272179.1 Stachys sylvatica chloroplast, complete genome",Stachys sylvatica
PP056248.fasta,PP056248.1,"Stachyurus chinensis isolate DBS00805 chloroplast, complete genome","PP056248.1 Stachyurus chinensis isolate DBS00805 chloroplast, complete genome",Stachyurus chinensis
PX223375.fasta,PX223375.1,"Stachyurus cordatulus isolate DM01 chloroplast, complete genome","PX223375.1 Stachyurus cordatulus isolate DM01 chloroplast, complete genome",Stachyurus cordatulus
PX229816.fasta,PX229816.1,"Stachyurus himalaicus isolate XY06 chloroplast, complete genome","PX229816.1 Stachyurus himalaicus isolate XY06 chloroplast, complete genome",Stachyurus himalaicus
PX223374.fasta,PX223374.1,"Stachyurus obovatus isolate DLY02 chloroplast, complete genome","PX223374.1 Stachyurus obovatus isolate DLY02 chloroplast, complete genome",Stachyurus obovatus
PX229822.fasta,PX229822.1,"Stachyurus praecox var. matsuzakii isolate ZC04 chloroplast, complete genome","PX229822.1 Stachyurus praecox var. matsuzakii isolate ZC04 chloroplast, complete genome",Stachyurus praecox
PX223372.fasta,PX223372.1,"Stachyurus retusus isolate AY02 chloroplast, complete genome","PX223372.1 Stachyurus retusus isolate AY02 chloroplast, complete genome",Stachyurus retusus
PX229819.fasta,PX229819.1,"Stachyurus yunnanensis isolate YN01 chloroplast, complete genome","PX229819.1 Stachyurus yunnanensis isolate YN01 chloroplast, complete genome",Stachyurus yunnanensis
BK071864.fasta,BK071864.1,"Staehelina dubia chloroplast, complete genome","BK071864.1 TPA_asm: Staehelina dubia chloroplast, complete genome",Staehelina dubia
BK071865.fasta,BK071865.1,"Staehelina lobelii chloroplast, complete genome","BK071865.1 TPA_asm: Staehelina lobelii chloroplast, complete genome",Staehelina lobelii
BK071866.fasta,BK071866.1,"Staehelina petiolata chloroplast, complete genome","BK071866.1 TPA_asm: Staehelina petiolata chloroplast, complete genome",Staehelina petiolata
PP056249.fasta,PP056249.1,"Staphylea bumalda isolate DBS01542 chloroplast, complete genome","PP056249.1 Staphylea bumalda isolate DBS01542 chloroplast, complete genome",Staphylea bumalda
PZ168342.fasta,PZ168342.1,"Staphylea emodi chloroplast, complete genome","PZ168342.1 Staphylea emodi chloroplast, complete genome",Staphylea emodi
PX828358.fasta,PX828358.1,"Stelis pauciflora chloroplast, complete genome","PX828358.1 Stelis pauciflora chloroplast, complete genome",Stelis pauciflora
PP190932.fasta,PP190932.1,"Stellaria alsine subsp. alsine chloroplast, complete genome","PP190932.1 Stellaria alsine subsp. alsine chloroplast, complete genome",Stellaria alsine
PP190933.fasta,PP190933.1,"Stellaria graminea chloroplast, complete genome","PP190933.1 Stellaria graminea chloroplast, complete genome",Stellaria graminea
PP190934.fasta,PP190934.1,"Stellaria media subsp. media chloroplast, complete genome","PP190934.1 Stellaria media subsp. media chloroplast, complete genome",Stellaria media
PX797413.fasta,PX797413.1,"Stellaria neglecta chloroplast, complete genome","PX797413.1 Stellaria neglecta chloroplast, complete genome",Stellaria neglecta
PP190935.fasta,PP190935.1,"Stellaria nemorum subsp. nemorum chloroplast, complete genome","PP190935.1 Stellaria nemorum subsp. nemorum chloroplast, complete genome",Stellaria nemorum
PP190936.fasta,PP190936.1,"Stellaria pallida chloroplast, complete genome","PP190936.1 Stellaria pallida chloroplast, complete genome",Stellaria pallida
PZ381391.fasta,PZ381391.1,"Stemona parviflora chloroplast, complete genome","PZ381391.1 Stemona parviflora chloroplast, complete genome",Stemona parviflora
PP078669.fasta,PP078669.1,"Stemona sessilifolia isolate DBSYS691 chloroplast, complete genome","PP078669.1 Stemona sessilifolia isolate DBSYS691 chloroplast, complete genome",Stemona sessilifolia
PP078861.fasta,PP078861.1,"Stenocoelium trichocarpum isolate LLJ23073105 chloroplast, complete genome","PP078861.1 Stenocoelium trichocarpum isolate LLJ23073105 chloroplast, complete genome",Stenocoelium trichocarpum
PZ122807.fasta,PZ122807.1,"Stephania brachyandra isolate BXws chloroplast, complete genome","PZ122807.1 Stephania brachyandra isolate BXws chloroplast, complete genome",Stephania brachyandra
PZ137531.fasta,PZ137531.1,"Stephania cephalantha isolate JXlb1 chloroplast, complete genome","PZ137531.1 Stephania cephalantha isolate JXlb1 chloroplast, complete genome",Stephania cephalantha
OR166989.fasta,OR166989.1,"Stephania chingtungensis isolate Y63 chloroplast, complete genome","OR166989.1 Stephania chingtungensis isolate Y63 chloroplast, complete genome",Stephania chingtungensis
OR166986.fasta,OR166986.1,"Stephania dicentrinifera isolate Y60 chloroplast, complete genome","OR166986.1 Stephania dicentrinifera isolate Y60 chloroplast, complete genome",Stephania dicentrinifera
PZ122817.fasta,PZ122817.1,"Stephania dielsiana isolate XSgl2 chloroplast, complete genome","PZ122817.1 Stephania dielsiana isolate XSgl2 chloroplast, complete genome",Stephania dielsiana
PZ122812.fasta,PZ122812.1,"Stephania dolichopoda isolate DYpr chloroplast, complete genome","PZ122812.1 Stephania dolichopoda isolate DYpr chloroplast, complete genome",Stephania dolichopoda
PZ137525.fasta,PZ137525.1,"Stephania epigaea isolate DBRhh1 chloroplast, complete genome","PZ137525.1 Stephania epigaea isolate DBRhh1 chloroplast, complete genome",Stephania epigaea
OR166995.fasta,OR166995.1,"Stephania excentrica isolate YN2022QJT410 chloroplast, complete genome","OR166995.1 Stephania excentrica isolate YN2022QJT410 chloroplast, complete genome",Stephania excentrica
PX092667.fasta,PX092667.1,"Stephania hainanensis isolate EV1 chloroplast, complete genome","PX092667.1 Stephania hainanensis isolate EV1 chloroplast, complete genome",Stephania hainanensis
PV975265.fasta,PV975265.1,"Stephania herbacea chloroplast, complete genome","PV975265.1 Stephania herbacea chloroplast, complete genome",Stephania herbacea
PP175339.fasta,PP175339.1,"Stephania hernandiifolia chloroplast, complete genome","PP175339.1 Stephania hernandiifolia chloroplast, complete genome",Stephania hernandiifolia
PP175340.fasta,PP175340.1,"Stephania japonica var. timoriensis chloroplast, complete genome","PP175340.1 Stephania japonica var. timoriensis chloroplast, complete genome",Stephania japonica
OR166996.fasta,OR166996.1,"Stephania kuinanensis isolate YN2022QJT411 chloroplast, complete genome","OR166996.1 Stephania kuinanensis isolate YN2022QJT411 chloroplast, complete genome",Stephania kuinanensis
PZ122813.fasta,PZ122813.1,"Stephania kwangsiensis isolate GXjx chloroplast, complete genome","PZ122813.1 Stephania kwangsiensis isolate GXjx chloroplast, complete genome",Stephania kwangsiensis
PZ122815.fasta,PZ122815.1,"Stephania lincangensis isolate LClc chloroplast, complete genome","PZ122815.1 Stephania lincangensis isolate LClc chloroplast, complete genome",Stephania lincangensis
PV975267.fasta,PV975267.1,"Stephania longa chloroplast, complete genome","PV975267.1 Stephania longa chloroplast, complete genome",Stephania longa
PV975268.fasta,PV975268.1,"Stephania longipes chloroplast, complete genome","PV975268.1 Stephania longipes chloroplast, complete genome",Stephania longipes
PZ122809.fasta,PZ122809.1,"Stephania macrantha isolate DHdc2 chloroplast, complete genome","PZ122809.1 Stephania macrantha isolate DHdc2 chloroplast, complete genome",Stephania macrantha
PZ122814.fasta,PZ122814.1,"Stephania viridiflavens isolate HYdl chloroplast, complete genome","PZ122814.1 Stephania viridiflavens isolate HYdl chloroplast, complete genome",Stephania viridiflavens
PZ137534.fasta,PZ137534.1,"Stephania yunnanensis isolate YNws chloroplast, complete genome","PZ137534.1 Stephania yunnanensis isolate YNws chloroplast, complete genome",Stephania yunnanensis
PQ431398.fasta,PQ431398.1,"Stephanopodium engleri isolate ITV33450 chloroplast, complete genome","PQ431398.1 Stephanopodium engleri isolate ITV33450 chloroplast, complete genome",Stephanopodium engleri
OP133576.fasta,OP133576.1,"Stephanotis volubilis voucher C.F. Zhang 5978 chloroplast, complete genome","OP133576.1 Stephanotis volubilis voucher C.F. Zhang 5978 chloroplast, complete genome",Stephanotis volubilis
PP467378.fasta,PP467378.1,"Sterculia monosperma chloroplast, complete genome","PP467378.1 Sterculia monosperma chloroplast, complete genome",Sterculia monosperma
PP056250.fasta,PP056250.1,"Stevenia maximowiczii isolate CXZ618 chloroplast, complete genome","PP056250.1 Stevenia maximowiczii isolate CXZ618 chloroplast, complete genome",Stevenia maximowiczii
PQ571158.fasta,PQ571158.1,"Stichorkis gibbosa chloroplast, complete genome","PQ571158.1 Stichorkis gibbosa chloroplast, complete genome",Stichorkis gibbosa
PX316414.fasta,PX316414.1,"Stillingia texana chloroplast, complete genome","PX316414.1 Stillingia texana chloroplast, complete genome",Stillingia texana
PP622695.fasta,PP622695.1,"Stipa pennata subsp. eriocaulis chloroplast, complete genome","PP622695.1 Stipa pennata subsp. eriocaulis chloroplast, complete genome",Stipa pennata
PP234577.fasta,PP234577.1,"Stipa purpurea isolate p69 chloroplast, complete genome","PP234577.1 Stipa purpurea isolate p69 chloroplast, complete genome",Stipa purpurea
PP234525.fasta,PP234525.1,"Stipa subsessiliflora isolate p140 chloroplast, complete genome","PP234525.1 Stipa subsessiliflora isolate p140 chloroplast, complete genome",Stipa subsessiliflora
PP234585.fasta,PP234585.1,"Stipa tianschanica var. gobica isolate p78 chloroplast, complete genome","PP234585.1 Stipa tianschanica var. gobica isolate p78 chloroplast, complete genome",Stipa tianschanica
PX262287.fasta,PX262287.1,"Strobilanthes cusia isolate Sc14 chloroplast, complete genome","PX262287.1 Strobilanthes cusia isolate Sc14 chloroplast, complete genome",Strobilanthes cusia
PQ631129.fasta,PQ631129.1,"Strobilanthes sarcorrhiza chloroplast, complete genome","PQ631129.1 Strobilanthes sarcorrhiza chloroplast, complete genome",Strobilanthes sarcorrhiza
PX309539.fasta,PX309539.1,"Stromanthe sanguinea chloroplast, complete genome","PX309539.1 Stromanthe sanguinea chloroplast, complete genome",Stromanthe sanguinea
PP646452.fasta,PP646452.1,"Strombocarpa burkartii chloroplast, complete genome","PP646452.1 Strombocarpa burkartii chloroplast, complete genome",Strombocarpa burkartii
OR712482.fasta,OR712482.1,"Strombosia pustulata voucher J. J. Wieringa & T. Nzabi No. 2781 chloroplast, complete genome","OR712482.1 Strombosia pustulata voucher J. J. Wieringa & T. Nzabi No. 2781 chloroplast, complete genome",Strombosia pustulata
OR712483.fasta,OR712483.1,"Strombosiopsis tetrandra voucher J. J. Wieringa & Fl van Nek 3300 chloroplast, complete genome","OR712483.1 Strombosiopsis tetrandra voucher J. J. Wieringa & Fl van Nek 3300 chloroplast, complete genome",Strombosiopsis tetrandra
PV798297.fasta,PV798297.1,"Strophanthus divaricatus chloroplast, complete genome","PV798297.1 Strophanthus divaricatus chloroplast, complete genome",Strophanthus divaricatus
OP133565.fasta,OP133565.1,"Strophanthus hispidus voucher C.F. Zhang 5975 chloroplast, complete genome","OP133565.1 Strophanthus hispidus voucher C.F. Zhang 5975 chloroplast, complete genome",Strophanthus hispidus
OP133566.fasta,OP133566.1,"Strophanthus wallichii voucher C.F. Zhang et al. 5999 chloroplast, complete genome","OP133566.1 Strophanthus wallichii voucher C.F. Zhang et al. 5999 chloroplast, complete genome",Strophanthus wallichii
PV083600.fasta,PV083600.1,"Styrax acuminatus chloroplast, complete genome","PV083600.1 Styrax acuminatus chloroplast, complete genome",Styrax acuminatus
OQ549901.fasta,OQ549901.1,"Styrax agrestis isolate 2021Lbb-13 chloroplast, complete genome","OQ549901.1 Styrax agrestis isolate 2021Lbb-13 chloroplast, complete genome",Styrax agrestis
PV083601.fasta,PV083601.1,"Styrax aureus chloroplast, complete genome","PV083601.1 Styrax aureus chloroplast, complete genome",Styrax aureus
OQ549896.fasta,OQ549896.1,"Styrax chinensis isolate 2021Lbb-8 chloroplast, complete genome","OQ549896.1 Styrax chinensis isolate 2021Lbb-8 chloroplast, complete genome",Styrax chinensis
OQ549889.fasta,OQ549889.1,"Styrax confusus isolate 2021Lbb-1 chloroplast, complete genome","OQ549889.1 Styrax confusus isolate 2021Lbb-1 chloroplast, complete genome",Styrax confusus
OQ549897.fasta,OQ549897.1,"Styrax dasyanthus isolate 2021Lbb-9 chloroplast, complete genome","OQ549897.1 Styrax dasyanthus isolate 2021Lbb-9 chloroplast, complete genome",Styrax dasyanthus
OQ549903.fasta,OQ549903.1,"Styrax faberi isolate 2021Lbb-15 chloroplast, complete genome","OQ549903.1 Styrax faberi isolate 2021Lbb-15 chloroplast, complete genome",Styrax faberi
PV083602.fasta,PV083602.1,"Styrax gentryi chloroplast, complete genome","PV083602.1 Styrax gentryi chloroplast, complete genome",Styrax gentryi
PV083603.fasta,PV083603.1,"Styrax glabrescens chloroplast, complete genome","PV083603.1 Styrax glabrescens chloroplast, complete genome",Styrax glabrescens
OQ549907.fasta,OQ549907.1,"Styrax grandiflorus isolate 2021Lbb-19 chloroplast, complete genome","OQ549907.1 Styrax grandiflorus isolate 2021Lbb-19 chloroplast, complete genome",Styrax grandiflorus
PV083604.fasta,PV083604.1,"Styrax hainanensis chloroplast, complete genome","PV083604.1 Styrax hainanensis chloroplast, complete genome",Styrax hainanensis
PV083605.fasta,PV083605.1,"Styrax jaliscanus chloroplast, complete genome","PV083605.1 Styrax jaliscanus chloroplast, complete genome",Styrax jaliscanus
OQ549890.fasta,OQ549890.1,"Styrax japonicus isolate 2021Lbb-2 chloroplast, complete genome","OQ549890.1 Styrax japonicus isolate 2021Lbb-2 chloroplast, complete genome",Styrax japonicus
PV083606.fasta,PV083606.1,"Styrax latifolius chloroplast, complete genome","PV083606.1 Styrax latifolius chloroplast, complete genome",Styrax latifolius
PV083607.fasta,PV083607.1,"Styrax leprosus chloroplast, complete genome","PV083607.1 Styrax leprosus chloroplast, complete genome",Styrax leprosus
OQ549893.fasta,OQ549893.1,"Styrax macrocarpus isolate 2021Lbb-5 chloroplast, complete genome","OQ549893.1 Styrax macrocarpus isolate 2021Lbb-5 chloroplast, complete genome",Styrax macrocarpus
PV083608.fasta,PV083608.1,"Styrax maninul chloroplast, complete genome","PV083608.1 Styrax maninul chloroplast, complete genome",Styrax maninul
PV083609.fasta,PV083609.1,"Styrax martii chloroplast, complete genome","PV083609.1 Styrax martii chloroplast, complete genome",Styrax martii
PV083610.fasta,PV083610.1,"Styrax nunezii chloroplast, complete genome","PV083610.1 Styrax nunezii chloroplast, complete genome",Styrax nunezii
OQ549891.fasta,OQ549891.1,"Styrax obassis isolate 2021Lbb-3 chloroplast, complete genome","OQ549891.1 Styrax obassis isolate 2021Lbb-3 chloroplast, complete genome",Styrax obassis
PV083611.fasta,PV083611.1,"Styrax obtusifolius chloroplast, complete genome","PV083611.1 Styrax obtusifolius chloroplast, complete genome",Styrax obtusifolius
OQ549899.fasta,OQ549899.1,"Styrax odoratissimus isolate 2021Lbb-11 chloroplast, complete genome","OQ549899.1 Styrax odoratissimus isolate 2021Lbb-11 chloroplast, complete genome",Styrax odoratissimus
PV083612.fasta,PV083612.1,"Styrax officinalis chloroplast, complete genome","PV083612.1 Styrax officinalis chloroplast, complete genome",Styrax officinalis
PV083613.fasta,PV083613.1,"Styrax pedicellatus chloroplast, complete genome","PV083613.1 Styrax pedicellatus chloroplast, complete genome",Styrax pedicellatus
PV083614.fasta,PV083614.1,"Styrax pentlandianus chloroplast, complete genome","PV083614.1 Styrax pentlandianus chloroplast, complete genome",Styrax pentlandianus
PV083615.fasta,PV083615.1,"Styrax peruvianus chloroplast, complete genome","PV083615.1 Styrax peruvianus chloroplast, complete genome",Styrax peruvianus
PV083616.fasta,PV083616.1,"Styrax platanifolius chloroplast, complete genome","PV083616.1 Styrax platanifolius chloroplast, complete genome",Styrax platanifolius
PV083617.fasta,PV083617.1,"Styrax pohlii chloroplast, complete genome","PV083617.1 Styrax pohlii chloroplast, complete genome",Styrax pohlii
PV083618.fasta,PV083618.1,"Styrax portoricensis chloroplast, complete genome","PV083618.1 Styrax portoricensis chloroplast, complete genome",Styrax portoricensis
OQ549894.fasta,OQ549894.1,"Styrax rhytidocarpus isolate 2021Lbb-6 chloroplast, complete genome","OQ549894.1 Styrax rhytidocarpus isolate 2021Lbb-6 chloroplast, complete genome",Styrax rhytidocarpus
OQ549908.fasta,OQ549908.1,"Styrax serrulatus isolate 2021Lbb-20 chloroplast, complete genome","OQ549908.1 Styrax serrulatus isolate 2021Lbb-20 chloroplast, complete genome",Styrax serrulatus
PV083619.fasta,PV083619.1,"Styrax shiraianus chloroplast, complete genome","PV083619.1 Styrax shiraianus chloroplast, complete genome",Styrax shiraianus
PV083620.fasta,PV083620.1,"Styrax subargenteus chloroplast, complete genome","PV083620.1 Styrax subargenteus chloroplast, complete genome",Styrax subargenteus
OQ549900.fasta,OQ549900.1,"Styrax suberifolius isolate 2021Lbb-12 chloroplast, complete genome","OQ549900.1 Styrax suberifolius isolate 2021Lbb-12 chloroplast, complete genome",Styrax suberifolius
PV083621.fasta,PV083621.1,"Styrax tomentosus chloroplast, complete genome","PV083621.1 Styrax tomentosus chloroplast, complete genome",Styrax tomentosus
OQ549902.fasta,OQ549902.1,"Styrax tonkinensis isolate 2021Lbb-14 chloroplast, complete genome","OQ549902.1 Styrax tonkinensis isolate 2021Lbb-14 chloroplast, complete genome",Styrax tonkinensis
PV083622.fasta,PV083622.1,"Styrax warscewiczii chloroplast, complete genome","PV083622.1 Styrax warscewiczii chloroplast, complete genome",Styrax warscewiczii
ON929880.fasta,ON929880.1,"Suaeda acuminata chloroplast, complete genome","ON929880.1 Suaeda acuminata chloroplast, complete genome",Suaeda acuminata
ON929882.fasta,ON929882.1,"Suaeda aralocaspica chloroplast, complete genome","ON929882.1 Suaeda aralocaspica chloroplast, complete genome",Suaeda aralocaspica
PP234587.fasta,PP234587.1,"Suaeda corniculata isolate p7 chloroplast, complete genome","PP234587.1 Suaeda corniculata isolate p7 chloroplast, complete genome",Suaeda corniculata
ON929878.fasta,ON929878.1,"Suaeda linifolia chloroplast, complete genome","ON929878.1 Suaeda linifolia chloroplast, complete genome",Suaeda linifolia
ON929881.fasta,ON929881.1,"Suaeda microphylla chloroplast, complete genome","ON929881.1 Suaeda microphylla chloroplast, complete genome",Suaeda microphylla
ON929879.fasta,ON929879.1,"Suaeda paradoxa chloroplast, complete genome","ON929879.1 Suaeda paradoxa chloroplast, complete genome",Suaeda paradoxa
PV870810.fasta,PV870810.1,"Swainsona canescens voucher Yi14877-Yi Lab chloroplast, complete genome","PV870810.1 Swainsona canescens voucher Yi14877-Yi Lab chloroplast, complete genome",Swainsona canescens
PV870697.fasta,PV870697.1,"Swartzia simplex voucher 19924-MO chloroplast, complete genome","PV870697.1 Swartzia simplex voucher 19924-MO chloroplast, complete genome",Swartzia simplex
PV365186.fasta,PV365186.1,"Swertia bimaculata chloroplast, complete genome","PV365186.1 Swertia bimaculata chloroplast, complete genome",Swertia bimaculata
OP837513.fasta,OP837513.1,"Swertia franchetiana isolate bjzyc1 chloroplast, complete genome","OP837513.1 Swertia franchetiana isolate bjzyc1 chloroplast, complete genome",Swertia franchetiana
PV276231.fasta,PV276231.1,"Swertia macrosperma isolate tc08 chloroplast, complete genome","PV276231.1 Swertia macrosperma isolate tc08 chloroplast, complete genome",Swertia macrosperma
PZ182191.fasta,PZ182191.1,"Swertia muliensis chloroplast, complete genome","PZ182191.1 Swertia muliensis chloroplast, complete genome",Swertia muliensis
OP837518.fasta,OP837518.1,"Swertia mussotii isolate CXZYC5 chloroplast, complete genome","OP837518.1 Swertia mussotii isolate CXZYC5 chloroplast, complete genome",Swertia mussotii
PV276232.fasta,PV276232.1,"Swertia nervosa isolate tc10 chloroplast, complete genome","PV276232.1 Swertia nervosa isolate tc10 chloroplast, complete genome",Swertia nervosa
OP837522.fasta,OP837522.1,"Swertia speciosa isolate YDZYC chloroplast, complete genome","OP837522.1 Swertia speciosa isolate YDZYC chloroplast, complete genome",Swertia speciosa
PP476489.fasta,PP476489.4,"Syagrus oleracea chloroplast, complete genome","PP476489.4 Syagrus oleracea chloroplast, complete genome",Syagrus oleracea
ON729375.fasta,ON729375.1,"Sycopsis sinensis chloroplast, complete genome","ON729375.1 Sycopsis sinensis chloroplast, complete genome",Sycopsis sinensis
PV870686.fasta,PV870686.1,"Sylvichadsia grandifolia voucher 2041-MO chloroplast, complete genome","PV870686.1 Sylvichadsia grandifolia voucher 2041-MO chloroplast, complete genome",Sylvichadsia grandifolia
ON929863.fasta,ON929863.1,"Sympegma regelii chloroplast, complete genome","ON929863.1 Sympegma regelii chloroplast, complete genome",Sympegma regelii
PQ456197.fasta,PQ456197.1,"Symphytum officinale isolate SoL chloroplast, complete genome","PQ456197.1 Symphytum officinale isolate SoL chloroplast, complete genome",Symphytum officinale
PP024539.fasta,PP024539.1,"Symphytum tuberosum subsp. angustifolium chloroplast, complete genome","PP024539.1 Symphytum tuberosum subsp. angustifolium chloroplast, complete genome",Symphytum tuberosum
PP056251.fasta,PP056251.1,"Symplocos stellaris isolate ZXX202438 chloroplast, complete genome","PP056251.1 Symplocos stellaris isolate ZXX202438 chloroplast, complete genome",Symplocos stellaris
PX309540.fasta,PX309540.1,"Syngonium podophyllum chloroplast, complete genome","PX309540.1 Syngonium podophyllum chloroplast, complete genome",Syngonium podophyllum
PX421566.fasta,PX421566.1,"Synotis solidaginea isolate SSOL3 voucher SSOL3 chloroplast, complete genome","PX421566.1 Synotis solidaginea isolate SSOL3 voucher SSOL3 chloroplast, complete genome",Synotis solidaginea
BK071867.fasta,BK071867.1,"Syreitschikovia tenuifolia chloroplast, complete genome","BK071867.1 TPA_asm: Syreitschikovia tenuifolia chloroplast, complete genome",Syreitschikovia tenuifolia
PZ239409.fasta,PZ239409.1,"Syringa amurensis chloroplast, complete genome","PZ239409.1 Syringa amurensis chloroplast, complete genome",Syringa amurensis
PZ239408.fasta,PZ239408.1,"Syringa emodi chloroplast, complete genome","PZ239408.1 Syringa emodi chloroplast, complete genome",Syringa emodi
PZ239407.fasta,PZ239407.1,"Syringa josikaea chloroplast, complete genome","PZ239407.1 Syringa josikaea chloroplast, complete genome",Syringa josikaea
OP514744.fasta,OP514744.1,"Syringa julianae voucher AA 10955-A chloroplast, complete genome","OP514744.1 Syringa julianae voucher AA 10955-A chloroplast, complete genome",Syringa julianae
PZ239424.fasta,PZ239424.1,"Syringa komarowii chloroplast, complete genome","PZ239424.1 Syringa komarowii chloroplast, complete genome",Syringa komarowii
MT656596.fasta,MT656596.1,"Syringa mairei chloroplast, complete genome","MT656596.1 Syringa mairei chloroplast, complete genome",Syringa mairei
OP574347.fasta,OP574347.1,"Syringa meyeri voucher p2020-0062 chloroplast, complete genome","OP574347.1 Syringa meyeri voucher p2020-0062 chloroplast, complete genome",Syringa meyeri
PZ239423.fasta,PZ239423.1,"Syringa microphylla chloroplast, complete genome","PZ239423.1 Syringa microphylla chloroplast, complete genome",Syringa microphylla
PZ239421.fasta,PZ239421.1,"Syringa oblata var. dilatata chloroplast, complete genomenome","PZ239421.1 Syringa oblata var. dilatata chloroplast, complete genomenome",Syringa oblata
OP514747.fasta,OP514747.1,"Syringa patula var. kamibayashii voucher p2020-0063 chloroplast, complete genome","OP514747.1 Syringa patula var. kamibayashii voucher p2020-0063 chloroplast, complete genome",Syringa patula
PZ239419.fasta,PZ239419.1,"Syringa pekinensis chloroplast, complete genomenome","PZ239419.1 Syringa pekinensis chloroplast, complete genomenome",Syringa pekinensis
OP531898.fasta,OP531898.1,"Syringa pinetorum voucher 1348-65 chloroplast, complete genome","OP531898.1 Syringa pinetorum voucher 1348-65 chloroplast, complete genome",Syringa pinetorum
OP514740.fasta,OP514740.1,"Syringa pinnatifolia voucher AA 797-85 chloroplast, complete genome","OP514740.1 Syringa pinnatifolia voucher AA 797-85 chloroplast, complete genome",Syringa pinnatifolia
OP514741.fasta,OP514741.1,"Syringa protolaciniata voucher AA 511-71-B chloroplast, complete genome","OP514741.1 Syringa protolaciniata voucher AA 511-71-B chloroplast, complete genome",Syringa protolaciniata
OP514749.fasta,OP514749.1,"Syringa pubescens var. potaninii voucher AA 1320-65 chloroplast, complete genome","OP514749.1 Syringa pubescens var. potaninii voucher AA 1320-65 chloroplast, complete genome",Syringa pubescens
PZ239417.fasta,PZ239417.1,"Syringa reticulata chloroplast, complete genome","PZ239417.1 Syringa reticulata chloroplast, complete genome",Syringa reticulata
PZ239416.fasta,PZ239416.1,"Syringa sweginzowii chloroplast, complete genome","PZ239416.1 Syringa sweginzowii chloroplast, complete genome",Syringa sweginzowii
PZ239415.fasta,PZ239415.1,"Syringa tigerstedtii chloroplast, complete genome","PZ239415.1 Syringa tigerstedtii chloroplast, complete genome",Syringa tigerstedtii
PZ239426.fasta,PZ239426.1,"Syringa tomentella chloroplast, complete genome","PZ239426.1 Syringa tomentella chloroplast, complete genome",Syringa tomentella
PZ239414.fasta,PZ239414.1,"Syringa velutina chloroplast, complete genome","PZ239414.1 Syringa velutina chloroplast, complete genome",Syringa velutina
PZ239413.fasta,PZ239413.1,"Syringa villosa chloroplast, complete genome","PZ239413.1 Syringa villosa chloroplast, complete genome",Syringa villosa
PZ239404.fasta,PZ239404.1,"Syringa vulgaris chloroplast, complete genome","PZ239404.1 Syringa vulgaris chloroplast, complete genome",Syringa vulgaris
OP531905.fasta,OP531905.1,"Syringa wolfii var. hirsuta voucher AA 537-77-B chloroplast, complete genome","OP531905.1 Syringa wolfii var. hirsuta voucher AA 537-77-B chloroplast, complete genome",Syringa wolfii
PZ239425.fasta,PZ239425.1,"Syringa x persica chloroplast, complete genome","PZ239425.1 Syringa x persica chloroplast, complete genome",Syringa persica
PZ239411.fasta,PZ239411.1,"Syringa yunnanensis chloroplast, complete genome","PZ239411.1 Syringa yunnanensis chloroplast, complete genome",Syringa yunnanensis
PX130303.fasta,PX130303.1,"Syzygium acre chloroplast, complete genome","PX130303.1 Syzygium acre chloroplast, complete genome",Syzygium acre
PX130304.fasta,PX130304.1,"Syzygium alliiligneum chloroplast, complete genome","PX130304.1 Syzygium alliiligneum chloroplast, complete genome",Syzygium alliiligneum
PX130306.fasta,PX130306.1,"Syzygium alubo chloroplast, complete genome","PX130306.1 Syzygium alubo chloroplast, complete genome",Syzygium alubo
PX130307.fasta,PX130307.1,"Syzygium amphoraecarpus chloroplast, complete genome","PX130307.1 Syzygium amphoraecarpus chloroplast, complete genome",Syzygium amphoraecarpus
PX130305.fasta,PX130305.1,"Syzygium amplum chloroplast, complete genome","PX130305.1 Syzygium amplum chloroplast, complete genome",Syzygium amplum
PX130308.fasta,PX130308.1,"Syzygium ampullarium chloroplast, complete genome","PX130308.1 Syzygium ampullarium chloroplast, complete genome",Syzygium ampullarium
PX108616.fasta,PX108616.1,"Syzygium angophoroides chloroplast, complete genome","PX108616.1 Syzygium angophoroides chloroplast, complete genome",Syzygium angophoroides
PX108617.fasta,PX108617.1,"Syzygium antisepticum chloroplast, complete genome","PX108617.1 Syzygium antisepticum chloroplast, complete genome",Syzygium antisepticum
PX108618.fasta,PX108618.1,"Syzygium apodophyllum chloroplast, complete genome","PX108618.1 Syzygium apodophyllum chloroplast, complete genome",Syzygium apodophyllum
PX396002.fasta,PX396002.1,"Syzygium aqueum chloroplast, complete genome","PX396002.1 Syzygium aqueum chloroplast, complete genome",Syzygium aqueum
PX108619.fasta,PX108619.1,"Syzygium argyropedicum chloroplast, complete genome","PX108619.1 Syzygium argyropedicum chloroplast, complete genome",Syzygium argyropedicum
PX108620.fasta,PX108620.1,"Syzygium armstrongii chloroplast, complete genome","PX108620.1 Syzygium armstrongii chloroplast, complete genome",Syzygium armstrongii
PX396008.fasta,PX396008.1,"Syzygium attenuatum isolate G5-11776 chloroplast, complete genome","PX396008.1 Syzygium attenuatum isolate G5-11776 chloroplast, complete genome",Syzygium attenuatum
PX108621.fasta,PX108621.1,"Syzygium austrocaledonicum chloroplast, complete genome","PX108621.1 Syzygium austrocaledonicum chloroplast, complete genome",Syzygium austrocaledonicum
PX130309.fasta,PX130309.1,"Syzygium baladense chloroplast, complete genome","PX130309.1 Syzygium baladense chloroplast, complete genome",Syzygium baladense
PX396009.fasta,PX396009.1,"Syzygium balgooyi isolate SYZ401 chloroplast, complete genome","PX396009.1 Syzygium balgooyi isolate SYZ401 chloroplast, complete genome",Syzygium balgooyi
PX396003.fasta,PX396003.1,"Syzygium bankense chloroplast, complete genome","PX396003.1 Syzygium bankense chloroplast, complete genome",Syzygium bankense
PX108622.fasta,PX108622.1,"Syzygium banksii chloroplast, complete genome","PX108622.1 Syzygium banksii chloroplast, complete genome",Syzygium banksii
PX130310.fasta,PX130310.1,"Syzygium barringtonioides chloroplast, complete genome","PX130310.1 Syzygium barringtonioides chloroplast, complete genome",Syzygium barringtonioides
PX130311.fasta,PX130311.1,"Syzygium batadamba chloroplast, complete genome","PX130311.1 Syzygium batadamba chloroplast, complete genome",Syzygium batadamba
PX396010.fasta,PX396010.1,"Syzygium biniflorum chloroplast, complete genome","PX396010.1 Syzygium biniflorum chloroplast, complete genome",Syzygium biniflorum
PX125821.fasta,PX125821.1,"Syzygium boonjee chloroplast, complete genome","PX125821.1 Syzygium boonjee chloroplast, complete genome",Syzygium boonjee
PX125822.fasta,PX125822.1,"Syzygium bullatum chloroplast, complete genome","PX125822.1 Syzygium bullatum chloroplast, complete genome",Syzygium bullatum
PX125823.fasta,PX125823.1,"Syzygium bungadinnia chloroplast, complete genome","PX125823.1 Syzygium bungadinnia chloroplast, complete genome",Syzygium bungadinnia
PP078663.fasta,PP078663.1,"Syzygium buxifolium isolate DBS00816 chloroplast, complete genome","PP078663.1 Syzygium buxifolium isolate DBS00816 chloroplast, complete genome",Syzygium buxifolium
PX125824.fasta,PX125824.1,"Syzygium canicortex chloroplast, complete genome","PX125824.1 Syzygium canicortex chloroplast, complete genome",Syzygium canicortex
PX130312.fasta,PX130312.1,"Syzygium cerasiforme chloroplast, complete genome","PX130312.1 Syzygium cerasiforme chloroplast, complete genome",Syzygium cerasiforme
PX125825.fasta,PX125825.1,"Syzygium chloranthum chloroplast, complete genome","PX125825.1 Syzygium chloranthum chloroplast, complete genome",Syzygium chloranthum
PX396011.fasta,PX396011.1,"Syzygium claviflorum chloroplast, complete genome","PX396011.1 Syzygium claviflorum chloroplast, complete genome",Syzygium claviflorum
PX130313.fasta,PX130313.1,"Syzygium cleistocalyx chloroplast, complete genome","PX130313.1 Syzygium cleistocalyx chloroplast, complete genome",Syzygium cleistocalyx
PX130314.fasta,PX130314.1,"Syzygium conglomeratum chloroplast, complete genome","PX130314.1 Syzygium conglomeratum chloroplast, complete genome",Syzygium conglomeratum
PX130315.fasta,PX130315.1,"Syzygium cordatum subsp. cordatum chloroplast, complete genome","PX130315.1 Syzygium cordatum subsp. cordatum chloroplast, complete genome",Syzygium cordatum
PX130316.fasta,PX130316.1,"Syzygium cormiflorum chloroplast, complete genome","PX130316.1 Syzygium cormiflorum chloroplast, complete genome",Syzygium cormiflorum
PX125826.fasta,PX125826.1,"Syzygium creaghii chloroplast, complete genome","PX125826.1 Syzygium creaghii chloroplast, complete genome",Syzygium creaghii
PX125827.fasta,PX125827.1,"Syzygium cryptophlebium chloroplast, complete genome","PX125827.1 Syzygium cryptophlebium chloroplast, complete genome",Syzygium cryptophlebium
PQ768875.fasta,PQ768875.1,"Syzygium curranii chloroplast, complete genome","PQ768875.1 Syzygium curranii chloroplast, complete genome",Syzygium curranii
PX125828.fasta,PX125828.1,"Syzygium dansiei chloroplast, complete genome","PX125828.1 Syzygium dansiei chloroplast, complete genome",Syzygium dansiei
PX396012.fasta,PX396012.1,"Syzygium dasyphyllum isolate LYW1258 chloroplast, complete genome","PX396012.1 Syzygium dasyphyllum isolate LYW1258 chloroplast, complete genome",Syzygium dasyphyllum
PX125829.fasta,PX125829.1,"Syzygium divaricatum chloroplast, complete genome","PX125829.1 Syzygium divaricatum chloroplast, complete genome",Syzygium divaricatum
PX125830.fasta,PX125830.1,"Syzygium duthieanum chloroplast, complete genome","PX125830.1 Syzygium duthieanum chloroplast, complete genome",Syzygium duthieanum
PX396014.fasta,PX396014.1,"Syzygium dyerianum isolate LYW1233 chloroplast, complete genome","PX396014.1 Syzygium dyerianum isolate LYW1233 chloroplast, complete genome",Syzygium dyerianum
PX170161.fasta,PX170161.1,"Syzygium endophloium chloroplast, complete genome","PX170161.1 Syzygium endophloium chloroplast, complete genome",Syzygium endophloium
PX170162.fasta,PX170162.1,"Syzygium erythrocalyx chloroplast, complete genome","PX170162.1 Syzygium erythrocalyx chloroplast, complete genome",Syzygium erythrocalyx
PX130317.fasta,PX130317.1,"Syzygium erythrodoxum chloroplast, complete genome","PX130317.1 Syzygium erythrodoxum chloroplast, complete genome",Syzygium erythrodoxum
PX130318.fasta,PX130318.1,"Syzygium eucalyptoides subsp. bleeseri chloroplast, complete genome","PX130318.1 Syzygium eucalyptoides subsp. bleeseri chloroplast, complete genome",Syzygium eucalyptoides
PX170163.fasta,PX170163.1,"Syzygium fibrosum chloroplast, complete genome","PX170163.1 Syzygium fibrosum chloroplast, complete genome",Syzygium fibrosum
PX396015.fasta,PX396015.1,"Syzygium filiforme isolate B2-2146 chloroplast, complete genome","PX396015.1 Syzygium filiforme isolate B2-2146 chloroplast, complete genome",Syzygium filiforme
PX170165.fasta,PX170165.1,"Syzygium floribundum chloroplast, complete genome","PX170165.1 Syzygium floribundum chloroplast, complete genome",Syzygium floribundum
PX396005.fasta,PX396005.1,"Syzygium forte chloroplast, complete genome","PX396005.1 Syzygium forte chloroplast, complete genome",Syzygium forte
PX130320.fasta,PX130320.1,"Syzygium fratris chloroplast, complete genome","PX130320.1 Syzygium fratris chloroplast, complete genome",Syzygium fratris
PX170166.fasta,PX170166.1,"Syzygium fullagarii chloroplast, complete genome","PX170166.1 Syzygium fullagarii chloroplast, complete genome",Syzygium fullagarii
PX130321.fasta,PX130321.1,"Syzygium gilletii chloroplast, complete genome","PX130321.1 Syzygium gilletii chloroplast, complete genome",Syzygium gilletii
PX130322.fasta,PX130322.1,"Syzygium glaucum chloroplast, complete genome","PX130322.1 Syzygium glaucum chloroplast, complete genome",Syzygium glaucum
PX170167.fasta,PX170167.1,"Syzygium glenum chloroplast, complete genome","PX170167.1 Syzygium glenum chloroplast, complete genome",Syzygium glenum
PX130323.fasta,PX130323.1,"Syzygium glomeratum chloroplast, complete genome","PX130323.1 Syzygium glomeratum chloroplast, complete genome",Syzygium glomeratum
PX130324.fasta,PX130324.1,"Syzygium grande chloroplast, complete genome","PX130324.1 Syzygium grande chloroplast, complete genome",Syzygium grande
PX170168.fasta,PX170168.1,"Syzygium graveolens chloroplast, complete genome","PX170168.1 Syzygium graveolens chloroplast, complete genome",Syzygium graveolens
PX396016.fasta,PX396016.1,"Syzygium griffithii isolate BTBT2189 chloroplast, complete genome","PX396016.1 Syzygium griffithii isolate BTBT2189 chloroplast, complete genome",Syzygium griffithii
PX130325.fasta,PX130325.1,"Syzygium guehoi chloroplast, complete genome","PX130325.1 Syzygium guehoi chloroplast, complete genome",Syzygium guehoi
PX130326.fasta,PX130326.1,"Syzygium guillauminii chloroplast, complete genome","PX130326.1 Syzygium guillauminii chloroplast, complete genome",Syzygium guillauminii
PX130327.fasta,PX130327.1,"Syzygium guineense chloroplast, complete genome","PX130327.1 Syzygium guineense chloroplast, complete genome",Syzygium guineense
PX170169.fasta,PX170169.1,"Syzygium gustavioides chloroplast, complete genome","PX170169.1 Syzygium gustavioides chloroplast, complete genome",Syzygium gustavioides
PX170170.fasta,PX170170.1,"Syzygium hedraiophyllum chloroplast, complete genome","PX170170.1 Syzygium hedraiophyllum chloroplast, complete genome",Syzygium hedraiophyllum
PX170171.fasta,PX170171.1,"Syzygium hemilamprum chloroplast, complete genome","PX170171.1 Syzygium hemilamprum chloroplast, complete genome",Syzygium hemilamprum
PX130328.fasta,PX130328.1,"Syzygium hirtum chloroplast, complete genome","PX130328.1 Syzygium hirtum chloroplast, complete genome",Syzygium hirtum
PX130329.fasta,PX130329.1,"Syzygium houttuynii chloroplast, complete genome","PX130329.1 Syzygium houttuynii chloroplast, complete genome",Syzygium houttuynii
PX130330.fasta,PX130330.1,"Syzygium imperiale chloroplast, complete genome","PX130330.1 Syzygium imperiale chloroplast, complete genome",Syzygium imperiale
PX130331.fasta,PX130331.1,"Syzygium incarnatum chloroplast, complete genome","PX130331.1 Syzygium incarnatum chloroplast, complete genome",Syzygium incarnatum
PX125900.fasta,PX125900.1,"Syzygium johnsonii chloroplast, complete genome","PX125900.1 Syzygium johnsonii chloroplast, complete genome",Syzygium johnsonii
PX130332.fasta,PX130332.1,"Syzygium kalahiense chloroplast, complete genome","PX130332.1 Syzygium kalahiense chloroplast, complete genome",Syzygium kalahiense
PX130333.fasta,PX130333.1,"Syzygium kanneliyense chloroplast, complete genome","PX130333.1 Syzygium kanneliyense chloroplast, complete genome",Syzygium kanneliyense
PX130334.fasta,PX130334.1,"Syzygium kunstleri chloroplast, complete genome","PX130334.1 Syzygium kunstleri chloroplast, complete genome",Syzygium kunstleri
PX125901.fasta,PX125901.1,"Syzygium kuranda chloroplast, complete genome","PX125901.1 Syzygium kuranda chloroplast, complete genome",Syzygium kuranda
PX125902.fasta,PX125902.1,"Syzygium latifolium chloroplast, complete genome","PX125902.1 Syzygium latifolium chloroplast, complete genome",Syzygium latifolium
PX130335.fasta,PX130335.1,"Syzygium leptostemon chloroplast, complete genome","PX130335.1 Syzygium leptostemon chloroplast, complete genome",Syzygium leptostemon
PX130336.fasta,PX130336.1,"Syzygium linocieroideum chloroplast, complete genome","PX130336.1 Syzygium linocieroideum chloroplast, complete genome",Syzygium linocieroideum
PX396017.fasta,PX396017.1,"Syzygium longiflorum isolate 353739 chloroplast, complete genome","PX396017.1 Syzygium longiflorum isolate 353739 chloroplast, complete genome",Syzygium longiflorum
PX125903.fasta,PX125903.1,"Syzygium longipes chloroplast, complete genome","PX125903.1 Syzygium longipes chloroplast, complete genome",Syzygium longipes
PX130337.fasta,PX130337.1,"Syzygium luehmannii chloroplast, complete genome","PX130337.1 Syzygium luehmannii chloroplast, complete genome",Syzygium luehmannii
PX396018.fasta,PX396018.1,"Syzygium lunduense isolate 60519 chloroplast, complete genome","PX396018.1 Syzygium lunduense isolate 60519 chloroplast, complete genome",Syzygium lunduense
PX125904.fasta,PX125904.1,"Syzygium macilwraithianum chloroplast, complete genome","PX125904.1 Syzygium macilwraithianum chloroplast, complete genome",Syzygium macilwraithianum
PX125905.fasta,PX125905.1,"Syzygium mackinnonianum chloroplast, complete genome","PX125905.1 Syzygium mackinnonianum chloroplast, complete genome",Syzygium mackinnonianum
PX130338.fasta,PX130338.1,"Syzygium mamillatum chloroplast, complete genome","PX130338.1 Syzygium mamillatum chloroplast, complete genome",Syzygium mamillatum
PX130339.fasta,PX130339.1,"Syzygium maraca chloroplast, complete genome","PX130339.1 Syzygium maraca chloroplast, complete genome",Syzygium maraca
PX130340.fasta,PX130340.1,"Syzygium mauritianum chloroplast, complete genome","PX130340.1 Syzygium mauritianum chloroplast, complete genome",Syzygium mauritianum
PX130341.fasta,PX130341.1,"Syzygium medium chloroplast, complete genome","PX130341.1 Syzygium medium chloroplast, complete genome",Syzygium medium
PX396006.fasta,PX396006.1,"Syzygium monimioides chloroplast, complete genome","PX396006.1 Syzygium monimioides chloroplast, complete genome",Syzygium monimioides
PX130342.fasta,PX130342.1,"Syzygium monospermum chloroplast, complete genome","PX130342.1 Syzygium monospermum chloroplast, complete genome",Syzygium monospermum
PX130343.fasta,PX130343.1,"Syzygium montis-adam chloroplast, complete genome","PX130343.1 Syzygium montis-adam chloroplast, complete genome",Syzygium montis-adam
PX130344.fasta,PX130344.1,"Syzygium mouanum chloroplast, complete genome","PX130344.1 Syzygium mouanum chloroplast, complete genome",Syzygium mouanum
PX125906.fasta,PX125906.1,"Syzygium mulgraveanum chloroplast, complete genome","PX125906.1 Syzygium mulgraveanum chloroplast, complete genome",Syzygium mulgraveanum
PX130345.fasta,PX130345.1,"Syzygium multibracteolatum chloroplast, complete genome","PX130345.1 Syzygium multibracteolatum chloroplast, complete genome",Syzygium multibracteolatum
PX130346.fasta,PX130346.1,"Syzygium neesianum chloroplast, complete genome","PX130346.1 Syzygium neesianum chloroplast, complete genome",Syzygium neesianum
PX130347.fasta,PX130347.1,"Syzygium neocaledonicum chloroplast, complete genome","PX130347.1 Syzygium neocaledonicum chloroplast, complete genome",Syzygium neocaledonicum
PX130348.fasta,PX130348.1,"Syzygium neolaurifolium chloroplast, complete genome","PX130348.1 Syzygium neolaurifolium chloroplast, complete genome",Syzygium neolaurifolium
PX125907.fasta,PX125907.1,"Syzygium ngadimanianum chloroplast, complete genome","PX125907.1 Syzygium ngadimanianum chloroplast, complete genome",Syzygium ngadimanianum
PX125908.fasta,PX125908.1,"Syzygium ngoyense chloroplast, complete genome","PX125908.1 Syzygium ngoyense chloroplast, complete genome",Syzygium ngoyense
PX130349.fasta,PX130349.1,"Syzygium oblanceolatum chloroplast, complete genome","PX130349.1 Syzygium oblanceolatum chloroplast, complete genome",Syzygium oblanceolatum
PX130350.fasta,PX130350.1,"Syzygium oleosum chloroplast, complete genome","PX130350.1 Syzygium oleosum chloroplast, complete genome",Syzygium oleosum
PX130351.fasta,PX130351.1,"Syzygium owariense chloroplast, complete genome","PX130351.1 Syzygium owariense chloroplast, complete genome",Syzygium owariense
PX396007.fasta,PX396007.1,"Syzygium pachyphyllum chloroplast, complete genome","PX396007.1 Syzygium pachyphyllum chloroplast, complete genome",Syzygium pachyphyllum
PX130352.fasta,PX130352.1,"Syzygium paniense chloroplast, complete genome","PX130352.1 Syzygium paniense chloroplast, complete genome",Syzygium paniense
PX125909.fasta,PX125909.1,"Syzygium papyraceum chloroplast, complete genome","PX125909.1 Syzygium papyraceum chloroplast, complete genome",Syzygium papyraceum
PX130353.fasta,PX130353.1,"Syzygium paradoxum chloroplast, complete genome","PX130353.1 Syzygium paradoxum chloroplast, complete genome",Syzygium paradoxum
PX125910.fasta,PX125910.1,"Syzygium pendens chloroplast, complete genome","PX125910.1 Syzygium pendens chloroplast, complete genome",Syzygium pendens
PX130354.fasta,PX130354.1,"Syzygium perspicuinervium chloroplast, complete genome","PX130354.1 Syzygium perspicuinervium chloroplast, complete genome",Syzygium perspicuinervium
PX130355.fasta,PX130355.1,"Syzygium polyanthum chloroplast, complete genome","PX130355.1 Syzygium polyanthum chloroplast, complete genome",Syzygium polyanthum
PX130356.fasta,PX130356.1,"Syzygium polypetaloideum chloroplast, complete genome","PX130356.1 Syzygium polypetaloideum chloroplast, complete genome",Syzygium polypetaloideum
PX130357.fasta,PX130357.1,"Syzygium pringlei chloroplast, complete genome","PX130357.1 Syzygium pringlei chloroplast, complete genome",Syzygium pringlei
PX125911.fasta,PX125911.1,"Syzygium pseudofastigiatum chloroplast, complete genome","PX125911.1 Syzygium pseudofastigiatum chloroplast, complete genome",Syzygium pseudofastigiatum
PX130358.fasta,PX130358.1,"Syzygium pseudoformosum chloroplast, complete genome","PX130358.1 Syzygium pseudoformosum chloroplast, complete genome",Syzygium pseudoformosum
PX125912.fasta,PX125912.1,"Syzygium pustulatum chloroplast, complete genome","PX125912.1 Syzygium pustulatum chloroplast, complete genome",Syzygium pustulatum
PX108613.fasta,PX108613.1,"Syzygium pycnanthum chloroplast, complete genome","PX108613.1 Syzygium pycnanthum chloroplast, complete genome",Syzygium pycnanthum
PX130360.fasta,PX130360.1,"Syzygium pyrifolium chloroplast, complete genome","PX130360.1 Syzygium pyrifolium chloroplast, complete genome",Syzygium pyrifolium
PX130361.fasta,PX130361.1,"Syzygium racemosum chloroplast, complete genome","PX130361.1 Syzygium racemosum chloroplast, complete genome",Syzygium racemosum
PX130362.fasta,PX130362.1,"Syzygium rejangense chloroplast, complete genome","PX130362.1 Syzygium rejangense chloroplast, complete genome",Syzygium rejangense
PX125913.fasta,PX125913.1,"Syzygium resa chloroplast, complete genome","PX125913.1 Syzygium resa chloroplast, complete genome",Syzygium resa
PX125914.fasta,PX125914.1,"Syzygium ridleyi chloroplast, complete genome","PX125914.1 Syzygium ridleyi chloroplast, complete genome",Syzygium ridleyi
PX130363.fasta,PX130363.1,"Syzygium roemeri chloroplast, complete genome","PX130363.1 Syzygium roemeri chloroplast, complete genome",Syzygium roemeri
PX130364.fasta,PX130364.1,"Syzygium rotundifolium chloroplast, complete genome","PX130364.1 Syzygium rotundifolium chloroplast, complete genome",Syzygium rotundifolium
PX125915.fasta,PX125915.1,"Syzygium rubrimolle chloroplast, complete genome","PX125915.1 Syzygium rubrimolle chloroplast, complete genome",Syzygium rubrimolle
PX527522.fasta,PX527522.1,"Syzygium rubrocarpum chloroplast, complete genome","PX527522.1 Syzygium rubrocarpum chloroplast, complete genome",Syzygium rubrocarpum
PX130365.fasta,PX130365.1,"Syzygium rugosum chloroplast, complete genome","PX130365.1 Syzygium rugosum chloroplast, complete genome",Syzygium rugosum
PX130366.fasta,PX130366.1,"Syzygium saliciforme chloroplast, complete genome","PX130366.1 Syzygium saliciforme chloroplast, complete genome",Syzygium saliciforme
PX130367.fasta,PX130367.1,"Syzygium sarmentosum chloroplast, complete genome","PX130367.1 Syzygium sarmentosum chloroplast, complete genome",Syzygium sarmentosum
PX396019.fasta,PX396019.1,"Syzygium scortechinii isolate LYW1234 chloroplast, complete genome","PX396019.1 Syzygium scortechinii isolate LYW1234 chloroplast, complete genome",Syzygium scortechinii
PX130369.fasta,PX130369.1,"Syzygium sharoniae chloroplast, complete genome","PX130369.1 Syzygium sharoniae chloroplast, complete genome",Syzygium sharoniae
PX108614.fasta,PX108614.1,"Syzygium smithii chloroplast, complete genome","PX108614.1 Syzygium smithii chloroplast, complete genome",Syzygium smithii
PX130370.fasta,PX130370.1,"Syzygium spissifolium chloroplast, complete genome","PX130370.1 Syzygium spissifolium chloroplast, complete genome",Syzygium spissifolium
PX130371.fasta,PX130371.1,"Syzygium subcrenatum chloroplast, complete genome","PX130371.1 Syzygium subcrenatum chloroplast, complete genome",Syzygium subcrenatum
PX125916.fasta,PX125916.1,"Syzygium subdecussatum chloroplast, complete genome","PX125916.1 Syzygium subdecussatum chloroplast, complete genome",Syzygium subdecussatum
PX125917.fasta,PX125917.1,"Syzygium suborbiculare chloroplast, complete genome","PX125917.1 Syzygium suborbiculare chloroplast, complete genome",Syzygium suborbiculare
PX396020.fasta,PX396020.1,"Syzygium syzygioides isolate LYW1240 chloroplast, complete genome","PX396020.1 Syzygium syzygioides isolate LYW1240 chloroplast, complete genome",Syzygium syzygioides
PX130372.fasta,PX130372.1,"Syzygium tawahense chloroplast, complete genome","PX130372.1 Syzygium tawahense chloroplast, complete genome",Syzygium tawahense
PX396021.fasta,PX396021.1,"Syzygium tetragonum isolate PA164 chloroplast, complete genome","PX396021.1 Syzygium tetragonum isolate PA164 chloroplast, complete genome",Syzygium tetragonum
PX396022.fasta,PX396022.1,"Syzygium tierneyanum isolate LYW1382 chloroplast, complete genome","PX396022.1 Syzygium tierneyanum isolate LYW1382 chloroplast, complete genome",Syzygium tierneyanum
PX130374.fasta,PX130374.1,"Syzygium toninense chloroplast, complete genome","PX130374.1 Syzygium toninense chloroplast, complete genome",Syzygium toninense
PX130375.fasta,PX130375.1,"Syzygium trachyanthum chloroplast, complete genome","PX130375.1 Syzygium trachyanthum chloroplast, complete genome",Syzygium trachyanthum
PX125918.fasta,PX125918.1,"Syzygium trachyphloium chloroplast, complete genome","PX125918.1 Syzygium trachyphloium chloroplast, complete genome",Syzygium trachyphloium
PX130376.fasta,PX130376.1,"Syzygium tripetalum chloroplast, complete genome","PX130376.1 Syzygium tripetalum chloroplast, complete genome",Syzygium tripetalum
PX396024.fasta,PX396024.1,"Syzygium unipunctatum chloroplast, complete genome","PX396024.1 Syzygium unipunctatum chloroplast, complete genome",Syzygium unipunctatum
PX125919.fasta,PX125919.1,"Syzygium urceolatum chloroplast, complete genome","PX125919.1 Syzygium urceolatum chloroplast, complete genome",Syzygium urceolatum
PX130299.fasta,PX130299.1,"Syzygium velarum chloroplast, complete genome","PX130299.1 Syzygium velarum chloroplast, complete genome",Syzygium velarum
PX130300.fasta,PX130300.1,"Syzygium venosum chloroplast, complete genome","PX130300.1 Syzygium venosum chloroplast, complete genome",Syzygium venosum
PX130378.fasta,PX130378.1,"Syzygium viriosum chloroplast, complete genome","PX130378.1 Syzygium viriosum chloroplast, complete genome",Syzygium viriosum
PX130379.fasta,PX130379.1,"Syzygium wagapense chloroplast, complete genome","PX130379.1 Syzygium wagapense chloroplast, complete genome",Syzygium wagapense
PX130301.fasta,PX130301.1,"Syzygium wesa chloroplast, complete genome","PX130301.1 Syzygium wesa chloroplast, complete genome",Syzygium wesa
PX396023.fasta,PX396023.1,"Syzygium wilsonii chloroplast, complete genome","PX396023.1 Syzygium wilsonii chloroplast, complete genome",Syzygium wilsonii
PX130302.fasta,PX130302.1,"Syzygium xerampelinum chloroplast, complete genome","PX130302.1 Syzygium xerampelinum chloroplast, complete genome",Syzygium xerampelinum
PX130380.fasta,PX130380.1,"Syzygium zeylanicum chloroplast, complete genome","PX130380.1 Syzygium zeylanicum chloroplast, complete genome",Syzygium zeylanicum
OP133592.fasta,OP133592.1,"Tabernaemontana bovina voucher C.F. Zhang et al. 6389 chloroplast, complete genome","OP133592.1 Tabernaemontana bovina voucher C.F. Zhang et al. 6389 chloroplast, complete genome",Tabernaemontana bovina
PV370355.fasta,PV370355.1,"Tagetes erecta chloroplast, complete genome","PV370355.1 Tagetes erecta chloroplast, complete genome",Tagetes erecta
PQ528002.fasta,PQ528002.1,"Taihangia rupestris var. ciliata chloroplast, complete genome","PQ528002.1 Taihangia rupestris var. ciliata chloroplast, complete genome",Taihangia rupestris
OR990543.fasta,OR990543.1,"Takhtajaniantha austriaca chloroplast, complete genome","OR990543.1 Takhtajaniantha austriaca chloroplast, complete genome",Takhtajaniantha austriaca
PX924392.fasta,PX924392.1,"Takhtajaniantha tau-saghyz chloroplast, complete genome","PX924392.1 Takhtajaniantha tau-saghyz chloroplast, complete genome",Takhtajaniantha tau-saghyz
PX309541.fasta,PX309541.1,"Talinum paniculatum chloroplast, complete genome","PX309541.1 Talinum paniculatum chloroplast, complete genome",Talinum paniculatum
PX694255.fasta,PX694255.1,"Talipariti elatum isolate M22 chloroplast, complete genome","PX694255.1 Talipariti elatum isolate M22 chloroplast, complete genome",Talipariti elatum
PX694260.fasta,PX694260.1,"Talipariti hamabo isolate M27 chloroplast, complete genome","PX694260.1 Talipariti hamabo isolate M27 chloroplast, complete genome",Talipariti hamabo
PX694239.fasta,PX694239.1,"Talipariti tiliaceum isolate M05 chloroplast, complete genome","PX694239.1 Talipariti tiliaceum isolate M05 chloroplast, complete genome",Talipariti tiliaceum
MN229512.fasta,MN229512.1,"Tamarix hispida chloroplast, complete genome","MN229512.1 Tamarix hispida chloroplast, complete genome",Tamarix hispida
MZ557567.fasta,MZ557567.1,"Tamarix ramosissima chloroplast, complete genome","MZ557567.1 Tamarix ramosissima chloroplast, complete genome",Tamarix ramosissima
OR990550.fasta,OR990550.1,"Tanacetum vulgare subsp. vulgare chloroplast, complete genome","OR990550.1 Tanacetum vulgare subsp. vulgare chloroplast, complete genome",Tanacetum vulgare
PP056252.fasta,PP056252.1,"Tapiscia sinensis isolate ZSY0164 chloroplast, complete genome","PP056252.1 Tapiscia sinensis isolate ZSY0164 chloroplast, complete genome",Tapiscia sinensis
PZ127291.fasta,PZ127291.1,"Taxillus sutchuenensis var. duclouxii chloroplast, complete genome","PZ127291.1 Taxillus sutchuenensis var. duclouxii chloroplast, complete genome",Taxillus sutchuenensis
PP584598.fasta,PP584598.1,"Taxotrophis ilicifolia chloroplast, complete genome","PP584598.1 Taxotrophis ilicifolia chloroplast, complete genome",Taxotrophis ilicifolia
OM048110.fasta,OM048110.1,"Telfairia occidentalis chloroplast, complete genome","OM048110.1 Telfairia occidentalis chloroplast, complete genome",Telfairia occidentalis
PZ168343.fasta,PZ168343.1,"Telosma cordata chloroplast, complete genome","PZ168343.1 Telosma cordata chloroplast, complete genome",Telosma cordata
PV955039.fasta,PV955039.1,"Tephroseris kirilowii isolate GSC chloroplast, complete genome","PV955039.1 Tephroseris kirilowii isolate GSC chloroplast, complete genome",Tephroseris kirilowii
OR990551.fasta,OR990551.1,"Tephroseris longifolia subsp. gaudinii chloroplast, complete genome","OR990551.1 Tephroseris longifolia subsp. gaudinii chloroplast, complete genome",Tephroseris longifolia
PX804935.fasta,PX804935.1,"Terminalia chebula chloroplast, complete genome","PX804935.1 Terminalia chebula chloroplast, complete genome",Terminalia chebula
PX870151.fasta,PX870151.1,"Terminalia franchetii chloroplast, complete genome","PX870151.1 Terminalia franchetii chloroplast, complete genome",Terminalia franchetii
PX309543.fasta,PX309543.1,"Terminalia neotaliala chloroplast, complete genome","PX309543.1 Terminalia neotaliala chloroplast, complete genome",Terminalia neotaliala
PV870717.fasta,PV870717.1,"Tetraberlinia bifoliolata voucher 10212-MO chloroplast, complete genome","PV870717.1 Tetraberlinia bifoliolata voucher 10212-MO chloroplast, complete genome",Tetraberlinia bifoliolata
PV176888.fasta,PV176888.1,"Tetradium ruticarpum chloroplast, complete genome","PV176888.1 Tetradium ruticarpum chloroplast, complete genome",Tetradium ruticarpum
MW829284.fasta,MW829284.2,"Tetrapanax papyrifer chloroplast, complete genome","MW829284.2 Tetrapanax papyrifer chloroplast, complete genome",Tetrapanax papyrifer
PV296135.fasta,PV296135.1,"Tetrastigma formosanum voucher Personal collection:Liao Y.R. 32 isolate Tetrastigma formosanum chloroplast, complete genome","PV296135.1 Tetrastigma formosanum voucher Personal collection:Liao Y.R. 32 isolate Tetrastigma formosanum chloroplast, complete genome",Tetrastigma formosanum
PZ369174.fasta,PZ369174.1,"Tetrastigma hemsleyanum cultivar jiaqiang zhang chloroplast, complete genome","PZ369174.1 Tetrastigma hemsleyanum cultivar jiaqiang zhang chloroplast, complete genome",Tetrastigma hemsleyanum
PV454981.fasta,PV454981.1,"Tetrastigma obtectum chloroplast, complete genome","PV454981.1 Tetrastigma obtectum chloroplast, complete genome",Tetrastigma obtectum
PV454982.fasta,PV454982.1,"Tetrastigma serrulatum chloroplast, complete genome","PV454982.1 Tetrastigma serrulatum chloroplast, complete genome",Tetrastigma serrulatum
PP272183.fasta,PP272183.1,"Teucrium chamaedrys subsp. chamaedrys chloroplast, complete genome","PP272183.1 Teucrium chamaedrys subsp. chamaedrys chloroplast, complete genome",Teucrium chamaedrys
PV340613.fasta,PV340613.1,"Teucrium flavum chloroplast, complete genome","PV340613.1 Teucrium flavum chloroplast, complete genome",Teucrium flavum
PP272184.fasta,PP272184.1,"Teucrium montanum chloroplast, complete genome","PP272184.1 Teucrium montanum chloroplast, complete genome",Teucrium montanum
PV340614.fasta,PV340614.1,"Teucrium polium chloroplast, complete genome","PV340614.1 Teucrium polium chloroplast, complete genome",Teucrium polium
PP234509.fasta,PP234509.1,"Thalictrum alpinum isolate p109 chloroplast, complete genome","PP234509.1 Thalictrum alpinum isolate p109 chloroplast, complete genome",Thalictrum alpinum
PP622696.fasta,PP622696.1,"Thalictrum aquilegiifolium subsp. aquilegiifolium chloroplast, complete genome","PP622696.1 Thalictrum aquilegiifolium subsp. aquilegiifolium chloroplast, complete genome",Thalictrum aquilegiifolium
PX686334.fasta,PX686334.1,"Thalictrum atriplex chloroplast, complete genome","PX686334.1 Thalictrum atriplex chloroplast, complete genome",Thalictrum atriplex
PZ011248.fasta,PZ011248.1,"Thalictrum delavayi chloroplast, complete genome","PZ011248.1 Thalictrum delavayi chloroplast, complete genome",Thalictrum delavayi
PX682254.fasta,PX682254.1,"Thalictrum finetii chloroplast, complete genome","PX682254.1 Thalictrum finetii chloroplast, complete genome",Thalictrum finetii
PP622697.fasta,PP622697.1,"Thalictrum foetidum subsp. foetidum chloroplast, complete genome","PP622697.1 Thalictrum foetidum subsp. foetidum chloroplast, complete genome",Thalictrum foetidum
PP622698.fasta,PP622698.1,"Thalictrum lucidum chloroplast, complete genome","PP622698.1 Thalictrum lucidum chloroplast, complete genome",Thalictrum lucidum
PP622699.fasta,PP622699.1,"Thalictrum minus chloroplast, complete genome","PP622699.1 Thalictrum minus chloroplast, complete genome",Thalictrum minus
PX686327.fasta,PX686327.1,"Thalictrum przewalskii chloroplast, complete genome","PX686327.1 Thalictrum przewalskii chloroplast, complete genome",Thalictrum przewalskii
PP234601.fasta,PP234601.1,"Thalictrum rutifolium isolate p95 chloroplast, complete genome","PP234601.1 Thalictrum rutifolium isolate p95 chloroplast, complete genome",Thalictrum rutifolium
PV546611.fasta,PV546611.1,"Thalictrum simplex isolate MG08 chloroplast, complete genome","PV546611.1 Thalictrum simplex isolate MG08 chloroplast, complete genome",Thalictrum simplex
PQ632123.fasta,PQ632123.1,"Thaumastochloa monilifera chloroplast, complete genome","PQ632123.1 Thaumastochloa monilifera chloroplast, complete genome",Thaumastochloa monilifera
PX399453.fasta,PX399453.1,"Thaumatophyllum bipinnatifidum chloroplast, complete genome","PX399453.1 Thaumatophyllum bipinnatifidum chloroplast, complete genome",Thaumatophyllum bipinnatifidum
PX926796.fasta,PX926796.1,"Theobroma cacao cultivar Forastero chloroplast, complete genome","PX926796.1 Theobroma cacao cultivar Forastero chloroplast, complete genome",Theobroma cacao
PV262343.fasta,PV262343.1,"Thermopsis alpina chloroplast, complete genome","PV262343.1 Thermopsis alpina chloroplast, complete genome",Thermopsis alpina
PV087172.fasta,PV087172.1,"Theropogon pallidus chloroplast, complete genome","PV087172.1 Theropogon pallidus chloroplast, complete genome",Theropogon pallidus
PP622700.fasta,PP622700.1,"Thesium alpinum chloroplast, complete genome","PP622700.1 Thesium alpinum chloroplast, complete genome",Thesium alpinum
PP622701.fasta,PP622701.1,"Thesium bavarum chloroplast, complete genome","PP622701.1 Thesium bavarum chloroplast, complete genome",Thesium bavarum
OR712484.fasta,OR712484.1,"Thesium decaryanum voucher Razafimandibison et al. 2075 chloroplast, complete genome","OR712484.1 Thesium decaryanum voucher Razafimandibison et al. 2075 chloroplast, complete genome",Thesium decaryanum
PX652177.fasta,PX652177.1,"Thinopyrum distichum isolate Hout Bay chloroplast, complete genome","PX652177.1 Thinopyrum distichum isolate Hout Bay chloroplast, complete genome",Thinopyrum distichum
PV605568.fasta,PV605568.1,"Thinopyrum elongatum chloroplast, complete genome","PV605568.1 Thinopyrum elongatum chloroplast, complete genome",Thinopyrum elongatum
OR668895.fasta,OR668895.1,"Thladiantha cordifolia chloroplast, complete genome","OR668895.1 Thladiantha cordifolia chloroplast, complete genome",Thladiantha cordifolia
PP165062.fasta,PP165062.1,"Thlaspi praecox chloroplast, complete genome","PP165062.1 Thlaspi praecox chloroplast, complete genome",Thlaspi praecox
PV433242.fasta,PV433242.1,"Thrixspermum taeniophyllum isolate ZJY144 chloroplast, complete genome","PV433242.1 Thrixspermum taeniophyllum isolate ZJY144 chloroplast, complete genome",Thrixspermum taeniophyllum
PX516301.fasta,PX516301.1,"Thunbergia grandiflora chloroplast, complete genome","PX516301.1 Thunbergia grandiflora chloroplast, complete genome",Thunbergia grandiflora
PP190469.fasta,PP190469.1,"Thunia pulchra chloroplast, complete genome","PP190469.1 Thunia pulchra chloroplast, complete genome",Thunia pulchra
PP216500.fasta,PP216500.1,"Thuniopsis cleistogama chloroplast, complete genome","PP216500.1 Thuniopsis cleistogama chloroplast, complete genome",Thuniopsis cleistogama
BK071451.fasta,BK071451.1,"Thymelaea dioica chloroplast, complete genome","BK071451.1 TPA_asm: Thymelaea dioica chloroplast, complete genome",Thymelaea dioica
BK071452.fasta,BK071452.1,"Thymelaea passerina chloroplast, complete genome","BK071452.1 TPA_asm: Thymelaea passerina chloroplast, complete genome",Thymelaea passerina
PP272181.fasta,PP272181.1,"Thymus praecox subsp. polytrichus chloroplast, complete genome","PP272181.1 Thymus praecox subsp. polytrichus chloroplast, complete genome",Thymus praecox
PZ130073.fasta,PZ130073.1,"Thymus subnervosus chloroplast, complete genome","PZ130073.1 Thymus subnervosus chloroplast, complete genome",Thymus subnervosus
PV138184.fasta,PV138184.1,"Thyrocarpus sampsonii chloroplast, complete genome","PV138184.1 Thyrocarpus sampsonii chloroplast, complete genome",Thyrocarpus sampsonii
PV870754.fasta,PV870754.1,"Tibetia forrestii voucher Liuj153027-KUN chloroplast, complete genome","PV870754.1 Tibetia forrestii voucher Liuj153027-KUN chloroplast, complete genome",Tibetia forrestii
PX316521.fasta,PX316521.1,"Tibetiodes brachytricha chloroplast, complete genome","PX316521.1 Tibetiodes brachytricha chloroplast, complete genome",Tibetiodes brachytricha
PZ270549.fasta,PZ270549.1,"Tillandsia andicola isolate T1678 voucher MVFA:Rossado 629 chloroplast, complete genome","PZ270549.1 Tillandsia andicola isolate T1678 voucher MVFA:Rossado 629 chloroplast, complete genome",Tillandsia andicola
OQ834951.fasta,OQ834951.1,"Tillandsia capillaris chloroplast, complete genome","OQ834951.1 Tillandsia capillaris chloroplast, complete genome",Tillandsia capillaris
PZ270550.fasta,PZ270550.1,"Tillandsia castellanii isolate T1687 voucher MVFA:Rossado 640 chloroplast, complete genome","PZ270550.1 Tillandsia castellanii isolate T1687 voucher MVFA:Rossado 640 chloroplast, complete genome",Tillandsia castellanii
PZ270554.fasta,PZ270554.1,"Tillandsia cotagaitensis isolate T1776 (MK14) voucher WU:Hromadnik 5093 chloroplast, complete genome","PZ270554.1 Tillandsia cotagaitensis isolate T1776 (MK14) voucher WU:Hromadnik 5093 chloroplast, complete genome",Tillandsia cotagaitensis
PZ270555.fasta,PZ270555.1,"Tillandsia crocata isolate T1744 voucher ICN Buneker 1071 chloroplast, complete genome","PZ270555.1 Tillandsia crocata isolate T1744 voucher ICN Buneker 1071 chloroplast, complete genome",Tillandsia crocata
PZ270556.fasta,PZ270556.1,"Tillandsia gilliesii isolate T1677 voucher MVFA:Rossado 628 chloroplast, complete genome","PZ270556.1 Tillandsia gilliesii isolate T1677 voucher MVFA:Rossado 628 chloroplast, complete genome",Tillandsia gilliesii
PZ270557.fasta,PZ270557.1,"Tillandsia hirta isolate T1720 voucher MVFA:Rossado 710 chloroplast, complete genome","PZ270557.1 Tillandsia hirta isolate T1720 voucher MVFA:Rossado 710 chloroplast, complete genome",Tillandsia hirta
PZ270558.fasta,PZ270558.1,"Tillandsia mandonii isolate T1721 voucher MVFA:Rossado 713 chloroplast, complete genome","PZ270558.1 Tillandsia mandonii isolate T1721 voucher MVFA:Rossado 713 chloroplast, complete genome",Tillandsia mandonii
PZ270559.fasta,PZ270559.1,"Tillandsia myosura isolate T1667 voucher MVFA:Rossado 614 chloroplast, complete genome","PZ270559.1 Tillandsia myosura isolate T1667 voucher MVFA:Rossado 614 chloroplast, complete genome",Tillandsia myosura
PZ270567.fasta,PZ270567.1,"Tillandsia retorta isolate T1669 voucher MVFA:Rossado 616 chloroplast, complete genome","PZ270567.1 Tillandsia retorta isolate T1669 voucher MVFA:Rossado 616 chloroplast, complete genome",Tillandsia retorta
PZ270568.fasta,PZ270568.1,"Tillandsia tenebra isolate T1699 voucher MVFA:Rossado 657 chloroplast, complete genome","PZ270568.1 Tillandsia tenebra isolate T1699 voucher MVFA:Rossado 657 chloroplast, complete genome",Tillandsia tenebra
MW420971.fasta,MW420971.1,"Tinnea aethiopica voucher s. n. chloroplast, complete genome","MW420971.1 Tinnea aethiopica voucher s. n. chloroplast, complete genome",Tinnea aethiopica
PV747743.fasta,PV747743.1,"Tinospora sinensis chloroplast, complete genome","PV747743.1 Tinospora sinensis chloroplast, complete genome",Tinospora sinensis
PV685905.fasta,PV685905.1,"Tirpitzia sinensis chloroplast, complete genome","PV685905.1 Tirpitzia sinensis chloroplast, complete genome",Tirpitzia sinensis
PQ551038.fasta,PQ551038.1,"Tongoloa arguta chloroplast, complete genome","PQ551038.1 Tongoloa arguta chloroplast, complete genome",Tongoloa arguta
PQ551055.fasta,PQ551055.1,"Tongoloa elata chloroplast, complete genome","PQ551055.1 Tongoloa elata chloroplast, complete genome",Tongoloa elata
PQ551053.fasta,PQ551053.1,"Tongoloa gracilis chloroplast, complete genome","PQ551053.1 Tongoloa gracilis chloroplast, complete genome",Tongoloa gracilis
PQ551046.fasta,PQ551046.1,"Tongoloa loloensis chloroplast, complete genome","PQ551046.1 Tongoloa loloensis chloroplast, complete genome",Tongoloa loloensis
PQ551014.fasta,PQ551014.1,"Tongoloa napifera chloroplast, complete genome","PQ551014.1 Tongoloa napifera chloroplast, complete genome",Tongoloa napifera
PQ551050.fasta,PQ551050.1,"Tongoloa pauciradiata chloroplast, complete genome","PQ551050.1 Tongoloa pauciradiata chloroplast, complete genome",Tongoloa pauciradiata
PQ551037.fasta,PQ551037.1,"Tongoloa rubronervis chloroplast, complete genome","PQ551037.1 Tongoloa rubronervis chloroplast, complete genome",Tongoloa rubronervis
PQ551054.fasta,PQ551054.1,"Tongoloa stewardii chloroplast, complete genome","PQ551054.1 Tongoloa stewardii chloroplast, complete genome",Tongoloa stewardii
PQ551018.fasta,PQ551018.1,"Tongoloa taeniophylla chloroplast, complete genome","PQ551018.1 Tongoloa taeniophylla chloroplast, complete genome",Tongoloa taeniophylla
PQ551048.fasta,PQ551048.1,"Tongoloa tagongensis chloroplast, complete genome","PQ551048.1 Tongoloa tagongensis chloroplast, complete genome",Tongoloa tagongensis
PQ551012.fasta,PQ551012.1,"Tongoloa zhongdianensis chloroplast, complete genome","PQ551012.1 Tongoloa zhongdianensis chloroplast, complete genome",Tongoloa zhongdianensis
PQ472938.fasta,PQ472938.1,"Tongpeia fungosa chloroplast, complete genome","PQ472938.1 Tongpeia fungosa chloroplast, complete genome",Tongpeia fungosa
PX932178.fasta,PX932178.1,"Toona ciliata isolate 2 chloroplast, complete genome","PX932178.1 Toona ciliata isolate 2 chloroplast, complete genome",Toona ciliata
PV578468.fasta,PV578468.1,"Toona fargesii chloroplast, complete genome","PV578468.1 Toona fargesii chloroplast, complete genome",Toona fargesii
PV578473.fasta,PV578473.1,"Toona sinensis chloroplast, complete genome","PV578473.1 Toona sinensis chloroplast, complete genome",Toona sinensis
PV946886.fasta,PV946886.1,"Tournefortia sibirica chloroplast, complete genome","PV946886.1 Tournefortia sibirica chloroplast, complete genome",Tournefortia sibirica
PP503005.fasta,PP503005.1,"Toxicodendron trichocarpum chloroplast, complete genome","PP503005.1 Toxicodendron trichocarpum chloroplast, complete genome",Toxicodendron trichocarpum
PX125815.fasta,PX125815.1,"Toxicopueraria peduncularis voucher KG-XZ chloroplast, complete genome","PX125815.1 Toxicopueraria peduncularis voucher KG-XZ chloroplast, complete genome",Toxicopueraria peduncularis
PP078667.fasta,PP078667.1,"Trachelospermum asiaticum isolate DBS2408 chloroplast, complete genome","PP078667.1 Trachelospermum asiaticum isolate DBS2408 chloroplast, complete genome",Trachelospermum asiaticum
PP078666.fasta,PP078666.1,"Trachelospermum axillare isolate DBS2407 chloroplast, complete genome","PP078666.1 Trachelospermum axillare isolate DBS2407 chloroplast, complete genome",Trachelospermum axillare
PP530891.fasta,PP530891.1,"Trachydium involucellatum chloroplast, complete genome","PP530891.1 Trachydium involucellatum chloroplast, complete genome",Trachydium involucellatum
PZ166665.fasta,PZ166665.1,"Trachydium nyalamense voucher K chloroplast, complete genome","PZ166665.1 Trachydium nyalamense voucher K chloroplast, complete genome",Trachydium nyalamense
PP530890.fasta,PP530890.1,"Trachydium simplicifolium isolate P chloroplast, complete genome","PP530890.1 Trachydium simplicifolium isolate P chloroplast, complete genome",Trachydium simplicifolium
PQ551061.fasta,PQ551061.1,"Trachydium souliei chloroplast, complete genome","PQ551061.1 Trachydium souliei chloroplast, complete genome",Trachydium souliei
PP530883.fasta,PP530883.1,"Trachydium subnudum isolate LS chloroplast, complete genome","PP530883.1 Trachydium subnudum isolate LS chloroplast, complete genome",Trachydium subnudum
PZ168396.fasta,PZ168396.1,"Trachydium tibetanicum voucher 10_XZ chloroplast, complete genome","PZ168396.1 Trachydium tibetanicum voucher 10_XZ chloroplast, complete genome",Trachydium tibetanicum
PZ166664.fasta,PZ166664.1,"Trachydium trifoliatum chloroplast, complete genome","PZ166664.1 Trachydium trifoliatum chloroplast, complete genome",Trachydium trifoliatum
PQ551056.fasta,PQ551056.1,"Trachydium variabile chloroplast, complete genome","PQ551056.1 Trachydium variabile chloroplast, complete genome",Trachydium variabile
PV794607.fasta,PV794607.1,"Trachyspermum ammi isolate YL11021 chloroplast, complete genome","PV794607.1 Trachyspermum ammi isolate YL11021 chloroplast, complete genome",Trachyspermum ammi
PV794609.fasta,PV794609.1,"Trachyspermum scaberulum var. ambrosiifolium isolate YL09156 chloroplast, complete genome","PV794609.1 Trachyspermum scaberulum var. ambrosiifolium isolate YL09156 chloroplast, complete genome",Trachyspermum scaberulum
PV794612.fasta,PV794612.1,"Trachyspermum triradiatum isolate YL09151 chloroplast, complete genome","PV794612.1 Trachyspermum triradiatum isolate YL09151 chloroplast, complete genome",Trachyspermum triradiatum
OR990553.fasta,OR990553.1,"Tragopogon dubius chloroplast, complete genome","OR990553.1 Tragopogon dubius chloroplast, complete genome",Tragopogon dubius
PQ572742.fasta,PQ572742.1,"Tragopogon miscellus chloroplast, complete genome","PQ572742.1 Tragopogon miscellus chloroplast, complete genome",Tragopogon miscellus
OR990554.fasta,OR990554.1,"Tragopogon pratensis chloroplast, complete genome","OR990554.1 Tragopogon pratensis chloroplast, complete genome",Tragopogon pratensis
PP622702.fasta,PP622702.1,"Traunsteinera globosa chloroplast, complete genome","PP622702.1 Traunsteinera globosa chloroplast, complete genome",Traunsteinera globosa
PX652374.fasta,PX652374.1,"Traversia baccharoides chloroplast, complete genome","PX652374.1 Traversia baccharoides chloroplast, complete genome",Traversia baccharoides
PV433318.fasta,PV433318.1,"Trevesia palmata chloroplast, complete genome","PV433318.1 Trevesia palmata chloroplast, complete genome",Trevesia palmata
ON729361.fasta,ON729361.1,"Trichocladus crinitus chloroplast, complete genome","ON729361.1 Trichocladus crinitus chloroplast, complete genome",Trichocladus crinitus
ON729360.fasta,ON729360.1,"Trichocladus ellipticus chloroplast, complete genome","ON729360.1 Trichocladus ellipticus chloroplast, complete genome",Trichocladus ellipticus
BK071868.fasta,BK071868.1,"Tricholepis edmondsonii chloroplast, complete genome","BK071868.1 TPA_asm: Tricholepis edmondsonii chloroplast, complete genome",Tricholepis edmondsonii
PV426762.fasta,PV426762.1,"Trichosanthes kirilowii chloroplast, complete genome","PV426762.1 Trichosanthes kirilowii chloroplast, complete genome",Trichosanthes kirilowii
PQ473692.fasta,PQ473692.1,"Trichosanthes sunhangii chloroplast, complete genome","PQ473692.1 Trichosanthes sunhangii chloroplast, complete genome",Trichosanthes sunhangii
PV870674.fasta,PV870674.1,"Trifidacanthus unifoliolatus voucher 17CS15975-KUN chloroplast, complete genome","PV870674.1 Trifidacanthus unifoliolatus voucher 17CS15975-KUN chloroplast, complete genome",Trifidacanthus unifoliolatus
PP328811.fasta,PP328811.1,"Trifolium alpinum chloroplast, complete genome","PP328811.1 Trifolium alpinum chloroplast, complete genome",Trifolium alpinum
PP328812.fasta,PP328812.1,"Trifolium aureum subsp. aureum chloroplast, complete genome","PP328812.1 Trifolium aureum subsp. aureum chloroplast, complete genome",Trifolium aureum
PP328813.fasta,PP328813.1,"Trifolium badium chloroplast, complete genome","PP328813.1 Trifolium badium chloroplast, complete genome",Trifolium badium
PQ801841.fasta,PQ801841.1,"Trifolium pratense isolate geneious333 chloroplast, complete genome","PQ801841.1 Trifolium pratense isolate geneious333 chloroplast, complete genome",Trifolium pratense
PP234592.fasta,PP234592.1,"Triglochin maritima isolate p84 chloroplast, complete genome","PP234592.1 Triglochin maritima isolate p84 chloroplast, complete genome",Triglochin maritima
PP234593.fasta,PP234593.1,"Triglochin palustris isolate p85 chloroplast, complete genome","PP234593.1 Triglochin palustris isolate p85 chloroplast, complete genome",Triglochin palustris
PX972515.fasta,PX972515.1,"Trigonella corniculata cultivar Pusa Kasuri Methi chloroplast, complete genome","PX972515.1 Trigonella corniculata cultivar Pusa Kasuri Methi chloroplast, complete genome",Trigonella corniculata
PX972516.fasta,PX972516.1,"Trigonella foenum-graecum cultivar Afg-3 chloroplast, complete genome","PX972516.1 Trigonella foenum-graecum cultivar Afg-3 chloroplast, complete genome",Trigonella foenum-graecum
PZ098270.fasta,PZ098270.1,"Triniochloa micrantha voucher US:523723 chloroplast, complete genome","PZ098270.1 Triniochloa micrantha voucher US:523723 chloroplast, complete genome",Triniochloa micrantha
PZ098609.fasta,PZ098609.1,"Triniochloa stipoides voucher NY:3229930 chloroplast, complete genome","PZ098609.1 Triniochloa stipoides voucher NY:3229930 chloroplast, complete genome",Triniochloa stipoides
PQ559726.fasta,PQ559726.1,"Triosteum aurantiacum chloroplast, complete genome","PQ559726.1 Triosteum aurantiacum chloroplast, complete genome",Triosteum aurantiacum
PQ559727.fasta,PQ559727.1,"Triosteum perfoliatum chloroplast, complete genome","PQ559727.1 Triosteum perfoliatum chloroplast, complete genome",Triosteum perfoliatum
PV603801.fasta,PV603801.1,"Tripidium arundinaceum x Saccharum spontaneum cultivar GXAS 07-6-1 chloroplast, complete genome","PV603801.1 Tripidium arundinaceum x Saccharum spontaneum cultivar GXAS 07-6-1 chloroplast, complete genome",Tripidium arundinaceum
PV091121.fasta,PV091121.1,"Tripidium rufipilum isolate YNKM2 chloroplast, complete genome","PV091121.1 Tripidium rufipilum isolate YNKM2 chloroplast, complete genome",Tripidium rufipilum
PP056270.fasta,PP056270.1,"Tripterospermum filicaule isolate ZSY0683 chloroplast, complete genome","PP056270.1 Tripterospermum filicaule isolate ZSY0683 chloroplast, complete genome",Tripterospermum filicaule
PP622703.fasta,PP622703.1,"Trisetum argenteum chloroplast, complete genome","PP622703.1 Trisetum argenteum chloroplast, complete genome",Trisetum argenteum
PP622704.fasta,PP622704.1,"Trisetum flavescens subsp. flavescens chloroplast, complete genome","PP622704.1 Trisetum flavescens subsp. flavescens chloroplast, complete genome",Trisetum flavescens
PV995351.fasta,PV995351.1,"Triticum aestivum cultivar Saekeumkang chloroplast, complete genome","PV995351.1 Triticum aestivum cultivar Saekeumkang chloroplast, complete genome",Triticum aestivum
PQ632093.fasta,PQ632093.1,"Triticum carthlicum voucher VSRI:k-62991 chloroplast, complete genome","PQ632093.1 Triticum carthlicum voucher VSRI:k-62991 chloroplast, complete genome",Triticum carthlicum
PV185782.fasta,PV185782.1,"Triticum ispahanicum voucher VSRI:k-43064 chloroplast, complete genome","PV185782.1 Triticum ispahanicum voucher VSRI:k-43064 chloroplast, complete genome",Triticum ispahanicum
PV185783.fasta,PV185783.1,"Triticum petropavlovskyi voucher VSRI:k-43376 chloroplast, complete genome","PV185783.1 Triticum petropavlovskyi voucher VSRI:k-43376 chloroplast, complete genome",Triticum petropavlovskyi
PQ632094.fasta,PQ632094.1,"Triticum polonicum voucher VSRI:k-64764 chloroplast, complete genome","PQ632094.1 Triticum polonicum voucher VSRI:k-64764 chloroplast, complete genome",Triticum polonicum
PQ632084.fasta,PQ632084.1,"Triticum timopheevii subsp. timopheevii voucher VSRI:k-46007 chloroplast, complete genome","PQ632084.1 Triticum timopheevii subsp. timopheevii voucher VSRI:k-46007 chloroplast, complete genome",Triticum timopheevii
PQ632090.fasta,PQ632090.1,"Triticum turgidum subsp. turanicum voucher VSRI:k-65537 chloroplast, complete genome","PQ632090.1 Triticum turgidum subsp. turanicum voucher VSRI:k-65537 chloroplast, complete genome",Triticum turgidum
PX395922.fasta,PX395922.1,"Triumfetta annua chloroplast, complete genome","PX395922.1 Triumfetta annua chloroplast, complete genome",Triumfetta annua
BK065791.fasta,BK065791.1,"Triumfetta appendiculata chloroplast, complete genome","BK065791.1 TPA_asm: Triumfetta appendiculata chloroplast, complete genome",Triumfetta appendiculata
BK065792.fasta,BK065792.1,"Triumfetta chaetocarpa chloroplast, complete genome","BK065792.1 TPA_asm: Triumfetta chaetocarpa chloroplast, complete genome",Triumfetta chaetocarpa
BK065793.fasta,BK065793.1,"Triumfetta clementii chloroplast, complete genome","BK065793.1 TPA_asm: Triumfetta clementii chloroplast, complete genome",Triumfetta clementii
PX395923.fasta,PX395923.1,"Triumfetta cordifolia chloroplast, complete genome","PX395923.1 Triumfetta cordifolia chloroplast, complete genome",Triumfetta cordifolia
BK065794.fasta,BK065794.1,"Triumfetta johnstonii chloroplast, complete genome","BK065794.1 TPA_asm: Triumfetta johnstonii chloroplast, complete genome",Triumfetta johnstonii
PX395924.fasta,PX395924.1,"Triumfetta lappula chloroplast, complete genome","PX395924.1 Triumfetta lappula chloroplast, complete genome",Triumfetta lappula
BK065795.fasta,BK065795.1,"Triumfetta leptacantha chloroplast, complete genome","BK065795.1 TPA_asm: Triumfetta leptacantha chloroplast, complete genome",Triumfetta leptacantha
BK064973.fasta,BK064973.1,"Triumfetta maconochieana chloroplast, complete genome","BK064973.1 TPA_asm: Triumfetta maconochieana chloroplast, complete genome",Triumfetta maconochieana
BK065796.fasta,BK065796.1,"Triumfetta ramosa chloroplast, complete genome","BK065796.1 TPA_asm: Triumfetta ramosa chloroplast, complete genome",Triumfetta ramosa
PX395925.fasta,PX395925.1,"Triumfetta rhomboidea chloroplast, complete genome","PX395925.1 Triumfetta rhomboidea chloroplast, complete genome",Triumfetta rhomboidea
PV550975.fasta,PV550975.1,"Triumfetta tomentosa chloroplast, complete genome","PV550975.1 Triumfetta tomentosa chloroplast, complete genome",Triumfetta tomentosa
PP622705.fasta,PP622705.1,"Trollius europaeus chloroplast, complete genome","PP622705.1 Trollius europaeus chloroplast, complete genome",Trollius europaeus
PQ821705.fasta,PQ821705.1,"Trollius micranthus chloroplast, complete genome","PQ821705.1 Trollius micranthus chloroplast, complete genome",Trollius micranthus
PV424134.fasta,PV424134.1,"Tropidia angulosa chloroplast, complete genome","PV424134.1 Tropidia angulosa chloroplast, complete genome",Tropidia angulosa
PV424135.fasta,PV424135.1,"Tropidia nipponica chloroplast, complete genome","PV424135.1 Tropidia nipponica chloroplast, complete genome",Tropidia nipponica
PV472662.fasta,PV472662.1,"Tuberowithania pengiana chloroplast, complete genome","PV472662.1 Tuberowithania pengiana chloroplast, complete genome",Tuberowithania pengiana
PV472661.fasta,PV472661.1,"Tubocapsicum anomalum chloroplast, complete genome","PV472661.1 Tubocapsicum anomalum chloroplast, complete genome",Tubocapsicum anomalum
PZ095206.fasta,PZ095206.1,"Turpinia arguta chloroplast, complete genome","PZ095206.1 Turpinia arguta chloroplast, complete genome",Turpinia arguta
PX229832.fasta,PX229832.1,"Turpinia montana isolate SXY chloroplast, complete genome","PX229832.1 Turpinia montana isolate SXY chloroplast, complete genome",Turpinia montana
OR990555.fasta,OR990555.1,"Tussilago farfara chloroplast, complete genome","OR990555.1 Tussilago farfara chloroplast, complete genome",Tussilago farfara
PX223371.fasta,PX223371.1,"Typhonium flagelliforme cultivar serpong chloroplast, complete genome","PX223371.1 Typhonium flagelliforme cultivar serpong chloroplast, complete genome",Typhonium flagelliforme
BK071869.fasta,BK071869.1,"Tyrimnus leucographus chloroplast, complete genome","BK071869.1 TPA_asm: Tyrimnus leucographus chloroplast, complete genome",Tyrimnus leucographus
PV870796.fasta,PV870796.1,"Ulex europaeus voucher Yi14829-Yi Lab chloroplast, complete genome","PV870796.1 Ulex europaeus voucher Yi14829-Yi Lab chloroplast, complete genome",Ulex europaeus
PV008707.fasta,PV008707.1,"Ulmus laevis voucher SD375 chloroplast, complete genome","PV008707.1 Ulmus laevis voucher SD375 chloroplast, complete genome",Ulmus laevis
PV718158.fasta,PV718158.1,"Ulmus pumila cultivar Jinmi chloroplast, complete genome","PV718158.1 Ulmus pumila cultivar Jinmi chloroplast, complete genome",Ulmus pumila
PZ095199.fasta,PZ095199.1,"Uncaria macrophylla chloroplast, complete genome","PZ095199.1 Uncaria macrophylla chloroplast, complete genome",Uncaria macrophylla
PV409684.fasta,PV409684.1,"Ungernia oligostroma chloroplast, complete genome","PV409684.1 Ungernia oligostroma chloroplast, complete genome",Ungernia oligostroma
PV553467.fasta,PV553467.1,"Urbanodendron verrucosum voucher E.T. Neto 2580 chloroplast, complete genome","PV553467.1 Urbanodendron verrucosum voucher E.T. Neto 2580 chloroplast, complete genome",Urbanodendron verrucosum
PV608489.fasta,PV608489.1,"Urceola huaitingii chloroplast, complete genome","PV608489.1 Urceola huaitingii chloroplast, complete genome",Urceola huaitingii
PV546610.fasta,PV546610.1,"Urophysa rockii isolate P712 chloroplast, complete genome","PV546610.1 Urophysa rockii isolate P712 chloroplast, complete genome",Urophysa rockii
PQ846489.fasta,PQ846489.1,"Urtica cannabina chloroplast, complete genome","PQ846489.1 Urtica cannabina chloroplast, complete genome",Urtica cannabina
PV008708.fasta,PV008708.1,"Urtica urens voucher KDTOL10014 chloroplast, complete genome","PV008708.1 Urtica urens voucher KDTOL10014 chloroplast, complete genome",Urtica urens
BR002395.fasta,BR002395.1,"Vaccinium vitis-idaea SU-2023 chloroplast DNA, complete genome","BR002395.1 TPA_asm: Vaccinium vitis-idaea SU-2023 chloroplast DNA, complete genome",Vaccinium vitis-idaea
PX523131.fasta,PX523131.1,"Vachellia collinsii isolate Belize_R chloroplast, complete genome","PX523131.1 Vachellia collinsii isolate Belize_R chloroplast, complete genome",Vachellia collinsii
PV870726.fasta,PV870726.1,"Vachellia farnesiana voucher 32494-MO chloroplast, complete genome","PV870726.1 Vachellia farnesiana voucher 32494-MO chloroplast, complete genome",Vachellia farnesiana
PV870729.fasta,PV870729.1,"Vachellia pennatula voucher 35133-MO chloroplast, complete genome","PV870729.1 Vachellia pennatula voucher 35133-MO chloroplast, complete genome",Vachellia pennatula
PZ161428.fasta,PZ161428.1,"Vachellia tortilis subsp. raddiana chloroplast, complete genome","PZ161428.1 Vachellia tortilis subsp. raddiana chloroplast, complete genome",Vachellia tortilis
PP316498.fasta,PP316498.1,"Valeriana dioica chloroplast, complete genome","PP316498.1 Valeriana dioica chloroplast, complete genome",Valeriana dioica
PP056254.fasta,PP056254.1,"Valeriana flaccidissima isolate ZXX20045 chloroplast, complete genome","PP056254.1 Valeriana flaccidissima isolate ZXX20045 chloroplast, complete genome",Valeriana flaccidissima
PP316499.fasta,PP316499.1,"Valeriana montana chloroplast, complete genome","PP316499.1 Valeriana montana chloroplast, complete genome",Valeriana montana
PP316500.fasta,PP316500.1,"Valeriana officinalis chloroplast, complete genome","PP316500.1 Valeriana officinalis chloroplast, complete genome",Valeriana officinalis
PP190937.fasta,PP190937.1,"Valeriana saxatilis chloroplast, complete genome","PP190937.1 Valeriana saxatilis chloroplast, complete genome",Valeriana saxatilis
PP316501.fasta,PP316501.1,"Valeriana tripteris chloroplast, complete genome","PP316501.1 Valeriana tripteris chloroplast, complete genome",Valeriana tripteris
PP190949.fasta,PP190949.1,"Valerianella locusta chloroplast, complete genome","PP190949.1 Valerianella locusta chloroplast, complete genome",Valerianella locusta
PV192921.fasta,PV192921.1,"Vancouveria hexandra isolate ZY728 EB chloroplast, complete genome","PV192921.1 Vancouveria hexandra isolate ZY728 EB chloroplast, complete genome",Vancouveria hexandra
PQ009216.fasta,PQ009216.1,"Vanda alpina chloroplast, complete genome","PQ009216.1 Vanda alpina chloroplast, complete genome",Vanda alpina
PQ009217.fasta,PQ009217.1,"Vanda ampullacea chloroplast, complete genome","PQ009217.1 Vanda ampullacea chloroplast, complete genome",Vanda ampullacea
PQ009218.fasta,PQ009218.1,"Vanda coerulea chloroplast, complete genome","PQ009218.1 Vanda coerulea chloroplast, complete genome",Vanda coerulea
PQ009219.fasta,PQ009219.1,"Vanda cristata chloroplast, complete genome","PQ009219.1 Vanda cristata chloroplast, complete genome",Vanda cristata
PQ009220.fasta,PQ009220.1,"Vanda pumila chloroplast, complete genome","PQ009220.1 Vanda pumila chloroplast, complete genome",Vanda pumila
PX058852.fasta,PX058852.1,"Vanilla calyculata chloroplast, complete genome","PX058852.1 Vanilla calyculata chloroplast, complete genome",Vanilla calyculata
PX058850.fasta,PX058850.1,"Vanilla chamissonis chloroplast, complete genome","PX058850.1 Vanilla chamissonis chloroplast, complete genome",Vanilla chamissonis
PX058851.fasta,PX058851.1,"Vanilla phaeantha chloroplast, complete genome","PX058851.1 Vanilla phaeantha chloroplast, complete genome",Vanilla phaeantha
PX058849.fasta,PX058849.1,"Vanilla pompona chloroplast, complete genome","PX058849.1 Vanilla pompona chloroplast, complete genome",Vanilla pompona
PQ652344.fasta,PQ652344.1,"Vanilla shenzhenica chloroplast, complete genome","PQ652344.1 Vanilla shenzhenica chloroplast, complete genome",Vanilla shenzhenica
PV605346.fasta,PV605346.1,"Vatica javanica subsp. scaphifolia chloroplast, complete genome","PV605346.1 Vatica javanica subsp. scaphifolia chloroplast, complete genome",Vatica javanica
PV008709.fasta,PV008709.1,"Ventilago harmandiana voucher BKF no.35203 chloroplast, complete genome","PV008709.1 Ventilago harmandiana voucher BKF no.35203 chloroplast, complete genome",Ventilago harmandiana
MT974496.fasta,MT974496.1,"Ventilago leiocarpa chloroplast, complete genome","MT974496.1 Ventilago leiocarpa chloroplast, complete genome",Ventilago leiocarpa
PQ679356.fasta,PQ679356.1,"Vepris amaniensis isolate EM117 chloroplast, complete genome","PQ679356.1 Vepris amaniensis isolate EM117 chloroplast, complete genome",Vepris amaniensis
PV583365.fasta,PV583365.1,"Vepris arushensis isolate EM140 chloroplast, complete genome","PV583365.1 Vepris arushensis isolate EM140 chloroplast, complete genome",Vepris arushensis
PV583371.fasta,PV583371.1,"Vepris bachmannii isolate EM66 chloroplast, complete genome","PV583371.1 Vepris bachmannii isolate EM66 chloroplast, complete genome",Vepris bachmannii
PQ157955.fasta,PQ157955.1,"Vepris eggelingii chloroplast, complete genome","PQ157955.1 Vepris eggelingii chloroplast, complete genome",Vepris eggelingii
PV546309.fasta,PV546309.1,"Vepris eugeniifolia isolate EM12 chloroplast, complete genome","PV546309.1 Vepris eugeniifolia isolate EM12 chloroplast, complete genome",Vepris eugeniifolia
PV583366.fasta,PV583366.1,"Vepris fadenii isolate EM126 chloroplast, complete genome","PV583366.1 Vepris fadenii isolate EM126 chloroplast, complete genome",Vepris fadenii
PV583367.fasta,PV583367.1,"Vepris glomerata isolate EM162 chloroplast, complete genome","PV583367.1 Vepris glomerata isolate EM162 chloroplast, complete genome",Vepris glomerata
PQ605431.fasta,PQ605431.1,"Vepris hanangensis isolate EM156 chloroplast, complete genome","PQ605431.1 Vepris hanangensis isolate EM156 chloroplast, complete genome",Vepris hanangensis
PQ605430.fasta,PQ605430.1,"Vepris lanceolata isolate EM18 chloroplast, complete genome","PQ605430.1 Vepris lanceolata isolate EM18 chloroplast, complete genome",Vepris lanceolata
PV583368.fasta,PV583368.1,"Vepris ngamensis isolate EM8 chloroplast, complete genome","PV583368.1 Vepris ngamensis isolate EM8 chloroplast, complete genome",Vepris ngamensis
PV583369.fasta,PV583369.1,"Vepris nobilis isolate EM176 chloroplast, complete genome","PV583369.1 Vepris nobilis isolate EM176 chloroplast, complete genome",Vepris nobilis
PV664706.fasta,PV664706.1,"Vepris samburuensis isolate EM65 chloroplast, complete genome","PV664706.1 Vepris samburuensis isolate EM65 chloroplast, complete genome",Vepris samburuensis
PV464057.fasta,PV464057.1,"Vepris sansibarensis isolate EM89 chloroplast, complete genome","PV464057.1 Vepris sansibarensis isolate EM89 chloroplast, complete genome",Vepris sansibarensis
PV693365.fasta,PV693365.1,"Vepris schliebenii isolate EM103 chloroplast, complete genome","PV693365.1 Vepris schliebenii isolate EM103 chloroplast, complete genome",Vepris schliebenii
PV555994.fasta,PV555994.1,"Vepris simplicifolia isolate EM40 chloroplast, complete genome","PV555994.1 Vepris simplicifolia isolate EM40 chloroplast, complete genome",Vepris simplicifolia
PV664707.fasta,PV664707.1,"Vepris trichocarpa isolate EM77 chloroplast, complete genome","PV664707.1 Vepris trichocarpa isolate EM77 chloroplast, complete genome",Vepris trichocarpa
PV555993.fasta,PV555993.1,"Vepris uguenensis isolate EM11 chloroplast, complete genome","PV555993.1 Vepris uguenensis isolate EM11 chloroplast, complete genome",Vepris uguenensis
PP622706.fasta,PP622706.1,"Veratrum album chloroplast, complete genome","PP622706.1 Veratrum album chloroplast, complete genome",Veratrum album
PZ033175.fasta,PZ033175.1,"Veratrum dolichopetalum voucher PUN01-1 chloroplast, complete genome","PZ033175.1 Veratrum dolichopetalum voucher PUN01-1 chloroplast, complete genome",Veratrum dolichopetalum
PP622707.fasta,PP622707.1,"Verbascum alpinum chloroplast, complete genome","PP622707.1 Verbascum alpinum chloroplast, complete genome",Verbascum alpinum
PP622708.fasta,PP622708.1,"Verbascum lanatum chloroplast, complete genome","PP622708.1 Verbascum lanatum chloroplast, complete genome",Verbascum lanatum
PP622709.fasta,PP622709.1,"Verbascum lychnitis chloroplast, complete genome","PP622709.1 Verbascum lychnitis chloroplast, complete genome",Verbascum lychnitis
PX284967.fasta,PX284967.1,"Verbascum sinuatum chloroplast, complete genome","PX284967.1 Verbascum sinuatum chloroplast, complete genome",Verbascum sinuatum
PX284968.fasta,PX284968.1,"Verbascum speciosum chloroplast, complete genome","PX284968.1 Verbascum speciosum chloroplast, complete genome",Verbascum speciosum
PP622710.fasta,PP622710.1,"Verbascum thapsus chloroplast, complete genome","PP622710.1 Verbascum thapsus chloroplast, complete genome",Verbascum thapsus
PX501762.fasta,PX501762.1,"Verbena bonariensis chloroplast, complete genome","PX501762.1 Verbena bonariensis chloroplast, complete genome",Verbena bonariensis
PP622711.fasta,PP622711.1,"Verbena officinalis chloroplast, complete genome","PP622711.1 Verbena officinalis chloroplast, complete genome",Verbena officinalis
PX334460.fasta,PX334460.1,"Verbesina encelioides chloroplast, complete genome","PX334460.1 Verbesina encelioides chloroplast, complete genome",Verbesina encelioides
PQ663625.fasta,PQ663625.1,"Vernicia fordii chloroplast, complete genome","PQ663625.1 Vernicia fordii chloroplast, complete genome",Vernicia fordii
PQ663624.fasta,PQ663624.1,"Vernicia montana chloroplast, complete genome","PQ663624.1 Vernicia montana chloroplast, complete genome",Vernicia montana
PP622714.fasta,PP622714.1,"Veronica aphylla subsp. aphylla chloroplast, complete genome","PP622714.1 Veronica aphylla subsp. aphylla chloroplast, complete genome",Veronica aphylla
PP622715.fasta,PP622715.1,"Veronica arvensis chloroplast, complete genome","PP622715.1 Veronica arvensis chloroplast, complete genome",Veronica arvensis
PP622716.fasta,PP622716.1,"Veronica beccabunga subsp. beccabunga chloroplast, complete genome","PP622716.1 Veronica beccabunga subsp. beccabunga chloroplast, complete genome",Veronica beccabunga
PP622717.fasta,PP622717.1,"Veronica bellidioides chloroplast, complete genome","PP622717.1 Veronica bellidioides chloroplast, complete genome",Veronica bellidioides
PX776077.fasta,PX776077.1,"Veronica biloba isolate LLPPN chloroplast, complete genome","PX776077.1 Veronica biloba isolate LLPPN chloroplast, complete genome",Veronica biloba
PP622718.fasta,PP622718.1,"Veronica chamaedrys subsp. chamaedrys chloroplast, complete genome","PP622718.1 Veronica chamaedrys subsp. chamaedrys chloroplast, complete genome",Veronica chamaedrys
PX776076.fasta,PX776076.1,"Veronica ciliata isolate CGPPN chloroplast, complete genome","PX776076.1 Veronica ciliata isolate CGPPN chloroplast, complete genome",Veronica ciliata
PX593257.fasta,PX593257.1,"Veronica daurica chloroplast, complete genome","PX593257.1 Veronica daurica chloroplast, complete genome",Veronica daurica
PP622719.fasta,PP622719.1,"Veronica fruticans chloroplast, complete genome","PP622719.1 Veronica fruticans chloroplast, complete genome",Veronica fruticans
PP840335.fasta,PP840335.1,"Veronica hederifolia chloroplast, complete genome","PP840335.1 Veronica hederifolia chloroplast, complete genome",Veronica hederifolia
PX049137.fasta,PX049137.1,"Veronica longifolia chloroplast, complete genome","PX049137.1 Veronica longifolia chloroplast, complete genome",Veronica longifolia
PP840337.fasta,PP840337.1,"Veronica officinalis chloroplast, complete genome","PP840337.1 Veronica officinalis chloroplast, complete genome",Veronica officinalis
PP622720.fasta,PP622720.1,"Veronica peregrina chloroplast, complete genome","PP622720.1 Veronica peregrina chloroplast, complete genome",Veronica peregrina
PP840336.fasta,PP840336.1,"Veronica persica chloroplast, complete genome","PP840336.1 Veronica persica chloroplast, complete genome",Veronica persica
PP622721.fasta,PP622721.1,"Veronica prostrata chloroplast, complete genome","PP622721.1 Veronica prostrata chloroplast, complete genome",Veronica prostrata
PX049138.fasta,PX049138.1,"Veronica pusanensis chloroplast, complete genome","PX049138.1 Veronica pusanensis chloroplast, complete genome",Veronica pusanensis
PX593256.fasta,PX593256.1,"Veronica pyrethrina chloroplast, complete genome","PX593256.1 Veronica pyrethrina chloroplast, complete genome",Veronica pyrethrina
PP622722.fasta,PP622722.1,"Veronica serpyllifolia chloroplast, complete genome","PP622722.1 Veronica serpyllifolia chloroplast, complete genome",Veronica serpyllifolia
PX870807.fasta,PX870807.1,"Veronica sieboldiana chloroplast, complete genome","PX870807.1 Veronica sieboldiana chloroplast, complete genome",Veronica sieboldiana
PP622723.fasta,PP622723.1,"Veronica urticifolia chloroplast, complete genome","PP622723.1 Veronica urticifolia chloroplast, complete genome",Veronica urticifolia
PX776078.fasta,PX776078.1,"Veronica vandellioides isolate TGLPPN chloroplast, complete genome","PX776078.1 Veronica vandellioides isolate TGLPPN chloroplast, complete genome",Veronica vandellioides
PX673849.fasta,PX673849.1,"Viburnum furcatum chloroplast, complete genome","PX673849.1 Viburnum furcatum chloroplast, complete genome",Viburnum furcatum
PX111644.fasta,PX111644.1,"Viburnum mongolicum isolate H41 chloroplast, complete genome","PX111644.1 Viburnum mongolicum isolate H41 chloroplast, complete genome",Viburnum mongolicum
PX530810.fasta,PX530810.1,"Viburnum setigerum chloroplast, complete genome","PX530810.1 Viburnum setigerum chloroplast, complete genome",Viburnum setigerum
PP078695.fasta,PP078695.1,"Viburnum sympodiale isolate ZXX20077 chloroplast, complete genome","PP078695.1 Viburnum sympodiale isolate ZXX20077 chloroplast, complete genome",Viburnum sympodiale
PX915357.fasta,PX915357.1,"Vicia cracca voucher C-01-01-001 chloroplast, complete genome","PX915357.1 Vicia cracca voucher C-01-01-001 chloroplast, complete genome",Vicia cracca
PV364429.fasta,PV364429.1,"Vicia hirsuta chloroplast, complete genome","PV364429.1 Vicia hirsuta chloroplast, complete genome",Vicia hirsuta
PV480546.fasta,PV480546.1,"Vicia hybrida chloroplast, complete genome","PV480546.1 Vicia hybrida chloroplast, complete genome",Vicia hybrida
PQ576733.fasta,PQ576733.1,"Vicia kulingana chloroplast, complete genome","PQ576733.1 Vicia kulingana chloroplast, complete genome",Vicia kulingana
PV480547.fasta,PV480547.1,"Vicia lathyroides chloroplast, complete genome","PV480547.1 Vicia lathyroides chloroplast, complete genome",Vicia lathyroides
PV480548.fasta,PV480548.1,"Vicia lutea chloroplast, complete genome","PV480548.1 Vicia lutea chloroplast, complete genome",Vicia lutea
PV480549.fasta,PV480549.1,"Vicia narbonensis chloroplast, complete genome","PV480549.1 Vicia narbonensis chloroplast, complete genome",Vicia narbonensis
PP328814.fasta,PP328814.1,"Vicia sativa chloroplast, complete genome","PP328814.1 Vicia sativa chloroplast, complete genome",Vicia sativa
PP328815.fasta,PP328815.1,"Vicia sepium chloroplast, complete genome","PP328815.1 Vicia sepium chloroplast, complete genome",Vicia sepium
PX915360.fasta,PX915360.1,"Vicia villosa voucher C-01-01-011 chloroplast, complete genome","PX915360.1 Vicia villosa voucher C-01-01-011 chloroplast, complete genome",Vicia villosa
PP728426.fasta,PP728426.1,"Vigna hirtella chloroplast, complete genome","PP728426.1 Vigna hirtella chloroplast, complete genome",Vigna hirtella
PP728425.fasta,PP728425.1,"Vigna reflexopilosa chloroplast, complete genome","PP728425.1 Vigna reflexopilosa chloroplast, complete genome",Vigna reflexopilosa
PP728427.fasta,PP728427.1,"Vigna trinervia chloroplast, complete genome","PP728427.1 Vigna trinervia chloroplast, complete genome",Vigna trinervia
PX390200.fasta,PX390200.1,"Vigna unguiculata isolate GADEER-1 chloroplast, complete genome","PX390200.1 Vigna unguiculata isolate GADEER-1 chloroplast, complete genome",Vigna unguiculata
PV870687.fasta,PV870687.1,"Viguieranthus ambongensis voucher 233-MO chloroplast, complete genome","PV870687.1 Viguieranthus ambongensis voucher 233-MO chloroplast, complete genome",Viguieranthus ambongensis
PV870805.fasta,PV870805.1,"Viminaria juncea voucher Yi14770-KUN chloroplast, complete genome","PV870805.1 Viminaria juncea voucher Yi14770-KUN chloroplast, complete genome",Viminaria juncea
PX309544.fasta,PX309544.1,"Vinca major chloroplast, complete genome","PX309544.1 Vinca major chloroplast, complete genome",Vinca major
PV747498.fasta,PV747498.1,"Vincetoxicum bungei chloroplast, complete genome","PV747498.1 Vincetoxicum bungei chloroplast, complete genome",Vincetoxicum bungei
PX975500.fasta,PX975500.1,"Vincetoxicum inamoenum voucher YSG18-68 chloroplast, complete genome","PX975500.1 Vincetoxicum inamoenum voucher YSG18-68 chloroplast, complete genome",Vincetoxicum inamoenum
PP622712.fasta,PP622712.1,"Viola canina chloroplast, complete genome","PP622712.1 Viola canina chloroplast, complete genome",Viola canina
PP952083.fasta,PP952083.1,"Viola diffusa chloroplast, complete genome","PP952083.1 Viola diffusa chloroplast, complete genome",Viola diffusa
PZ127156.fasta,PZ127156.1,"Viola faurieana chloroplast, complete genome","PZ127156.1 Viola faurieana chloroplast, complete genome",Viola faurieana
PV631333.fasta,PV631333.1,"Viola grayi chloroplast, complete genome","PV631333.1 Viola grayi chloroplast, complete genome",Viola grayi
PX991867.fasta,PX991867.1,"Viola hybanthoides isolate P4_1 chloroplast, complete genome","PX991867.1 Viola hybanthoides isolate P4_1 chloroplast, complete genome",Viola hybanthoides
PZ127157.fasta,PZ127157.1,"Viola jordanii chloroplast, complete genome","PZ127157.1 Viola jordanii chloroplast, complete genome",Viola jordanii
PZ316350.fasta,PZ316350.1,"Viola mandshurica chloroplast, complete genome","PZ316350.1 Viola mandshurica chloroplast, complete genome",Viola mandshurica
PZ127158.fasta,PZ127158.1,"Viola rostrata chloroplast, complete genome","PZ127158.1 Viola rostrata chloroplast, complete genome",Viola rostrata
PP622713.fasta,PP622713.1,"Viola thomasiana chloroplast, complete genome","PP622713.1 Viola thomasiana chloroplast, complete genome",Viola thomasiana
PV870813.fasta,PV870813.1,"Virgilia divaricata voucher Yi15036-Yi Lab chloroplast, complete genome","PV870813.1 Virgilia divaricata voucher Yi15036-Yi Lab chloroplast, complete genome",Virgilia divaricata
PP190938.fasta,PP190938.1,"Viscaria vulgaris subsp. vulgaris chloroplast, complete genome","PP190938.1 Viscaria vulgaris subsp. vulgaris chloroplast, complete genome",Viscaria vulgaris
OR712485.fasta,OR712485.1,"Viscum trachycarpum voucher Razafimandibison et al. 2249 chloroplast, complete genome","OR712485.1 Viscum trachycarpum voucher Razafimandibison et al. 2249 chloroplast, complete genome",Viscum trachycarpum
OQ198453.fasta,OQ198453.1,"Vitex agnus-castus chloroplast, complete genome","OQ198453.1 Vitex agnus-castus chloroplast, complete genome",Vitex agnus-castus
PZ322778.fasta,PZ322778.1,"Vitex cofassus isolate XI.K.15A chloroplast, complete genome","PZ322778.1 Vitex cofassus isolate XI.K.15A chloroplast, complete genome",Vitex cofassus
PQ541021.fasta,PQ541021.1,"Vitex negundo var. cannabifolia chloroplast, complete genome","PQ541021.1 Vitex negundo var. cannabifolia chloroplast, complete genome",Vitex negundo
PQ463296.fasta,PQ463296.1,"Volkameria inermis chloroplast, complete genome","PQ463296.1 Volkameria inermis chloroplast, complete genome",Volkameria inermis
BK071870.fasta,BK071870.1,"Volutaria canariensis chloroplast, complete genome","BK071870.1 TPA_asm: Volutaria canariensis chloroplast, complete genome",Volutaria canariensis
OR881377.fasta,OR881377.1,"Weigela floribunda chloroplast, complete genome","OR881377.1 Weigela floribunda chloroplast, complete genome",Weigela floribunda
OR881378.fasta,OR881378.1,"Weigela florida voucher EC851167 chloroplast, complete genome","OR881378.1 Weigela florida voucher EC851167 chloroplast, complete genome",Weigela florida
OR881379.fasta,OR881379.1,"Weigela japonica voucher EC851161 chloroplast, complete genome","OR881379.1 Weigela japonica voucher EC851161 chloroplast, complete genome",Weigela japonica
OR881380.fasta,OR881380.1,"Weigela subsessilis voucher EC851158 chloroplast, complete genome","OR881380.1 Weigela subsessilis voucher EC851158 chloroplast, complete genome",Weigela subsessilis
PV553481.fasta,PV553481.1,"Williamodendron cinnamomeum voucher M.C. Vergne & al. 165 chloroplast, complete genome","PV553481.1 Williamodendron cinnamomeum voucher M.C. Vergne & al. 165 chloroplast, complete genome",Williamodendron cinnamomeum
PV870683.fasta,PV870683.1,"Wisteria sinensis voucher F301-Yi Lab chloroplast, complete genome","PV870683.1 Wisteria sinensis voucher F301-Yi Lab chloroplast, complete genome",Wisteria sinensis
PV870821.fasta,PV870821.1,"Wisteriopsis reticulata voucher Yi15215-KUN chloroplast, complete genome","PV870821.1 Wisteriopsis reticulata voucher Yi15215-KUN chloroplast, complete genome",Wisteriopsis reticulata
PV472659.fasta,PV472659.1,"Withania echinata chloroplast, complete genome","PV472659.1 Withania echinata chloroplast, complete genome",Withania echinata
PV472656.fasta,PV472656.1,"Withania heterophylla chloroplast, complete genome","PV472656.1 Withania heterophylla chloroplast, complete genome",Withania heterophylla
PV472660.fasta,PV472660.1,"Withania japonica chloroplast, complete genome","PV472660.1 Withania japonica chloroplast, complete genome",Withania japonica
PV929578.fasta,PV929578.1,"Wolffia globosa chloroplast, complete genome","PV929578.1 Wolffia globosa chloroplast, complete genome",Wolffia globosa
PX309545.fasta,PX309545.1,"Wrightia religiosa chloroplast, complete genome","PX309545.1 Wrightia religiosa chloroplast, complete genome",Wrightia religiosa
PV669993.fasta,PV669993.1,"Wurfbainia villosa chloroplast, complete genome","PV669993.1 Wurfbainia villosa chloroplast, complete genome",Wurfbainia villosa
PQ638732.fasta,PQ638732.1,"Xanthium strumarium chloroplast, complete genome","PQ638732.1 Xanthium strumarium chloroplast, complete genome",Xanthium strumarium
PV870794.fasta,PV870794.1,"Xanthocercis zambesiaca voucher Yi14742-Yi Lab chloroplast, complete genome","PV870794.1 Xanthocercis zambesiaca voucher Yi14742-Yi Lab chloroplast, complete genome",Xanthocercis zambesiaca
PV548271.fasta,PV548271.1,"Xantolis weimingii isolate ES2450 chloroplast, complete genome","PV548271.1 Xantolis weimingii isolate ES2450 chloroplast, complete genome",Xantolis weimingii
BK071871.fasta,BK071871.1,"Xeranthemum annuum chloroplast, complete genome","BK071871.1 TPA_asm: Xeranthemum annuum chloroplast, complete genome",Xeranthemum annuum
BK071872.fasta,BK071872.1,"Xeranthemum cylindraceum chloroplast, complete genome","BK071872.1 TPA_asm: Xeranthemum cylindraceum chloroplast, complete genome",Xeranthemum cylindraceum
BK071873.fasta,BK071873.1,"Xeranthemum inapertum chloroplast, complete genome","BK071873.1 TPA_asm: Xeranthemum inapertum chloroplast, complete genome",Xeranthemum inapertum
PV219394.fasta,PV219394.1,"Xerophyta acuminata voucher K003636578 chloroplast, complete genome","PV219394.1 Xerophyta acuminata voucher K003636578 chloroplast, complete genome",Xerophyta acuminata
PV239471.fasta,PV239471.1,"Xerophyta arabica voucher K003636528 chloroplast, complete genome","PV239471.1 Xerophyta arabica voucher K003636528 chloroplast, complete genome",Xerophyta arabica
PV239472.fasta,PV239472.1,"Xerophyta argentea voucher K001279613 chloroplast, complete genome","PV239472.1 Xerophyta argentea voucher K001279613 chloroplast, complete genome",Xerophyta argentea
PV219393.fasta,PV219393.1,"Xerophyta capillaris voucher K001333492 chloroplast, complete genome","PV219393.1 Xerophyta capillaris voucher K001333492 chloroplast, complete genome",Xerophyta capillaris
PV077810.fasta,PV077810.1,"Xerophyta dasylirioides voucher SAJIT-11011 chloroplast, complete genome","PV077810.1 Xerophyta dasylirioides voucher SAJIT-11011 chloroplast, complete genome",Xerophyta dasylirioides
PV177935.fasta,PV177935.1,"Xerophyta eglandulosa voucher SAJIT-11017 chloroplast, complete genome","PV177935.1 Xerophyta eglandulosa voucher SAJIT-11017 chloroplast, complete genome",Xerophyta eglandulosa
PV219390.fasta,PV219390.1,"Xerophyta elegans voucher K003636995 chloroplast, complete genome","PV219390.1 Xerophyta elegans voucher K003636995 chloroplast, complete genome",Xerophyta elegans
PV239469.fasta,PV239469.1,"Xerophyta equisetoides var. setosa voucher K003636675 chloroplast, complete genome","PV239469.1 Xerophyta equisetoides var. setosa voucher K003636675 chloroplast, complete genome",Xerophyta equisetoides
PV335052.fasta,PV335052.1,"Xerophyta humilis voucher K003636586 chloroplast, complete genome","PV335052.1 Xerophyta humilis voucher K003636586 chloroplast, complete genome",Xerophyta humilis
PV219392.fasta,PV219392.1,"Xerophyta kirkii voucher K000614005 chloroplast, complete genome","PV219392.1 Xerophyta kirkii voucher K000614005 chloroplast, complete genome",Xerophyta kirkii
PV208531.fasta,PV208531.1,"Xerophyta pectinata voucher SAJIT-11013 chloroplast, complete genome","PV208531.1 Xerophyta pectinata voucher SAJIT-11013 chloroplast, complete genome",Xerophyta pectinata
PV177937.fasta,PV177937.1,"Xerophyta pinifolia voucher SAJIT-11037 chloroplast, complete genome","PV177937.1 Xerophyta pinifolia voucher SAJIT-11037 chloroplast, complete genome",Xerophyta pinifolia
PV219395.fasta,PV219395.1,"Xerophyta retinervis voucher K003637081 chloroplast, complete genome","PV219395.1 Xerophyta retinervis voucher K003637081 chloroplast, complete genome",Xerophyta retinervis
PV219391.fasta,PV219391.1,"Xerophyta rippsteinii voucher K003636585 chloroplast, complete genome","PV219391.1 Xerophyta rippsteinii voucher K003636585 chloroplast, complete genome",Xerophyta rippsteinii
PV239466.fasta,PV239466.1,"Xerophyta scabrida voucher K003636752 chloroplast, complete genome","PV239466.1 Xerophyta scabrida voucher K003636752 chloroplast, complete genome",Xerophyta scabrida
PV239470.fasta,PV239470.1,"Xerophyta schnizleinia voucher K003636553 chloroplast, complete genome","PV239470.1 Xerophyta schnizleinia voucher K003636553 chloroplast, complete genome",Xerophyta schnizleinia
PV177938.fasta,PV177938.1,"Xerophyta sessiliflora voucher SAJIT-11110 chloroplast, complete genome","PV177938.1 Xerophyta sessiliflora voucher SAJIT-11110 chloroplast, complete genome",Xerophyta sessiliflora
PV335040.fasta,PV335040.1,"Xerophyta simulans voucher K003636611 chloroplast, complete genome","PV335040.1 Xerophyta simulans voucher K003636611 chloroplast, complete genome",Xerophyta simulans
PV335054.fasta,PV335054.1,"Xerophyta spekei voucher K003636661 chloroplast, complete genome","PV335054.1 Xerophyta spekei voucher K003636661 chloroplast, complete genome",Xerophyta spekei
PV335044.fasta,PV335044.1,"Xerophyta splendens voucher K001236871 chloroplast, complete genome","PV335044.1 Xerophyta splendens voucher K001236871 chloroplast, complete genome",Xerophyta splendens
PV335037.fasta,PV335037.1,"Xerophyta squarrosa voucher K003637072 chloroplast, complete genome","PV335037.1 Xerophyta squarrosa voucher K003637072 chloroplast, complete genome",Xerophyta squarrosa
PV335051.fasta,PV335051.1,"Xerophyta suaveolens voucher M9854 chloroplast, complete genome","PV335051.1 Xerophyta suaveolens voucher M9854 chloroplast, complete genome",Xerophyta suaveolens
PV335048.fasta,PV335048.1,"Xerophyta trichophylla voucher K003636845 chloroplast, complete genome","PV335048.1 Xerophyta trichophylla voucher K003636845 chloroplast, complete genome",Xerophyta trichophylla
PV335050.fasta,PV335050.1,"Xerophyta villosa voucher K003636780 chloroplast, complete genome","PV335050.1 Xerophyta villosa voucher K003636780 chloroplast, complete genome",Xerophyta villosa
PV335038.fasta,PV335038.1,"Xerophyta viscosa voucher K003637027 chloroplast, complete genome","PV335038.1 Xerophyta viscosa voucher K003637027 chloroplast, complete genome",Xerophyta viscosa
PV335045.fasta,PV335045.1,"Xerophyta wentzeliana voucher K001553906 chloroplast, complete genome","PV335045.1 Xerophyta wentzeliana voucher K001553906 chloroplast, complete genome",Xerophyta wentzeliana
OR712486.fasta,OR712486.1,"Ximenia americana voucher M.A. Caraballo-Ortiz 3203 chloroplast, complete genome","OR712486.1 Ximenia americana voucher M.A. Caraballo-Ortiz 3203 chloroplast, complete genome",Ximenia americana
PV870689.fasta,PV870689.1,"Xylia hoffmannii voucher 1595-MO chloroplast, complete genome","PV870689.1 Xylia hoffmannii voucher 1595-MO chloroplast, complete genome",Xylia hoffmannii
PX666091.fasta,PX666091.1,"Xylia xylocarpa var. kerrii isolate XYLXYLTH06 chloroplast, complete genome","PX666091.1 Xylia xylocarpa var. kerrii isolate XYLXYLTH06 chloroplast, complete genome",Xylia xylocarpa
ON929861.fasta,ON929861.1,"Xylosalsola arbuscula chloroplast, complete genome","ON929861.1 Xylosalsola arbuscula chloroplast, complete genome",Xylosalsola arbuscula
PP056256.fasta,PP056256.1,"Xylosma congesta isolate ZXX202533 chloroplast, complete genome","PP056256.1 Xylosma congesta isolate ZXX202533 chloroplast, complete genome",Xylosma congesta
PV553466.fasta,PV553466.1,"Yasunia sessiliflora voucher D. Neill & al. 11089 chloroplast, complete genome","PV553466.1 Yasunia sessiliflora voucher D. Neill & al. 11089 chloroplast, complete genome",Yasunia sessiliflora
PP234542.fasta,PP234542.1,"Youngia simulatrix isolate p18 chloroplast, complete genome","PP234542.1 Youngia simulatrix isolate p18 chloroplast, complete genome",Youngia simulatrix
PQ472940.fasta,PQ472940.1,"Yushania niitakayamensis isolate 2 chloroplast, complete genome","PQ472940.1 Yushania niitakayamensis isolate 2 chloroplast, complete genome",Yushania niitakayamensis
PQ010623.fasta,PQ010623.1,"Yushania rubrovaginata voucher LX178 chloroplast, complete genome","PQ010623.1 Yushania rubrovaginata voucher LX178 chloroplast, complete genome",Yushania rubrovaginata
PX645513.fasta,PX645513.1,"Zabelia densipila chloroplast, complete genome","PX645513.1 Zabelia densipila chloroplast, complete genome",Zabelia densipila
PX980496.fasta,PX980496.1,"Zantedeschia hybrid cultivar cultivar zazu x Zantedeschia aethiopica chloroplast, complete genome","PX980496.1 Zantedeschia hybrid cultivar cultivar zazu x Zantedeschia aethiopica chloroplast, complete genome",Zantedeschia hybrid
PV605597.fasta,PV605597.1,"Zanthoxylum asiaticum isolate EM181 chloroplast, complete genome","PV605597.1 Zanthoxylum asiaticum isolate EM181 chloroplast, complete genome",Zanthoxylum asiaticum
PV664703.fasta,PV664703.1,"Zanthoxylum chalybeum isolate EM179 chloroplast, complete genome","PV664703.1 Zanthoxylum chalybeum isolate EM179 chloroplast, complete genome",Zanthoxylum chalybeum
PV658286.fasta,PV658286.1,"Zanthoxylum deremense isolate EM154 chloroplast, complete genome","PV658286.1 Zanthoxylum deremense isolate EM154 chloroplast, complete genome",Zanthoxylum deremense
PV664704.fasta,PV664704.1,"Zanthoxylum gilletii isolate EM195 chloroplast, complete genome","PV664704.1 Zanthoxylum gilletii isolate EM195 chloroplast, complete genome",Zanthoxylum gilletii
PV658283.fasta,PV658283.1,"Zanthoxylum holtzianum isolate EM4 chloroplast, complete genome","PV658283.1 Zanthoxylum holtzianum isolate EM4 chloroplast, complete genome",Zanthoxylum holtzianum
PV664701.fasta,PV664701.1,"Zanthoxylum leprieurii isolate EM128 chloroplast, complete genome","PV664701.1 Zanthoxylum leprieurii isolate EM128 chloroplast, complete genome",Zanthoxylum leprieurii
PV664702.fasta,PV664702.1,"Zanthoxylum lindense isolate EM160 chloroplast, complete genome","PV664702.1 Zanthoxylum lindense isolate EM160 chloroplast, complete genome",Zanthoxylum lindense
PV658284.fasta,PV658284.1,"Zanthoxylum paracanthum isolate EM7 chloroplast, complete genome","PV658284.1 Zanthoxylum paracanthum isolate EM7 chloroplast, complete genome",Zanthoxylum paracanthum
PV664705.fasta,PV664705.1,"Zanthoxylum rubescens isolate EM213 chloroplast, complete genome","PV664705.1 Zanthoxylum rubescens isolate EM213 chloroplast, complete genome",Zanthoxylum rubescens
PQ459007.fasta,PQ459007.1,"Zanthoxylum usambarense isolate EM49 chloroplast, complete genome","PQ459007.1 Zanthoxylum usambarense isolate EM49 chloroplast, complete genome",Zanthoxylum usambarense
PV870735.fasta,PV870735.1,"Zapoteca formosa voucher 32060-MO chloroplast, complete genome","PV870735.1 Zapoteca formosa voucher 32060-MO chloroplast, complete genome",Zapoteca formosa
PX389917.fasta,PX389917.1,"Zea mays isolate DS553 chloroplast, complete genome","PX389917.1 Zea mays isolate DS553 chloroplast, complete genome",Zea mays
PV005926.fasta,PV005926.1,"Zea perennis strain AN21TNTL0368 chloroplast, complete genome","PV005926.1 Zea perennis strain AN21TNTL0368 chloroplast, complete genome",Zea perennis
PP831692.fasta,PP831692.1,"Zehneria grandibracteata chloroplast, complete genome","PP831692.1 Zehneria grandibracteata chloroplast, complete genome",Zehneria grandibracteata
PP831691.fasta,PP831691.1,"Zehneria longiflora chloroplast, complete genome","PP831691.1 Zehneria longiflora chloroplast, complete genome",Zehneria longiflora
PP831690.fasta,PP831690.1,"Zehneria minutiflora chloroplast, complete genome","PP831690.1 Zehneria minutiflora chloroplast, complete genome",Zehneria minutiflora
PP831696.fasta,PP831696.1,"Zehneria monocarpa chloroplast, complete genome","PP831696.1 Zehneria monocarpa chloroplast, complete genome",Zehneria monocarpa
PP831695.fasta,PP831695.1,"Zehneria oligosperma chloroplast, complete genome","PP831695.1 Zehneria oligosperma chloroplast, complete genome",Zehneria oligosperma
PP831694.fasta,PP831694.1,"Zehneria scabra chloroplast, complete genome","PP831694.1 Zehneria scabra chloroplast, complete genome",Zehneria scabra
PP831693.fasta,PP831693.1,"Zehneria tuberifera chloroplast, complete genome","PP831693.1 Zehneria tuberifera chloroplast, complete genome",Zehneria tuberifera
PV008712.fasta,PV008712.1,"Zelkova sinica voucher LLX2021032506 chloroplast, complete genome","PV008712.1 Zelkova sinica voucher LLX2021032506 chloroplast, complete genome",Zelkova sinica
PP882779.fasta,PP882779.1,"Zenia insignis chloroplast, complete genome","PP882779.1 Zenia insignis chloroplast, complete genome",Zenia insignis
PV849990.fasta,PV849990.1,"Zephyranthes bagnoldii voucher EIF 14564 chloroplast, complete genome","PV849990.1 Zephyranthes bagnoldii voucher EIF 14564 chloroplast, complete genome",Zephyranthes bagnoldii
PV890574.fasta,PV890574.1,"Zephyranthes sarae voucher EIF 14549 chloroplast, complete genome","PV890574.1 Zephyranthes sarae voucher EIF 14549 chloroplast, complete genome",Zephyranthes sarae
PX501757.fasta,PX501757.1,"Zeuxinella vietnamica chloroplast, complete genome","PX501757.1 Zeuxinella vietnamica chloroplast, complete genome",Zeuxinella vietnamica
PQ550047.fasta,PQ550047.1,"Zingiber odoriferum chloroplast, complete genome","PQ550047.1 Zingiber odoriferum chloroplast, complete genome",Zingiber odoriferum
PX508951.fasta,PX508951.1,"Zingiber ottensii chloroplast, complete genome","PX508951.1 Zingiber ottensii chloroplast, complete genome",Zingiber ottensii
PZ316595.fasta,PZ316595.1,"Zinnia elegans chloroplast, complete genome","PZ316595.1 Zinnia elegans chloroplast, complete genome",Zinnia elegans
PV226239.fasta,PV226239.1,"Ziziphora capitata chloroplast, complete genome","PV226239.1 Ziziphora capitata chloroplast, complete genome",Ziziphora capitata
PV116304.fasta,PV116304.1,"Ziziphora clinopodioides chloroplast, complete genome","PV116304.1 Ziziphora clinopodioides chloroplast, complete genome",Ziziphora clinopodioides
PV138186.fasta,PV138186.1,"Ziziphora pamiroalaica isolate Z7 chloroplast, complete genome","PV138186.1 Ziziphora pamiroalaica isolate Z7 chloroplast, complete genome",Ziziphora pamiroalaica
PV138187.fasta,PV138187.1,"Ziziphora pedicellata chloroplast, complete genome","PV138187.1 Ziziphora pedicellata chloroplast, complete genome",Ziziphora pedicellata
PV116306.fasta,PV116306.1,"Ziziphora persica chloroplast, complete genome","PV116306.1 Ziziphora persica chloroplast, complete genome",Ziziphora persica
PV116305.fasta,PV116305.1,"Ziziphora tenuior chloroplast, complete genome","PV116305.1 Ziziphora tenuior chloroplast, complete genome",Ziziphora tenuior
PQ841432.fasta,PQ841432.1,"Ziziphus jujuba var. spinosa isolate CSL250103 chloroplast, complete genome","PQ841432.1 Ziziphus jujuba var. spinosa isolate CSL250103 chloroplast, complete genome",Ziziphus jujuba
PZ168344.fasta,PZ168344.1,"Ziziphus nummularia chloroplast, complete genome","PZ168344.1 Ziziphus nummularia chloroplast, complete genome",Ziziphus nummularia
PZ168345.fasta,PZ168345.1,"Ziziphus oxyphylla chloroplast, complete genome","PZ168345.1 Ziziphus oxyphylla chloroplast, complete genome",Ziziphus oxyphylla
PP566025.fasta,PP566025.1,"Zostera caespitosa isolate ZC-2 chloroplast, complete genome","PP566025.1 Zostera caespitosa isolate ZC-2 chloroplast, complete genome",Zostera caespitosa
PV870700.fasta,PV870700.1,"Zygia conzattii voucher 15874-MO chloroplast, complete genome","PV870700.1 Zygia conzattii voucher 15874-MO chloroplast, complete genome",Zygia conzattii
PV870728.fasta,PV870728.1,"Zygia longifolia voucher 31492-MO chloroplast, complete genome","PV870728.1 Zygia longifolia voucher 31492-MO chloroplast, complete genome",Zygia longifolia
