"","file_name","accession","cleaned","faster_header"
"1","PQ276670.fasta","PQ276670.1","Lithocarpus longzhouicus","PQ276670.1 Lithocarpus longzhouicus"
"2","OR712478.fasta","OR712478.1","Nanodea muscosa","OR712478.1 Nanodea muscosa"
"3","ON470830.fasta","ON470830.1","Ligusticum nullivittatum","ON470830.1 Ligusticum nullivittatum"
"4","PX108826.fasta","PX108826.1","Carica papaya","PX108826.1 Carica papaya"
"5","PV553482.fasta","PV553482.1","Cryptocarya natalensis","PV553482.1 Cryptocarya natalensis"
"6","PQ586133.fasta","PQ586133.1","Boswellia dioscoridis","PQ586133.1 Boswellia dioscoridis"
"7","PP952508.fasta","PP952508.1","Sclerophylax spinescens","PP952508.1 Sclerophylax spinescens"
"8","ON729349.fasta","ON729349.1","Loropetalum subcordatum","ON729349.1 Loropetalum subcordatum"
"9","PX703147.1.fasta","PX703147.1","Amentotaxus assamica","PX703147.1 Amentotaxus assamica"
"10","PQ459325.fasta","PQ459325.1","Chimonobambusa utilis","PQ459325.1 Chimonobambusa utilis"
"11","PX754132.fasta","PX754132.1","Actinidia trichogyna","PX754132.1 Actinidia trichogyna"
"12","PP316512.fasta","PP316512.1","Alopecurus myosuroides","PP316512.1 Alopecurus myosuroides"
"13","PQ157955.fasta","PQ157955.1","Vepris eggelingii","PQ157955.1 Vepris eggelingii"
"14","PX763876.fasta","PX763876.1","Malus micromalus","PX763876.1 Malus micromalus"
"15","OR990545.fasta","OR990545.1","Senecio doronicum","OR990545.1 Senecio doronicum"
"16","OR162025.fasta","OR162025.1","Malvastrum coromandelianum","OR162025.1 Malvastrum coromandelianum"
"17","PV693365.fasta","PV693365.1","Vepris schliebenii","PV693365.1 Vepris schliebenii"
"18","PQ210165.fasta","PQ210165.1","Muscari coeleste","PQ210165.1 Muscari coeleste"
"19","PX694266.fasta","PX694266.1","Malvaviscus arboreus","PX694266.1 Malvaviscus arboreus"
"20","OR565940.fasta","OR565940.1","Paraphlomis seticalyx","OR565940.1 Paraphlomis seticalyx"
"21","PQ899492.fasta","PQ899492.1","Beilschmiedia fordii","PQ899492.1 Beilschmiedia fordii"
"22","PX512552.1.fasta","PX512552.1","Coelastrum pseudomicroporum","PX512552.1 Coelastrum pseudomicroporum"
"23","PZ098403.fasta","PZ098403.1","Glyceria insularis","PZ098403.1 Glyceria insularis"
"24","PV605568.fasta","PV605568.1","Thinopyrum elongatum","PV605568.1 Thinopyrum elongatum"
"25","PQ456195.fasta","PQ456195.1","Melissa officinalis","PQ456195.1 Melissa officinalis"
"26","PV817901.fasta","PV817901.1","Allium prattii","PV817901.1 Allium prattii"
"27","PX686333.fasta","PX686333.1","Delphinium dolichocentroides","PX686333.1 Delphinium dolichocentroides"
"28","PX130366.fasta","PX130366.1","Syzygium saliciforme","PX130366.1 Syzygium saliciforme"
"29","BK070974.fasta","BK070974.1","Erigeron silenifolius","BK070974.1 Erigeron silenifolius"
"30","OR884984.fasta","OR884984.1","Allium oleraceum","OR884984.1 Allium oleraceum"
"31","PV192907.fasta","PV192907.1","Epimedium coactum","PV192907.1 Epimedium coactum"
"32","OR896889.fasta","OR896889.1","Pimpinella major","OR896889.1 Pimpinella major"
"33","PX404588.fasta","PX404588.1","Citrus medica","PX404588.1 Citrus medica"
"34","PX899748.fasta","PX899748.1","Juncus gracillimus","PX899748.1 Juncus gracillimus"
"35","PV621861.fasta","PV621861.1","Ranunculus sieboldii","PV621861.1 Ranunculus sieboldii"
"36","PQ144610.fasta","PQ144610.1","Dalbergia ovata","PQ144610.1 Dalbergia ovata"
"37","PX380641.fasta","PX380641.1","Aconitum pulchellum","PX380641.1 Aconitum pulchellum"
"38","PP888222.fasta","PP888222.1","Quercus chenii","PP888222.1 Quercus chenii"
"39","PX969651.fasta","PX969651.1","Rhamnus erythroxylum","PX969651.1 Rhamnus erythroxylum"
"40","PV929692.fasta","PV929692.1","Myriophyllum papillosum","PV929692.1 Myriophyllum papillosum"
"41","PP336766.fasta","PP336766.1","Hyoscyamus niger","PP336766.1 Hyoscyamus niger"
"42","PQ632093.fasta","PQ632093.1","Triticum carthlicum","PQ632093.1 Triticum carthlicum"
"43","PV870862.fasta","PV870862.1","Salvia limbata","PV870862.1 Salvia limbata"
"44","OR698945.fasta","OR698945.1","Paphiopedilum emersonii","OR698945.1 Paphiopedilum emersonii"
"45","PX505293.fasta","PX505293.1","Hemiboea shimentaiensis","PX505293.1 Hemiboea shimentaiensis"
"46","PV640845.fasta","PV640845.1","Odontostemma trichophorum","PV640845.1 Odontostemma trichophorum"
"47","PX987619.fasta","PX987619.1","Semiaquilegia quelpaertensis","PX987619.1 Semiaquilegia quelpaertensis"
"48","PX355017.1.fasta","PX355017.1","Cupressus sempervirens","PX355017.1 Cupressus sempervirens"
"49","PP335054.fasta","PP335054.1","Daphne reichsteinii","PP335054.1 Daphne reichsteinii"
"50","PZ258594.fasta","PZ258594.1","Begonia scapigera","PZ258594.1 Begonia scapigera"
"51","OQ596336.fasta","OQ596336.1","Omphalogramma vinciflorum","OQ596336.1 Omphalogramma vinciflorum"
"52","PP336776.fasta","PP336776.1","Linaria vulgaris","PP336776.1 Linaria vulgaris"
"53","PV870711.fasta","PV870711.1","Aubrevillea platycarpa","PV870711.1 Aubrevillea platycarpa"
"54","PX023271.fasta","PX023271.1","Ophiorrhiza guizhouensis","PX023271.1 Ophiorrhiza guizhouensis"
"55","OM949905.fasta","OM949905.1","Actinidia cylindrica","OM949905.1 Actinidia cylindrica"
"56","PP727290.fasta","PP727290.1","Enkianthus quinqueflorus","PP727290.1 Enkianthus quinqueflorus"
"57","PZ101797.fasta","PZ101797.1","Mosla tamdaoensis","PZ101797.1 Mosla tamdaoensis"
"58","PQ468979.fasta","PQ468979.1","Lysionotus fengshanensis","PQ468979.1 Lysionotus fengshanensis"
"59","PV870751.fasta","PV870751.1","Myrospermum frutescens","PV870751.1 Myrospermum frutescens"
"60","PQ210195.fasta","PQ210195.1","Scilla messeniaca","PQ210195.1 Scilla messeniaca"
"61","PX501752.fasta","PX501752.1","Polygonum ajanense","PX501752.1 Polygonum ajanense"
"62","BK071854.fasta","BK071854.1","Olgaea petri-primi","BK071854.1 Olgaea petri-primi"
"63","PP817747.fasta","PP817747.1","Colocasia spongifolia","PP817747.1 Colocasia spongifolia"
"64","PQ826992.fasta","PQ826992.1","Bauhinia brachycarpa","PQ826992.1 Bauhinia brachycarpa"
"65","PV423700.1.fasta","PV423700.1","Lauderia annulata","PV423700.1 Lauderia annulata"
"66","OM949910.fasta","OM949910.1","Actinidia tetramera","OM949910.1 Actinidia tetramera"
"67","PZ347669.fasta","PZ347669.1","Heterostemma pingtaoi","PZ347669.1 Heterostemma pingtaoi"
"68","OR832748.fasta","OR832748.1","Pityranthe trichosperma","OR832748.1 Pityranthe trichosperma"
"69","PQ197390.fasta","PQ197390.1","Photinia parvifolia","PQ197390.1 Photinia parvifolia"
"70","PQ997912.fasta","PQ997912.1","Abroma augustum","PQ997912.1 Abroma augustum"
"71","PP465457.fasta","PP465457.1","Quercus delavayi","PP465457.1 Quercus delavayi"
"72","PX394520.fasta","PX394520.1","Blumea axillaris","PX394520.1 Blumea axillaris"
"73","PV870712.fasta","PV870712.1","Leptodesmia congesta","PV870712.1 Leptodesmia congesta"
"74","OK509178.fasta","OK509178.1","Rosa prattii","OK509178.1 Rosa prattii"
"75","PV870771.fasta","PV870771.1","Caragana erinacea","PV870771.1 Caragana erinacea"
"76","OQ570476.fasta","OQ570476.1","Seseli nudum","OQ570476.1 Seseli nudum"
"77","OR865884.fasta","OR865884.1","Sanicula flavovirens","OR865884.1 Sanicula flavovirens"
"78","PQ571158.fasta","PQ571158.1","Stichorkis gibbosa","PQ571158.1 Stichorkis gibbosa"
"79","PP898103.fasta","PP898103.1","Artemisia mongolica","PP898103.1 Artemisia mongolica"
"80","OP837518.fasta","OP837518.1","Swertia mussotii","OP837518.1 Swertia mussotii"
"81","PV802396.fasta","PV802396.1","Leucas ciliata","PV802396.1 Leucas ciliata"
"82","PV816214.fasta","PV816214.1","Hovenia trichocarpa","PV816214.1 Hovenia trichocarpa"
"83","PV192911.fasta","PV192911.1","Epimedium qingchengshanense","PV192911.1 Epimedium qingchengshanense"
"84","PP531553.fasta","PP531553.1","Acronema hookeri","PP531553.1 Acronema hookeri"
"85","PP262149.fasta","PP262149.1","Rhodiola litwinowii","PP262149.1 Rhodiola litwinowii"
"86","PX380647.fasta","PX380647.1","Aconitum spiripetalum","PX380647.1 Aconitum spiripetalum"
"87","PP622711.fasta","PP622711.1","Verbena officinalis","PP622711.1 Verbena officinalis"
"88","PP952456.fasta","PP952456.1","Capsicum annuum","PP952456.1 Capsicum annuum"
"89","PZ258595.fasta","PZ258595.1","Begonia sinofloribunda","PZ258595.1 Begonia sinofloribunda"
"90","PV192904.fasta","PV192904.1","Epimedium brachyrrhizum","PV192904.1 Epimedium brachyrrhizum"
"91","PX549441.fasta","PX549441.1","Peucedanum hakuunense","PX549441.1 Peucedanum hakuunense"
"92","OL804288.fasta","OL804288.1","Eucalyptus urophylla","OL804288.1 Eucalyptus urophylla"
"93","OR990538.fasta","OR990538.1","Petasites albus","OR990538.1 Petasites albus"
"94","OR264263.fasta","OR264263.1","Sassafras tzumu","OR264263.1 Sassafras tzumu"
"95","ON929839.fasta","ON929839.1","Horaninovia ulicina","ON929839.1 Horaninovia ulicina"
"96","ON929874.fasta","ON929874.1","Bassia hyssopifolia","ON929874.1 Bassia hyssopifolia"
"97","PX380652.fasta","PX380652.1","Consolida regalis","PX380652.1 Consolida regalis"
"98","PZ033183.fasta","PZ033183.1","Nepenthes mirabilis","PZ033183.1 Nepenthes mirabilis"
"99","PV870856.fasta","PV870856.1","Salvia amarissima","PV870856.1 Salvia amarissima"
"100","PV656667.fasta","PV656667.1","Magnolia lacei","PV656667.1 Magnolia lacei"
"101","PX438587.fasta","PX438587.1","Cheirostylis sherriffii","PX438587.1 Cheirostylis sherriffii"
"102","BK071824.fasta","BK071824.1","Arctium nemorosum","BK071824.1 Arctium nemorosum"
"103","PX975916.fasta","PX975916.1","Poa bulbosa","PX975916.1 Poa bulbosa"
"104","PP467378.fasta","PP467378.1","Sterculia monosperma","PP467378.1 Sterculia monosperma"
"105","PV564757.fasta","PV564757.1","Aquilegia flabellata","PV564757.1 Aquilegia flabellata"
"106","PX113346.fasta","PX113346.1","Carpesium macrocephalum","PX113346.1 Carpesium macrocephalum"
"107","PX130306.fasta","PX130306.1","Syzygium alubo","PX130306.1 Syzygium alubo"
"108","OR166992.fasta","OR166992.1","Cyclea hypoglauca","OR166992.1 Cyclea hypoglauca"
"109","OR712474.fasta","OR712474.1","Engomegoma gordonii","OR712474.1 Engomegoma gordonii"
"110","PX712345.fasta","PX712345.1","Palaquium gutta","PX712345.1 Palaquium gutta"
"111","OR805597.fasta","OR805597.1","Lithocarpus oleifolius","OR805597.1 Lithocarpus oleifolius"
"112","PV546614.fasta","PV546614.1","Dichocarpum dalzielii","PV546614.1 Dichocarpum dalzielii"
"113","PZ054916.fasta","PZ054916.1","Buxus papillosa","PZ054916.1 Buxus papillosa"
"114","PX549445.fasta","PX549445.1","Peucedanum miroense","PX549445.1 Peucedanum miroense"
"115","OQ091926.fasta","OQ091926.1","Begonia silletensis","OQ091926.1 Begonia silletensis"
"116","OR565907.fasta","OR565907.1","Phlomis fruticosa","OR565907.1 Phlomis fruticosa"
"117","PZ369833.fasta","PZ369833.1","Astragalus floridulus","PZ369833.1 Astragalus floridulus"
"118","PX309521.fasta","PX309521.1","Euonymus japonicus","PX309521.1 Euonymus japonicus"
"119","PP622709.fasta","PP622709.1","Verbascum lychnitis","PP622709.1 Verbascum lychnitis"
"120","ON729357.fasta","ON729357.1","Eustigma oblongifolium","ON729357.1 Eustigma oblongifolium"
"121","PQ728883.fasta","PQ728883.1","Chloranthus nervosus","PQ728883.1 Chloranthus nervosus"
"122","PQ834338.fasta","PQ834338.1","Clematis cirrhosa","PQ834338.1 Clematis cirrhosa"
"123","OR978662.fasta","OR978662.1","Anthostema madagascariense","OR978662.1 Anthostema madagascariense"
"124","PQ536122.fasta","PQ536122.1","Primula flava","PQ536122.1 Primula flava"
"125","BK065791.fasta","BK065791.1","Triumfetta appendiculata","BK065791.1 Triumfetta appendiculata"
"126","PV684029.fasta","PV684029.1","Oxytropis microphylla","PV684029.1 Oxytropis microphylla"
"127","OQ851310.fasta","OQ851310.1","Asparagus angulofractus","OQ851310.1 Asparagus angulofractus"
"128","PX694244.fasta","PX694244.1","Bombycidendron grewiifolium","PX694244.1 Bombycidendron grewiifolium"
"129","PP780910.fasta","PP780910.1","Cardamine scutata","PP780910.1 Cardamine scutata"
"130","PV870794.fasta","PV870794.1","Xanthocercis zambesiaca","PV870794.1 Xanthocercis zambesiaca"
"131","PQ010082.fasta","PQ010082.1","Heteranthera dubia","PQ010082.1 Heteranthera dubia"
"132","PV744409.fasta","PV744409.1","Rosa arvensis","PV744409.1 Rosa arvensis"
"133","PX673849.fasta","PX673849.1","Viburnum furcatum","PX673849.1 Viburnum furcatum"
"134","OL891504.fasta","OL891504.1","Alnus alnobetula","OL891504.1 Alnus alnobetula"
"135","PV590107.fasta","PV590107.1","Rubus semiplenus","PV590107.1 Rubus semiplenus"
"136","PV938952.fasta","PV938952.1","Pothos chinensis","PV938952.1 Pothos chinensis"
"137","OR264256.fasta","OR264256.1","Neocinnamomum caudatum","OR264256.1 Neocinnamomum caudatum"
"138","PP346789.fasta","PP346789.1","Polygonatum involucratum","PP346789.1 Polygonatum involucratum"
"139","OM948776.fasta","OM948776.1","Androsace geraniifolia","OM948776.1 Androsace geraniifolia"
"140","PZ166663.fasta","PZ166663.1","Sinolimprichtia alpina","PZ166663.1 Sinolimprichtia alpina"
"141","PQ821862.1.fasta","PQ821862.1","Ignatovia microphylla","PQ821862.1 Ignatovia microphylla"
"142","PZ270556.fasta","PZ270556.1","Tillandsia gilliesii","PZ270556.1 Tillandsia gilliesii"
"143","PQ586446.fasta","PQ586446.1","Chaetoseris yunnanensis","PQ586446.1 Chaetoseris yunnanensis"
"144","PX309544.fasta","PX309544.1","Vinca major","PX309544.1 Vinca major"
"145","PX316408.fasta","PX316408.1","Codiaeum variegatum","PX316408.1 Codiaeum variegatum"
"146","PV367265.fasta","PV367265.1","Fargesia nana","PV367265.1 Fargesia nana"
"147","PZ015916.fasta","PZ015916.1","Allium lineare","PZ015916.1 Allium lineare"
"148","PP234550.fasta","PP234550.1","Allium cyaneum","PP234550.1 Allium cyaneum"
"149","OR990544.fasta","OR990544.1","Jacobaea abrotanifolia","OR990544.1 Jacobaea abrotanifolia"
"150","PP234573.fasta","PP234573.1","Artemisia macrocephala","PP234573.1 Artemisia macrocephala"
"151","PQ874716.fasta","PQ874716.1","Clematis guniuensis","PQ874716.1 Clematis guniuensis"
"152","PV976839.fasta","PV976839.1","Melocalamus scandens","PV976839.1 Melocalamus scandens"
"153","PP952458.fasta","PP952458.1","Datura inoxia","PP952458.1 Datura inoxia"
"154","PP335072.fasta","PP335072.1","Festuca halleri","PP335072.1 Festuca halleri"
"155","OQ503619.fasta","OQ503619.1","Pyrenaria oblongicarpa","OQ503619.1 Pyrenaria oblongicarpa"
"156","PV794572.fasta","PV794572.1","Pimpinella candolleana","PV794572.1 Pimpinella candolleana"
"157","BK071845.fasta","BK071845.1","Galactites tomentosa","BK071845.1 Galactites tomentosa"
"158","PP999735.fasta","PP999735.1","Gelidocalamus multifolius","PP999735.1 Gelidocalamus multifolius"
"159","PP479731.fasta","PP479731.1","Dendrobium moniliforme","PP479731.1 Dendrobium moniliforme"
"160","PV415188.fasta","PV415188.1","Crepidium calophyllum","PV415188.1 Crepidium calophyllum"
"161","PZ098294.fasta","PZ098294.1","Melica ciliata","PZ098294.1 Melica ciliata"
"162","ON929872.fasta","ON929872.1","Bassia stellaris","ON929872.1 Bassia stellaris"
"163","PV236216.fasta","PV236216.1","Fremontodendron californicum","PV236216.1 Fremontodendron californicum"
"164","PV423719.1.fasta","PV423719.1","Cyclotella distinguenda","PV423719.1 Cyclotella distinguenda"
"165","PZ316399.fasta","PZ316399.1","Begonia dregei","PZ316399.1 Begonia dregei"
"166","PV415187.fasta","PV415187.1","Monochasma savatieri","PV415187.1 Monochasma savatieri"
"167","PQ551037.fasta","PQ551037.1","Tongoloa rubronervis","PQ551037.1 Tongoloa rubronervis"
"168","OR811239.fasta","OR811239.1","Bupleurum smithii","OR811239.1 Bupleurum smithii"
"169","PQ874727.fasta","PQ874727.1","Clematis jingdungensis","PQ874727.1 Clematis jingdungensis"
"170","PZ189090.1.fasta","PZ189090.1","Ginkgo biloba","PZ189090.1 Ginkgo biloba"
"171","PQ432198.fasta","PQ432198.1","Malus ombrophila","PQ432198.1 Malus ombrophila"
"172","PP541878.fasta","PP541878.1","Ranunculus montanus","PP541878.1 Ranunculus montanus"
"173","PZ122813.fasta","PZ122813.1","Stephania kwangsiensis","PZ122813.1 Stephania kwangsiensis"
"174","PP190934.fasta","PP190934.1","Stellaria media","PP190934.1 Stellaria media"
"175","PV890006.fasta","PV890006.1","Limnophila rugosa","PV890006.1 Limnophila rugosa"
"176","PX355010.1.fasta","PX355010.1","Chamaecyparis pisifera","PX355010.1 Chamaecyparis pisifera"
"177","PV817870.fasta","PV817870.1","Allium nanodes","PV817870.1 Allium nanodes"
"178","ON929848.fasta","ON929848.1","Anabasis salsa","ON929848.1 Anabasis salsa"
"179","PP883924.fasta","PP883924.1","Monnina hirta","PP883924.1 Monnina hirta"
"180","PV794580.fasta","PV794580.1","Pimpinella fargesii","PV794580.1 Pimpinella fargesii"
"181","PP479724.fasta","PP479724.1","Dendrobium ochreatum","PP479724.1 Dendrobium ochreatum"
"182","PP291718.fasta","PP291718.1","Ficus erecta","PP291718.1 Ficus erecta"
"183","PP786563.fasta","PP786563.1","Coptis teeta","PP786563.1 Coptis teeta"
"184","PX130329.fasta","PX130329.1","Syzygium houttuynii","PX130329.1 Syzygium houttuynii"
"185","OR990543.fasta","OR990543.1","Takhtajaniantha austriaca","OR990543.1 Takhtajaniantha austriaca"
"186","PP975598.fasta","PP975598.1","Rhodiola gelida","PP975598.1 Rhodiola gelida"
"187","PV564761.fasta","PV564761.1","Aquilegia gegica","PV564761.1 Aquilegia gegica"
"188","PQ283871.fasta","PQ283871.1","Oenanthe linearis","PQ283871.1 Oenanthe linearis"
"189","OQ564492.fasta","OQ564492.1","Ruellia elegans","OQ564492.1 Ruellia elegans"
"190","PP346795.fasta","PP346795.1","Polygonatum gongshanense","PP346795.1 Polygonatum gongshanense"
"191","PX512535.1.fasta","PX512535.1","Coelastrum astroideum","PX512535.1 Coelastrum astroideum"
"192","PQ423868.fasta","PQ423868.1","Coccinia subsessiliflora","PQ423868.1 Coccinia subsessiliflora"
"193","OR778865.fasta","OR778865.1","Bupleurum commelynoideum","OR778865.1 Bupleurum commelynoideum"
"194","PQ472925.fasta","PQ472925.1","Phyllostachys heteroclada","PQ472925.1 Phyllostachys heteroclada"
"195","PV564773.fasta","PV564773.1","Aquilegia lactiflora","PV564773.1 Aquilegia lactiflora"
"196","OR668896.fasta","OR668896.1","Bergenia ciliata","OR668896.1 Bergenia ciliata"
"197","OR344369.fasta","OR344369.1","Bougainvillea hybrid","OR344369.1 Bougainvillea hybrid"
"198","PP190442.fasta","PP190442.1","Coelogyne nervosa","PP190442.1 Coelogyne nervosa"
"199","PV192916.fasta","PV192916.1","Epimedium glandulosopilosum","PV192916.1 Epimedium glandulosopilosum"
"200","PX125902.fasta","PX125902.1","Syzygium latifolium","PX125902.1 Syzygium latifolium"
"201","ON929876.fasta","ON929876.1","Camphorosma monspeliaca","ON929876.1 Camphorosma monspeliaca"
"202","BK065792.fasta","BK065792.1","Triumfetta chaetocarpa","BK065792.1 Triumfetta chaetocarpa"
"203","PX943416.fasta","PX943416.1","Phalaris canariensis","PX943416.1 Phalaris canariensis"
"204","PP622686.fasta","PP622686.1","Saxifraga rotundifolia","PP622686.1 Saxifraga rotundifolia"
"205","OR884998.fasta","OR884998.1","Pistacia terebinthus","OR884998.1 Pistacia terebinthus"
"206","PZ307143.fasta","PZ307143.1","Astragalus ellipsoideus","PZ307143.1 Astragalus ellipsoideus"
"207","LC727398.fasta","LC727398.1","Dendrobium henanense","LC727398.1 Dendrobium henanense"
"208","PV433242.fasta","PV433242.1","Thrixspermum taeniophyllum","PV433242.1 Thrixspermum taeniophyllum"
"209","PV091122.fasta","PV091122.1","Saccharum longisetosum","PV091122.1 Saccharum longisetosum"
"210","PZ098328.fasta","PZ098328.1","Melica bulbosa","PZ098328.1 Melica bulbosa"
"211","PP262169.fasta","PP262169.1","Sempervivum calcareum","PP262169.1 Sempervivum calcareum"
"212","PP595846.fasta","PP595846.1","Prunus discadenia","PP595846.1 Prunus discadenia"
"213","PZ169283.fasta","PZ169283.1","Scutellaria fedtschenkoi","PZ169283.1 Scutellaria fedtschenkoi"
"214","PQ736584.fasta","PQ736584.1","Hypericum addingtonii","PQ736584.1 Hypericum addingtonii"
"215","PP622699.fasta","PP622699.1","Thalictrum minus","PP622699.1 Thalictrum minus"
"216","OR400158.fasta","OR400158.1","Lilium bakerianum","OR400158.1 Lilium bakerianum"
"217","PV472662.fasta","PV472662.1","Tuberowithania pengiana","PV472662.1 Tuberowithania pengiana"
"218","PP165053.fasta","PP165053.1","Lepidium ruderale","PP165053.1 Lepidium ruderale"
"219","PQ585763.fasta","PQ585763.1","Lappula semiglabra","PQ585763.1 Lappula semiglabra"
"220","OR166993.fasta","OR166993.1","Cyclea sutchuenensis","OR166993.1 Cyclea sutchuenensis"
"221","PP212897.fasta","PP212897.1","Maclura tricuspidata","PP212897.1 Maclura tricuspidata"
"222","PQ585768.fasta","PQ585768.1","Lappula ramulosa","PQ585768.1 Lappula ramulosa"
"223","PP234548.fasta","PP234548.1","Dracocephalum tanguticum","PP234548.1 Dracocephalum tanguticum"
"224","PQ877662.fasta","PQ877662.1","Impatiens fanjingshanica","PQ877662.1 Impatiens fanjingshanica"
"225","PP622708.fasta","PP622708.1","Verbascum lanatum","PP622708.1 Verbascum lanatum"
"226","PP336753.fasta","PP336753.1","Galium aparine","PP336753.1 Galium aparine"
"227","PP952464.fasta","PP952464.1","Lycium andersonii","PP952464.1 Lycium andersonii"
"228","PX122080.fasta","PX122080.1","Erythronium grandiflorum","PX122080.1 Erythronium grandiflorum"
"229","PQ639297.fasta","PQ639297.1","Iris warleyensis","PQ639297.1 Iris warleyensis"
"230","OR565921.fasta","OR565921.1","Ajugoides humilis","OR565921.1 Ajugoides humilis"
"231","PV480543.fasta","PV480543.1","Satureja montana","PV480543.1 Satureja montana"
"232","PP479732.fasta","PP479732.1","Dendrobium moschatum","PP479732.1 Dendrobium moschatum"
"233","PZ098406.fasta","PZ098406.1","Melica schuetzeana","PZ098406.1 Melica schuetzeana"
"234","PX395922.fasta","PX395922.1","Triumfetta annua","PX395922.1 Triumfetta annua"
"235","PP234590.fasta","PP234590.1","Senecio dubitabilis","PP234590.1 Senecio dubitabilis"
"236","PV021911.fasta","PV021911.1","Coffea arabica","PV021911.1 Coffea arabica"
"237","PP796632.fasta","PP796632.1","Neoachmandra japonica","PP796632.1 Neoachmandra japonica"
"238","PZ098369.fasta","PZ098369.1","Melica teneriffae","PZ098369.1 Melica teneriffae"
"239","PV712657.fasta","PV712657.1","Lepidium draba","PV712657.1 Lepidium draba"
"240","PZ015915.fasta","PZ015915.1","Allium inderiense","PZ015915.1 Allium inderiense"
"241","OQ570471.fasta","OQ570471.1","Libanotis schrenkiana","OQ570471.1 Libanotis schrenkiana"
"242","PV870707.fasta","PV870707.1","Gabonius ngouniensis","PV870707.1 Gabonius ngouniensis"
"243","PX091990.fasta","PX091990.1","Chaerophyllum villosum","PX091990.1 Chaerophyllum villosum"
"244","PX130339.fasta","PX130339.1","Syzygium maraca","PX130339.1 Syzygium maraca"
"245","PV055059.fasta","PV055059.1","Polygonatum macropodum","PV055059.1 Polygonatum macropodum"
"246","OL875064.fasta","OL875064.1","Eremurus hilariae","OL875064.1 Eremurus hilariae"
"247","PQ472924.fasta","PQ472924.1","Phyllostachys nigra","PQ472924.1 Phyllostachys nigra"
"248","PQ112544.fasta","PQ112544.1","Aspidopterys cavaleriei","PQ112544.1 Aspidopterys cavaleriei"
"249","OR264255.fasta","OR264255.1","Machilus pomifera","OR264255.1 Machilus pomifera"
"250","PV564735.fasta","PV564735.1","Aquilegia barbaricina","PV564735.1 Aquilegia barbaricina"
"251","PZ172409.fasta","PZ172409.1","Cicer cuneatum","PZ172409.1 Cicer cuneatum"
"252","PV008707.fasta","PV008707.1","Ulmus laevis","PV008707.1 Ulmus laevis"
"253","PP622713.fasta","PP622713.1","Viola thomasiana","PP622713.1 Viola thomasiana"
"254","PP024535.fasta","PP024535.1","Anchusa officinalis","PP024535.1 Anchusa officinalis"
"255","PX130347.fasta","PX130347.1","Syzygium neocaledonicum","PX130347.1 Syzygium neocaledonicum"
"256","PQ571153.fasta","PQ571153.1","Liparis tsii","PQ571153.1 Liparis tsii"
"257","PQ594809.fasta","PQ594809.1","Morus alba","PQ594809.1 Morus alba"
"258","PQ612865.fasta","PQ612865.1","Impatiens pritzelii","PQ612865.1 Impatiens pritzelii"
"259","PQ585775.fasta","PQ585775.1","Lappula lasiocarpa","PQ585775.1 Lappula lasiocarpa"
"260","PP262150.fasta","PP262150.1","Rhodiola heterodonta","PP262150.1 Rhodiola heterodonta"
"261","PV870700.fasta","PV870700.1","Zygia conzattii","PV870700.1 Zygia conzattii"
"262","ON929854.fasta","ON929854.1","Salsola collina","ON929854.1 Salsola collina"
"263","PP262172.fasta","PP262172.1","Jovibarba globifera","PP262172.1 Jovibarba globifera"
"264","PV613223.fasta","PV613223.1","Conioselinum pteridophyllum","PV613223.1 Conioselinum pteridophyllum"
"265","PQ874723.fasta","PQ874723.1","Clematis hirsutissima","PQ874723.1 Clematis hirsutissima"
"266","PQ728890.fasta","PQ728890.1","Hedyosmum goudotianum","PQ728890.1 Hedyosmum goudotianum"
"267","PP234553.fasta","PP234553.1","Saxifraga tibetica","PP234553.1 Saxifraga tibetica"
"268","PP130590.fasta","PP130590.1","Lilium lophophorum","PP130590.1 Lilium lophophorum"
"269","PV870763.fasta","PV870763.1","Poiretia bahiana","PV870763.1 Poiretia bahiana"
"270","PZ095205.fasta","PZ095205.1","Rhododendron griersonianum","PZ095205.1 Rhododendron griersonianum"
"271","PP541887.fasta","PP541887.1","Rhinanthus minor","PP541887.1 Rhinanthus minor"
"272","PQ591845.fasta","PQ591845.1","Anoectochilus brevilabris","PQ591845.1 Anoectochilus brevilabris"
"273","PX975918.fasta","PX975918.1","Poa glauca","PX975918.1 Poa glauca"
"274","PP190445.fasta","PP190445.1","Coelogyne teleensis","PP190445.1 Coelogyne teleensis"
"275","MW420950.fasta","MW420950.1","Scutellaria forrestii","MW420950.1 Scutellaria forrestii"
"276","PP697861.fasta","PP697861.1","Lonicera caerulea","PP697861.1 Lonicera caerulea"
"277","BK071834.fasta","BK071834.1","Centaurothamnus maximus","BK071834.1 Centaurothamnus maximus"
"278","OP133568.fasta","OP133568.1","Pentalinon luteum","OP133568.1 Pentalinon luteum"
"279","PZ094989.fasta","PZ094989.1","Ficus tannoensis","PZ094989.1 Ficus tannoensis"
"280","OR771722.fasta","OR771722.1","Gnaphalium palustre","OR771722.1 Gnaphalium palustre"
"281","PV564798.fasta","PV564798.1","Aquilegia viridiflora","PV564798.1 Aquilegia viridiflora"
"282","PP681652.fasta","PP681652.1","Sinosasa mingyueshanensis","PP681652.1 Sinosasa mingyueshanensis"
"283","PQ144597.fasta","PQ144597.1","Dalbergia hupeana","PQ144597.1 Dalbergia hupeana"
"284","PQ585758.fasta","PQ585758.1","Lappula patula","PQ585758.1 Lappula patula"
"285","OP133592.fasta","OP133592.1","Tabernaemontana bovina","OP133592.1 Tabernaemontana bovina"
"286","PZ098590.fasta","PZ098590.1","Glyceria canadensis","PZ098590.1 Glyceria canadensis"
"287","MW420957.fasta","MW420957.1","Scutellaria altamaha","MW420957.1 Scutellaria altamaha"
"288","PP335076.fasta","PP335076.1","Festuca rubra","PP335076.1 Festuca rubra"
"289","OR565918.fasta","OR565918.1","Paraphlomis coronata","OR565918.1 Paraphlomis coronata"
"290","MK908406.fasta","MK908406.1","Eurya alata","MK908406.1 Eurya alata"
"291","PQ210127.fasta","PQ210127.1","Muscari forniculatum","PQ210127.1 Muscari forniculatum"
"292","PX505292.fasta","PX505292.1","Hemiboea roseoalba","PX505292.1 Hemiboea roseoalba"
"293","PP952502.fasta","PP952502.1","Lycium tetrandrum","PP952502.1 Lycium tetrandrum"
"294","PV870803.fasta","PV870803.1","Gastrolobium praemorsum","PV870803.1 Gastrolobium praemorsum"
"295","PQ594794.fasta","PQ594794.1","Morus wittiorum","PQ594794.1 Morus wittiorum"
"296","PX929666.fasta","PX929666.1","Dracocephalum seravschanicum","PX929666.1 Dracocephalum seravschanicum"
"297","PZ269784.1.fasta","PZ269784.1","Diplosphaera sundellii","PZ269784.1 Diplosphaera sundellii"
"298","PP190931.fasta","PP190931.1","Atocion rupestre","PP190931.1 Atocion rupestre"
"299","PQ652174.fasta","PQ652174.1","Impatiens faberi","PQ652174.1 Impatiens faberi"
"300","PV564763.fasta","PV564763.1","Aquilegia grata","PV564763.1 Aquilegia grata"
"301","PQ874755.fasta","PQ874755.1","Clematis shenlungchiaensis","PQ874755.1 Clematis shenlungchiaensis"
"302","PV087154.fasta","PV087154.1","Maianthemum henryi","PV087154.1 Maianthemum henryi"
"303","PP584595.fasta","PP584595.1","Broussonetia kaempferi","PP584595.1 Broussonetia kaempferi"
"304","PX724625.fasta","PX724625.1","Hippeastrum papilio","PX724625.1 Hippeastrum papilio"
"305","OM948748.fasta","OM948748.1","Androsace wardii","OM948748.1 Androsace wardii"
"306","OQ834952.fasta","OQ834952.1","Polylepis rugulosa","OQ834952.1 Polylepis rugulosa"
"307","PX334443.fasta","PX334443.1","Abutilon angulatum","PX334443.1 Abutilon angulatum"
"308","PX776210.fasta","PX776210.1","Pedicularis armata","PX776210.1 Pedicularis armata"
"309","PQ777088.fasta","PQ777088.1","Cotoneaster pannosus","PQ777088.1 Cotoneaster pannosus"
"310","PX125915.fasta","PX125915.1","Syzygium rubrimolle","PX125915.1 Syzygium rubrimolle"
"311","PQ869157.fasta","PQ869157.1","Fragaria vesca","PQ869157.1 Fragaria vesca"
"312","PV564774.fasta","PV564774.1","Aquilegia laramiensis","PV564774.1 Aquilegia laramiensis"
"313","PX504240.fasta","PX504240.1","Eremurus nuratavicus","PX504240.1 Eremurus nuratavicus"
"314","PZ098362.fasta","PZ098362.1","Melica harfordii","PZ098362.1 Melica harfordii"
"315","PV472657.fasta","PV472657.1","Physaliastrum kweichouense","PV472657.1 Physaliastrum kweichouense"
"316","PV816215.fasta","PV816215.1","Hovenia acerba","PV816215.1 Hovenia acerba"
"317","PP328781.fasta","PP328781.1","Bromus hordeaceus","PP328781.1 Bromus hordeaceus"
"318","PZ316444.fasta","PZ316444.1","Begonia taiwaniana","PZ316444.1 Begonia taiwaniana"
"319","PQ551061.fasta","PQ551061.1","Trachydium souliei","PQ551061.1 Trachydium souliei"
"320","OR832749.fasta","OR832749.1","Durio zibethinus","OR832749.1 Durio zibethinus"
"321","PV794604.fasta","PV794604.1","Spuriopimpinella brachycarpa","PV794604.1 Spuriopimpinella brachycarpa"
"322","PQ899496.fasta","PQ899496.1","Beilschmiedia tungfangensis","PQ899496.1 Beilschmiedia tungfangensis"
"323","PV564785.fasta","PV564785.1","Aquilegia pubescens","PV564785.1 Aquilegia pubescens"
"324","PP697941.fasta","PP697941.1","Lonicera ruprechtiana","PP697941.1 Lonicera ruprechtiana"
"325","OR565931.fasta","OR565931.1","Paraphlomis foliata","OR565931.1 Paraphlomis foliata"
"326","PX694259.fasta","PX694259.1","Hibiscus taiwanensis","PX694259.1 Hibiscus taiwanensis"
"327","PP479702.fasta","PP479702.1","Dendrobium christyanum","PP479702.1 Dendrobium christyanum"
"328","PV553476.fasta","PV553476.1","Cinnadenia paniculata","PV553476.1 Cinnadenia paniculata"
"329","OP964014.fasta","OP964014.1","Crataegus wilsonii","OP964014.1 Crataegus wilsonii"
"330","PX703152.1.fasta","PX703152.1","Amentotaxus hekouensis","PX703152.1 Amentotaxus hekouensis"
"331","PX396014.fasta","PX396014.1","Syzygium dyerianum","PX396014.1 Syzygium dyerianum"
"332","PQ612863.fasta","PQ612863.1","Impatiens membranifolia","PQ612863.1 Impatiens membranifolia"
"333","PZ098613.fasta","PZ098613.1","Melica fugax","PZ098613.1 Melica fugax"
"334","PP328782.fasta","PP328782.1","Bromus inermis","PP328782.1 Bromus inermis"
"335","BK071839.fasta","BK071839.1","Cousiniopsis atractyloides","BK071839.1 Cousiniopsis atractyloides"
"336","PV794609.fasta","PV794609.1","Trachyspermum scaberulum","PV794609.1 Trachyspermum scaberulum"
"337","PQ571146.fasta","PQ571146.1","Dienia ophrydis","PQ571146.1 Dienia ophrydis"
"338","PP328572.fasta","PP328572.1","Solidago altissima","PP328572.1 Solidago altissima"
"339","PP346660.fasta","PP346660.1","Lindera limprichtii","PP346660.1 Lindera limprichtii"
"340","PQ874745.fasta","PQ874745.1","Clematis pinchuanensis","PQ874745.1 Clematis pinchuanensis"
"341","PX703162.1.fasta","PX703162.1","Amentotaxus poilanei","PX703162.1 Amentotaxus poilanei"
"342","PP328800.fasta","PP328800.1","Astragalus alpinus","PP328800.1 Astragalus alpinus"
"343","BK064973.fasta","BK064973.1","Triumfetta maconochieana","BK064973.1 Triumfetta maconochieana"
"344","PP328805.fasta","PP328805.1","Onobrychis montana","PP328805.1 Onobrychis montana"
"345","PP190444.fasta","PP190444.1","Coelogyne speciosa","PP190444.1 Coelogyne speciosa"
"346","PX130312.fasta","PX130312.1","Syzygium cerasiforme","PX130312.1 Syzygium cerasiforme"
"347","PV564080.fasta","PV564080.1","Aster indicus","PV564080.1 Aster indicus"
"348","OR264253.fasta","OR264253.1","Litsea mollis","OR264253.1 Litsea mollis"
"349","MT052998.fasta","MT052998.1","Adansonia digitata","MT052998.1 Adansonia digitata"
"350","PQ149859.fasta","PQ149859.1","Brachycorythis menglianensis","PQ149859.1 Brachycorythis menglianensis"
"351","PV330081.fasta","PV330081.1","Rosa iliensis","PV330081.1 Rosa iliensis"
"352","PQ472931.fasta","PQ472931.1","Pleioblastus gramineus","PQ472931.1 Pleioblastus gramineus"
"353","OR995433.fasta","OR995433.1","Pyrus calleryana","OR995433.1 Pyrus calleryana"
"354","OL875060.fasta","OL875060.1","Eremurus suworowii","OL875060.1 Eremurus suworowii"
"355","PP898083.fasta","PP898083.1","Artemisia minor","PP898083.1 Artemisia minor"
"356","PV546309.fasta","PV546309.1","Vepris eugeniifolia","PV546309.1 Vepris eugeniifolia"
"357","PQ068666.fasta","PQ068666.1","Bredia latisepala","PQ068666.1 Bredia latisepala"
"358","PV791734.fasta","PV791734.1","Pterocarya fraxinifolia","PV791734.1 Pterocarya fraxinifolia"
"359","PZ316425.fasta","PZ316425.1","Begonia meyeri-johannis","PZ316425.1 Begonia meyeri-johannis"
"360","PV640852.fasta","PV640852.1","Odontostemma spathulifolium","PV640852.1 Odontostemma spathulifolium"
"361","PP595878.fasta","PP595878.1","Prunus salicina","PP595878.1 Prunus salicina"
"362","PQ539374.fasta","PQ539374.1","Lotus herbaceus","PQ539374.1 Lotus herbaceus"
"363","PZ316407.fasta","PZ316407.1","Begonia hainanensis","PZ316407.1 Begonia hainanensis"
"364","PX125824.fasta","PX125824.1","Syzygium canicortex","PX125824.1 Syzygium canicortex"
"365","PX549440.fasta","PX549440.1","Kitagawia formosana","PX549440.1 Kitagawia formosana"
"366","OK509174.fasta","OK509174.1","Rosa roxburghii","OK509174.1 Rosa roxburghii"
"367","PQ231104.fasta","PQ231104.1","Marrubium vulgare","PQ231104.1 Marrubium vulgare"
"368","PZ258592.fasta","PZ258592.1","Begonia listada","PZ258592.1 Begonia listada"
"369","PZ130067.fasta","PZ130067.1","Scutellaria glabrata","PZ130067.1 Scutellaria glabrata"
"370","PP541866.fasta","PP541866.1","Polygonum aviculare","PP541866.1 Polygonum aviculare"
"371","PV744411.fasta","PV744411.1","Rosa leschenaultiana","PV744411.1 Rosa leschenaultiana"
"372","PZ059920.fasta","PZ059920.1","Hibiscus paramutabilis","PZ059920.1 Hibiscus paramutabilis"
"373","PX872519.fasta","PX872519.1","Rosa xanthina","PX872519.1 Rosa xanthina"
"374","PQ385828.fasta","PQ385828.1","Elymus fedtschenkoi","PQ385828.1 Elymus fedtschenkoi"
"375","PQ842554.fasta","PQ842554.1","Salix pseudolasiogyne","PQ842554.1 Salix pseudolasiogyne"
"376","OR832745.fasta","OR832745.1","Craigia yunnanensis","OR832745.1 Craigia yunnanensis"
"377","PZ316426.fasta","PZ316426.1","Begonia microsperma","PZ316426.1 Begonia microsperma"
"378","PP595832.fasta","PP595832.1","Prunus maximowiczii","PP595832.1 Prunus maximowiczii"
"379","PQ801841.fasta","PQ801841.1","Trifolium pratense","PQ801841.1 Trifolium pratense"
"380","PV553469.fasta","PV553469.1","Pleurothyrium cuneifolium","PV553469.1 Pleurothyrium cuneifolium"
"381","ON729364.fasta","ON729364.1","Neostrearia fleckeri","ON729364.1 Neostrearia fleckeri"
"382","PQ432219.fasta","PQ432219.1","Malus yunnanensis","PQ432219.1 Malus yunnanensis"
"383","PV409683.fasta","PV409683.1","Scadoxus multiflorus","PV409683.1 Scadoxus multiflorus"
"384","OR521109.fasta","OR521109.1","Pellionia yunnanensis","OR521109.1 Pellionia yunnanensis"
"385","OR990531.fasta","OR990531.1","Cicerbita muralis","OR990531.1 Cicerbita muralis"
"386","PX959588.fasta","PX959588.1","Chamaecrista ensiformis","PX959588.1 Chamaecrista ensiformis"
"387","PX427817.fasta","PX427817.1","Fritillaria cirrhosa","PX427817.1 Fritillaria cirrhosa"
"388","PV548695.fasta","PV548695.1","Lappula mogoltavica","PV548695.1 Lappula mogoltavica"
"389","PQ468984.fasta","PQ468984.1","Anna submontana","PQ468984.1 Anna submontana"
"390","PQ431398.fasta","PQ431398.1","Stephanopodium engleri","PQ431398.1 Stephanopodium engleri"
"391","PV613212.fasta","PV613212.1","Angelica sylvestris","PV613212.1 Angelica sylvestris"
"392","PV870858.fasta","PV870858.1","Salvia eremostachya","PV870858.1 Salvia eremostachya"
"393","OR738465.fasta","OR738465.1","Leontopodium wilsonii","OR738465.1 Leontopodium wilsonii"
"394","PV083609.fasta","PV083609.1","Styrax martii","PV083609.1 Styrax martii"
"395","PZ098608.fasta","PZ098608.1","Glyceria lithuanica","PZ098608.1 Glyceria lithuanica"
"396","PQ309106.fasta","PQ309106.1","Morus rubra","PQ309106.1 Morus rubra"
"397","PQ180380.fasta","PQ180380.1","Lagochilus ilicifolius","PQ180380.1 Lagochilus ilicifolius"
"398","PZ098378.fasta","PZ098378.1","Glyceria australis","PZ098378.1 Glyceria australis"
"399","PX130365.fasta","PX130365.1","Syzygium rugosum","PX130365.1 Syzygium rugosum"
"400","PP541848.fasta","PP541848.1","Paris quadrifolia","PP541848.1 Paris quadrifolia"
"401","PP817742.fasta","PP817742.1","Colocasia formosana","PP817742.1 Colocasia formosana"
"402","PX659840.fasta","PX659840.1","Macrotyloma axillare","PX659840.1 Macrotyloma axillare"
"403","PQ010079.fasta","PQ010079.1","Pontederia paradoxa","PQ010079.1 Pontederia paradoxa"
"404","PQ456184.fasta","PQ456184.1","Fraxinus paxiana","PQ456184.1 Fraxinus paxiana"
"405","PX262287.fasta","PX262287.1","Strobilanthes cusia","PX262287.1 Strobilanthes cusia"
"406","PP531554.fasta","PP531554.1","Acronema handelii","PP531554.1 Acronema handelii"
"407","PX501750.fasta","PX501750.1","Persicaria maculosa","PX501750.1 Persicaria maculosa"
"408","PQ874713.fasta","PQ874713.1","Clematis gracilifolia","PQ874713.1 Clematis gracilifolia"
"409","OR899320.fasta","OR899320.1","Notholirion bulbuliferum","OR899320.1 Notholirion bulbuliferum"
"410","PQ240609.fasta","PQ240609.1","Cousinia rotundifolia","PQ240609.1 Cousinia rotundifolia"
"411","PP697926.fasta","PP697926.1","Lonicera longiflora","PP697926.1 Lonicera longiflora"
"412","PV822556.fasta","PV822556.1","Commidendrum spurium","PV822556.1 Commidendrum spurium"
"413","PX057649.fasta","PX057649.1","Argentina anserina","PX057649.1 Argentina anserina"
"414","PV605571.fasta","PV605571.1","Agropyron pectiniforme","PV605571.1 Agropyron pectiniforme"
"415","PZ316434.fasta","PZ316434.1","Begonia rajah","PZ316434.1 Begonia rajah"
"416","PP479726.fasta","PP479726.1","Dendrobium chrysanthum","PP479726.1 Dendrobium chrysanthum"
"417","PQ869158.fasta","PQ869158.1","Frangula alnus","PQ869158.1 Frangula alnus"
"418","PZ239384.fasta","PZ239384.1","Sambucus racemosa","PZ239384.1 Sambucus racemosa"
"419","PQ632541.fasta","PQ632541.1","Impatiens conchibracteata","PQ632541.1 Impatiens conchibracteata"
"420","PP297068.fasta","PP297068.1","Rorippa sylvestris","PP297068.1 Rorippa sylvestris"
"421","PQ468965.fasta","PQ468965.1","Lysionotus oblongifolius","PQ468965.1 Lysionotus oblongifolius"
"422","PP024537.fasta","PP024537.1","Pulmonaria australis","PP024537.1 Pulmonaria australis"
"423","PX309527.fasta","PX309527.1","Hoya kerrii","PX309527.1 Hoya kerrii"
"424","PZ316408.fasta","PZ316408.1","Begonia herbacea","PZ316408.1 Begonia herbacea"
"425","OP133574.fasta","OP133574.1","Marsdenia tinctoria","OP133574.1 Marsdenia tinctoria"
"426","PP234507.fasta","PP234507.1","Rumex angulatus","PP234507.1 Rumex angulatus"
"427","PV219394.fasta","PV219394.1","Xerophyta acuminata","PV219394.1 Xerophyta acuminata"
"428","PQ464577.fasta","PQ464577.1","Mussaenda shikokiana","PQ464577.1 Mussaenda shikokiana"
"429","PV423725.1.fasta","PV423725.1","Cyclotella kingstonii","PV423725.1 Cyclotella kingstonii"
"430","PP737347.fasta","PP737347.1","Enkianthus cernuus","PP737347.1 Enkianthus cernuus"
"431","ON929866.fasta","ON929866.1","Salsola foliosa","ON929866.1 Salsola foliosa"
"432","PX309505.fasta","PX309505.1","Arundo donax","PX309505.1 Arundo donax"
"433","PV870695.fasta","PV870695.1","Archidendropsis streptocarpa","PV870695.1 Archidendropsis streptocarpa"
"434","PZ316442.fasta","PZ316442.1","Begonia sudjanae","PZ316442.1 Begonia sudjanae"
"435","PX122084.fasta","PX122084.1","Erythronium tuolumnense","PX122084.1 Erythronium tuolumnense"
"436","PZ098367.fasta","PZ098367.1","Melica longiflora","PZ098367.1 Melica longiflora"
"437","PP056262.fasta","PP056262.1","Chenopodiastrum gracilispicum","PP056262.1 Chenopodiastrum gracilispicum"
"438","PQ535891.fasta","PQ535891.1","Dimetia hedyotidea","PQ535891.1 Dimetia hedyotidea"
"439","PQ639298.fasta","PQ639298.1","Iris magnifica","PQ639298.1 Iris magnifica"
"440","PP272175.fasta","PP272175.1","Salvia pratensis","PP272175.1 Salvia pratensis"
"441","PP335068.fasta","PP335068.1","Epipactis helleborine","PP335068.1 Epipactis helleborine"
"442","PP727296.fasta","PP727296.1","Enkianthus nudipes","PP727296.1 Enkianthus nudipes"
"443","OR712472.fasta","OR712472.1","Diogoa zenkeri","OR712472.1 Diogoa zenkeri"
"444","PQ472930.fasta","PQ472930.1","Pleioblastus argenteostriatus","PQ472930.1 Pleioblastus argenteostriatus"
"445","PX436093.fasta","PX436093.1","Echeveria strictiflora","PX436093.1 Echeveria strictiflora"
"446","PQ652344.fasta","PQ652344.1","Vanilla shenzhenica","PQ652344.1 Vanilla shenzhenica"
"447","PX389917.fasta","PX389917.1","Zea mays","PX389917.1 Zea mays"
"448","PZ270568.fasta","PZ270568.1","Tillandsia tenebra","PZ270568.1 Tillandsia tenebra"
"449","PP216488.fasta","PP216488.1","Coelogyne odoratissima","PP216488.1 Coelogyne odoratissima"
"450","PV426739.fasta","PV426739.1","Saxifraga mutata","PV426739.1 Saxifraga mutata"
"451","PZ015918.fasta","PZ015918.1","Allium nutans","PZ015918.1 Allium nutans"
"452","PQ436353.fasta","PQ436353.1","Asteracantha longifolia","PQ436353.1 Asteracantha longifolia"
"453","PP541895.fasta","PP541895.1","Rumex scutatus","PP541895.1 Rumex scutatus"
"454","PZ239421.fasta","PZ239421.1","Syringa oblata","PZ239421.1 Syringa oblata"
"455","PP809761.fasta","PP809761.1","Aesculus chinensis","PP809761.1 Aesculus chinensis"
"456","OR884996.fasta","OR884996.1","Leucojum vernum","OR884996.1 Leucojum vernum"
"457","PP056267.fasta","PP056267.1","Melia azedarach","PP056267.1 Melia azedarach"
"458","PQ768875.fasta","PQ768875.1","Syzygium curranii","PQ768875.1 Syzygium curranii"
"459","PV553472.fasta","PV553472.1","Mespilodaphne macrophylla","PV553472.1 Mespilodaphne macrophylla"
"460","PQ283878.fasta","PQ283878.1","Sium ventricosum","PQ283878.1 Sium ventricosum"
"461","PQ550047.fasta","PQ550047.1","Zingiber odoriferum","PQ550047.1 Zingiber odoriferum"
"462","PV870690.fasta","PV870690.1","Pediomelum tenuiflorum","PV870690.1 Pediomelum tenuiflorum"
"463","PX512672.1.fasta","PX512672.1","Coelastrum morum","PX512672.1 Coelastrum morum"
"464","PV870706.fasta","PV870706.1","Hymenostegia klainei","PV870706.1 Hymenostegia klainei"
"465","PP234549.fasta","PP234549.1","Allium przewalskianum","PP234549.1 Allium przewalskianum"
"466","MK033538.fasta","MK033538.1","Diabelia serrata","MK033538.1 Diabelia serrata"
"467","PP868377.fasta","PP868377.1","Clivia nobilis","PP868377.1 Clivia nobilis"
"468","PV870721.fasta","PV870721.1","Acaciella angustissima","PV870721.1 Acaciella angustissima"
"469","PQ571154.fasta","PQ571154.1","Malaxis monophyllos","PQ571154.1 Malaxis monophyllos"
"470","PV794597.fasta","PV794597.1","Pimpinella rubescens","PV794597.1 Pimpinella rubescens"
"471","OR990548.fasta","OR990548.1","Sonchus asper","OR990548.1 Sonchus asper"
"472","PV553473.fasta","PV553473.1","Mezilaurus sprucei","PV553473.1 Mezilaurus sprucei"
"473","PX409047.fasta","PX409047.1","Potentilla laevissima","PX409047.1 Potentilla laevissima"
"474","PQ586134.fasta","PQ586134.1","Boswellia frereana","PQ586134.1 Boswellia frereana"
"475","PZ098304.fasta","PZ098304.1","Melica hyalina","PZ098304.1 Melica hyalina"
"476","PQ180381.fasta","PQ180381.1","Lagochilus lanatonodus","PQ180381.1 Lagochilus lanatonodus"
"477","MZ520130.1.fasta","MZ520130.1","Cunninghamia lanceolata","MZ520130.1 Cunninghamia lanceolata"
"478","PZ316449.fasta","PZ316449.1","Begonia vittariifolia","PZ316449.1 Begonia vittariifolia"
"479","OR896904.fasta","OR896904.1","Carduus nutans","OR896904.1 Carduus nutans"
"480","PP056236.fasta","PP056236.1","Lysimachia dabieshanensis","PP056236.1 Lysimachia dabieshanensis"
"481","PV613240.fasta","PV613240.1","Seselopsis tianschanica","PV613240.1 Seselopsis tianschanica"
"482","PQ456188.fasta","PQ456188.1","Fraxinus sogdiana","PQ456188.1 Fraxinus sogdiana"
"483","PZ270244.fasta","PZ270244.1","Lilium amoenum","PZ270244.1 Lilium amoenum"
"484","PQ851716.fasta","PQ851716.1","Herpetospermum darjeelingense","PQ851716.1 Herpetospermum darjeelingense"
"485","PV870831.fasta","PV870831.1","Colutea arborescens","PV870831.1 Colutea arborescens"
"486","PV989638.fasta","PV989638.1","Bupleurum chinense","PV989638.1 Bupleurum chinense"
"487","PQ468969.fasta","PQ468969.1","Lysionotus wilsonii","PQ468969.1 Lysionotus wilsonii"
"488","PZ316402.fasta","PZ316402.1","Begonia fenicis","PZ316402.1 Begonia fenicis"
"489","PP541868.fasta","PP541868.1","Potentilla alba","PP541868.1 Potentilla alba"
"490","OR771720.fasta","OR771720.1","Anaphalis margaritacea","OR771720.1 Anaphalis margaritacea"
"491","PQ221922.fasta","PQ221922.1","Melicope pteleifolia","PQ221922.1 Melicope pteleifolia"
"492","PQ766620.fasta","PQ766620.1","Boehmeria clidemioides","PQ766620.1 Boehmeria clidemioides"
"493","PQ432182.fasta","PQ432182.1","Malus daochengensis","PQ432182.1 Malus daochengensis"
"494","OR909651.fasta","OR909651.1","Erigeron annuus","OR909651.1 Erigeron annuus"
"495","PP216497.fasta","PP216497.1","Pleione yunnanensis","PP216497.1 Pleione yunnanensis"
"496","PQ571156.fasta","PQ571156.1","Oberonioides microtatantha","PQ571156.1 Oberonioides microtatantha"
"497","PP328809.fasta","PP328809.1","Oxytropis campestris","PP328809.1 Oxytropis campestris"
"498","PP952466.fasta","PP952466.1","Lycium barbarum","PP952466.1 Lycium barbarum"
"499","PQ456194.fasta","PQ456194.1","Malva cathayensis","PQ456194.1 Malva cathayensis"
"500","PZ239391.fasta","PZ239391.1","Sambucus nigra","PZ239391.1 Sambucus nigra"
"501","PQ551023.fasta","PQ551023.1","Cyclorhiza waltonii","PQ551023.1 Cyclorhiza waltonii"
"502","OR966888.fasta","OR966888.1","Quercus semiserrata","OR966888.1 Quercus semiserrata"
"503","PP190461.fasta","PP190461.1","Coelogyne protracta","PP190461.1 Coelogyne protracta"
"504","PQ932579.fasta","PQ932579.1","Saxifraga saxicola","PQ932579.1 Saxifraga saxicola"
"505","PP963516.fasta","PP963516.1","Gastrochilus acinacifolius","PP963516.1 Gastrochilus acinacifolius"
"506","PP883934.fasta","PP883934.1","Monnina phillyreoides","PP883934.1 Monnina phillyreoides"
"507","PV276232.fasta","PV276232.1","Swertia nervosa","PV276232.1 Swertia nervosa"
"508","PV335038.fasta","PV335038.1","Xerophyta viscosa","PV335038.1 Xerophyta viscosa"
"509","PQ591740.1.fasta","PQ591740.1","Lygodium longifolium","PQ591740.1 Lygodium longifolium"
"510","PP262152.fasta","PP262152.1","Rhodiola kirilowii","PP262152.1 Rhodiola kirilowii"
"511","PP898100.fasta","PP898100.1","Artemisia sylvatica","PP898100.1 Artemisia sylvatica"
"512","BK071872.fasta","BK071872.1","Xeranthemum cylindraceum","BK071872.1 Xeranthemum cylindraceum"
"513","PQ850001.fasta","PQ850001.1","Artemisia prattii","PQ850001.1 Artemisia prattii"
"514","PP234577.fasta","PP234577.1","Stipa purpurea","PP234577.1 Stipa purpurea"
"515","PX171332.fasta","PX171332.1","Garcinia binucao","PX171332.1 Garcinia binucao"
"516","PP203117.fasta","PP203117.1","Genista tinctoria","PP203117.1 Genista tinctoria"
"517","PP234569.fasta","PP234569.1","Silene gonosperma","PP234569.1 Silene gonosperma"
"518","PP190443.fasta","PP190443.1","Coelogyne cristata","PP190443.1 Coelogyne cristata"
"519","PV870857.fasta","PV870857.1","Salvia dorrii","PV870857.1 Salvia dorrii"
"520","PP541863.fasta","PP541863.1","Poa supina","PP541863.1 Poa supina"
"521","PX652373.fasta","PX652373.1","Acrisione denticulata","PX652373.1 Acrisione denticulata"
"522","PZ316388.fasta","PZ316388.1","Begonia boliviensis","PZ316388.1 Begonia boliviensis"
"523","PQ899559.fasta","PQ899559.1","Griffitharia atrosanguinea","PQ899559.1 Griffitharia atrosanguinea"
"524","OR601522.fasta","OR601522.1","Potentilla nivea","OR601522.1 Potentilla nivea"
"525","PP336773.fasta","PP336773.1","Lilium martagon","PP336773.1 Lilium martagon"
"526","PQ611765.fasta","PQ611765.1","Impatiens imbecilla","PQ611765.1 Impatiens imbecilla"
"527","PP697923.fasta","PP697923.1","Lonicera confusa","PP697923.1 Lonicera confusa"
"528","PV423670.1.fasta","PV423670.1","Cyclotella atomus","PV423670.1 Cyclotella atomus"
"529","PP531560.fasta","PP531560.1","Acronema chinense","PP531560.1 Acronema chinense"
"530","PP234541.fasta","PP234541.1","Lagotis brachystachya","PP234541.1 Lagotis brachystachya"
"531","PP272181.fasta","PP272181.1","Thymus praecox","PP272181.1 Thymus praecox"
"532","OQ736737.fasta","OQ736737.1","Hedysarum popovii","OQ736737.1 Hedysarum popovii"
"533","PP335047.fasta","PP335047.1","Cymbalaria muralis","PP335047.1 Cymbalaria muralis"
"534","PV870802.fasta","PV870802.1","Retama monosperma","PV870802.1 Retama monosperma"
"535","PP346781.fasta","PP346781.1","Polygonatum prattii","PP346781.1 Polygonatum prattii"
"536","OQ851332.fasta","OQ851332.1","Asparagus virgatus","OQ851332.1 Asparagus virgatus"
"537","PP165049.fasta","PP165049.1","Horminum pyrenaicum","PP165049.1 Horminum pyrenaicum"
"538","PP235267.fasta","PP235267.1","Lysimachia heterobotrys","PP235267.1 Lysimachia heterobotrys"
"539","PX763892.fasta","PX763892.1","Malus prunifolia","PX763892.1 Malus prunifolia"
"540","PP579974.fasta","PP579974.1","Solanum phureja","PP579974.1 Solanum phureja"
"541","PV870846.fasta","PV870846.1","Chesneya polystichoides","PV870846.1 Chesneya polystichoides"
"542","PQ645259.fasta","PQ645259.1","Cyclocarya paliurus","PQ645259.1 Cyclocarya paliurus"
"543","PP809764.fasta","PP809764.1","Aesculus polyneura","PP809764.1 Aesculus polyneura"
"544","PV274302.fasta","PV274302.1","Juglans sigillata","PV274302.1 Juglans sigillata"
"545","PV931571.1.fasta","PV931571.1","Epithemia catenata","PV931571.1 Epithemia catenata"
"546","PP697942.fasta","PP697942.1","Lonicera trichosantha","PP697942.1 Lonicera trichosantha"
"547","PV685028.fasta","PV685028.1","Glycine soja","PV685028.1 Glycine soja"
"548","PP484615.fasta","PP484615.1","Festuca pratensis","PP484615.1 Festuca pratensis"
"549","ON929856.fasta","ON929856.1","Salsola junatovii","ON929856.1 Salsola junatovii"
"550","PQ789229.fasta","PQ789229.1","Helianthus niveus","PQ789229.1 Helianthus niveus"
"551","PP056240.fasta","PP056240.1","Paulownia catalpifolia","PP056240.1 Paulownia catalpifolia"
"552","PX130378.fasta","PX130378.1","Syzygium viriosum","PX130378.1 Syzygium viriosum"
"553","ON929882.fasta","ON929882.1","Suaeda aralocaspica","ON929882.1 Suaeda aralocaspica"
"554","PQ180378.fasta","PQ180378.1","Lagochilus grandiflorus","PQ180378.1 Lagochilus grandiflorus"
"555","PX108614.fasta","PX108614.1","Syzygium smithii","PX108614.1 Syzygium smithii"
"556","PX223808.fasta","PX223808.1","Clematis barbellata","PX223808.1 Clematis barbellata"
"557","PP897864.fasta","PP897864.1","Iris polakii","PP897864.1 Iris polakii"
"558","PV476771.fasta","PV476771.1","Cucumis prophetarum","PV476771.1 Cucumis prophetarum"
"559","OR231926.fasta","OR231926.1","Dendrobium flexicaule","OR231926.1 Dendrobium flexicaule"
"560","OR896878.fasta","OR896878.1","Daucus carota","OR896878.1 Daucus carota"
"561","PP595844.fasta","PP595844.1","Prinsepia uniflora","PP595844.1 Prinsepia uniflora"
"562","PP551940.1.fasta","PP551940.1","Dunaliella salina","PP551940.1 Dunaliella salina"
"563","PP681656.fasta","PP681656.1","Sinobambusa tootsik","PP681656.1 Sinobambusa tootsik"
"564","PX394258.fasta","PX394258.1","Senegalia burkei","PX394258.1 Senegalia burkei"
"565","OQ503598.fasta","OQ503598.1","Camellia fangchengensis","OQ503598.1 Camellia fangchengensis"
"566","PV083608.fasta","PV083608.1","Styrax maninul","PV083608.1 Styrax maninul"
"567","PP103311.fasta","PP103311.1","Convolvulus arvensis","PP103311.1 Convolvulus arvensis"
"568","PV873133.fasta","PV873133.1","Distylium myricoides","PV873133.1 Distylium myricoides"
"569","PX833246.fasta","PX833246.1","Malus x","PX833246.1 Malus x"
"570","PQ144601.fasta","PQ144601.1","Dalbergia burmanica","PQ144601.1 Dalbergia burmanica"
"571","PX373531.fasta","PX373531.1","Persicaria pensylvanica","PX373531.1 Persicaria pensylvanica"
"572","PV975267.fasta","PV975267.1","Stephania longa","PV975267.1 Stephania longa"
"573","OL875072.fasta","OL875072.1","Eremurus turkestanicus","OL875072.1 Eremurus turkestanicus"
"574","PV712665.fasta","PV712665.1","Lepidium chalepense","PV712665.1 Lepidium chalepense"
"575","OM948781.fasta","OM948781.1","Androsace robusta","OM948781.1 Androsace robusta"
"576","PP976095.fasta","PP976095.1","Rosa nitida","PP976095.1 Rosa nitida"
"577","PQ679323.fasta","PQ679323.1","Scrophularia marilandica","PQ679323.1 Scrophularia marilandica"
"578","PP479682.fasta","PP479682.1","Dendrobium denneanum","PP479682.1 Dendrobium denneanum"
"579","PQ790067.fasta","PQ790067.1","Cynometra cebuensis","PQ790067.1 Cynometra cebuensis"
"580","PQ463257.fasta","PQ463257.1","Arachis decora","PQ463257.1 Arachis decora"
"581","PQ539950.fasta","PQ539950.1","Camellia longistyla","PQ539950.1 Camellia longistyla"
"582","PQ826996.fasta","PQ826996.1","Bauhinia monandra","PQ826996.1 Bauhinia monandra"
"583","PX427673.fasta","PX427673.1","Echeveria cante","PX427673.1 Echeveria cante"
"584","PV744376.fasta","PV744376.1","Rosa tunquinensis","PV744376.1 Rosa tunquinensis"
"585","BR002549.1.fasta","BR002549.1","Triparma strigata","BR002549.1 Triparma strigata"
"586","OK509172.fasta","OK509172.1","Rosa gallica","OK509172.1 Rosa gallica"
"587","PV712662.fasta","PV712662.1","Lepidium didymum","PV712662.1 Lepidium didymum"
"588","PQ874739.fasta","PQ874739.1","Clematis napaulensis","PQ874739.1 Clematis napaulensis"
"589","PV866731.fasta","PV866731.1","Solanum viarum","PV866731.1 Solanum viarum"
"590","PP235258.fasta","PP235258.1","Lysimachia christinae","PP235258.1 Lysimachia christinae"
"591","PQ149858.fasta","PQ149858.1","Brachycorythis henryi","PQ149858.1 Brachycorythis henryi"
"592","PQ432195.fasta","PQ432195.1","Malus kansuensis","PQ432195.1 Malus kansuensis"
"593","PZ015913.fasta","PZ015913.1","Allium cretaceum","PZ015913.1 Allium cretaceum"
"594","BK071836.fasta","BK071836.1","Cheirolophus crassifolius","BK071836.1 Cheirolophus crassifolius"
"595","OL891509.fasta","OL891509.1","Alnus incana","OL891509.1 Alnus incana"
"596","PV548706.fasta","PV548706.1","Lappula effusa","PV548706.1 Lappula effusa"
"597","OR565927.fasta","OR565927.1","Paraphlomis gracilis","OR565927.1 Paraphlomis gracilis"
"598","PP648251.fasta","PP648251.1","Rosa rugosa","PP648251.1 Rosa rugosa"
"599","PV600847.fasta","PV600847.1","Aframomum sceptrum","PV600847.1 Aframomum sceptrum"
"600","PQ536123.fasta","PQ536123.1","Primula gemmifera","PQ536123.1 Primula gemmifera"
"601","PP228198.fasta","PP228198.1","Garcinia aristata","PP228198.1 Garcinia aristata"
"602","PQ276661.fasta","PQ276661.1","Lithocarpus xylocarpus","PQ276661.1 Lithocarpus xylocarpus"
"603","PQ728889.fasta","PQ728889.1","Hedyosmum brenesii","PQ728889.1 Hedyosmum brenesii"
"604","PX666000.fasta","PX666000.1","Helianthus debilis","PX666000.1 Helianthus debilis"
"605","PP541876.fasta","PP541876.1","Ranunculus acris","PP541876.1 Ranunculus acris"
"606","PP952083.fasta","PP952083.1","Viola diffusa","PP952083.1 Viola diffusa"
"607","PQ850011.fasta","PQ850011.1","Artemisia giraldii","PQ850011.1 Artemisia giraldii"
"608","PV694276.fasta","PV694276.1","Oxytropis holanshanensis","PV694276.1 Oxytropis holanshanensis"
"609","PZ351331.fasta","PZ351331.1","Fragaria x","PZ351331.1 Fragaria x"
"610","PX644754.fasta","PX644754.1","Garcinia humilis","PX644754.1 Garcinia humilis"
"611","PP165067.fasta","PP165067.1","Euphorbia cyparissias","PP165067.1 Euphorbia cyparissias"
"612","PP335055.fasta","PP335055.1","Daphne striata","PP335055.1 Daphne striata"
"613","PQ768873.fasta","PQ768873.1","Canarium ovatum","PQ768873.1 Canarium ovatum"
"614","PP484633.fasta","PP484633.1","Orchis militaris","PP484633.1 Orchis militaris"
"615","PP234585.fasta","PP234585.1","Stipa tianschanica","PP234585.1 Stipa tianschanica"
"616","PV555993.fasta","PV555993.1","Vepris uguenensis","PV555993.1 Vepris uguenensis"
"617","PQ728881.fasta","PQ728881.1","Chloranthus henryi","PQ728881.1 Chloranthus henryi"
"618","PV656444.fasta","PV656444.1","Sedum bulbiferum","PV656444.1 Sedum bulbiferum"
"619","PP165051.fasta","PP165051.1","Knautia arvensis","PP165051.1 Knautia arvensis"
"620","PV582056.fasta","PV582056.1","Abrus bottae","PV582056.1 Abrus bottae"
"621","MH649286.fasta","MH649286.1","Agriophyllum squarrosum","MH649286.1 Agriophyllum squarrosum"
"622","PQ835028.fasta","PQ835028.1","Lycium truncatum","PQ835028.1 Lycium truncatum"
"623","PP693372.fasta","PP693372.1","Crepis pulchra","PP693372.1 Crepis pulchra"
"624","PP190441.fasta","PP190441.1","Coelogyne trinervis","PP190441.1 Coelogyne trinervis"
"625","OR601534.fasta","OR601534.1","Potentilla betonicifolia","OR601534.1 Potentilla betonicifolia"
"626","PZ098622.fasta","PZ098622.1","Melica stricta","PZ098622.1 Melica stricta"
"627","PX309508.fasta","PX309508.1","Bougainvillea spectabilis","PX309508.1 Bougainvillea spectabilis"
"628","PV130126.fasta","PV130126.1","Pterocarya rhoifolia","PV130126.1 Pterocarya rhoifolia"
"629","PX396002.fasta","PX396002.1","Syzygium aqueum","PX396002.1 Syzygium aqueum"
"630","PP336748.fasta","PP336748.1","Fragaria moschata","PP336748.1 Fragaria moschata"
"631","PX652375.fasta","PX652375.1","Brachyglottis kirkii","PX652375.1 Brachyglottis kirkii"
"632","PV083615.fasta","PV083615.1","Styrax peruvianus","PV083615.1 Styrax peruvianus"
"633","PV938069.fasta","PV938069.1","Coreopsis lanceolata","PV938069.1 Coreopsis lanceolata"
"634","PV541157.fasta","PV541157.1","Helianthus ciliaris","PV541157.1 Helianthus ciliaris"
"635","PV564734.fasta","PV564734.1","Aquilegia aurea","PV564734.1 Aquilegia aurea"
"636","PP897867.fasta","PP897867.1","Iris assadiana","PP897867.1 Iris assadiana"
"637","OP133583.fasta","OP133583.1","Pentasachme caudatum","OP133583.1 Pentasachme caudatum"
"638","PZ270549.fasta","PZ270549.1","Tillandsia andicola","PZ270549.1 Tillandsia andicola"
"639","PX686331.fasta","PX686331.1","Aconitum refractum","PX686331.1 Aconitum refractum"
"640","PZ258591.fasta","PZ258591.1","Begonia incarnata","PZ258591.1 Begonia incarnata"
"641","PX309511.fasta","PX309511.1","Citrus japonica","PX309511.1 Citrus japonica"
"642","OR995415.fasta","OR995415.1","Crataegus iracunda","OR995415.1 Crataegus iracunda"
"643","PV192913.fasta","PV192913.1","Epimedium pubescens","PV192913.1 Epimedium pubescens"
"644","PV078023.fasta","PV078023.1","Mandragora turcomanica","PV078023.1 Mandragora turcomanica"
"645","PP272176.fasta","PP272176.1","Salvia verbenaca","PP272176.1 Salvia verbenaca"
"646","OR896894.fasta","OR896894.1","Antennaria carpatica","OR896894.1 Antennaria carpatica"
"647","PQ728891.fasta","PQ728891.1","Hedyosmum maximum","PQ728891.1 Hedyosmum maximum"
"648","OQ596337.fasta","OQ596337.1","Omphalogramma forrestii","OQ596337.1 Omphalogramma forrestii"
"649","PP316516.fasta","PP316516.1","Anemone trifolia","PP316516.1 Anemone trifolia"
"650","PP190447.fasta","PP190447.1","Coelogyne corymbosa","PP190447.1 Coelogyne corymbosa"
"651","MW420948.fasta","MW420948.1","Scutellaria pinnatifida","MW420948.1 Scutellaria pinnatifida"
"652","PQ468973.fasta","PQ468973.1","Lysionotus pubescens","PQ468973.1 Lysionotus pubescens"
"653","PV176888.fasta","PV176888.1","Tetradium ruticarpum","PV176888.1 Tetradium ruticarpum"
"654","OL891511.fasta","OL891511.1","Alnus hirsuta","OL891511.1 Alnus hirsuta"
"655","PZ098325.fasta","PZ098325.1","Pleuropogon refractus","PZ098325.1 Pleuropogon refractus"
"656","PZ316395.fasta","PZ316395.1","Begonia cucullata","PZ316395.1 Begonia cucullata"
"657","PZ098265.fasta","PZ098265.1","Melica rigida","PZ098265.1 Melica rigida"
"658","PV192920.fasta","PV192920.1","Epimedium koreanum","PV192920.1 Epimedium koreanum"
"659","PX316407.fasta","PX316407.1","Cnidoscolus chayamansa","PX316407.1 Cnidoscolus chayamansa"
"660","PV423709.1.fasta","PV423709.1","Thalassiosira pacifica","PV423709.1 Thalassiosira pacifica"
"661","PP484637.fasta","PP484637.1","Paederota bonarota","PP484637.1 Paederota bonarota"
"662","PX309537.fasta","PX309537.1","Polyscias fruticosa","PX309537.1 Polyscias fruticosa"
"663","PP479703.fasta","PP479703.1","Dendrobium huoshanense","PP479703.1 Dendrobium huoshanense"
"664","PV870741.fasta","PV870741.1","Neochevalierodendron stephanii","PV870741.1 Neochevalierodendron stephanii"
"665","PV116306.fasta","PV116306.1","Ziziphora persica","PV116306.1 Ziziphora persica"
"666","PQ858234.fasta","PQ858234.1","Barbeya oleoides","PQ858234.1 Barbeya oleoides"
"667","MT656596.fasta","MT656596.1","Syringa mairei","MT656596.1 Syringa mairei"
"668","PP024539.fasta","PP024539.1","Symphytum tuberosum","PP024539.1 Symphytum tuberosum"
"669","PP622710.fasta","PP622710.1","Verbascum thapsus","PP622710.1 Verbascum thapsus"
"670","PZ166665.fasta","PZ166665.1","Trachydium nyalamense","PZ166665.1 Trachydium nyalamense"
"671","PV786059.fasta","PV786059.1","Rosa ecae","PV786059.1 Rosa ecae"
"672","PV335052.fasta","PV335052.1","Xerophyta humilis","PV335052.1 Xerophyta humilis"
"673","PZ173272.fasta","PZ173272.1","Sesamum schinzianum","PZ173272.1 Sesamum schinzianum"
"674","PP646449.fasta","PP646449.1","Momordica trifoliolata","PP646449.1 Momordica trifoliolata"
"675","PP565784.fasta","PP565784.1","Populus gonggaensis","PP565784.1 Populus gonggaensis"
"676","PX959571.fasta","PX959571.1","Neltuma pallida","PX959571.1 Neltuma pallida"
"677","PX396018.fasta","PX396018.1","Syzygium lunduense","PX396018.1 Syzygium lunduense"
"678","PX130341.fasta","PX130341.1","Syzygium medium","PX130341.1 Syzygium medium"
"679","PV423704.1.fasta","PV423704.1","Detonula confervacea","PV423704.1 Detonula confervacea"
"680","PQ653534.fasta","PQ653534.1","Ainsliaea laxiflora","PQ653534.1 Ainsliaea laxiflora"
"681","PP999314.fasta","PP999314.1","Hemipilia zhuxiensis","PP999314.1 Hemipilia zhuxiensis"
"682","PX644816.fasta","PX644816.1","Delphinium densiflorum","PX644816.1 Delphinium densiflorum"
"683","OP133566.fasta","OP133566.1","Strophanthus wallichii","OP133566.1 Strophanthus wallichii"
"684","PQ472933.fasta","PQ472933.1","Pleioblastus simonii","PQ472933.1 Pleioblastus simonii"
"685","PQ197391.fasta","PQ197391.1","Pourthiaea villosa","PQ197391.1 Pourthiaea villosa"
"686","PQ010090.fasta","PQ010090.1","Heteranthera zosterifolia","PQ010090.1 Heteranthera zosterifolia"
"687","OR565944.fasta","OR565944.1","Paraphlomis reflexa","OR565944.1 Paraphlomis reflexa"
"688","OP133569.fasta","OP133569.1","Mandevilla sanderi","OP133569.1 Mandevilla sanderi"
"689","PV011954.fasta","PV011954.1","Hippophae salicifolia","PV011954.1 Hippophae salicifolia"
"690","PQ874724.fasta","PQ874724.1","Clematis insidiosa","PQ874724.1 Clematis insidiosa"
"691","PZ122817.fasta","PZ122817.1","Stephania dielsiana","PZ122817.1 Stephania dielsiana"
"692","PX380637.fasta","PX380637.1","Aconitum macrorhynchum","PX380637.1 Aconitum macrorhynchum"
"693","PP883925.fasta","PP883925.1","Hebecarpa caracasana","PP883925.1 Hebecarpa caracasana"
"694","OM949893.fasta","OM949893.1","Actinidia eriantha","OM949893.1 Actinidia eriantha"
"695","PZ316389.fasta","PZ316389.1","Begonia bowerae","PZ316389.1 Begonia bowerae"
"696","OM949931.fasta","OM949931.1","Actinidia persicina","OM949931.1 Actinidia persicina"
"697","OQ549894.fasta","OQ549894.1","Styrax rhytidocarpus","OQ549894.1 Styrax rhytidocarpus"
"698","PV077810.fasta","PV077810.1","Xerophyta dasylirioides","PV077810.1 Xerophyta dasylirioides"
"699","PV423683.1.fasta","PV423683.1","Thalassiosira bioculata","PV423683.1 Thalassiosira bioculata"
"700","PP191178.fasta","PP191178.1","Garcinia celebica","PP191178.1 Garcinia celebica"
"701","PX125830.fasta","PX125830.1","Syzygium duthieanum","PX125830.1 Syzygium duthieanum"
"702","PZ098383.fasta","PZ098383.1","Glyceria nemoralis","PZ098383.1 Glyceria nemoralis"
"703","BK071853.fasta","BK071853.1","Notobasis syriaca","BK071853.1 Notobasis syriaca"
"704","OR493267.fasta","OR493267.1","Quercus rehderiana","OR493267.1 Quercus rehderiana"
"705","PP056245.fasta","PP056245.1","Pouzolzia zeylanica","PP056245.1 Pouzolzia zeylanica"
"706","PQ385618.fasta","PQ385618.1","Aralia chinensis","PQ385618.1 Aralia chinensis"
"707","PV423721.1.fasta","PV423721.1","Conticribra guillardii","PV423721.1 Conticribra guillardii"
"708","PZ054917.fasta","PZ054917.1","Buxus wallichiana","PZ054917.1 Buxus wallichiana"
"709","PP216483.fasta","PP216483.1","Bletilla ochracea","PP216483.1 Bletilla ochracea"
"710","PV423677.1.fasta","PV423677.1","Porosira pentaportula","PV423677.1 Porosira pentaportula"
"711","PZ282241.fasta","PZ282241.1","Meliosma oldhamii","PZ282241.1 Meliosma oldhamii"
"712","PP335048.fasta","PP335048.1","Cynosurus cristatus","PP335048.1 Cynosurus cristatus"
"713","PV747743.fasta","PV747743.1","Tinospora sinensis","PV747743.1 Tinospora sinensis"
"714","PX130336.fasta","PX130336.1","Syzygium linocieroideum","PX130336.1 Syzygium linocieroideum"
"715","PX776296.fasta","PX776296.1","Berchemiella wilsonii","PX776296.1 Berchemiella wilsonii"
"716","PX252291.fasta","PX252291.1","Paeonia suffruticosa","PX252291.1 Paeonia suffruticosa"
"717","PV608489.fasta","PV608489.1","Urceola huaitingii","PV608489.1 Urceola huaitingii"
"718","PZ316350.fasta","PZ316350.1","Viola mandshurica","PZ316350.1 Viola mandshurica"
"719","OR995467.fasta","OR995467.1","Pyrus neoserrulata","OR995467.1 Pyrus neoserrulata"
"720","PQ009220.fasta","PQ009220.1","Vanda pumila","PQ009220.1 Vanda pumila"
"721","OQ549908.fasta","OQ549908.1","Styrax serrulatus","OQ549908.1 Styrax serrulatus"
"722","PV662410.fasta","PV662410.1","Maesa cavinervis","PV662410.1 Maesa cavinervis"
"723","PQ010100.fasta","PQ010100.1","Pontederia rotundifolia","PQ010100.1 Pontederia rotundifolia"
"724","PP963520.fasta","PP963520.1","Gastrochilus yunnanensis","PP963520.1 Gastrochilus yunnanensis"
"725","PV870692.fasta","PV870692.1","Ammopiptanthus mongolicus","PV870692.1 Ammopiptanthus mongolicus"
"726","OQ736733.fasta","OQ736733.1","Hedysarum sunhangii","OQ736733.1 Hedysarum sunhangii"
"727","OR896893.fasta","OR896893.1","Polygonatum verticillatum","OR896893.1 Polygonatum verticillatum"
"728","PZ169286.fasta","PZ169286.1","Scutellaria intermedia","PZ169286.1 Scutellaria intermedia"
"729","OR884985.fasta","OR884985.1","Allium schoenoprasum","OR884985.1 Allium schoenoprasum"
"730","PX530810.fasta","PX530810.1","Viburnum setigerum","PX530810.1 Viburnum setigerum"
"731","PV567383.fasta","PV567383.1","Bidens alba","PV567383.1 Bidens alba"
"732","PX795004.fasta","PX795004.1","Campeiostachys nutans","PX795004.1 Campeiostachys nutans"
"733","PQ777083.fasta","PQ777083.1","Cotoneaster argenteus","PQ777083.1 Cotoneaster argenteus"
"734","PZ270554.fasta","PZ270554.1","Tillandsia cotagaitensis","PZ270554.1 Tillandsia cotagaitensis"
"735","PZ015914.fasta","PZ015914.1","Allium inconspicuum","PZ015914.1 Allium inconspicuum"
"736","PX413290.fasta","PX413290.1","Crataegus sanguinea","PX413290.1 Crataegus sanguinea"
"737","PP235281.fasta","PP235281.1","Lysimachia pittosporoides","PP235281.1 Lysimachia pittosporoides"
"738","PP203127.fasta","PP203127.1","Emerus major","PP203127.1 Emerus major"
"739","PZ098318.fasta","PZ098318.1","Glyceria depauperata","PZ098318.1 Glyceria depauperata"
"740","PV476734.fasta","PV476734.1","Chusquea contrerasii","PV476734.1 Chusquea contrerasii"
"741","PV786060.fasta","PV786060.1","Rosa fedtschenkoana","PV786060.1 Rosa fedtschenkoana"
"742","PV849988.fasta","PV849988.1","Gelidocalamus dongdingensis","PV849988.1 Gelidocalamus dongdingensis"
"743","PX673993.fasta","PX673993.1","Pedicularis spicata","PX673993.1 Pedicularis spicata"
"744","PZ098288.fasta","PZ098288.1","Glyceria notata","PZ098288.1 Glyceria notata"
"745","PV751238.fasta","PV751238.1","Clerodendrum chinense","PV751238.1 Clerodendrum chinense"
"746","PP786689.fasta","PP786689.1","Dendrobium strongylanthum","PP786689.1 Dendrobium strongylanthum"
"747","PX562731.fasta","PX562731.1","Buglossoides arvensis","PX562731.1 Buglossoides arvensis"
"748","PP693366.fasta","PP693366.1","Peucedanum ostruthium","PP693366.1 Peucedanum ostruthium"
"749","PV975268.fasta","PV975268.1","Stephania longipes","PV975268.1 Stephania longipes"
"750","PV684025.fasta","PV684025.1","Oxytropis squammulosa","PV684025.1 Oxytropis squammulosa"
"751","PQ551060.fasta","PQ551060.1","Hansenia weberbaueriana","PQ551060.1 Hansenia weberbaueriana"
"752","PP191172.fasta","PP191172.1","Rosa hugonis","PP191172.1 Rosa hugonis"
"753","PQ551007.fasta","PQ551007.1","Hansenia forbesii","PQ551007.1 Hansenia forbesii"
"754","PV423675.1.fasta","PV423675.1","Stephanodiscus triporus","PV423675.1 Stephanodiscus triporus"
"755","PX220299.fasta","PX220299.1","Pyrus pyrifolia","PX220299.1 Pyrus pyrifolia"
"756","PP328789.fasta","PP328789.1","Caltha palustris","PP328789.1 Caltha palustris"
"757","OM949935.fasta","OM949935.1","Actinidia zhejiangensis","OM949935.1 Actinidia zhejiangensis"
"758","PQ874725.fasta","PQ874725.1","Clematis japonica","PQ874725.1 Clematis japonica"
"759","PV870708.fasta","PV870708.1","Phylloxylon xylophylloides","PV870708.1 Phylloxylon xylophylloides"
"760","OM949908.fasta","OM949908.1","Actinidia styracifolia","OM949908.1 Actinidia styracifolia"
"761","PP595837.fasta","PP595837.1","Prunus trichostoma","PP595837.1 Prunus trichostoma"
"762","PZ264131.fasta","PZ264131.1","Rubus idaeus","PZ264131.1 Rubus idaeus"
"763","PX125918.fasta","PX125918.1","Syzygium trachyphloium","PX125918.1 Syzygium trachyphloium"
"764","PP979526.1.fasta","PP979526.1","Micractinium pusillum","PP979526.1 Micractinium pusillum"
"765","PP335069.fasta","PP335069.1","Epipactis palustris","PP335069.1 Epipactis palustris"
"766","PP165047.fasta","PP165047.1","Facchinia rupestris","PP165047.1 Facchinia rupestris"
"767","PZ316417.fasta","PZ316417.1","Begonia lubbersii","PZ316417.1 Begonia lubbersii"
"768","PX686328.fasta","PX686328.1","Ranunculus nephelogenes","PX686328.1 Ranunculus nephelogenes"
"769","PX380651.fasta","PX380651.1","Consolida ajacis","PX380651.1 Consolida ajacis"
"770","PQ283266.fasta","PQ283266.1","Crataegus brachyacantha","PQ283266.1 Crataegus brachyacantha"
"771","PX240736.fasta","PX240736.1","Linum usitatissimum","PX240736.1 Linum usitatissimum"
"772","PX591007.fasta","PX591007.1","Chrysanthemum x","PX591007.1 Chrysanthemum x"
"773","PX316414.fasta","PX316414.1","Stillingia texana","PX316414.1 Stillingia texana"
"774","PV164577.fasta","PV164577.1","Cornus kousa","PV164577.1 Cornus kousa"
"775","PV849990.fasta","PV849990.1","Zephyranthes bagnoldii","PV849990.1 Zephyranthes bagnoldii"
"776","PV239471.fasta","PV239471.1","Xerophyta arabica","PV239471.1 Xerophyta arabica"
"777","OQ737789.fasta","OQ737789.1","Fergania polyantha","OQ737789.1 Fergania polyantha"
"778","PV158120.fasta","PV158120.1","Glycyrrhiza uralensis","PV158120.1 Glycyrrhiza uralensis"
"779","PQ067316.fasta","PQ067316.1","Podostemum comatum","PQ067316.1 Podostemum comatum"
"780","PZ269785.1.fasta","PZ269785.1","Chlamydomonas asymmetrica","PZ269785.1 Chlamydomonas asymmetrica"
"781","PV612622.fasta","PV612622.1","Camellia yokdonensis","PV612622.1 Camellia yokdonensis"
"782","OR264257.fasta","OR264257.1","Neocinnamomum lecomtei","OR264257.1 Neocinnamomum lecomtei"
"783","PQ586444.fasta","PQ586444.1","Chaetoseris sichuanensis","PQ586444.1 Chaetoseris sichuanensis"
"784","OQ736741.fasta","OQ736741.1","Hedysarum bucharicum","OQ736741.1 Hedysarum bucharicum"
"785","PX694256.fasta","PX694256.1","Hibiscus aridicola","PX694256.1 Hibiscus aridicola"
"786","OR264222.fasta","OR264222.1","Cinnamomum glanduliferum","OR264222.1 Cinnamomum glanduliferum"
"787","PQ846559.fasta","PQ846559.1","Calodendrum capense","PQ846559.1 Calodendrum capense"
"788","PV221552.fasta","PV221552.1","Libertia micrantha","PV221552.1 Libertia micrantha"
"789","OR909618.fasta","OR909618.1","Centaurea triumfettii","OR909618.1 Centaurea triumfettii"
"790","PX993303.fasta","PX993303.1","Lagerstroemia indica","PX993303.1 Lagerstroemia indica"
"791","PX370050.fasta","PX370050.1","Scorzonera gageoides","PX370050.1 Scorzonera gageoides"
"792","PX223407.fasta","PX223407.1","Adonis aestivalis","PX223407.1 Adonis aestivalis"
"793","PP336759.fasta","PP336759.1","Gymnadenia conopsea","PP336759.1 Gymnadenia conopsea"
"794","PP622684.fasta","PP622684.1","Saxifraga moschata","PP622684.1 Saxifraga moschata"
"795","PX309501.fasta","PX309501.1","Alocasia navicularis","PX309501.1 Alocasia navicularis"
"796","PX122077.fasta","PX122077.1","Erythronium caucasicum","PX122077.1 Erythronium caucasicum"
"797","PP024538.fasta","PP024538.1","Pulmonaria officinalis","PP024538.1 Pulmonaria officinalis"
"798","PP078670.fasta","PP078670.1","Dumasia truncata","PP078670.1 Dumasia truncata"
"799","PP335050.fasta","PP335050.1","Dactylorhiza fuchsii","PP335050.1 Dactylorhiza fuchsii"
"800","PQ009256.fasta","PQ009256.1","Discocleidion ulmifolium","PQ009256.1 Discocleidion ulmifolium"
"801","PZ130069.fasta","PZ130069.1","Scutellaria supina","PZ130069.1 Scutellaria supina"
"802","PP073962.fasta","PP073962.1","Garcinia yunnanensis","PP073962.1 Garcinia yunnanensis"
"803","PP595871.fasta","PP595871.1","Prunus cerasoides","PP595871.1 Prunus cerasoides"
"804","PP952495.fasta","PP952495.1","Lycium brevipes","PP952495.1 Lycium brevipes"
"805","PP234524.fasta","PP234524.1","Phlomoides younghusbandii","PP234524.1 Phlomoides younghusbandii"
"806","PV083600.fasta","PV083600.1","Styrax acuminatus","PV083600.1 Styrax acuminatus"
"807","PX130307.fasta","PX130307.1","Syzygium amphoraecarpus","PX130307.1 Syzygium amphoraecarpus"
"808","PX569468.fasta","PX569468.1","Lavandula maroccana","PX569468.1 Lavandula maroccana"
"809","OM949897.fasta","OM949897.1","Actinidia kolomikta","OM949897.1 Actinidia kolomikta"
"810","BK071448.fasta","BK071448.1","Daphne cneorum","BK071448.1 Daphne cneorum"
"811","PV870767.fasta","PV870767.1","Senegalia pennata","PV870767.1 Senegalia pennata"
"812","PX380626.fasta","PX380626.1","Aconitum glandulosum","PX380626.1 Aconitum glandulosum"
"813","PV794583.fasta","PV794583.1","Pimpinella grisea","PV794583.1 Pimpinella grisea"
"814","PQ740947.fasta","PQ740947.1","Primula bella","PQ740947.1 Primula bella"
"815","PV546613.fasta","PV546613.1","Semiaquilegia adoxoides","PV546613.1 Semiaquilegia adoxoides"
"816","PQ878626.fasta","PQ878626.1","Parietaria judaica","PQ878626.1 Parietaria judaica"
"817","PV621856.fasta","PV621856.1","Anemone tomentosa","PV621856.1 Anemone tomentosa"
"818","PV802395.fasta","PV802395.1","Lamium barbatum","PV802395.1 Lamium barbatum"
"819","PX569150.fasta","PX569150.1","Homalomena perplexa","PX569150.1 Homalomena perplexa"
"820","PP335070.fasta","PP335070.1","Euphrasia officinalis","PP335070.1 Euphrasia officinalis"
"821","PP078848.fasta","PP078848.1","Libanotis depressa","PP078848.1 Libanotis depressa"
"822","PX058850.fasta","PX058850.1","Vanilla chamissonis","PX058850.1 Vanilla chamissonis"
"823","PV763356.fasta","PV763356.1","Guilandina minax","PV763356.1 Guilandina minax"
"824","PP234579.fasta","PP234579.1","Krascheninnikovia ceratoides","PP234579.1 Krascheninnikovia ceratoides"
"825","PQ412302.fasta","PQ412302.1","Rubroshorea palembanica","PQ412302.1 Rubroshorea palembanica"
"826","PP831690.fasta","PP831690.1","Zehneria minutiflora","PP831690.1 Zehneria minutiflora"
"827","PQ676994.fasta","PQ676994.1","Olea europaea","PQ676994.1 Olea europaea"
"828","PP968730.fasta","PP968730.1","Discocleidion rufescens","PP968730.1 Discocleidion rufescens"
"829","OP133591.fasta","OP133591.1","Bousigonia angustifolia","OP133591.1 Bousigonia angustifolia"
"830","PP234542.fasta","PP234542.1","Youngia simulatrix","PP234542.1 Youngia simulatrix"
"831","OQ928152.fasta","OQ928152.1","Polygonatum filipes","OQ928152.1 Polygonatum filipes"
"832","PQ571141.fasta","PQ571141.1","Blepharoglossum condylobulbon","PQ571141.1 Blepharoglossum condylobulbon"
"833","PQ580735.fasta","PQ580735.1","Lappula shanhsiensis","PQ580735.1 Lappula shanhsiensis"
"834","PQ468977.fasta","PQ468977.1","Lysionotus pterocaulis","PQ468977.1 Lysionotus pterocaulis"
"835","PX505525.fasta","PX505525.1","Iris kuschakewiczii","PX505525.1 Iris kuschakewiczii"
"836","PX673994.1.fasta","PX673994.1","Hymenophyllum exsertum","PX673994.1 Hymenophyllum exsertum"
"837","OR783472.fasta","OR783472.1","Lasiopogon glomerulatus","OR783472.1 Lasiopogon glomerulatus"
"838","PZ098380.fasta","PZ098380.1","Glyceria drummondii","PZ098380.1 Glyceria drummondii"
"839","OR865886.fasta","OR865886.1","Sanicula tienmuensis","OR865886.1 Sanicula tienmuensis"
"840","PX380640.fasta","PX380640.1","Aconitum pendulum","PX380640.1 Aconitum pendulum"
"841","PP697890.fasta","PP697890.1","Lonicera sempervirens","PP697890.1 Lonicera sempervirens"
"842","MW420940.fasta","MW420940.1","Scutellaria leptosiphon","MW420940.1 Scutellaria leptosiphon"
"843","PQ632542.fasta","PQ632542.1","Impatiens omeiana","PQ632542.1 Impatiens omeiana"
"844","OR712479.fasta","OR712479.1","Octoknema affinis","OR712479.1 Octoknema affinis"
"845","PV601299.fasta","PV601299.1","Salvia submutica","PV601299.1 Salvia submutica"
"846","PV282408.fasta","PV282408.1","Rubus chamaemorus","PV282408.1 Rubus chamaemorus"
"847","PP595834.fasta","PP595834.1","Prunus serrulata","PP595834.1 Prunus serrulata"
"848","OL852091.fasta","OL852091.1","Eremurus inderiensis","OL852091.1 Eremurus inderiensis"
"849","PV339532.fasta","PV339532.1","Anacyclus maroccanus","PV339532.1 Anacyclus maroccanus"
"850","PV192909.fasta","PV192909.1","Epimedium leptorrhizum","PV192909.1 Epimedium leptorrhizum"
"851","PQ850012.fasta","PQ850012.1","Artemisia dubia","PQ850012.1 Artemisia dubia"
"852","PP595833.fasta","PP595833.1","Prunus pseudocerasus","PP595833.1 Prunus pseudocerasus"
"853","PQ300638.fasta","PQ300638.1","Phaius tonkinensis","PQ300638.1 Phaius tonkinensis"
"854","OR884999.fasta","OR884999.1","Scandix pecten-veneris","OR884999.1 Scandix pecten-veneris"
"855","PP479715.fasta","PP479715.1","Dendrobium ellipsophyllum","PP479715.1 Dendrobium ellipsophyllum"
"856","PX752864.fasta","PX752864.1","Iris fujianensis","PX752864.1 Iris fujianensis"
"857","OR832750.fasta","OR832750.1","Ochroma pyramidale","OR832750.1 Ochroma pyramidale"
"858","PV548709.fasta","PV548709.1","Lepechiniella sarawschanica","PV548709.1 Lepechiniella sarawschanica"
"859","OM640183.fasta","OM640183.1","Ligustrum ibota","OM640183.1 Ligustrum ibota"
"860","PQ551059.fasta","PQ551059.1","Hymenidium lhasanum","PQ551059.1 Hymenidium lhasanum"
"861","PQ849573.fasta","PQ849573.1","Camellia luteoflora","PQ849573.1 Camellia luteoflora"
"862","PQ576484.fasta","PQ576484.1","Dendrobium aphyllum","PQ576484.1 Dendrobium aphyllum"
"863","PQ874738.fasta","PQ874738.1","Clematis montana","PQ874738.1 Clematis montana"
"864","PP262174.fasta","PP262174.1","Sempervivum tectorum","PP262174.1 Sempervivum tectorum"
"865","PV156653.fasta","PV156653.1","Astragalus yunnanensis","PV156653.1 Astragalus yunnanensis"
"866","PP595853.fasta","PP595853.1","Prunus gongshanensis","PP595853.1 Prunus gongshanensis"
"867","PP952497.fasta","PP952497.1","Lycium sandwicense","PP952497.1 Lycium sandwicense"
"868","OR995466.fasta","OR995466.1","Pyrus salicifolia","OR995466.1 Pyrus salicifolia"
"869","PQ639302.fasta","PQ639302.1","Iris vicaria","PQ639302.1 Iris vicaria"
"870","BR002395.fasta","BR002395.1","Vaccinium vitis-idaea","BR002395.1 Vaccinium vitis-idaea"
"871","OR896882.fasta","OR896882.1","Ligusticum mutellina","OR896882.1 Ligusticum mutellina"
"872","PQ571155.fasta","PQ571155.1","Oberonia seidenfadenii","PQ571155.1 Oberonia seidenfadenii"
"873","BK071821.fasta","BK071821.1","Alfredia cernua","BK071821.1 Alfredia cernua"
"874","PP234533.fasta","PP234533.1","Saussurea thomsonii","PP234533.1 Saussurea thomsonii"
"875","PQ826993.fasta","PQ826993.1","Bauhinia variegata","PQ826993.1 Bauhinia variegata"
"876","PP234538.fasta","PP234538.1","Atriplex centralasiatica","PP234538.1 Atriplex centralasiatica"
"877","PV666613.fasta","PV666613.1","Hibiscus denudatus","PV666613.1 Hibiscus denudatus"
"878","PQ551014.fasta","PQ551014.1","Tongoloa napifera","PQ551014.1 Tongoloa napifera"
"879","PX396022.fasta","PX396022.1","Syzygium tierneyanum","PX396022.1 Syzygium tierneyanum"
"880","OR995449.fasta","OR995449.1","Pyrus mamorensis","OR995449.1 Pyrus mamorensis"
"881","PV409672.fasta","PV409672.1","Brunsvigia grandiflora","PV409672.1 Brunsvigia grandiflora"
"882","PX703150.1.fasta","PX703150.1","Amentotaxus formosana","PX703150.1 Amentotaxus formosana"
"883","PV794589.fasta","PV794589.1","Pimpinella nyingchiensis","PV794589.1 Pimpinella nyingchiensis"
"884","PX754582.fasta","PX754582.1","Astragalus tongolensis","PX754582.1 Astragalus tongolensis"
"885","PP693373.fasta","PP693373.1","Crepis vesicaria","PP693373.1 Crepis vesicaria"
"886","PQ841432.fasta","PQ841432.1","Ziziphus jujuba","PQ841432.1 Ziziphus jujuba"
"887","PQ576488.fasta","PQ576488.1","Dendrobium kingianum","PQ576488.1 Dendrobium kingianum"
"888","BK071868.fasta","BK071868.1","Tricholepis edmondsonii","BK071868.1 Tricholepis edmondsonii"
"889","PX380635.fasta","PX380635.1","Aconitum leucostomum","PX380635.1 Aconitum leucostomum"
"890","PP831696.fasta","PP831696.1","Zehneria monocarpa","PP831696.1 Zehneria monocarpa"
"891","PQ631126.fasta","PQ631126.1","Oligochaeta divaricata","PQ631126.1 Oligochaeta divaricata"
"892","PQ300633.fasta","PQ300633.1","Calanthe columnaris","PQ300633.1 Calanthe columnaris"
"893","MN229512.fasta","MN229512.1","Tamarix hispida","MN229512.1 Tamarix hispida"
"894","PX686332.fasta","PX686332.1","Delphinium kamaonense","PX686332.1 Delphinium kamaonense"
"895","PZ101455.fasta","PZ101455.1","Parrya alba","PZ101455.1 Parrya alba"
"896","PQ144604.fasta","PQ144604.1","Dalbergia rimosa","PQ144604.1 Dalbergia rimosa"
"897","PV365186.fasta","PV365186.1","Swertia bimaculata","PV365186.1 Swertia bimaculata"
"898","PP078678.fasta","PP078678.1","Chloranthus coccineus","PP078678.1 Chloranthus coccineus"
"899","PP727288.fasta","PP727288.1","Enkianthus serrulatus","PP727288.1 Enkianthus serrulatus"
"900","PP979512.1.fasta","PP979512.1","Didymogenes anomala","PP979512.1 Didymogenes anomala"
"901","PZ098588.fasta","PZ098588.1","Glyceria borealis","PZ098588.1 Glyceria borealis"
"902","MW420953.fasta","MW420953.1","Scutellaria pekinensis","MW420953.1 Scutellaria pekinensis"
"903","OR501610.fasta","OR501610.1","Hydrangea serrata","OR501610.1 Hydrangea serrata"
"904","PP479723.fasta","PP479723.1","Dendrobium crepidatum","PP479723.1 Dendrobium crepidatum"
"905","PQ675799.fasta","PQ675799.1","Actaea simplex","PQ675799.1 Actaea simplex"
"906","PQ144625.fasta","PQ144625.1","Dalbergia melanoxylon","PQ144625.1 Dalbergia melanoxylon"
"907","PZ098360.fasta","PZ098360.1","Melica geyeri","PZ098360.1 Melica geyeri"
"908","PV631711.1.fasta","PV631711.1","Rhopalodia inflata","PV631711.1 Rhopalodia inflata"
"909","PQ777150.1.fasta","PQ777150.1","Ulva intestinalis","PQ777150.1 Ulva intestinalis"
"910","PZ381390.fasta","PZ381390.1","Setaria viridis","PZ381390.1 Setaria viridis"
"911","PQ835425.fasta","PQ835425.1","Phrynium pubinerve","PQ835425.1 Phrynium pubinerve"
"912","PX505516.fasta","PX505516.1","Iris pseudacorus","PX505516.1 Iris pseudacorus"
"913","PZ094978.1.fasta","PZ094978.1","Asplenium scolopendrium","PZ094978.1 Asplenium scolopendrium"
"914","PX170167.fasta","PX170167.1","Syzygium glenum","PX170167.1 Syzygium glenum"
"915","PZ239387.fasta","PZ239387.1","Sambucus sieboldiana","PZ239387.1 Sambucus sieboldiana"
"916","PV904159.fasta","PV904159.1","Hemidesmus indicus","PV904159.1 Hemidesmus indicus"
"917","PV870814.fasta","PV870814.1","Leptosema aphyllum","PV870814.1 Leptosema aphyllum"
"918","MN064718.fasta","MN064718.1","Graptopetalum paraguayense","MN064718.1 Graptopetalum paraguayense"
"919","PQ450445.fasta","PQ450445.1","Elymus transhyrcanus","PQ450445.1 Elymus transhyrcanus"
"920","PP235253.fasta","PP235253.1","Lysimachia capillipes","PP235253.1 Lysimachia capillipes"
"921","PV817886.fasta","PV817886.1","Allium ovalifolium","PV817886.1 Allium ovalifolium"
"922","OR521107.fasta","OR521107.1","Elatostema acutidentatum","OR521107.1 Elatostema acutidentatum"
"923","PZ130073.fasta","PZ130073.1","Thymus subnervosus","PZ130073.1 Thymus subnervosus"
"924","PP386170.fasta","PP386170.1","Aralia cordata","PP386170.1 Aralia cordata"
"925","PX659753.fasta","PX659753.1","Dolichoglottis scorzoneroides","PX659753.1 Dolichoglottis scorzoneroides"
"926","PP817741.fasta","PP817741.1","Colocasia fallax","PP817741.1 Colocasia fallax"
"927","PX781195.fasta","PX781195.1","Garcinia brasiliensis","PX781195.1 Garcinia brasiliensis"
"928","PP335073.fasta","PP335073.1","Festuca heterophylla","PP335073.1 Festuca heterophylla"
"929","PZ169294.fasta","PZ169294.1","Scutellaria pycnoclada","PZ169294.1 Scutellaria pycnoclada"
"930","PV850016.fasta","PV850016.1","Hippophae rhamnoides","PV850016.1 Hippophae rhamnoides"
"931","OR668895.fasta","OR668895.1","Thladiantha cordifolia","OR668895.1 Thladiantha cordifolia"
"932","PP965701.fasta","PP965701.1","Rhodiola tibetica","PP965701.1 Rhodiola tibetica"
"933","OR896890.fasta","OR896890.1","Pimpinella alpina","OR896890.1 Pimpinella alpina"
"934","PV423690.1.fasta","PV423690.1","Skeletonema dohrnii","PV423690.1 Skeletonema dohrnii"
"935","PP541900.fasta","PP541900.1","Primula veris","PP541900.1 Primula veris"
"936","PP976089.fasta","PP976089.1","Rosa odorata","PP976089.1 Rosa odorata"
"937","OR134583.fasta","OR134583.1","Corydalis straminea","OR134583.1 Corydalis straminea"
"938","PX170165.fasta","PX170165.1","Syzygium floribundum","PX170165.1 Syzygium floribundum"
"939","PV870705.fasta","PV870705.1","Desmanthus illinoensis","PV870705.1 Desmanthus illinoensis"
"940","PV553478.fasta","PV553478.1","Aiouea chavarriana","PV553478.1 Aiouea chavarriana"
"941","PV548692.fasta","PV548692.1","Lappula spinocarpos","PV548692.1 Lappula spinocarpos"
"942","OR264239.fasta","OR264239.1","Cinnamomum rigidissimum","OR264239.1 Cinnamomum rigidissimum"
"943","PX130380.fasta","PX130380.1","Syzygium zeylanicum","PX130380.1 Syzygium zeylanicum"
"944","PQ468980.fasta","PQ468980.1","Lysionotus chingii","PQ468980.1 Lysionotus chingii"
"945","PV870728.fasta","PV870728.1","Zygia longifolia","PV870728.1 Zygia longifolia"
"946","PX672992.fasta","PX672992.1","Fargesia qinlingensis","PX672992.1 Fargesia qinlingensis"
"947","PP165048.fasta","PP165048.1","Fumana procumbens","PP165048.1 Fumana procumbens"
"948","PX130330.fasta","PX130330.1","Syzygium imperiale","PX130330.1 Syzygium imperiale"
"949","PP056257.fasta","PP056257.1","Disporum uniflorum","PP056257.1 Disporum uniflorum"
"950","MW420949.fasta","MW420949.1","Scutellaria platensis","MW420949.1 Scutellaria platensis"
"951","PV221541.fasta","PV221541.1","Libertia tricocca","PV221541.1 Libertia tricocca"
"952","PV564749.fasta","PV564749.1","Aquilegia colchica","PV564749.1 Aquilegia colchica"
"953","PQ728895.fasta","PQ728895.1","Hedyosmum peruvianum","PQ728895.1 Hedyosmum peruvianum"
"954","PQ276669.fasta","PQ276669.1","Lithocarpus amygdalifolius","PQ276669.1 Lithocarpus amygdalifolius"
"955","PP719687.fasta","PP719687.1","Cardamine lyrata","PP719687.1 Cardamine lyrata"
"956","OR884979.fasta","OR884979.1","Blitum bonus-henricus","OR884979.1 Blitum bonus-henricus"
"957","PX130335.fasta","PX130335.1","Syzygium leptostemon","PX130335.1 Syzygium leptostemon"
"958","PP078855.fasta","PP078855.1","Libanotis spodotrichoma","PP078855.1 Libanotis spodotrichoma"
"959","OR896885.fasta","OR896885.1","Muscari comosum","OR896885.1 Muscari comosum"
"960","PX422680.fasta","PX422680.1","Oreocharis burtii","PX422680.1 Oreocharis burtii"
"961","PP976094.fasta","PP976094.1","Rosa palustris","PP976094.1 Rosa palustris"
"962","OL944401.fasta","OL944401.1","Eremurus saprjagajevii","OL944401.1 Eremurus saprjagajevii"
"963","PZ309725.fasta","PZ309725.1","Adenophora triphylla","PZ309725.1 Adenophora triphylla"
"964","OQ736734.fasta","OQ736734.1","Hedysarum gypsaceum","OQ736734.1 Hedysarum gypsaceum"
"965","PQ874737.fasta","PQ874737.1","Clematis meyeniana","PQ874737.1 Clematis meyeniana"
"966","MW420960.fasta","MW420960.1","Scutellaria nummulariifolia","MW420960.1 Scutellaria nummulariifolia"
"967","PV564769.fasta","PV564769.1","Aquilegia jucunda","PV564769.1 Aquilegia jucunda"
"968","ON880468.fasta","ON880468.1","Hemsleya carnosiflora","ON880468.1 Hemsleya carnosiflora"
"969","KC598086.1.fasta","KC598086.1","Nannochloropsis oceanica","KC598086.1 Nannochloropsis oceanica"
"970","PX130317.fasta","PX130317.1","Syzygium erythrodoxum","PX130317.1 Syzygium erythrodoxum"
"971","ON929840.fasta","ON929840.1","Haloxylon ammodendron","ON929840.1 Haloxylon ammodendron"
"972","PP727292.fasta","PP727292.1","Enkianthus deflexus","PP727292.1 Enkianthus deflexus"
"973","PQ551064.fasta","PQ551064.1","Hansenia phaea","PQ551064.1 Hansenia phaea"
"974","PX363577.fasta","PX363577.1","Phoebe calcarea","PX363577.1 Phoebe calcarea"
"975","PP531557.fasta","PP531557.1","Acronema commutatum","PP531557.1 Acronema commutatum"
"976","PX505518.fasta","PX505518.1","Iris sibirica","PX505518.1 Iris sibirica"
"977","BK070968.fasta","BK070968.1","Erigeron denalii","BK070968.1 Erigeron denalii"
"978","OM949912.fasta","OM949912.1","Actinidia chengkouensis","OM949912.1 Actinidia chengkouensis"
"979","PV548688.fasta","PV548688.1","Lappula pratensis","PV548688.1 Lappula pratensis"
"980","PP622700.fasta","PP622700.1","Thesium alpinum","PP622700.1 Thesium alpinum"
"981","PZ098401.fasta","PZ098401.1","Melica nutans","PZ098401.1 Melica nutans"
"982","PQ584750.fasta","PQ584750.1","Cyananthus macrocalyx","PQ584750.1 Cyananthus macrocalyx"
"983","PQ647019.fasta","PQ647019.1","Impatiens tienchuanensis","PQ647019.1 Impatiens tienchuanensis"
"984","OR885000.fasta","OR885000.1","Siler montanum","OR885000.1 Siler montanum"
"985","PV577939.1.fasta","PV577939.1","Stephanodiscus hantzschii","PV577939.1 Stephanodiscus hantzschii"
"986","PQ874726.fasta","PQ874726.1","Clematis javana","PQ874726.1 Clematis javana"
"987","PP103298.fasta","PP103298.1","Barbarea bracteosa","PP103298.1 Barbarea bracteosa"
"988","PZ168339.fasta","PZ168339.1","Douepea tortuosa","PZ168339.1 Douepea tortuosa"
"989","ON470828.fasta","ON470828.1","Conioselinum vaginatum","ON470828.1 Conioselinum vaginatum"
"990","PV631332.1.fasta","PV631332.1","Minidiscus trioculatus","PV631332.1 Minidiscus trioculatus"
"991","OR565915.fasta","OR565915.1","Paraphlomis paucisetosa","OR565915.1 Paraphlomis paucisetosa"
"992","BK065793.fasta","BK065793.1","Triumfetta clementii","BK065793.1 Triumfetta clementii"
"993","PP297066.fasta","PP297066.1","Rorippa indica","PP297066.1 Rorippa indica"
"994","PX309509.fasta","PX309509.1","Breynia disticha","PX309509.1 Breynia disticha"
"995","MW683063.fasta","MW683063.1","Impatiens corchorifolia","MW683063.1 Impatiens corchorifolia"
"996","PQ571151.fasta","PQ571151.1","Liparis campylostalix","PQ571151.1 Liparis campylostalix"
"997","PP584596.fasta","PP584596.1","Broussonetia papyrifera","PP584596.1 Broussonetia papyrifera"
"998","PP335053.fasta","PP335053.1","Daphne petraea","PP335053.1 Daphne petraea"
"999","PQ210164.fasta","PQ210164.1","Muscari parviflorum","PQ210164.1 Muscari parviflorum"
"1000","OQ549902.fasta","OQ549902.1","Styrax tonkinensis","OQ549902.1 Styrax tonkinensis"
"1001","PX230049.fasta","PX230049.1","Cousinia speciosa","PX230049.1 Cousinia speciosa"
"1002","PP883949.fasta","PP883949.1","Monnina herbacea","PP883949.1 Monnina herbacea"
"1003","PV221545.fasta","PV221545.1","Libertia paniculata","PV221545.1 Libertia paniculata"
"1004","OQ503548.fasta","OQ503548.1","Camellia reticulata","OQ503548.1 Camellia reticulata"
"1005","PV870734.fasta","PV870734.1","Pentaclethra macroloba","PV870734.1 Pentaclethra macroloba"
"1006","OR601527.fasta","OR601527.1","Potentilla fragarioides","OR601527.1 Potentilla fragarioides"
"1007","PV870840.fasta","PV870840.1","Piptanthus nepalensis","PV870840.1 Piptanthus nepalensis"
"1008","OR909616.fasta","OR909616.1","Centaurea nigrescens","OR909616.1 Centaurea nigrescens"
"1009","PP595875.fasta","PP595875.1","Prunus padus","PP595875.1 Prunus padus"
"1010","PQ835443.fasta","PQ835443.1","Stachyphrynium placentarium","PQ835443.1 Stachyphrynium placentarium"
"1011","OR909628.fasta","OR909628.1","Centaurea jacea","OR909628.1 Centaurea jacea"
"1012","PP975594.fasta","PP975594.1","Pseudosedum affine","PP975594.1 Pseudosedum affine"
"1013","PV870684.fasta","PV870684.1","Acosmium lentiscifolium","PV870684.1 Acosmium lentiscifolium"
"1014","PV794599.fasta","PV794599.1","Pimpinella thellungiana","PV794599.1 Pimpinella thellungiana"
"1015","PQ468982.fasta","PQ468982.1","Anna ophiorrhizoides","PQ468982.1 Anna ophiorrhizoides"
"1016","OR941302.fasta","OR941302.1","Cyamopsis tetragonoloba","OR941302.1 Cyamopsis tetragonoloba"
"1017","PQ835002.fasta","PQ835002.1","Lycium amarum","PQ835002.1 Lycium amarum"
"1018","PZ095194.fasta","PZ095194.1","Euphrasia minima","PZ095194.1 Euphrasia minima"
"1019","PQ468415.fasta","PQ468415.1","Ferula diversifolia","PQ468415.1 Ferula diversifolia"
"1020","PP833220.fasta","PP833220.1","Commiphora madagascariensis","PP833220.1 Commiphora madagascariensis"
"1021","PZ098319.fasta","PZ098319.1","Glyceria ischyroneura","PZ098319.1 Glyceria ischyroneura"
"1022","PX395925.fasta","PX395925.1","Triumfetta rhomboidea","PX395925.1 Triumfetta rhomboidea"
"1023","PX582131.fasta","PX582131.1","Codonopsis tubulosa","PX582131.1 Codonopsis tubulosa"
"1024","PQ468988.fasta","PQ468988.1","Lysionotus heterophyllus","PQ468988.1 Lysionotus heterophyllus"
"1025","PP190930.fasta","PP190930.1","Silene dioica","PP190930.1 Silene dioica"
"1026","PV138220.fasta","PV138220.1","Prunus armeniaca","PV138220.1 Prunus armeniaca"
"1027","PP190451.fasta","PP190451.1","Coelogyne cantonensis","PP190451.1 Coelogyne cantonensis"
"1028","PP234530.fasta","PP234530.1","Chenopodium karoi","PP234530.1 Chenopodium karoi"
"1029","PV409684.fasta","PV409684.1","Ungernia oligostroma","PV409684.1 Ungernia oligostroma"
"1030","PV744410.fasta","PV744410.1","Rosa sempervirens","PV744410.1 Rosa sempervirens"
"1031","OQ570477.fasta","OQ570477.1","Cyclorhiza purpureovaginata","OQ570477.1 Cyclorhiza purpureovaginata"
"1032","PQ874763.fasta","PQ874763.1","Clematis texensis","PQ874763.1 Clematis texensis"
"1033","PQ231087.fasta","PQ231087.1","Paraleonurus supinus","PQ231087.1 Paraleonurus supinus"
"1034","OQ549903.fasta","OQ549903.1","Styrax faberi","OQ549903.1 Styrax faberi"
"1035","PV564754.fasta","PV564754.1","Aquilegia einseleana","PV564754.1 Aquilegia einseleana"
"1036","PP706111.fasta","PP706111.1","Capparis spinosa","PP706111.1 Capparis spinosa"
"1037","PP719686.fasta","PP719686.1","Cardamine hygrophila","PP719686.1 Cardamine hygrophila"
"1038","PV993969.fasta","PV993969.1","Halophila ovalis","PV993969.1 Halophila ovalis"
"1039","MW646914.fasta","MW646914.1","Impatiens malipoensis","MW646914.1 Impatiens malipoensis"
"1040","PP622712.fasta","PP622712.1","Viola canina","PP622712.1 Viola canina"
"1041","PP681660.fasta","PP681660.1","Phyllostachys nidularia","PP681660.1 Phyllostachys nidularia"
"1042","PP566025.fasta","PP566025.1","Zostera caespitosa","PP566025.1 Zostera caespitosa"
"1043","PX427828.fasta","PX427828.1","Fritillaria mellea","PX427828.1 Fritillaria mellea"
"1044","PP479697.fasta","PP479697.1","Dendrobium transparens","PP479697.1 Dendrobium transparens"
"1045","OR995426.fasta","OR995426.1","Peraphyllum ramosissimum","OR995426.1 Peraphyllum ramosissimum"
"1046","PX396015.fasta","PX396015.1","Syzygium filiforme","PX396015.1 Syzygium filiforme"
"1047","OL444889.fasta","OL444889.1","Elymus jufinshanicus","OL444889.1 Elymus jufinshanicus"
"1048","PP898078.fasta","PP898078.1","Artemisia viscidissima","PP898078.1 Artemisia viscidissima"
"1049","PP883902.fasta","PP883902.1","Monnina pichinchensis","PP883902.1 Monnina pichinchensis"
"1050","PV870832.fasta","PV870832.1","Lotus corniculatus","PV870832.1 Lotus corniculatus"
"1051","PQ834343.fasta","PQ834343.1","Clematis courtoisii","PQ834343.1 Clematis courtoisii"
"1052","PP840337.fasta","PP840337.1","Veronica officinalis","PP840337.1 Veronica officinalis"
"1053","PX284967.fasta","PX284967.1","Verbascum sinuatum","PX284967.1 Verbascum sinuatum"
"1054","PV870770.fasta","PV870770.1","Astragalus chinensis","PV870770.1 Astragalus chinensis"
"1055","OR264252.fasta","OR264252.1","Litsea glutinosa","OR264252.1 Litsea glutinosa"
"1056","ON729347.fasta","ON729347.1","Matudaea trinervia","ON729347.1 Matudaea trinervia"
"1057","PZ182830.1.fasta","PZ182830.1","Gracilaria tenuistipitata","PZ182830.1 Gracilaria tenuistipitata"
"1058","PZ382285.1.fasta","PZ382285.1","Grimmia tergestina","PZ382285.1 Grimmia tergestina"
"1059","PQ631129.fasta","PQ631129.1","Strobilanthes sarcorrhiza","PQ631129.1 Strobilanthes sarcorrhiza"
"1060","PQ639296.fasta","PQ639296.1","Iris rodionenkoi","PQ639296.1 Iris rodionenkoi"
"1061","PV660686.fasta","PV660686.1","Oxytropis oxyphylla","PV660686.1 Oxytropis oxyphylla"
"1062","PQ283874.fasta","PQ283874.1","Oenanthe pimpinelloides","PQ283874.1 Oenanthe pimpinelloides"
"1063","PP203133.fasta","PP203133.1","Ribes petraeum","PP203133.1 Ribes petraeum"
"1064","BK071830.fasta","BK071830.1","Carlina acanthifolia","BK071830.1 Carlina acanthifolia"
"1065","PX309543.fasta","PX309543.1","Terminalia neotaliala","PX309543.1 Terminalia neotaliala"
"1066","PV564790.fasta","PV564790.1","Aquilegia shockleyi","PV564790.1 Aquilegia shockleyi"
"1067","PV548689.fasta","PV548689.1","Lappula himalayensis","PV548689.1 Lappula himalayensis"
"1068","OR187837.fasta","OR187837.1","Scaphium scaphigerum","OR187837.1 Scaphium scaphigerum"
"1069","PP897870.fasta","PP897870.1","Iris auranitica","PP897870.1 Iris auranitica"
"1070","PV870782.fasta","PV870782.1","Crotalaria lanceolata","PV870782.1 Crotalaria lanceolata"
"1071","ON149840.fasta","ON149840.1","Cananga odorata","ON149840.1 Cananga odorata"
"1072","PP216495.fasta","PP216495.1","Coelogyne occultata","PP216495.1 Coelogyne occultata"
"1073","PZ236443.fasta","PZ236443.2","Ipomoea cairica","PZ236443.2 Ipomoea cairica"
"1074","PP216485.fasta","PP216485.1","Coelogyne sanderae","PP216485.1 Coelogyne sanderae"
"1075","PV870820.fasta","PV870820.1","Calobota angustifolia","PV870820.1 Calobota angustifolia"
"1076","PP693368.fasta","PP693368.1","Crepis biennis","PP693368.1 Crepis biennis"
"1077","MW829284.fasta","MW829284.2","Tetrapanax papyrifer","MW829284.2 Tetrapanax papyrifer"
"1078","PV870806.fasta","PV870806.1","Crotalaria saltiana","PV870806.1 Crotalaria saltiana"
"1079","PX939352.fasta","PX939352.1","Iris hippolyti","PX939352.1 Iris hippolyti"
"1080","OM949906.fasta","OM949906.1","Actinidia arguta","OM949906.1 Actinidia arguta"
"1081","OP133595.fasta","OP133595.1","Hunteria zeylanica","OP133595.1 Hunteria zeylanica"
"1082","OP574347.fasta","OP574347.1","Syringa meyeri","OP574347.1 Syringa meyeri"
"1083","PP175354.fasta","PP175354.1","Sedum annuum","PP175354.1 Sedum annuum"
"1084","PV870816.fasta","PV870816.1","Pterocarpus indicus","PV870816.1 Pterocarpus indicus"
"1085","PP621515.fasta","PP621515.2","Serissa serissoides","PP621515.2 Serissa serissoides"
"1086","PV217817.fasta","PV217817.1","Lindera tienchuanensis","PV217817.1 Lindera tienchuanensis"
"1087","PQ456190.fasta","PQ456190.1","Fraxinus chinensis","PQ456190.1 Fraxinus chinensis"
"1088","PX130337.fasta","PX130337.1","Syzygium luehmannii","PX130337.1 Syzygium luehmannii"
"1089","PP697865.fasta","PP697865.1","Lonicera gynochlamydea","PP697865.1 Lonicera gynochlamydea"
"1090","OQ503545.fasta","OQ503545.1","Polyspora axillaris","OQ503545.1 Polyspora axillaris"
"1091","PX549443.fasta","PX549443.1","Peucedanum litorale","PX549443.1 Peucedanum litorale"
"1092","PV409682.fasta","PV409682.1","Rhodohypoxis baurii","PV409682.1 Rhodohypoxis baurii"
"1093","PP078671.fasta","PP078671.1","Circaea mollis","PP078671.1 Circaea mollis"
"1094","PZ316420.fasta","PZ316420.1","Begonia maculata","PZ316420.1 Begonia maculata"
"1095","MW785254.fasta","MW785254.1","Areca caliso","MW785254.1 Areca caliso"
"1096","OP964006.fasta","OP964006.1","Crataegus kansuensis","OP964006.1 Crataegus kansuensis"
"1097","OQ029584.fasta","OQ029584.1","Begonia thelmae","OQ029584.1 Begonia thelmae"
"1098","PV335048.fasta","PV335048.1","Xerophyta trichophylla","PV335048.1 Xerophyta trichophylla"
"1099","PX828356.fasta","PX828356.1","Lepanthes tachirensis","PX828356.1 Lepanthes tachirensis"
"1100","PP952475.fasta","PP952475.1","Lycium ciliatum","PP952475.1 Lycium ciliatum"
"1101","PQ210146.fasta","PQ210146.1","Muscari adilii","PQ210146.1 Muscari adilii"
"1102","PV564782.fasta","PV564782.1","Aquilegia nuragica","PV564782.1 Aquilegia nuragica"
"1103","PP056268.fasta","PP056268.1","Buckleya henryi","PP056268.1 Buckleya henryi"
"1104","PP297065.fasta","PP297065.1","Rorippa globosa","PP297065.1 Rorippa globosa"
"1105","PV976843.fasta","PV976843.1","Neomicrocalamus yunnanensis","PV976843.1 Neomicrocalamus yunnanensis"
"1106","OR565939.fasta","OR565939.1","Paraphlomis kuankuoshuiensis","OR565939.1 Paraphlomis kuankuoshuiensis"
"1107","PV870759.fasta","PV870759.1","Pseudarthria panii","PV870759.1 Pseudarthria panii"
"1108","PQ571157.fasta","PQ571157.1","Liparis resupinata","PQ571157.1 Liparis resupinata"
"1109","PV613239.fasta","PV613239.1","Levisticum officinale","PV613239.1 Levisticum officinale"
"1110","PX251583.fasta","PX251583.1","Citrus x","PX251583.1 Citrus x"
"1111","PX911599.fasta","PX911599.1","Malva cachemiriana","PX911599.1 Malva cachemiriana"
"1112","PQ010075.fasta","PQ010075.1","Pontederia heterosperma","PQ010075.1 Pontederia heterosperma"
"1113","PV097193.fasta","PV097193.1","Schweinfurthia papilionacea","PV097193.1 Schweinfurthia papilionacea"
"1114","PP719683.fasta","PP719683.1","Cardamine anhuiensis","PP719683.1 Cardamine anhuiensis"
"1115","PQ551010.fasta","PQ551010.1","Hymenidium amabile","PQ551010.1 Hymenidium amabile"
"1116","PP189928.fasta","PP189928.1","Pentactina schlothauerae","PP189928.1 Pentactina schlothauerae"
"1117","PX648170.fasta","PX648170.1","Anoectochilus zhejiangensis","PX648170.1 Anoectochilus zhejiangensis"
"1118","PZ239416.fasta","PZ239416.1","Syringa sweginzowii","PZ239416.1 Syringa sweginzowii"
"1119","PV910879.fasta","PV910879.1","Astragalus polycladus","PV910879.1 Astragalus polycladus"
"1120","OR909638.fasta","OR909638.1","Hieracium bupleuroides","OR909638.1 Hieracium bupleuroides"
"1121","PQ963024.fasta","PQ963024.1","Sambucus ebulus","PQ963024.1 Sambucus ebulus"
"1122","PX122076.fasta","PX122076.1","Erythronium californicum","PX122076.1 Erythronium californicum"
"1123","PV423705.1.fasta","PV423705.1","Cyclotella stylorum","PV423705.1 Cyclotella stylorum"
"1124","PP359606.fasta","PP359606.1","Saxifraga mengtzeana","PP359606.1 Saxifraga mengtzeana"
"1125","PQ777151.1.fasta","PQ777151.1","Ulva compressa","PQ777151.1 Ulva compressa"
"1126","PV240322.fasta","PV240322.1","Oxytropis monophylla","PV240322.1 Oxytropis monophylla"
"1127","OL891506.fasta","OL891506.1","Alnus firma","OL891506.1 Alnus firma"
"1128","PQ639295.fasta","PQ639295.1","Iris khassanovii","PQ639295.1 Iris khassanovii"
"1129","MW029459.fasta","MW029459.1","Helicteres hirsuta","MW029459.1 Helicteres hirsuta"
"1130","PP883947.fasta","PP883947.1","Monnina pycnophylla","PP883947.1 Monnina pycnophylla"
"1131","PV083622.fasta","PV083622.1","Styrax warscewiczii","PV083622.1 Styrax warscewiczii"
"1132","OM272998.fasta","OM272998.1","Solidago canadensis","OM272998.1 Solidago canadensis"
"1133","OR264224.fasta","OR264224.1","Cinnamomum iners","OR264224.1 Cinnamomum iners"
"1134","PQ180379.fasta","PQ180379.1","Lagochilus hirtus","PQ180379.1 Lagochilus hirtus"
"1135","PZ316404.fasta","PZ316404.1","Begonia foliosa","PZ316404.1 Begonia foliosa"
"1136","PX682254.fasta","PX682254.1","Thalictrum finetii","PX682254.1 Thalictrum finetii"
"1137","BK071844.fasta","BK071844.1","Echinops sphaerocephalus","BK071844.1 Echinops sphaerocephalus"
"1138","PX309530.fasta","PX309530.1","Jasminum polyanthum","PX309530.1 Jasminum polyanthum"
"1139","PQ432200.fasta","PQ432200.1","Malus prattii","PQ432200.1 Malus prattii"
"1140","PP479725.fasta","PP479725.1","Dendrobium longicornu","PP479725.1 Dendrobium longicornu"
"1141","PP190939.fasta","PP190939.1","Anthyllis vulneraria","PP190939.1 Anthyllis vulneraria"
"1142","PP471847.fasta","PP471847.1","Quercus gilva","PP471847.1 Quercus gilva"
"1143","OR966887.fasta","OR966887.1","Quercus camusae","OR966887.1 Quercus camusae"
"1144","BK071865.fasta","BK071865.1","Staehelina lobelii","BK071865.1 Staehelina lobelii"
"1145","PV087159.fasta","PV087159.1","Ophiopogon planiscapus","PV087159.1 Ophiopogon planiscapus"
"1146","PX505519.fasta","PX505519.1","Iris sogdiana","PX505519.1 Iris sogdiana"
"1147","PV744375.fasta","PV744375.1","Rosa kwangtungensis","PV744375.1 Rosa kwangtungensis"
"1148","PP133740.fasta","PP133740.1","Sonchus platylepis","PP133740.1 Sonchus platylepis"
"1149","OQ928156.fasta","OQ928156.1","Polygonatum sibiricum","OQ928156.1 Polygonatum sibiricum"
"1150","OR832744.fasta","OR832744.1","Bombax ceiba","OR832744.1 Bombax ceiba"
"1151","PV083602.fasta","PV083602.1","Styrax gentryi","PV083602.1 Styrax gentryi"
"1152","PP622683.fasta","PP622683.1","Sanguisorba minor","PP622683.1 Sanguisorba minor"
"1153","OR946453.fasta","OR946453.1","Magnolia xanthantha","OR946453.1 Magnolia xanthantha"
"1154","PP234599.fasta","PP234599.1","Ajania fruticulosa","PP234599.1 Ajania fruticulosa"
"1155","OQ736749.fasta","OQ736749.1","Hedysarum plumosum","OQ736749.1 Hedysarum plumosum"
"1156","OQ549907.fasta","OQ549907.1","Styrax grandiflorus","OQ549907.1 Styrax grandiflorus"
"1157","PQ834833.fasta","PQ834833.1","Callisia fragrans","PQ834833.1 Callisia fragrans"
"1158","OM273003.fasta","OM273003.1","Solidago decurrens","OM273003.1 Solidago decurrens"
"1159","BK071826.fasta","BK071826.1","Atractylis humilis","BK071826.1 Atractylis humilis"
"1160","PP216487.fasta","PP216487.1","Coelogyne viscosa","PP216487.1 Coelogyne viscosa"
"1161","PP897852.fasta","PP897852.1","Iris antilibanotica","PP897852.1 Iris antilibanotica"
"1162","OL875062.fasta","OL875062.1","Eremurus anisopterus","OL875062.1 Eremurus anisopterus"
"1163","PP235282.fasta","PP235282.1","Lysimachia pseudotrichopoda","PP235282.1 Lysimachia pseudotrichopoda"
"1164","PQ663722.fasta","PQ663722.1","Lilium leichtlinii","PQ663722.1 Lilium leichtlinii"
"1165","PQ874707.fasta","PQ874707.1","Clematis fasciculiflora","PQ874707.1 Clematis fasciculiflora"
"1166","PQ210150.fasta","PQ210150.1","Muscari sandrasicum","PQ210150.1 Muscari sandrasicum"
"1167","PP179384.fasta","PP179384.1","Garcinia indica","PP179384.1 Garcinia indica"
"1168","PV055058.fasta","PV055058.1","Polygonatum nodosum","PV055058.1 Polygonatum nodosum"
"1169","PP078667.fasta","PP078667.1","Trachelospermum asiaticum","PP078667.1 Trachelospermum asiaticum"
"1170","PV990400.1.fasta","PV990400.1","Cyrtomium hemionitis","PV990400.1 Cyrtomium hemionitis"
"1171","OM948763.fasta","OM948763.1","Androsace maxima","OM948763.1 Androsace maxima"
"1172","PP963518.fasta","PP963518.1","Gastrochilus malipoensis","PP963518.1 Gastrochilus malipoensis"
"1173","PV870713.fasta","PV870713.1","Gilbertiodendron ogoouense","PV870713.1 Gilbertiodendron ogoouense"
"1174","PX872517.fasta","PX872517.1","Physospermopsis cuneata","PX872517.1 Physospermopsis cuneata"
"1175","OR493256.fasta","OR493256.1","Quercus spinosa","OR493256.1 Quercus spinosa"
"1176","PV870744.fasta","PV870744.1","Baphia leptostemma","PV870744.1 Baphia leptostemma"
"1177","PX130311.fasta","PX130311.1","Syzygium batadamba","PX130311.1 Syzygium batadamba"
"1178","PP897877.fasta","PP897877.1","Iris madhavi","PP897877.1 Iris madhavi"
"1179","PP622687.fasta","PP622687.1","Micranthes stellaris","PP622687.1 Micranthes stellaris"
"1180","OR936138.fasta","OR936138.1","Castanopsis purpurella","OR936138.1 Castanopsis purpurella"
"1181","PX170166.fasta","PX170166.1","Syzygium fullagarii","PX170166.1 Syzygium fullagarii"
"1182","PX316409.fasta","PX316409.1","Croton setiger","PX316409.1 Croton setiger"
"1183","PX414104.fasta","PX414104.1","Coluria omeiensis","PX414104.1 Coluria omeiensis"
"1184","PQ310524.fasta","PQ310524.1","Primula mallophylla","PQ310524.1 Primula mallophylla"
"1185","PP622681.fasta","PP622681.1","Salix rosmarinifolia","PP622681.1 Salix rosmarinifolia"
"1186","PV564800.fasta","PV564800.1","Aquilegia vitalii","PV564800.1 Aquilegia vitalii"
"1187","PV192910.fasta","PV192910.1","Epimedium davidii","PV192910.1 Epimedium davidii"
"1188","PV221550.fasta","PV221550.1","Libertia edgariae","PV221550.1 Libertia edgariae"
"1189","BK071825.fasta","BK071825.1","Atractylis echinata","BK071825.1 Atractylis echinata"
"1190","PP840339.fasta","PP840339.1","Ranunculus bulbosus","PP840339.1 Ranunculus bulbosus"
"1191","PV426733.fasta","PV426733.1","Saxifraga caesia","PV426733.1 Saxifraga caesia"
"1192","PX309299.fasta","PX309299.1","Artemisia schmidtiana","PX309299.1 Artemisia schmidtiana"
"1193","PV409676.fasta","PV409676.1","Hymenocallis acutifolia","PV409676.1 Hymenocallis acutifolia"
"1194","PQ632090.fasta","PQ632090.1","Triticum turgidum","PQ632090.1 Triticum turgidum"
"1195","PV870757.fasta","PV870757.1","Guilandina bonduc","PV870757.1 Guilandina bonduc"
"1196","OR565917.fasta","OR565917.1","Matsumurella kwangtungensis","OR565917.1 Matsumurella kwangtungensis"
"1197","PP316503.fasta","PP316503.1","Aconitum napellus","PP316503.1 Aconitum napellus"
"1198","PP165057.fasta","PP165057.1","Moehringia muscosa","PP165057.1 Moehringia muscosa"
"1199","PV833097.fasta","PV833097.1","Engelhardia roxburghiana","PV833097.1 Engelhardia roxburghiana"
"1200","PX797484.fasta","PX797484.1","Calamus erectus","PX797484.1 Calamus erectus"
"1201","PQ638943.fasta","PQ638943.1","Helianthus winteri","PQ638943.1 Helianthus winteri"
"1202","PQ591737.1.fasta","PQ591737.1","Lygodium microphyllum","PQ591737.1 Lygodium microphyllum"
"1203","PX505294.fasta","PX505294.1","Hemiboea subcapitata","PX505294.1 Hemiboea subcapitata"
"1204","PV021571.fasta","PV021571.1","Chimonobambusa damingshanensis","PV021571.1 Chimonobambusa damingshanensis"
"1205","ON729373.fasta","ON729373.1","Distyliopsis dunnii","ON729373.1 Distyliopsis dunnii"
"1206","PX395654.fasta","PX395654.1","Solanum lyratum","PX395654.1 Solanum lyratum"
"1207","PV870788.fasta","PV870788.1","Amherstia nobilis","PV870788.1 Amherstia nobilis"
"1208","OR264262.fasta","OR264262.1","Phoebe neurantha","OR264262.1 Phoebe neurantha"
"1209","PQ652319.fasta","PQ652319.1","Lespedeza inschanica","PQ652319.1 Lespedeza inschanica"
"1210","PV335050.fasta","PV335050.1","Xerophyta villosa","PV335050.1 Xerophyta villosa"
"1211","PX380623.fasta","PX380623.1","Aconitum coreanum","PX380623.1 Aconitum coreanum"
"1212","PQ523385.fasta","PQ523385.1","Primula polyneura","PQ523385.1 Primula polyneura"
"1213","PP952489.fasta","PP952489.1","Lycium nodosum","PP952489.1 Lycium nodosum"
"1214","OR995436.fasta","OR995436.1","Pyrus communis","OR995436.1 Pyrus communis"
"1215","PV239601.fasta","PV239601.1","Magnolia hookeri","PV239601.1 Magnolia hookeri"
"1216","PP831692.fasta","PP831692.1","Zehneria grandibracteata","PP831692.1 Zehneria grandibracteata"
"1217","PP484630.fasta","PP484630.1","Ophrys insectifera","PP484630.1 Ophrys insectifera"
"1218","PV426744.fasta","PV426744.1","Saxifraga sibirica","PV426744.1 Saxifraga sibirica"
"1219","PX284968.fasta","PX284968.1","Verbascum speciosum","PX284968.1 Verbascum speciosum"
"1220","OR884997.fasta","OR884997.1","Oxybasis glauca","OR884997.1 Oxybasis glauca"
"1221","PX309512.fasta","PX309512.1","Clerodendrum japonicum","PX309512.1 Clerodendrum japonicum"
"1222","OQ198453.fasta","OQ198453.1","Vitex agnus-castus","OQ198453.1 Vitex agnus-castus"
"1223","PX999251.fasta","PX999251.1","Astragalus strictus","PX999251.1 Astragalus strictus"
"1224","PQ835442.fasta","PQ835442.1","Phrynium yunnanense","PQ835442.1 Phrynium yunnanense"
"1225","PV744378.fasta","PV744378.1","Rosa rubus","PV744378.1 Rosa rubus"
"1226","PQ210138.fasta","PQ210138.1","Muscari discolor","PQ210138.1 Muscari discolor"
"1227","OR990534.fasta","OR990534.1","Inula salicina","OR990534.1 Inula salicina"
"1228","PX512474.fasta","PX512474.1","Oxytropis pseudorosea","PX512474.1 Oxytropis pseudorosea"
"1229","PV564739.fasta","PV564739.1","Aquilegia borodinii","PV564739.1 Aquilegia borodinii"
"1230","PQ591741.1.fasta","PQ591741.1","Lygodium salicifolium","PQ591741.1 Lygodium salicifolium"
"1231","PV928963.fasta","PV928963.1","Citrus reticulata","PV928963.1 Citrus reticulata"
"1232","PV480549.fasta","PV480549.1","Vicia narbonensis","PV480549.1 Vicia narbonensis"
"1233","PP975599.fasta","PP975599.1","Rhodiola liciae","PP975599.1 Rhodiola liciae"
"1234","PQ526730.fasta","PQ526730.1","Ficus esquiroliana","PQ526730.1 Ficus esquiroliana"
"1235","PQ469705.1.fasta","PQ469705.1","Euastropsis richteri","PQ469705.1 Euastropsis richteri"
"1236","PP976097.fasta","PP976097.1","Rosa hybrid","PP976097.1 Rosa hybrid"
"1237","PP190453.fasta","PP190453.1","Coelogyne peltastes","PP190453.1 Coelogyne peltastes"
"1238","PQ539379.fasta","PQ539379.1","Acmispon americanus","PQ539379.1 Acmispon americanus"
"1239","PZ182828.1.fasta","PZ182828.1","Gracilaria firma","PZ182828.1 Gracilaria firma"
"1240","PP078686.fasta","PP078686.1","Delphinium ecalcaratum","PP078686.1 Delphinium ecalcaratum"
"1241","PV794606.fasta","PV794606.1","Sium serra","PV794606.1 Sium serra"
"1242","PP235287.fasta","PP235287.1","Lysimachia rupestris","PP235287.1 Lysimachia rupestris"
"1243","OR400159.fasta","OR400159.1","Lilium pumilum","OR400159.1 Lilium pumilum"
"1244","PP883906.fasta","PP883906.1","Monnina equatoriensis","PP883906.1 Monnina equatoriensis"
"1245","PV340614.fasta","PV340614.1","Teucrium polium","PV340614.1 Teucrium polium"
"1246","PV239466.fasta","PV239466.1","Xerophyta scabrida","PV239466.1 Xerophyta scabrida"
"1247","PX548365.fasta","PX548365.1","Cosmos sulphureus","PX548365.1 Cosmos sulphureus"
"1248","OR909623.fasta","OR909623.1","Cirsium palustre","OR909623.1 Cirsium palustre"
"1249","PV423714.1.fasta","PV423714.1","Discostella stelligera","PV423714.1 Discostella stelligera"
"1250","PQ300634.fasta","PQ300634.1","Calanthe flava","PQ300634.1 Calanthe flava"
"1251","OM948755.fasta","OM948755.1","Androsace forrestiana","OM948755.1 Androsace forrestiana"
"1252","PX971244.fasta","PX971244.1","Salvia brandegeei","PX971244.1 Salvia brandegeei"
"1253","PX833244.fasta","PX833244.1","Malus maerkangensis","PX833244.1 Malus maerkangensis"
"1254","PP840334.fasta","PP840334.1","Chelidonium majus","PP840334.1 Chelidonium majus"
"1255","PQ551036.fasta","PQ551036.1","Pimpinella acuminata","PQ551036.1 Pimpinella acuminata"
"1256","PP133733.fasta","PP133733.1","Sonchus gonzalezpadronii","PP133733.1 Sonchus gonzalezpadronii"
"1257","PQ632085.fasta","PQ632085.1","Amblyopyrum muticum","PQ632085.1 Amblyopyrum muticum"
"1258","PQ891888.fasta","PQ891888.1","Pyrus betulifolia","PQ891888.1 Pyrus betulifolia"
"1259","PV794587.fasta","PV794587.1","Pimpinella kingdon-wardii","PV794587.1 Pimpinella kingdon-wardii"
"1260","PX130300.fasta","PX130300.1","Syzygium venosum","PX130300.1 Syzygium venosum"
"1261","PP190949.fasta","PP190949.1","Valerianella locusta","PP190949.1 Valerianella locusta"
"1262","PP697871.fasta","PP697871.1","Lonicera nervosa","PP697871.1 Lonicera nervosa"
"1263","PP335059.fasta","PP335059.1","Draba nemorosa","PP335059.1 Draba nemorosa"
"1264","OR601530.fasta","OR601530.1","Spiraea alpina","OR601530.1 Spiraea alpina"
"1265","PV423712.1.fasta","PV423712.1","Helicotheca tamesis","PV423712.1 Helicotheca tamesis"
"1266","PV583366.fasta","PV583366.1","Vepris fadenii","PV583366.1 Vepris fadenii"
"1267","PP328798.fasta","PP328798.1","Clematis vitalba","PP328798.1 Clematis vitalba"
"1268","PX244391.fasta","PX244391.1","Dudleya lanceolata","PX244391.1 Dudleya lanceolata"
"1269","PZ098353.fasta","PZ098353.1","Pleuropogon californicus","PZ098353.1 Pleuropogon californicus"
"1270","ON729386.fasta","ON729386.1","Daphniphyllum macropodum","ON729386.1 Daphniphyllum macropodum"
"1271","PP484619.fasta","PP484619.1","Melampyrum sylvaticum","PP484619.1 Melampyrum sylvaticum"
"1272","PP883942.fasta","PP883942.1","Monnina salicifolia","PP883942.1 Monnina salicifolia"
"1273","PV192921.fasta","PV192921.1","Vancouveria hexandra","PV192921.1 Vancouveria hexandra"
"1274","PP336751.fasta","PP336751.1","Fraxinus ornus","PP336751.1 Fraxinus ornus"
"1275","PV541173.fasta","PV541173.1","Alisma wahlenbergii","PV541173.1 Alisma wahlenbergii"
"1276","MK234901.fasta","MK234901.1","Persicaria pubescens","MK234901.1 Persicaria pubescens"
"1277","PQ639279.fasta","PQ639279.1","Hypericum acmosepalum","PQ639279.1 Hypericum acmosepalum"
"1278","PZ087074.fasta","PZ087074.1","Najas marina","PZ087074.1 Najas marina"
"1279","OM948767.fasta","OM948767.1","Androsace umbellata","OM948767.1 Androsace umbellata"
"1280","PQ824058.fasta","PQ824058.1","Selenicereus undatus","PQ824058.1 Selenicereus undatus"
"1281","PX109645.fasta","PX109645.1","Litchi chinensis","PX109645.1 Litchi chinensis"
"1282","PP234529.fasta","PP234529.1","Saussurea thoroldii","PP234529.1 Saussurea thoroldii"
"1283","PV870838.fasta","PV870838.1","Baptisia australis","PV870838.1 Baptisia australis"
"1284","PX130324.fasta","PX130324.1","Syzygium grande","PX130324.1 Syzygium grande"
"1285","PV618401.fasta","PV618401.1","Attalea moorei","PV618401.1 Attalea moorei"
"1286","PV870686.fasta","PV870686.1","Sylvichadsia grandifolia","PV870686.1 Sylvichadsia grandifolia"
"1287","PP883936.fasta","PP883936.1","Monnina pterocarpa","PP883936.1 Monnina pterocarpa"
"1288","PP697933.fasta","PP697933.1","Lonicera webbiana","PP697933.1 Lonicera webbiana"
"1289","PV564776.fasta","PV564776.1","Aquilegia lucensis","PV564776.1 Aquilegia lucensis"
"1290","PV870675.fasta","PV870675.1","Sphaerophysa salsula","PV870675.1 Sphaerophysa salsula"
"1291","PV944218.fasta","PV944218.1","Cathetus virgatus","PV944218.1 Cathetus virgatus"
"1292","PZ130072.fasta","PZ130072.1","Scutellaria cristata","PZ130072.1 Scutellaria cristata"
"1293","PP234509.fasta","PP234509.1","Thalictrum alpinum","PP234509.1 Thalictrum alpinum"
"1294","OR896902.fasta","OR896902.1","Carduus acanthoides","OR896902.1 Carduus acanthoides"
"1295","PQ639300.fasta","PQ639300.1","Iris orchioides","PQ639300.1 Iris orchioides"
"1296","PZ137531.fasta","PZ137531.1","Stephania cephalantha","PZ137531.1 Stephania cephalantha"
"1297","PX694252.fasta","PX694252.1","Hibiscus syriacus","PX694252.1 Hibiscus syriacus"
"1298","PX400300.fasta","PX400300.1","Euphorbia milii","PX400300.1 Euphorbia milii"
"1299","PZ098364.fasta","PZ098364.1","Melica aristata","PZ098364.1 Melica aristata"
"1300","OR502875.fasta","OR502875.1","Cinchona pitayensis","OR502875.1 Cinchona pitayensis"
"1301","PX289983.fasta","PX289983.1","Macadamia integrifolia","PX289983.1 Macadamia integrifolia"
"1302","PV091121.fasta","PV091121.1","Tripidium rufipilum","PV091121.1 Tripidium rufipilum"
"1303","PV862207.fasta","PV862207.1","Jasminum sambac","PV862207.1 Jasminum sambac"
"1304","PV995244.fasta","PV995244.1","Acanthophyllum coloratum","PV995244.1 Acanthophyllum coloratum"
"1305","PV252188.fasta","PV252188.1","Eleorchis japonica","PV252188.1 Eleorchis japonica"
"1306","PZ033175.fasta","PZ033175.1","Veratrum dolichopetalum","PZ033175.1 Veratrum dolichopetalum"
"1307","PP934439.fasta","PP934439.1","Rosa paniculigera","PP934439.1 Rosa paniculigera"
"1308","PV276166.fasta","PV276166.1","Casearia spinescens","PV276166.1 Casearia spinescens"
"1309","PQ415178.fasta","PQ415178.1","Malus coronaria","PQ415178.1 Malus coronaria"
"1310","PP234515.fasta","PP234515.1","Argentina stenophylla","PP234515.1 Argentina stenophylla"
"1311","PV870817.fasta","PV870817.1","Afzelia quanzensis","PV870817.1 Afzelia quanzensis"
"1312","OR884988.fasta","OR884988.1","Carum carvi","OR884988.1 Carum carvi"
"1313","PV423678.1.fasta","PV423678.1","Cyclotella baltica","PV423678.1 Cyclotella baltica"
"1314","MW420966.fasta","MW420966.1","Scutellaria longifolia","MW420966.1 Scutellaria longifolia"
"1315","PX645512.fasta","PX645512.1","Aster danyangensis","PX645512.1 Aster danyangensis"
"1316","PP840338.fasta","PP840338.1","Ballota nigra","PP840338.1 Ballota nigra"
"1317","ON929857.fasta","ON929857.1","Caroxylon nitrarium","ON929857.1 Caroxylon nitrarium"
"1318","PP056249.fasta","PP056249.1","Staphylea bumalda","PP056249.1 Staphylea bumalda"
"1319","PQ432183.fasta","PQ432183.1","Eriolobus florentinus","PQ432183.1 Eriolobus florentinus"
"1320","PX794984.fasta","PX794984.1","Campeiostachys dahurica","PX794984.1 Campeiostachys dahurica"
"1321","PZ101796.fasta","PZ101796.1","Mosla pauciflora","PZ101796.1 Mosla pauciflora"
"1322","PP316498.fasta","PP316498.1","Valeriana dioica","PP316498.1 Valeriana dioica"
"1323","MW785262.fasta","MW785262.1","Areca macrocalyx","MW785262.1 Areca macrocalyx"
"1324","PZ335589.fasta","PZ335589.1","Berberis lycium","PZ335589.1 Berberis lycium"
"1325","OR995427.fasta","OR995427.1","Pyracantha fortuneana","OR995427.1 Pyracantha fortuneana"
"1326","PZ309718.fasta","PZ309718.1","Adenophora lamarckii","PZ309718.1 Adenophora lamarckii"
"1327","PX425321.fasta","PX425321.1","Agrimonia nipponica","PX425321.1 Agrimonia nipponica"
"1328","PQ463259.fasta","PQ463259.1","Arachis porphyrocalyx","PQ463259.1 Arachis porphyrocalyx"
"1329","PX109652.fasta","PX109652.1","Carpesium cernuum","PX109652.1 Carpesium cernuum"
"1330","PQ231097.fasta","PQ231097.1","Paraleonurus sibiricus","PQ231097.1 Paraleonurus sibiricus"
"1331","OL891519.fasta","OL891519.1","Alnus serrulatoides","OL891519.1 Alnus serrulatoides"
"1332","PP681661.fasta","PP681661.1","Chimonobambusa quadrangularis","PP681661.1 Chimonobambusa quadrangularis"
"1333","PQ685807.fasta","PQ685807.1","Pentatropis nivalis","PQ685807.1 Pentatropis nivalis"
"1334","PX694279.fasta","PX694279.1","Hibiscus mutabilis","PX694279.1 Hibiscus mutabilis"
"1335","PZ098374.fasta","PZ098374.1","Glyceria leptostachya","PZ098374.1 Glyceria leptostachya"
"1336","PX223375.fasta","PX223375.1","Stachyurus cordatulus","PX223375.1 Stachyurus cordatulus"
"1337","PP646452.fasta","PP646452.1","Strombocarpa burkartii","PP646452.1 Strombocarpa burkartii"
"1338","OR909620.fasta","OR909620.1","Cirsium alsophilum","OR909620.1 Cirsium alsophilum"
"1339","PZ095195.fasta","PZ095195.1","Euphrasia hirtella","PZ095195.1 Euphrasia hirtella"
"1340","OR264242.fasta","OR264242.1","Cinnamomum septentrionale","OR264242.1 Cinnamomum septentrionale"
"1341","PX893070.1.fasta","PX893070.1","Myriopteris lanosa","PX893070.1 Myriopteris lanosa"
"1342","OR909639.fasta","OR909639.1","Hieracium glanduliferum","OR909639.1 Hieracium glanduliferum"
"1343","OP133586.fasta","OP133586.1","Ceropegia longifolia","OP133586.1 Ceropegia longifolia"
"1344","PV752076.fasta","PV752076.1","Cephalanthera erecta","PV752076.1 Cephalanthera erecta"
"1345","PP551950.fasta","PP551950.1","Betula klokovii","PP551950.1 Betula klokovii"
"1346","OR915891.fasta","OR915891.1","Leontopodium nivale","OR915891.1 Leontopodium nivale"
"1347","PQ834344.fasta","PQ834344.1","Clematis crassipes","PQ834344.1 Clematis crassipes"
"1348","OR990550.fasta","OR990550.1","Tanacetum vulgare","OR990550.1 Tanacetum vulgare"
"1349","PQ591706.fasta","PQ591706.1","Bergenia crassifolia","PQ591706.1 Bergenia crassifolia"
"1350","PV087148.fasta","PV087148.1","Disporopsis pernyi","PV087148.1 Disporopsis pernyi"
"1351","PZ316396.fasta","PZ316396.1","Begonia cylindrica","PZ316396.1 Begonia cylindrica"
"1352","PP898088.fasta","PP898088.1","Artemisia tafelii","PP898088.1 Artemisia tafelii"
"1353","PZ276092.fasta","PZ276092.1","Spiraea thunbergii","PZ276092.1 Spiraea thunbergii"
"1354","PP216498.fasta","PP216498.1","Coelogyne lentiginosa","PP216498.1 Coelogyne lentiginosa"
"1355","OQ851315.fasta","OQ851315.1","Asparagus oligoclonos","OQ851315.1 Asparagus oligoclonos"
"1356","PV870777.fasta","PV870777.1","Barklya syringifolia","PV870777.1 Barklya syringifolia"
"1357","PV364429.fasta","PV364429.1","Vicia hirsuta","PV364429.1 Vicia hirsuta"
"1358","PZ098602.fasta","PZ098602.1","Glyceria striata","PZ098602.1 Glyceria striata"
"1359","PP336755.fasta","PP336755.1","Globularia cordifolia","PP336755.1 Globularia cordifolia"
"1360","PV021566.fasta","PV021566.1","Harrisonia abyssinica","PV021566.1 Harrisonia abyssinica"
"1361","PP681646.fasta","PP681646.1","Oligostachyum shiuyingianum","PP681646.1 Oligostachyum shiuyingianum"
"1362","OR264215.fasta","OR264215.1","Cinnamomum austroyunnanense","OR264215.1 Cinnamomum austroyunnanense"
"1363","PV870743.fasta","PV870743.1","Pentaclethra eetveldeana","PV870743.1 Pentaclethra eetveldeana"
"1364","PP479712.fasta","PP479712.1","Dendrobium crystallinum","PP479712.1 Dendrobium crystallinum"
"1365","PP727293.fasta","PP727293.1","Enkianthus perulatus","PP727293.1 Enkianthus perulatus"
"1366","PV276231.fasta","PV276231.1","Swertia macrosperma","PV276231.1 Swertia macrosperma"
"1367","PX929580.fasta","PX929580.1","Myricaria elegans","PX929580.1 Myricaria elegans"
"1368","ON729361.fasta","ON729361.1","Trichocladus crinitus","ON729361.1 Trichocladus crinitus"
"1369","PV929578.fasta","PV929578.1","Wolffia globosa","PV929578.1 Wolffia globosa"
"1370","PP898105.fasta","PP898105.1","Artemisia adamsii","PP898105.1 Artemisia adamsii"
"1371","ON929847.fasta","ON929847.1","Anabasis eriopoda","ON929847.1 Anabasis eriopoda"
"1372","PX406252.fasta","PX406252.1","Iris chrysographes","PX406252.1 Iris chrysographes"
"1373","PP234527.fasta","PP234527.1","Solms-laubachia parryoides","PP234527.1 Solms-laubachia parryoides"
"1374","PP697868.fasta","PP697868.1","Lonicera microphylla","PP697868.1 Lonicera microphylla"
"1375","PP681651.fasta","PP681651.1","Oligostachyum lanceolatum","PP681651.1 Oligostachyum lanceolatum"
"1376","PV340847.fasta","PV340847.1","Psychopsis sanderae","PV340847.1 Psychopsis sanderae"
"1377","PV528435.fasta","PV528435.1","Phedimus aizoon","PV528435.1 Phedimus aizoon"
"1378","PQ231082.fasta","PQ231082.1","Lagopsis eriostachya","PQ231082.1 Lagopsis eriostachya"
"1379","PP190462.fasta","PP190462.1","Coelogyne punctulata","PP190462.1 Coelogyne punctulata"
"1380","ON880467.fasta","ON880467.1","Actinidia chinensis","ON880467.1 Actinidia chinensis"
"1381","PV564784.fasta","PV564784.1","Aquilegia oxysepala","PV564784.1 Aquilegia oxysepala"
"1382","PP595868.fasta","PP595868.1","Prunus japonica","PP595868.1 Prunus japonica"
"1383","PP868376.fasta","PP868376.1","Phalaenopsis difformis","PP868376.1 Phalaenopsis difformis"
"1384","PQ463296.fasta","PQ463296.1","Volkameria inermis","PQ463296.1 Volkameria inermis"
"1385","PQ869154.fasta","PQ869154.1","Citrullus ecirrhosus","PQ869154.1 Citrullus ecirrhosus"
"1386","PQ144616.fasta","PQ144616.1","Dalbergia cochinchinensis","PQ144616.1 Dalbergia cochinchinensis"
"1387","OR995462.fasta","OR995462.1","Pyrus regelii","OR995462.1 Pyrus regelii"
"1388","PQ010093.fasta","PQ010093.1","Pontederia korsakowii","PQ010093.1 Pontederia korsakowii"
"1389","OR990529.fasta","OR990529.1","Leucanthemum heterophyllum","OR990529.1 Leucanthemum heterophyllum"
"1390","PQ858235.fasta","PQ858235.1","Bencomia exstipulata","PQ858235.1 Bencomia exstipulata"
"1391","PZ011229.fasta","PZ011229.1","Bruguiera gymnorhiza","PZ011229.1 Bruguiera gymnorhiza"
"1392","PX694257.fasta","PX694257.1","Hibiscus indicus","PX694257.1 Hibiscus indicus"
"1393","PX427820.fasta","PX427820.1","Fritillaria davidii","PX427820.1 Fritillaria davidii"
"1394","OR995413.fasta","OR995413.1","Aronia arbutifolia","OR995413.1 Aronia arbutifolia"
"1395","PZ239426.fasta","PZ239426.1","Syringa tomentella","PZ239426.1 Syringa tomentella"
"1396","PP190937.fasta","PP190937.1","Valeriana saxatilis","PP190937.1 Valeriana saxatilis"
"1397","PX309516.fasta","PX309516.1","Ctenanthe marantifolia","PX309516.1 Ctenanthe marantifolia"
"1398","PP697860.fasta","PP697860.1","Lonicera ferdinandi","PP697860.1 Lonicera ferdinandi"
"1399","PV409678.fasta","PV409678.1","Lanaria lanata","PV409678.1 Lanaria lanata"
"1400","PV548693.fasta","PV548693.1","Lappula pavlovii","PV548693.1 Lappula pavlovii"
"1401","OM949924.fasta","OM949924.1","Actinidia linguiensis","OM949924.1 Actinidia linguiensis"
"1402","PP328799.fasta","PP328799.1","Acer pseudoplatanus","PP328799.1 Acer pseudoplatanus"
"1403","PV564778.fasta","PV564778.1","Aquilegia moorcroftiana","PV564778.1 Aquilegia moorcroftiana"
"1404","PP999725.fasta","PP999725.1","Gelidocalamus monophyllus","PP999725.1 Gelidocalamus monophyllus"
"1405","PP234560.fasta","PP234560.1","Potentilla parvifolia","PP234560.1 Potentilla parvifolia"
"1406","PP484635.fasta","PP484635.1","Neotinea ustulata","PP484635.1 Neotinea ustulata"
"1407","PZ291611.fasta","PZ291611.1","Rhizophora mangle","PZ291611.1 Rhizophora mangle"
"1408","PV608437.fasta","PV608437.1","Gymnotheca involucrata","PV608437.1 Gymnotheca involucrata"
"1409","PX647581.fasta","PX647581.1","Papuacalia mogrere","PX647581.1 Papuacalia mogrere"
"1410","PX380673.fasta","PX380673.1","Delphinium thibeticum","PX380673.1 Delphinium thibeticum"
"1411","PP024532.fasta","PP024532.1","Ajuga genevensis","PP024532.1 Ajuga genevensis"
"1412","PP883928.fasta","PP883928.1","Monnina loxensis","PP883928.1 Monnina loxensis"
"1413","PV684031.fasta","PV684031.1","Oxytropis coerulea","PV684031.1 Oxytropis coerulea"
"1414","PZ316431.fasta","PZ316431.1","Begonia polygonoides","PZ316431.1 Begonia polygonoides"
"1415","PX363582.fasta","PX363582.1","Phoebe yaiensis","PX363582.1 Phoebe yaiensis"
"1416","PV915200.fasta","PV915200.1","Hygrophila polysperma","PV915200.1 Hygrophila polysperma"
"1417","OM949885.fasta","OM949885.1","Actinidia sorbifolia","OM949885.1 Actinidia sorbifolia"
"1418","PX309533.fasta","PX309533.1","Nerium oleander","PX309533.1 Nerium oleander"
"1419","PQ276655.fasta","PQ276655.1","Opuntia sulphurea","PQ276655.1 Opuntia sulphurea"
"1420","PQ551046.fasta","PQ551046.1","Tongoloa loloensis","PQ551046.1 Tongoloa loloensis"
"1421","PZ239404.fasta","PZ239404.1","Syringa vulgaris","PZ239404.1 Syringa vulgaris"
"1422","PP216490.fasta","PP216490.1","Pleione limprichtii","PP216490.1 Pleione limprichtii"
"1423","OR264240.fasta","OR264240.1","Cinnamomum rufotomentosum","OR264240.1 Cinnamomum rufotomentosum"
"1424","MK204359.fasta","MK204359.1","Paphiopedilum purpuratum","MK204359.1 Paphiopedilum purpuratum"
"1425","OR264208.fasta","OR264208.1","Alseodaphnopsis hainanensis","OR264208.1 Alseodaphnopsis hainanensis"
"1426","OP514744.fasta","OP514744.1","Syringa julianae","OP514744.1 Syringa julianae"
"1427","PV929694.fasta","PV929694.1","Myriophyllum ussuriense","PV929694.1 Myriophyllum ussuriense"
"1428","PZ316435.fasta","PZ316435.1","Begonia ravenii","PZ316435.1 Begonia ravenii"
"1429","PV802398.fasta","PV802398.1","Sorbus glomerulata","PV802398.1 Sorbus glomerulata"
"1430","PX501762.fasta","PX501762.1","Verbena bonariensis","PX501762.1 Verbena bonariensis"
"1431","PP531552.fasta","PP531552.1","Acronema paniculatum","PP531552.1 Acronema paniculatum"
"1432","OQ736745.fasta","OQ736745.1","Hedysarum chaitocarpum","OQ736745.1 Hedysarum chaitocarpum"
"1433","OL875063.fasta","OL875063.1","Eremurus fuscus","OL875063.1 Eremurus fuscus"
"1434","OR909645.fasta","OR909645.1","Pilosella hoppeana","OR909645.1 Pilosella hoppeana"
"1435","PP262135.fasta","PP262135.1","Rhodiola wallichiana","PP262135.1 Rhodiola wallichiana"
"1436","PV621858.fasta","PV621858.1","Ranunculus glacialis","PV621858.1 Ranunculus glacialis"
"1437","PZ316445.fasta","PZ316445.1","Begonia ulmifolia","PZ316445.1 Begonia ulmifolia"
"1438","PZ258590.fasta","PZ258590.1","Begonia glabra","PZ258590.1 Begonia glabra"
"1439","PQ276665.fasta","PQ276665.1","Lithocarpus konishii","PQ276665.1 Lithocarpus konishii"
"1440","OM949902.fasta","OM949902.1","Actinidia lanceolata","OM949902.1 Actinidia lanceolata"
"1441","PP484641.fasta","PP484641.1","Poa pratensis","PP484641.1 Poa pratensis"
"1442","PX130364.fasta","PX130364.1","Syzygium rotundifolium","PX130364.1 Syzygium rotundifolium"
"1443","OP133572.fasta","OP133572.1","Fockea multiflora","OP133572.1 Fockea multiflora"
"1444","PP541872.fasta","PP541872.1","Prunus mahaleb","PP541872.1 Prunus mahaleb"
"1445","PX125905.fasta","PX125905.1","Syzygium mackinnonianum","PX125905.1 Syzygium mackinnonianum"
"1446","PQ415180.fasta","PQ415180.1","Malus domestica","PQ415180.1 Malus domestica"
"1447","OR521098.fasta","OR521098.1","Pellionia pellucida","OR521098.1 Pellionia pellucida"
"1448","PZ316411.fasta","PZ316411.1","Begonia lanceolata","PZ316411.1 Begonia lanceolata"
"1449","PZ316430.fasta","PZ316430.1","Begonia polilloensis","PZ316430.1 Begonia polilloensis"
"1450","PP024531.fasta","PP024531.1","Clinopodium alpinum","PP024531.1 Clinopodium alpinum"
"1451","PV008709.fasta","PV008709.1","Ventilago harmandiana","PV008709.1 Ventilago harmandiana"
"1452","BK071847.fasta","BK071847.1","Jurinea humilis","BK071847.1 Jurinea humilis"
"1453","PP103314.1.fasta","PP103314.1","Equisetum arvense","PP103314.1 Equisetum arvense"
"1454","PQ834960.fasta","PQ834960.1","Robinia neomexicana","PQ834960.1 Robinia neomexicana"
"1455","PP697884.fasta","PP697884.1","Lonicera angustifolia","PP697884.1 Lonicera angustifolia"
"1456","PX833239.fasta","PX833239.1","Malus brevipes","PX833239.1 Malus brevipes"
"1457","PV631426.fasta","PV631426.1","Seseli giganteum","PV631426.1 Seseli giganteum"
"1458","PX380650.fasta","PX380650.1","Aconitum vilmorinianum","PX380650.1 Aconitum vilmorinianum"
"1459","PQ246290.fasta","PQ246290.1","Magnolia fordiana","PQ246290.1 Magnolia fordiana"
"1460","PP811661.fasta","PP811661.1","Cornus sericea","PP811661.1 Cornus sericea"
"1461","BK071869.fasta","BK071869.1","Tyrimnus leucographus","BK071869.1 Tyrimnus leucographus"
"1462","PQ283267.fasta","PQ283267.1","Crataegus shandongensis","PQ283267.1 Crataegus shandongensis"
"1463","OR565959.fasta","OR565959.1","Paraphlomis membranacea","OR565959.1 Paraphlomis membranacea"
"1464","PX309540.fasta","PX309540.1","Syngonium podophyllum","PX309540.1 Syngonium podophyllum"
"1465","PP484612.fasta","PP484612.1","Neottia ovata","PP484612.1 Neottia ovata"
"1466","OR783471.fasta","OR783471.1","Gamochaeta erythractis","OR783471.1 Gamochaeta erythractis"
"1467","OP531905.fasta","OP531905.1","Syringa wolfii","OP531905.1 Syringa wolfii"
"1468","PV423694.1.fasta","PV423694.1","Stephanocyclus meneghinianus","PV423694.1 Stephanocyclus meneghinianus"
"1469","PQ834813.fasta","PQ834813.1","Allophylus viridis","PQ834813.1 Allophylus viridis"
"1470","ON470829.fasta","ON470829.1","Conioselinum chinense","ON470829.1 Conioselinum chinense"
"1471","PP565779.fasta","PP565779.1","Populus butuoensis","PP565779.1 Populus butuoensis"
"1472","PP234582.fasta","PP234582.1","Artemisia wellbyi","PP234582.1 Artemisia wellbyi"
"1473","PV294933.fasta","PV294933.1","Habenaria delavayi","PV294933.1 Habenaria delavayi"
"1474","PQ874734.fasta","PQ874734.1","Clematis mauritiana","PQ874734.1 Clematis mauritiana"
"1475","PZ316394.fasta","PZ316394.1","Begonia cubensis","PZ316394.1 Begonia cubensis"
"1476","PQ874744.fasta","PQ874744.1","Clematis pierotii","PQ874744.1 Clematis pierotii"
"1477","PP530891.fasta","PP530891.1","Trachydium involucellatum","PP530891.1 Trachydium involucellatum"
"1478","OM948749.fasta","OM948749.1","Androsace ciliifolia","OM948749.1 Androsace ciliifolia"
"1479","ON929858.fasta","ON929858.1","Caroxylon orientale","ON929858.1 Caroxylon orientale"
"1480","PP203122.fasta","PP203122.1","Gentiana pneumonanthe","PP203122.1 Gentiana pneumonanthe"
"1481","PZ095193.fasta","PZ095193.1","Euphrasia salisburgensis","PZ095193.1 Euphrasia salisburgensis"
"1482","OR995482.fasta","OR995482.1","Alniaria folgneri","OR995482.1 Alniaria folgneri"
"1483","PV870855.fasta","PV870855.1","Salvia aethiopis","PV870855.1 Salvia aethiopis"
"1484","PZ130065.fasta","PZ130065.1","Scutellaria striatella","PZ130065.1 Scutellaria striatella"
"1485","PP887495.fasta","PP887495.1","Aquilaria sinensis","PP887495.1 Aquilaria sinensis"
"1486","PV423691.1.fasta","PV423691.1","Thalassiosira delicatula","PV423691.1 Thalassiosira delicatula"
"1487","PV564758.fasta","PV564758.1","Aquilegia flavescens","PV564758.1 Aquilegia flavescens"
"1488","PX309526.fasta","PX309526.1","Heliconia acuminata","PX309526.1 Heliconia acuminata"
"1489","BK065794.fasta","BK065794.1","Triumfetta johnstonii","BK065794.1 Triumfetta johnstonii"
"1490","PV564794.fasta","PV564794.1","Aquilegia synakensis","PV564794.1 Aquilegia synakensis"
"1491","OM949909.fasta","OM949909.1","Actinidia suberifolia","OM949909.1 Actinidia suberifolia"
"1492","PX703156.1.fasta","PX703156.1","Amentotaxus yunnanensis","PX703156.1 Amentotaxus yunnanensis"
"1493","OR712476.fasta","OR712476.1","Minquartia guianensis","OR712476.1 Minquartia guianensis"
"1494","PZ148117.fasta","PZ148117.1","Spiraea microgyna","PZ148117.1 Spiraea microgyna"
"1495","PP165063.fasta","PP165063.1","Rhodiola rosea","PP165063.1 Rhodiola rosea"
"1496","PP272183.fasta","PP272183.1","Teucrium chamaedrys","PP272183.1 Teucrium chamaedrys"
"1497","PX230048.fasta","PX230048.1","Cousinia stellaris","PX230048.1 Cousinia stellaris"
"1498","PX957146.fasta","PX957146.2","Lycoris chunxiaoensis","PX957146.2 Lycoris chunxiaoensis"
"1499","PX130321.fasta","PX130321.1","Syzygium gilletii","PX130321.1 Syzygium gilletii"
"1500","PV083601.fasta","PV083601.1","Styrax aureus","PV083601.1 Styrax aureus"
"1501","PX122078.fasta","PX122078.1","Erythronium citrinum","PX122078.1 Erythronium citrinum"
"1502","OP686973.fasta","OP686973.1","Excoecaria agallocha","OP686973.1 Excoecaria agallocha"
"1503","PQ874742.fasta","PQ874742.1","Clematis orientalis","PQ874742.1 Clematis orientalis"
"1504","PZ168318.fasta","PZ168318.1","Saxifraga zhiminiae","PZ168318.1 Saxifraga zhiminiae"
"1505","PP190938.fasta","PP190938.1","Viscaria vulgaris","PP190938.1 Viscaria vulgaris"
"1506","PQ533856.fasta","PQ533856.1","Silene banksia","PQ533856.1 Silene banksia"
"1507","PP811663.fasta","PP811663.1","Cypripedium debile","PP811663.1 Cypripedium debile"
"1508","PX297406.fasta","PX297406.1","Phoebe puwenensis","PX297406.1 Phoebe puwenensis"
"1509","PV097784.fasta","PV097784.1","Cleome houtteana","PV097784.1 Cleome houtteana"
"1510","PV870775.fasta","PV870775.1","Ormocarpum trichocarpum","PV870775.1 Ormocarpum trichocarpum"
"1511","PP316514.fasta","PP316514.1","Anacamptis pyramidalis","PP316514.1 Anacamptis pyramidalis"
"1512","OP514740.fasta","OP514740.1","Syringa pinnatifolia","OP514740.1 Syringa pinnatifolia"
"1513","PP747016.fasta","PP747016.1","Cedrela fissilis","PP747016.1 Cedrela fissilis"
"1514","ON729388.fasta","ON729388.1","Dicoryphe viticoides","ON729388.1 Dicoryphe viticoides"
"1515","OR990533.fasta","OR990533.1","Pentanema hirtum","OR990533.1 Pentanema hirtum"
"1516","PV785968.fasta","PV785968.1","Commidendrum rugosum","PV785968.1 Commidendrum rugosum"
"1517","PX644753.fasta","PX644753.1","Garcinia multiflora","PX644753.1 Garcinia multiflora"
"1518","PQ647015.fasta","PQ647015.1","Impatiens distracta","PQ647015.1 Impatiens distracta"
"1519","PP887496.fasta","PP887496.1","Aquilaria crassna","PP887496.1 Aquilaria crassna"
"1520","PP622718.fasta","PP622718.1","Veronica chamaedrys","PP622718.1 Veronica chamaedrys"
"1521","PV564742.fasta","PV564742.1","Aquilegia coerulea","PV564742.1 Aquilegia coerulea"
"1522","OM948756.fasta","OM948756.1","Androsace mariae","OM948756.1 Androsace mariae"
"1523","PP584592.fasta","PP584592.1","Broussonetia monoica","PP584592.1 Broussonetia monoica"
"1524","PP479684.fasta","PP479684.1","Dendrobium salaccense","PP479684.1 Dendrobium salaccense"
"1525","PV684035.fasta","PV684035.1","Oxytropis sericopetala","PV684035.1 Oxytropis sericopetala"
"1526","PQ585797.fasta","PQ585797.1","Nassella tenuissima","PQ585797.1 Nassella tenuissima"
"1527","PP103301.fasta","PP103301.1","Capsella rubella","PP103301.1 Capsella rubella"
"1528","PX380655.fasta","PX380655.1","Delphinium beesianum","PX380655.1 Delphinium beesianum"
"1529","PQ210159.fasta","PQ210159.1","Muscari serpentinicum","PQ210159.1 Muscari serpentinicum"
"1530","PP328783.fasta","PP328783.1","Bromus diandrus","PP328783.1 Bromus diandrus"
"1531","PP078696.fasta","PP078696.1","Ribes fasciculatum","PP078696.1 Ribes fasciculatum"
"1532","PP484616.fasta","PP484616.1","Lysimachia punctata","PP484616.1 Lysimachia punctata"
"1533","PZ316432.fasta","PZ316432.1","Begonia pustulata","PZ316432.1 Begonia pustulata"
"1534","PV335040.fasta","PV335040.1","Xerophyta simulans","PV335040.1 Xerophyta simulans"
"1535","PP078859.fasta","PP078859.1","Pachypleurum alpinum","PP078859.1 Pachypleurum alpinum"
"1536","PP346788.fasta","PP346788.1","Polygonatum lasianthum","PP346788.1 Polygonatum lasianthum"
"1537","PQ468986.fasta","PQ468986.1","Lysionotus atropurpureus","PQ468986.1 Lysionotus atropurpureus"
"1538","PP898093.fasta","PP898093.1","Artemisia yunnanensis","PP898093.1 Artemisia yunnanensis"
"1539","PZ098604.fasta","PZ098604.1","Glyceria fluitans","PZ098604.1 Glyceria fluitans"
"1540","OQ549900.fasta","OQ549900.1","Styrax suberifolius","OQ549900.1 Styrax suberifolius"
"1541","PQ625802.fasta","PQ625802.1","Eusideroxylon zwageri","PQ625802.1 Eusideroxylon zwageri"
"1542","PV564788.fasta","PV564788.1","Aquilegia rockii","PV564788.1 Aquilegia rockii"
"1543","OR187838.fasta","OR187838.1","Breynia androgyna","OR187838.1 Breynia androgyna"
"1544","OR909625.fasta","OR909625.1","Cirsium vulgare","OR909625.1 Cirsium vulgare"
"1545","PV786061.fasta","PV786061.1","Rosa kokanica","PV786061.1 Rosa kokanica"
"1546","PV591338.fasta","PV591338.1","Phlomoides rotata","PV591338.1 Phlomoides rotata"
"1547","OQ851347.fasta","OQ851347.1","Asparagus macowanii","OQ851347.1 Asparagus macowanii"
"1548","PV087172.fasta","PV087172.1","Theropogon pallidus","PV087172.1 Theropogon pallidus"
"1549","PP328793.fasta","PP328793.1","Chaenorhinum minus","PP328793.1 Chaenorhinum minus"
"1550","PP078685.fasta","PP078685.1","Sedum spiralifolium","PP078685.1 Sedum spiralifolium"
"1551","PV928260.fasta","PV928260.1","Benthamiella patagonica","PV928260.1 Benthamiella patagonica"
"1552","PV423692.1.fasta","PV423692.1","Porosira pseudodenticulata","PV423692.1 Porosira pseudodenticulata"
"1553","PP952457.fasta","PP952457.1","Capsicum baccatum","PP952457.1 Capsicum baccatum"
"1554","PX125908.fasta","PX125908.1","Syzygium ngoyense","PX125908.1 Syzygium ngoyense"
"1555","PQ835017.fasta","PQ835017.1","Lycium dasystemum","PQ835017.1 Lycium dasystemum"
"1556","PV094900.fasta","PV094900.1","Hydrocotyle chiangdaoensis","PV094900.1 Hydrocotyle chiangdaoensis"
"1557","PX316975.fasta","PX316975.1","Primulina xingyiensis","PX316975.1 Primulina xingyiensis"
"1558","PX878715.fasta","PX878715.1","Allium microdictyon","PX878715.1 Allium microdictyon"
"1559","PV929693.fasta","PV929693.1","Myriophyllum spicatum","PV929693.1 Myriophyllum spicatum"
"1560","PV069737.fasta","PV069737.1","Beta vulgaris","PV069737.1 Beta vulgaris"
"1561","PX724626.fasta","PX724626.1","Hippeastrum haywardii","PX724626.1 Hippeastrum haywardii"
"1562","PV564799.fasta","PV564799.1","Aquilegia viscosa","PV564799.1 Aquilegia viscosa"
"1563","PQ573026.fasta","PQ573026.1","Sagina maxima","PQ573026.1 Sagina maxima"
"1564","PQ539949.fasta","PQ539949.1","Camellia kweichowensis","PQ539949.1 Camellia kweichowensis"
"1565","PP595880.fasta","PP595880.1","Prunus sibirica","PP595880.1 Prunus sibirica"
"1566","PV087166.fasta","PV087166.1","Polygonatum tessellatum","PV087166.1 Polygonatum tessellatum"
"1567","PV487598.fasta","PV487598.1","Rosa freitagii","PV487598.1 Rosa freitagii"
"1568","OQ503556.fasta","OQ503556.1","Camellia quinquelocularis","OQ503556.1 Camellia quinquelocularis"
"1569","PX501753.fasta","PX501753.1","Persicaria lapathifolia","PX501753.1 Persicaria lapathifolia"
"1570","PX396008.fasta","PX396008.1","Syzygium attenuatum","PX396008.1 Syzygium attenuatum"
"1571","PV480546.fasta","PV480546.1","Vicia hybrida","PV480546.1 Vicia hybrida"
"1572","PV200213.fasta","PV200213.1","Croton kongensis","PV200213.1 Croton kongensis"
"1573","PP898099.fasta","PP898099.1","Artemisia tangutica","PP898099.1 Artemisia tangutica"
"1574","PV330320.fasta","PV330320.1","Rubus spectabilis","PV330320.1 Rubus spectabilis"
"1575","PZ180086.fasta","PZ180086.1","Camellia cattienensis","PZ180086.1 Camellia cattienensis"
"1576","PZ316418.fasta","PZ316418.1","Begonia luzonensis","PZ316418.1 Begonia luzonensis"
"1577","ON929849.fasta","ON929849.1","Anabasis elatior","ON929849.1 Anabasis elatior"
"1578","PP291720.fasta","PP291720.1","Ficus sarmentosa","PP291720.1 Ficus sarmentosa"
"1579","PZ127291.fasta","PZ127291.1","Taxillus sutchuenensis","PZ127291.1 Taxillus sutchuenensis"
"1580","PV640851.fasta","PV640851.1","Odontostemma yunnanense","PV640851.1 Odontostemma yunnanense"
"1581","PV564793.fasta","PV564793.1","Aquilegia skinneri","PV564793.1 Aquilegia skinneri"
"1582","PX380677.fasta","PX380677.1","Delphinium yuanum","PX380677.1 Delphinium yuanum"
"1583","PP999736.fasta","PP999736.1","Gelidocalamus solidus","PP999736.1 Gelidocalamus solidus"
"1584","PP328812.fasta","PP328812.1","Trifolium aureum","PP328812.1 Trifolium aureum"
"1585","PP346794.fasta","PP346794.1","Polygonatum falcatum","PP346794.1 Polygonatum falcatum"
"1586","PQ231086.fasta","PQ231086.1","Lagopsis flava","PQ231086.1 Lagopsis flava"
"1587","PQ675797.fasta","PQ675797.1","Actaea dahurica","PQ675797.1 Actaea dahurica"
"1588","PV991053.fasta","PV991053.1","Salvia lilacinocoerulea","PV991053.1 Salvia lilacinocoerulea"
"1589","OR264237.fasta","OR264237.1","Cinnamomum pingbienense","OR264237.1 Cinnamomum pingbienense"
"1590","PP328804.fasta","PP328804.1","Medicago sativa","PP328804.1 Medicago sativa"
"1591","MW420956.fasta","MW420956.1","Scutellaria strigillosa","MW420956.1 Scutellaria strigillosa"
"1592","PV870818.fasta","PV870818.1","Pericopsis mooniana","PV870818.1 Pericopsis mooniana"
"1593","PX112427.1.fasta","PX112427.1","Oistococcus okinawensis","PX112427.1 Oistococcus okinawensis"
"1594","OL852094.fasta","OL852094.1","Eremurus luteus","OL852094.1 Eremurus luteus"
"1595","PP103299.fasta","PP103299.1","Betonica alopecuros","PP103299.1 Betonica alopecuros"
"1596","PQ031219.fasta","PQ031219.1","Sorbus tapashana","PQ031219.1 Sorbus tapashana"
"1597","PV871822.fasta","PV871822.1","Dirachma socotrana","PV871822.1 Dirachma socotrana"
"1598","PV928964.fasta","PV928964.1","Citrus maxima","PV928964.1 Citrus maxima"
"1599","PX427821.fasta","PX427821.1","Fritillaria delavayi","PX427821.1 Fritillaria delavayi"
"1600","OP964001.fasta","OP964001.1","Crataegus maximowiczii","OP964001.1 Crataegus maximowiczii"
"1601","PX380624.fasta","PX380624.1","Aconitum fischeri","PX380624.1 Aconitum fischeri"
"1602","PV087168.fasta","PV087168.1","Ruscus hypophyllum","PV087168.1 Ruscus hypophyllum"
"1603","PQ551055.fasta","PQ551055.1","Tongoloa elata","PQ551055.1 Tongoloa elata"
"1604","OR264243.fasta","OR264243.1","Cinnamomum subavenium","OR264243.1 Cinnamomum subavenium"
"1605","PZ161428.fasta","PZ161428.1","Vachellia tortilis","PZ161428.1 Vachellia tortilis"
"1606","PX370051.fasta","PX370051.1","Gelasia circumflexa","PX370051.1 Gelasia circumflexa"
"1607","OR774903.fasta","OR774903.1","Meconopsis biluoensis","OR774903.1 Meconopsis biluoensis"
"1608","OQ220351.fasta","OQ220351.1","Ludwigia hyssopifolia","OQ220351.1 Ludwigia hyssopifolia"
"1609","PZ316440.fasta","PZ316440.1","Begonia soli-mutata","PZ316440.1 Begonia soli-mutata"
"1610","PQ468993.fasta","PQ468993.1","Lysionotus forrestii","PQ468993.1 Lysionotus forrestii"
"1611","PQ112545.fasta","PQ112545.1","Aspidopterys concava","PQ112545.1 Aspidopterys concava"
"1612","OR493269.fasta","OR493269.1","Quercus senescens","OR493269.1 Quercus senescens"
"1613","PZ239425.fasta","PZ239425.1","Syringa x","PZ239425.1 Syringa x"
"1614","PP541874.fasta","PP541874.1","Ficaria verna","PP541874.1 Ficaria verna"
"1615","MW029457.fasta","MW029457.1","Firmiana pulcherrima","MW029457.1 Firmiana pulcherrima"
"1616","OL852093.fasta","OL852093.1","Eremurus kaufmannii","OL852093.1 Eremurus kaufmannii"
"1617","PQ459323.fasta","PQ459323.1","Chimonobambusa tumidissinoda","PQ459323.1 Chimonobambusa tumidissinoda"
"1618","OR159829.fasta","OR159829.1","Dalbergia rostrata","OR159829.1 Dalbergia rostrata"
"1619","PQ010623.fasta","PQ010623.1","Yushania rubrovaginata","PQ010623.1 Yushania rubrovaginata"
"1620","PQ874719.fasta","PQ874719.1","Clematis hexapetala","PQ874719.1 Clematis hexapetala"
"1621","PP727297.fasta","PP727297.1","Enkianthus tubulatus","PP727297.1 Enkianthus tubulatus"
"1622","PP840335.fasta","PP840335.1","Veronica hederifolia","PP840335.1 Veronica hederifolia"
"1623","PQ874761.fasta","PQ874761.1","Clematis tashiroi","PQ874761.1 Clematis tashiroi"
"1624","PV356815.1.fasta","PV356815.1","Cyclotella aff","PV356815.1 Cyclotella aff"
"1625","PV761671.fasta","PV761671.1","Astragalus membranaceus","PV761671.1 Astragalus membranaceus"
"1626","PP541898.fasta","PP541898.1","Primula elatior","PP541898.1 Primula elatior"
"1627","PZ168341.fasta","PZ168341.1","Rosularia adenotricha","PZ168341.1 Rosularia adenotricha"
"1628","PX406260.fasta","PX406260.1","Iris ventricosa","PX406260.1 Iris ventricosa"
"1629","OR946459.fasta","OR946459.1","Magnolia ernestii","OR946459.1 Magnolia ernestii"
"1630","PP697887.fasta","PP697887.1","Lonicera rupicola","PP697887.1 Lonicera rupicola"
"1631","PV870735.fasta","PV870735.1","Zapoteca formosa","PV870735.1 Zapoteca formosa"
"1632","PQ389802.fasta","PQ389802.1","Cousinia subcandicans","PQ389802.1 Cousinia subcandicans"
"1633","PX130305.fasta","PX130305.1","Syzygium amplum","PX130305.1 Syzygium amplum"
"1634","OR159821.fasta","OR159821.1","Dalbergia lanceolaria","OR159821.1 Dalbergia lanceolaria"
"1635","PV423711.1.fasta","PV423711.1","Discostella asterocostata","PV423711.1 Discostella asterocostata"
"1636","PP316515.fasta","PP316515.1","Anagallis arvensis","PP316515.1 Anagallis arvensis"
"1637","PQ278975.fasta","PQ278975.1","Crinum brachynema","PQ278975.1 Crinum brachynema"
"1638","PV700501.fasta","PV700501.1","Glochidion puberum","PV700501.1 Glochidion puberum"
"1639","PP203134.fasta","PP203134.1","Securigera varia","PP203134.1 Securigera varia"
"1640","PX126038.1.fasta","PX126038.1","Rhopalodia californica","PX126038.1 Rhopalodia californica"
"1641","PV335037.fasta","PV335037.1","Xerophyta squarrosa","PV335037.1 Xerophyta squarrosa"
"1642","PX380670.fasta","PX380670.1","Delphinium spirocentrum","PX380670.1 Delphinium spirocentrum"
"1643","PX022963.fasta","PX022963.1","Jacaratia spinosa","PX022963.1 Jacaratia spinosa"
"1644","PP328784.fasta","PP328784.1","Bromus condensatus","PP328784.1 Bromus condensatus"
"1645","PV083607.fasta","PV083607.1","Styrax leprosus","PV083607.1 Styrax leprosus"
"1646","PQ576948.fasta","PQ576948.1","Pseudosasa hindsii","PQ576948.1 Pseudosasa hindsii"
"1647","ON729384.fasta","ON729384.1","Cercidiphyllum magnificum","ON729384.1 Cercidiphyllum magnificum"
"1648","OR935797.fasta","OR935797.1","Fritillaria olgae","OR935797.1 Fritillaria olgae"
"1649","PX111644.fasta","PX111644.1","Viburnum mongolicum","PX111644.1 Viburnum mongolicum"
"1650","PP234561.fasta","PP234561.1","Hymenidium hedinii","PP234561.1 Hymenidium hedinii"
"1651","OL875059.fasta","OL875059.1","Eremurus tianschanicus","OL875059.1 Eremurus tianschanicus"
"1652","PX125919.fasta","PX125919.1","Syzygium urceolatum","PX125919.1 Syzygium urceolatum"
"1653","PQ472914.fasta","PQ472914.1","Dendrocalamus brandisii","PQ472914.1 Dendrocalamus brandisii"
"1654","PP203119.fasta","PP203119.1","Gentiana clusii","PP203119.1 Gentiana clusii"
"1655","PX171330.fasta","PX171330.1","Iris wattii","PX171330.1 Iris wattii"
"1656","PQ898998.fasta","PQ898998.1","Myricaria germanica","PQ898998.1 Myricaria germanica"
"1657","PX396003.fasta","PX396003.1","Syzygium bankense","PX396003.1 Syzygium bankense"
"1658","PP328791.fasta","PP328791.1","Cephalanthera damasonium","PP328791.1 Cephalanthera damasonium"
"1659","OP133589.fasta","OP133589.1","Kopsia fruticosa","OP133589.1 Kopsia fruticosa"
"1660","PV684028.fasta","PV684028.1","Oxytropis diversifolia","PV684028.1 Oxytropis diversifolia"
"1661","OQ736726.fasta","OQ736726.1","Hedysarum denticulatum","OQ736726.1 Hedysarum denticulatum"
"1662","PV423715.1.fasta","PV423715.1","Cyclotella choctawhatcheeana","PV423715.1 Cyclotella choctawhatcheeana"
"1663","PX108613.fasta","PX108613.1","Syzygium pycnanthum","PX108613.1 Syzygium pycnanthum"
"1664","PQ790014.fasta","PQ790014.1","Prasoxylon excelsum","PQ790014.1 Prasoxylon excelsum"
"1665","PQ551026.fasta","PQ551026.1","Hymenidium rivulorum","PQ551026.1 Hymenidium rivulorum"
"1666","PX413299.fasta","PX413299.1","Mespilus germanica","PX413299.1 Mespilus germanica"
"1667","PQ612866.fasta","PQ612866.1","Impatiens siculifer","PQ612866.1 Impatiens siculifer"
"1668","PQ585772.fasta","PQ585772.1","Lappula consanguinea","PQ585772.1 Lappula consanguinea"
"1669","PV055067.fasta","PV055067.1","Polygonatum caulialatum","PV055067.1 Polygonatum caulialatum"
"1670","PP697892.fasta","PP697892.1","Lonicera tragophylla","PP697892.1 Lonicera tragophylla"
"1671","PV005926.fasta","PV005926.1","Zea perennis","PV005926.1 Zea perennis"
"1672","PX924392.fasta","PX924392.1","Takhtajaniantha tau-saghyz","PX924392.1 Takhtajaniantha tau-saghyz"
"1673","OR400160.fasta","OR400160.1","Lilium lancifolium","OR400160.1 Lilium lancifolium"
"1674","PV744406.fasta","PV744406.1","Rosa deqenensis","PV744406.1 Rosa deqenensis"
"1675","PQ728876.fasta","PQ728876.1","Ascarina swamyana","PQ728876.1 Ascarina swamyana"
"1676","PQ240608.fasta","PQ240608.1","Cousinia orthacantha","PQ240608.1 Cousinia orthacantha"
"1677","PP975607.fasta","PP975607.1","Rhodiola coccinea","PP975607.1 Rhodiola coccinea"
"1678","PP103310.fasta","PP103310.1","Colchicum autumnale","PP103310.1 Colchicum autumnale"
"1679","OR712477.fasta","OR712477.1","Misodendrum brachystachyum","OR712477.1 Misodendrum brachystachyum"
"1680","PP693371.fasta","PP693371.1","Crepis paludosa","PP693371.1 Crepis paludosa"
"1681","PP531558.fasta","PP531558.1","Acronema minus","PP531558.1 Acronema minus"
"1682","PZ098597.fasta","PZ098597.1","Glyceria obtusa","PZ098597.1 Glyceria obtusa"
"1683","PP479747.fasta","PP479747.1","Dendrobium chrysotoxum","PP479747.1 Dendrobium chrysotoxum"
"1684","PV564732.fasta","PV564732.1","Aquilegia atrata","PV564732.1 Aquilegia atrata"
"1685","PQ762215.fasta","PQ762215.1","Rutidosis leptorrhynchoides","PQ762215.1 Rutidosis leptorrhynchoides"
"1686","PZ316416.fasta","PZ316416.1","Begonia longifolia","PZ316416.1 Begonia longifolia"
"1687","OR712475.fasta","OR712475.1","Harmandia mekongensis","OR712475.1 Harmandia mekongensis"
"1688","PQ586436.fasta","PQ586436.1","Chaetoseris hastata","PQ586436.1 Chaetoseris hastata"
"1689","PV712663.fasta","PV712663.1","Lepidium densiflorum","PV712663.1 Lepidium densiflorum"
"1690","PZ289360.fasta","PZ289360.1","Bothriospermum chinense","PZ289360.1 Bothriospermum chinense"
"1691","PX380631.fasta","PX380631.1","Aconitum kusnezoffii","PX380631.1 Aconitum kusnezoffii"
"1692","PZ316393.fasta","PZ316393.1","Begonia conchifolia","PZ316393.1 Begonia conchifolia"
"1693","PX394660.fasta","PX394660.1","Rhamnella franguloides","PX394660.1 Rhamnella franguloides"
"1694","PZ369840.fasta","PZ369840.1","Hedysarum polybotrys","PZ369840.1 Hedysarum polybotrys"
"1695","PX130338.fasta","PX130338.1","Syzygium mamillatum","PX130338.1 Syzygium mamillatum"
"1696","PV110184.fasta","PV110184.1","Garcinia bracteata","PV110184.1 Garcinia bracteata"
"1697","PQ585780.fasta","PQ585780.1","Lappula drobovii","PQ585780.1 Lappula drobovii"
"1698","PZ098593.fasta","PZ098593.1","Glyceria grandis","PZ098593.1 Glyceria grandis"
"1699","OR855733.fasta","OR855733.1","Acorus gramineus","OR855733.1 Acorus gramineus"
"1700","PQ963003.fasta","PQ963003.1","Dracocephalum ruyschiana","PQ963003.1 Dracocephalum ruyschiana"
"1701","PQ877661.fasta","PQ877661.1","Impatiens sunii","PQ877661.1 Impatiens sunii"
"1702","PX125817.fasta","PX125817.1","Pueraria montana","PX125817.1 Pueraria montana"
"1703","PX406258.fasta","PX406258.1","Iris tectorum","PX406258.1 Iris tectorum"
"1704","OL891517.fasta","OL891517.1","Alnus lanata","OL891517.1 Alnus lanata"
"1705","PQ456185.fasta","PQ456185.1","Fraxinus baroniana","PQ456185.1 Fraxinus baroniana"
"1706","PV915198.fasta","PV915198.1","Camellia sinensis","PV915198.1 Camellia sinensis"
"1707","PX122083.fasta","PX122083.1","Erythronium revolutum","PX122083.1 Erythronium revolutum"
"1708","PZ239423.fasta","PZ239423.1","Syringa microphylla","PZ239423.1 Syringa microphylla"
"1709","PZ258586.fasta","PZ258586.1","Begonia convolvulacea","PZ258586.1 Begonia convolvulacea"
"1710","PQ891889.fasta","PQ891889.1","Rhamnella wilsonii","PQ891889.1 Rhamnella wilsonii"
"1711","PQ652320.fasta","PQ652320.1","Lespedeza juncea","PQ652320.1 Lespedeza juncea"
"1712","PP681665.fasta","PP681665.1","Semiarundinaria sinica","PP681665.1 Semiarundinaria sinica"
"1713","PQ834811.fasta","PQ834811.1","Eurya nitida","PQ834811.1 Eurya nitida"
"1714","ON087701.fasta","ON087701.1","Helianthus annuus","ON087701.1 Helianthus annuus"
"1715","PQ468975.fasta","PQ468975.1","Lysionotus kwangsiensis","PQ468975.1 Lysionotus kwangsiensis"
"1716","PX705446.fasta","PX705446.1","Anemone amurensis","PX705446.1 Anemone amurensis"
"1717","PX776104.fasta","PX776104.1","Oxystelma esculentum","PX776104.1 Oxystelma esculentum"
"1718","PQ468968.fasta","PQ468968.1","Lysionotus aeschynanthoides","PQ468968.1 Lysionotus aeschynanthoides"
"1719","PP952486.fasta","PP952486.1","Lycium macrodon","PP952486.1 Lycium macrodon"
"1720","PQ551063.fasta","PQ551063.1","Hansenia forrestii","PQ551063.1 Hansenia forrestii"
"1721","PP622705.fasta","PP622705.1","Trollius europaeus","PP622705.1 Trollius europaeus"
"1722","PQ310501.fasta","PQ310501.1","Myosotis rakiura","PQ310501.1 Myosotis rakiura"
"1723","PZ094983.fasta","PZ094983.1","Euroschinus falcatus","PZ094983.1 Euroschinus falcatus"
"1724","PV423687.1.fasta","PV423687.1","Thalassiosira tumida","PV423687.1 Thalassiosira tumida"
"1725","PV870722.fasta","PV870722.1","Adesmia emarginata","PV870722.1 Adesmia emarginata"
"1726","PP056248.fasta","PP056248.1","Stachyurus chinensis","PP056248.1 Stachyurus chinensis"
"1727","PP681654.fasta","PP681654.1","Oligostachyum lubricum","PP681654.1 Oligostachyum lubricum"
"1728","PZ316438.fasta","PZ316438.1","Begonia salaziensis","PZ316438.1 Begonia salaziensis"
"1729","PP883951.fasta","PP883951.1","Monnina fosbergii","PP883951.1 Monnina fosbergii"
"1730","PP103317.1.fasta","PP103317.1","Equisetum variegatum","PP103317.1 Equisetum variegatum"
"1731","OR643823.fasta","OR643823.1","Boehmeria tricuspis","OR643823.1 Boehmeria tricuspis"
"1732","PQ539948.fasta","PQ539948.1","Camellia delicata","PQ539948.1 Camellia delicata"
"1733","PQ647018.fasta","PQ647018.1","Impatiens rostellata","PQ647018.1 Impatiens rostellata"
"1734","OQ570472.fasta","OQ570472.1","Seseli seseloides","OQ570472.1 Seseli seseloides"
"1735","PP872287.fasta","PP872287.1","Rubus chingii","PP872287.1 Rubus chingii"
"1736","PV192915.fasta","PV192915.1","Epimedium elongatum","PV192915.1 Epimedium elongatum"
"1737","PX523131.fasta","PX523131.1","Vachellia collinsii","PX523131.1 Vachellia collinsii"
"1738","OQ503551.fasta","OQ503551.1","Camellia yunnanensis","OQ503551.1 Camellia yunnanensis"
"1739","PQ551028.fasta","PQ551028.1","Meeboldia yunnanensis","PQ551028.1 Meeboldia yunnanensis"
"1740","PP216492.fasta","PP216492.1","Coelogyne longipes","PP216492.1 Coelogyne longipes"
"1741","PZ172410.fasta","PZ172410.1","Cicer yamashitae","PZ172410.1 Cicer yamashitae"
"1742","PV583368.fasta","PV583368.1","Vepris ngamensis","PV583368.1 Vepris ngamensis"
"1743","PZ098387.fasta","PZ098387.1","Melica picta","PZ098387.1 Melica picta"
"1744","PV583367.fasta","PV583367.1","Vepris glomerata","PV583367.1 Vepris glomerata"
"1745","PV364364.fasta","PV364364.1","Codonopsis canescens","PV364364.1 Codonopsis canescens"
"1746","ON729375.fasta","ON729375.1","Sycopsis sinensis","ON729375.1 Sycopsis sinensis"
"1747","PZ291610.fasta","PZ291610.1","Rhizophora racemosa","PZ291610.1 Rhizophora racemosa"
"1748","PQ283875.fasta","PQ283875.1","Oenanthe thomsonii","PQ283875.1 Oenanthe thomsonii"
"1749","PX928918.fasta","PX928918.1","Astragalus nuratensis","PX928918.1 Astragalus nuratensis"
"1750","PZ098358.fasta","PZ098358.1","Melica californica","PZ098358.1 Melica californica"
"1751","PV613225.fasta","PV613225.1","Ligusticum reptans","PV613225.1 Ligusticum reptans"
"1752","PQ584724.fasta","PQ584724.1","Semiaquilegia guangxiensis","PQ584724.1 Semiaquilegia guangxiensis"
"1753","BR002548.1.fasta","BR002548.1","Triparma retinervis","BR002548.1 Triparma retinervis"
"1754","PQ283877.fasta","PQ283877.1","Sium suave","PQ283877.1 Sium suave"
"1755","PV621859.fasta","PV621859.1","Ranunculus arvensis","PV621859.1 Ranunculus arvensis"
"1756","PX297400.fasta","PX297400.1","Phoebe lanceolata","PX297400.1 Phoebe lanceolata"
"1757","PV684033.fasta","PV684033.1","Oxytropis filiformis","PV684033.1 Oxytropis filiformis"
"1758","PX776206.fasta","PX776206.1","Pedicularis cranolopha","PX776206.1 Pedicularis cranolopha"
"1759","OR909648.fasta","OR909648.1","Pilosella sphaerocephala","OR909648.1 Pilosella sphaerocephala"
"1760","PV564733.fasta","PV564733.1","Aquilegia atrovinosa","PV564733.1 Aquilegia atrovinosa"
"1761","OQ198448.fasta","OQ198448.1","Azilia eryngioides","OQ198448.1 Azilia eryngioides"
"1762","PP697877.fasta","PP697877.1","Lonicera tubuliflora","PP697877.1 Lonicera tubuliflora"
"1763","PP965700.fasta","PP965700.1","Rhodiola tangutica","PP965700.1 Rhodiola tangutica"
"1764","OP837515.fasta","OP837515.1","Gentianopsis barbata","OP837515.1 Gentianopsis barbata"
"1765","ON729370.fasta","ON729370.1","Parrotia persica","ON729370.1 Parrotia persica"
"1766","PX686334.fasta","PX686334.1","Thalictrum atriplex","PX686334.1 Thalictrum atriplex"
"1767","PZ169289.fasta","PZ169289.1","Scutellaria schachristanica","PZ169289.1 Scutellaria schachristanica"
"1768","PP234557.fasta","PP234557.1","Saussurea bracteata","PP234557.1 Saussurea bracteata"
"1769","OP133580.fasta","OP133580.1","Ceropegia dolichophylla","OP133580.1 Ceropegia dolichophylla"
"1770","PP336747.fasta","PP336747.1","Filipendula vulgaris","PP336747.1 Filipendula vulgaris"
"1771","PQ874758.fasta","PQ874758.1","Clematis simensis","PQ874758.1 Clematis simensis"
"1772","PP952507.fasta","PP952507.1","Physalis peruviana","PP952507.1 Physalis peruviana"
"1773","OL875066.fasta","OL875066.1","Eremurus iae","OL875066.1 Eremurus iae"
"1774","PP262147.fasta","PP262147.1","Rhodiola sachalinensis","PP262147.1 Rhodiola sachalinensis"
"1775","PQ375111.fasta","PQ375111.1","Amaranthus powellii","PQ375111.1 Amaranthus powellii"
"1776","PP836295.fasta","PP836295.1","Oxytropis myriophylla","PP836295.1 Oxytropis myriophylla"
"1777","MZ662759.fasta","MZ662759.1","Phyllostachys lithophila","MZ662759.1 Phyllostachys lithophila"
"1778","PX125903.fasta","PX125903.1","Syzygium longipes","PX125903.1 Syzygium longipes"
"1779","PP234528.fasta","PP234528.1","Aster boweri","PP234528.1 Aster boweri"
"1780","ON729354.fasta","ON729354.1","Corylopsis sinensis","ON729354.1 Corylopsis sinensis"
"1781","OP133585.fasta","OP133585.1","Heterostemma oblongifolium","OP133585.1 Heterostemma oblongifolium"
"1782","PQ551033.fasta","PQ551033.1","Chamaesium delavayi","PQ551033.1 Chamaesium delavayi"
"1783","PP103297.fasta","PP103297.1","Arenaria leptoclados","PP103297.1 Arenaria leptoclados"
"1784","PV816213.fasta","PV816213.1","Hovenia dulcis","PV816213.1 Hovenia dulcis"
"1785","PP078861.fasta","PP078861.1","Stenocoelium trichocarpum","PP078861.1 Stenocoelium trichocarpum"
"1786","PX833249.fasta","PX833249.1","Malus sieversii","PX833249.1 Malus sieversii"
"1787","PX776208.fasta","PX776208.1","Pedicularis trichocymba","PX776208.1 Pedicularis trichocymba"
"1788","PV550499.fasta","PV550499.1","Rosa canina","PV550499.1 Rosa canina"
"1789","PV564789.fasta","PV564789.1","Aquilegia saximontana","PV564789.1 Aquilegia saximontana"
"1790","OQ851321.fasta","OQ851321.1","Asparagus tibeticus","OQ851321.1 Asparagus tibeticus"
"1791","PZ379501.fasta","PZ379501.1","Haworthiopsis fasciata","PZ379501.1 Haworthiopsis fasciata"
"1792","OR990539.fasta","OR990539.1","Helminthotheca echioides","OR990539.1 Helminthotheca echioides"
"1793","PX413288.fasta","PX413288.1","Crataegus monogyna","PX413288.1 Crataegus monogyna"
"1794","PQ450443.fasta","PQ450443.1","Elymus nevskii","PQ450443.1 Elymus nevskii"
"1795","PQ210180.fasta","PQ210180.1","Muscari armeniacum","PQ210180.1 Muscari armeniacum"
"1796","PX421532.1.fasta","PX421532.1","Moerckia hibernica","PX421532.1 Moerckia hibernica"
"1797","PP234517.fasta","PP234517.1","Lancea tibetica","PP234517.1 Lancea tibetica"
"1798","PX396016.fasta","PX396016.1","Syzygium griffithii","PX396016.1 Syzygium griffithii"
"1799","OP964004.fasta","OP964004.1","Crataegus scabrifolia","OP964004.1 Crataegus scabrifolia"
"1800","PP175340.fasta","PP175340.1","Stephania japonica","PP175340.1 Stephania japonica"
"1801","PV564766.fasta","PV564766.1","Aquilegia iulia","PV564766.1 Aquilegia iulia"
"1802","PX921649.fasta","PX921649.1","Phlomoides isochila","PX921649.1 Phlomoides isochila"
"1803","PX354551.fasta","PX354551.1","Cinchona micrantha","PX354551.1 Cinchona micrantha"
"1804","ON929855.fasta","ON929855.1","Salsola paulsenii","ON929855.1 Salsola paulsenii"
"1805","PP056254.fasta","PP056254.1","Valeriana flaccidissima","PP056254.1 Valeriana flaccidissima"
"1806","OR885128.1.fasta","OR885128.1","Virescentia guangxiensis","OR885128.1 Virescentia guangxiensis"
"1807","PV069734.fasta","PV069734.1","Parryodes calcarea","PV069734.1 Parryodes calcarea"
"1808","PQ777087.fasta","PQ777087.1","Cotoneaster glaucophyllus","PQ777087.1 Cotoneaster glaucophyllus"
"1809","PZ291594.fasta","PZ291594.1","Pennisetum sinese","PZ291594.1 Pennisetum sinese"
"1810","PQ068662.fasta","PQ068662.1","Bredia fordii","PQ068662.1 Bredia fordii"
"1811","PQ010103.fasta","PQ010103.1","Heteranthera lutea","PQ010103.1 Heteranthera lutea"
"1812","PX763841.fasta","PX763841.1","Malus doumeri","PX763841.1 Malus doumeri"
"1813","OR865876.fasta","OR865876.1","Sanicula lamelligera","OR865876.1 Sanicula lamelligera"
"1814","PX223811.fasta","PX223811.1","Clematis liboensis","PX223811.1 Clematis liboensis"
"1815","PV558881.fasta","PV558881.1","Lycopus lucidus","PV558881.1 Lycopus lucidus"
"1816","PX380629.fasta","PX380629.1","Aconitum kirinense","PX380629.1 Aconitum kirinense"
"1817","PV008712.fasta","PV008712.1","Zelkova sinica","PV008712.1 Zelkova sinica"
"1818","PQ576493.fasta","PQ576493.1","Dendrobium primulinum","PQ576493.1 Dendrobium primulinum"
"1819","PX309519.fasta","PX309519.1","Duranta erecta","PX309519.1 Duranta erecta"
"1820","PQ586177.fasta","PQ586177.1","Boswellia elongata","PQ586177.1 Boswellia elongata"
"1821","OR995454.fasta","OR995454.1","Pyrus phaeocarpa","OR995454.1 Pyrus phaeocarpa"
"1822","OR264233.fasta","OR264233.1","Cinnamomum migao","OR264233.1 Cinnamomum migao"
"1823","MW420962.fasta","MW420962.1","Scutellaria seleriana","MW420962.1 Scutellaria seleriana"
"1824","BR002547.1.fasta","BR002547.1","Triparma laevis","BR002547.1 Triparma laevis"
"1825","PQ551034.fasta","PQ551034.1","Pleurospermopsis bicolor","PQ551034.1 Pleurospermopsis bicolor"
"1826","PV132470.fasta","PV132470.1","Exbucklandia populnea","PV132470.1 Exbucklandia populnea"
"1827","PP078664.fasta","PP078664.1","Corchoropsis crenata","PP078664.1 Corchoropsis crenata"
"1828","PV870789.fasta","PV870789.1","Austrocallerya australis","PV870789.1 Austrocallerya australis"
"1829","PQ287278.fasta","PQ287278.1","Pellionia retrohispida","PQ287278.1 Pellionia retrohispida"
"1830","MW413436.fasta","MW413436.1","Scutellaria gardoquioides","MW413436.1 Scutellaria gardoquioides"
"1831","PQ551048.fasta","PQ551048.1","Tongoloa tagongensis","PQ551048.1 Tongoloa tagongensis"
"1832","OR601528.fasta","OR601528.1","Potentilla mandshurica","OR601528.1 Potentilla mandshurica"
"1833","PQ231099.fasta","PQ231099.1","Leucas neuflizeana","PQ231099.1 Leucas neuflizeana"
"1834","PQ639274.fasta","PQ639274.1","Allium carolinianum","PQ639274.1 Allium carolinianum"
"1835","PP236145.fasta","PP236145.1","Psittacanthus auriculatus","PP236145.1 Psittacanthus auriculatus"
"1836","PP336764.fasta","PP336764.1","Holcus lanatus","PP336764.1 Holcus lanatus"
"1837","PV744408.fasta","PV744408.1","Rosa multiflora","PV744408.1 Rosa multiflora"
"1838","PP979497.1.fasta","PP979497.1","Chlorella thermophila","PP979497.1 Chlorella thermophila"
"1839","PP316513.fasta","PP316513.1","Alopecurus pratensis","PP316513.1 Alopecurus pratensis"
"1840","PX125910.fasta","PX125910.1","Syzygium pendens","PX125910.1 Syzygium pendens"
"1841","OP531910.fasta","OP531910.1","Phillyrea angustifolia","OP531910.1 Phillyrea angustifolia"
"1842","OP963999.fasta","OP963999.1","Crataegus pinnatifida","OP963999.1 Crataegus pinnatifida"
"1843","PQ432215.fasta","PQ432215.1","Macromeles tschonoskii","PQ432215.1 Macromeles tschonoskii"
"1844","PP596895.fasta","PP596895.1","Amaranthus cruentus","PP596895.1 Amaranthus cruentus"
"1845","PX297336.fasta","PX297336.1","Ouret lanata","PX297336.1 Ouret lanata"
"1846","PQ210177.fasta","PQ210177.1","Muscari tenuiflorum","PQ210177.1 Muscari tenuiflorum"
"1847","PP165056.fasta","PP165056.1","Moehringia bavarica","PP165056.1 Moehringia bavarica"
"1848","PX696961.fasta","PX696961.1","Hippeastrum aulicum","PX696961.1 Hippeastrum aulicum"
"1849","OR601537.fasta","OR601537.1","Potentilla multicaulis","OR601537.1 Potentilla multicaulis"
"1850","PZ098302.fasta","PZ098302.1","Melica brasiliana","PZ098302.1 Melica brasiliana"
"1851","PV870691.fasta","PV870691.1","Hoita macrostachya","PV870691.1 Hoita macrostachya"
"1852","OR712471.fasta","OR712471.1","Cathedra acuminata","OR712471.1 Cathedra acuminata"
"1853","PX763759.fasta","PX763759.1","Malus honanensis","PX763759.1 Malus honanensis"
"1854","PQ144627.fasta","PQ144627.1","Dalbergia sericea","PQ144627.1 Dalbergia sericea"
"1855","PP952463.fasta","PP952463.1","Lycium americanum","PP952463.1 Lycium americanum"
"1856","PQ539951.fasta","PQ539951.1","Camellia paucipetala","PQ539951.1 Camellia paucipetala"
"1857","PX108618.fasta","PX108618.1","Syzygium apodophyllum","PX108618.1 Syzygium apodophyllum"
"1858","PP190463.fasta","PP190463.1","Coelogyne fusca","PP190463.1 Coelogyne fusca"
"1859","PV605575.fasta","PV605575.1","Agropyron fragile","PV605575.1 Agropyron fragile"
"1860","PV083621.fasta","PV083621.1","Styrax tomentosus","PV083621.1 Styrax tomentosus"
"1861","PP952470.fasta","PP952470.1","Lycium californicum","PP952470.1 Lycium californicum"
"1862","MW420965.fasta","MW420965.1","Scutellaria guatemalensis","MW420965.1 Scutellaria guatemalensis"
"1863","PX316406.fasta","PX316406.1","Bocquillonia castaneifolia","PX316406.1 Bocquillonia castaneifolia"
"1864","ON929844.fasta","ON929844.1","Halogeton arachnoideus","ON929844.1 Halogeton arachnoideus"
"1865","OR166986.fasta","OR166986.1","Stephania dicentrinifera","OR166986.1 Stephania dicentrinifera"
"1866","PP577929.fasta","PP577929.1","Broussonetia kurzii","PP577929.1 Broussonetia kurzii"
"1867","PP235264.fasta","PP235264.1","Lysimachia fooningensis","PP235264.1 Lysimachia fooningensis"
"1868","PQ472923.fasta","PQ472923.1","Phyllostachys edulis","PQ472923.1 Phyllostachys edulis"
"1869","OP133598.fasta","OP133598.1","Secamone elliptica","OP133598.1 Secamone elliptica"
"1870","PX413282.fasta","PX413282.1","Crataegus altaica","PX413282.1 Crataegus altaica"
"1871","PP078850.fasta","PP078850.1","Libanotis grubovii","PP078850.1 Libanotis grubovii"
"1872","PQ568881.fasta","PQ568881.1","Alpinia ligulata","PQ568881.1 Alpinia ligulata"
"1873","PP078693.fasta","PP078693.1","Fatoua villosa","PP078693.1 Fatoua villosa"
"1874","OR698948.fasta","OR698948.1","Paphiopedilum x","OR698948.1 Paphiopedilum x"
"1875","PV239785.fasta","PV239785.1","Anacardium occidentale","PV239785.1 Anacardium occidentale"
"1876","OQ851318.fasta","OQ851318.1","Asparagus gobicus","OQ851318.1 Asparagus gobicus"
"1877","PP262134.fasta","PP262134.1","Rhodiola fastigiata","PP262134.1 Rhodiola fastigiata"
"1878","PV200281.fasta","PV200281.1","Populus x","PV200281.1 Populus x"
"1879","PQ838449.fasta","PQ838449.1","Primula fangii","PQ838449.1 Primula fangii"
"1880","PQ210171.fasta","PQ210171.1","Muscari inconstrictum","PQ210171.1 Muscari inconstrictum"
"1881","PP765882.fasta","PP765882.1","Agapetes guangxiensis","PP765882.1 Agapetes guangxiensis"
"1882","OR990526.fasta","OR990526.1","Leontodon incanus","OR990526.1 Leontodon incanus"
"1883","PV929690.fasta","PV929690.1","Myriophyllum aquaticum","PV929690.1 Myriophyllum aquaticum"
"1884","PP622716.fasta","PP622716.1","Veronica beccabunga","PP622716.1 Veronica beccabunga"
"1885","PP809768.fasta","PP809768.1","Aesculus wangii","PP809768.1 Aesculus wangii"
"1886","PV870681.fasta","PV870681.1","Grazielodendron riodocensis","PV870681.1 Grazielodendron riodocensis"
"1887","PX509271.fasta","PX509271.1","Dioscorea oppositifolia","PX509271.1 Dioscorea oppositifolia"
"1888","PX125906.fasta","PX125906.1","Syzygium mulgraveanum","PX125906.1 Syzygium mulgraveanum"
"1889","PX971247.fasta","PX971247.1","Salvia munzii","PX971247.1 Salvia munzii"
"1890","PQ663625.fasta","PQ663625.1","Vernicia fordii","PQ663625.1 Vernicia fordii"
"1891","PZ168313.fasta","PZ168313.1","Saxifraga omphalodifolia","PZ168313.1 Saxifraga omphalodifolia"
"1892","PX130318.fasta","PX130318.1","Syzygium eucalyptoides","PX130318.1 Syzygium eucalyptoides"
"1893","PX828357.fasta","PX828357.1","Scaphosepalum antenniferum","PX828357.1 Scaphosepalum antenniferum"
"1894","PQ845753.fasta","PQ845753.1","Delphinium albocoeruleum","PQ845753.1 Delphinium albocoeruleum"
"1895","PV055061.fasta","PV055061.1","Polygonatum jinzhaiense","PV055061.1 Polygonatum jinzhaiense"
"1896","PX633638.fasta","PX633638.1","Corchorus olitorius","PX633638.1 Corchorus olitorius"
"1897","PQ472934.fasta","PQ472934.1","Pseudosasa amabilis","PQ472934.1 Pseudosasa amabilis"
"1898","PP328786.fasta","PP328786.1","Bromus sterilis","PP328786.1 Bromus sterilis"
"1899","BK071870.fasta","BK071870.1","Volutaria canariensis","BK071870.1 Volutaria canariensis"
"1900","PQ533858.fasta","PQ533858.1","Silene miqueliana","PQ533858.1 Silene miqueliana"
"1901","PP897853.fasta","PP897853.1","Iris damascena","PP897853.1 Iris damascena"
"1902","PX752861.fasta","PX752861.1","Iris proantha","PX752861.1 Iris proantha"
"1903","OR995477.fasta","OR995477.1","Pyrus xerophila","OR995477.1 Pyrus xerophila"
"1904","PV712664.fasta","PV712664.1","Lepidium cuneiforme","PV712664.1 Lepidium cuneiforme"
"1905","OP133597.fasta","OP133597.1","Myriopteron extensum","OP133597.1 Myriopteron extensum"
"1906","PX828359.fasta","PX828359.1","Pleurothallis lindenii","PX828359.1 Pleurothallis lindenii"
"1907","OR712484.fasta","OR712484.1","Thesium decaryanum","OR712484.1 Thesium decaryanum"
"1908","PQ585767.fasta","PQ585767.1","Lappula heteracantha","PQ585767.1 Lappula heteracantha"
"1909","PX399453.fasta","PX399453.1","Thaumatophyllum bipinnatifidum","PX399453.1 Thaumatophyllum bipinnatifidum"
"1910","ON729369.fasta","ON729369.1","Parrotia subaequalis","ON729369.1 Parrotia subaequalis"
"1911","PQ580731.fasta","PQ580731.1","Rochelia bungei","PQ580731.1 Rochelia bungei"
"1912","OM949890.fasta","OM949890.1","Actinidia chrysantha","OM949890.1 Actinidia chrysantha"
"1913","PP316506.fasta","PP316506.1","Agrostis schraderiana","PP316506.1 Agrostis schraderiana"
"1914","PQ571327.fasta","PQ571327.1","Lappula duplicicarpa","PQ571327.1 Lappula duplicicarpa"
"1915","PX549444.fasta","PX549444.1","Peucedanum paishanense","PX549444.1 Peucedanum paishanense"
"1916","PX371943.1.fasta","PX371943.1","Chlamydopodium vacuolatum","PX371943.1 Chlamydopodium vacuolatum"
"1917","OM640181.fasta","OM640181.1","Ligustrum leucanthum","OM640181.1 Ligustrum leucanthum"
"1918","PP190943.fasta","PP190943.1","Clinopodium acinos","PP190943.1 Clinopodium acinos"
"1919","PP999722.fasta","PP999722.1","Gelidocalamus fengkaiensis","PP999722.1 Gelidocalamus fengkaiensis"
"1920","PP796444.fasta","PP796444.1","Saxifraga sunhangiana","PP796444.1 Saxifraga sunhangiana"
"1921","PV786083.fasta","PV786083.1","Chionographis koidzumiana","PV786083.1 Chionographis koidzumiana"
"1922","PP479721.fasta","PP479721.1","Dendrobium loddigesii","PP479721.1 Dendrobium loddigesii"
"1923","PX910022.fasta","PX910022.1","Iris kolpakowskiana","PX910022.1 Iris kolpakowskiana"
"1924","PP476258.fasta","PP476258.2","Paeonia x","PP476258.2 Paeonia x"
"1925","PV694278.fasta","PV694278.1","Oxytropis latibracteata","PV694278.1 Oxytropis latibracteata"
"1926","PZ101792.fasta","PZ101792.1","Mosla dianthera","PZ101792.1 Mosla dianthera"
"1927","PP335079.fasta","PP335079.1","Noccaea goesingensis","PP335079.1 Noccaea goesingensis"
"1928","PP883952.fasta","PP883952.1","Monnina confusa","PP883952.1 Monnina confusa"
"1929","PX122075.fasta","PX122075.1","Erythronium americanum","PX122075.1 Erythronium americanum"
"1930","PP484613.fasta","PP484613.1","Lolium arundinaceum","PP484613.1 Lolium arundinaceum"
"1931","PV837933.fasta","PV837933.1","Portulaca gilliesii","PV837933.1 Portulaca gilliesii"
"1932","PP622689.fasta","PP622689.1","Scrophularia canina","PP622689.1 Scrophularia canina"
"1933","PZ095197.fasta","PZ095197.1","Euphrasia cisalpina","PZ095197.1 Euphrasia cisalpina"
"1934","PX501755.fasta","PX501755.1","Encyclia tampensis","PX501755.1 Encyclia tampensis"
"1935","OR264238.fasta","OR264238.1","Cinnamomum pittosporoides","OR264238.1 Cinnamomum pittosporoides"
"1936","PV870726.fasta","PV870726.1","Vachellia farnesiana","PV870726.1 Vachellia farnesiana"
"1937","OR896871.fasta","OR896871.1","Adenostyles glabra","OR896871.1 Adenostyles glabra"
"1938","PP541854.fasta","PP541854.1","Phleum rhaeticum","PP541854.1 Phleum rhaeticum"
"1939","PP681673.fasta","PP681673.1","Oligostachyum oedogonatum","PP681673.1 Oligostachyum oedogonatum"
"1940","PP976081.fasta","PP976081.1","Rosa chinensis","PP976081.1 Rosa chinensis"
"1941","PQ728886.fasta","PQ728886.1","Chloranthus sessilifolius","PQ728886.1 Chloranthus sessilifolius"
"1942","PQ611768.fasta","PQ611768.1","Impatiens wilsonii","PQ611768.1 Impatiens wilsonii"
"1943","PP999732.fasta","PP999732.1","Gelidocalamus subsolidus","PP999732.1 Gelidocalamus subsolidus"
"1944","BK071863.fasta","BK071863.1","Serratula tinctoria","BK071863.1 Serratula tinctoria"
"1945","PV583365.fasta","PV583365.1","Vepris arushensis","PV583365.1 Vepris arushensis"
"1946","PP595839.fasta","PP595839.1","Prunus yunnanensis","PP595839.1 Prunus yunnanensis"
"1947","PQ585786.fasta","PQ585786.1","Lappula balchaschensis","PQ585786.1 Lappula balchaschensis"
"1948","PQ276666.fasta","PQ276666.1","Lithocarpus brevicaudatus","PQ276666.1 Lithocarpus brevicaudatus"
"1949","PV870772.fasta","PV870772.1","Astragalus lonchocarpus","PV870772.1 Astragalus lonchocarpus"
"1950","PV207326.fasta","PV207326.1","Karpatiosorbus bristoliensis","PV207326.1 Karpatiosorbus bristoliensis"
"1951","OR990555.fasta","OR990555.1","Tussilago farfara","OR990555.1 Tussilago farfara"
"1952","PP590241.fasta","PP590241.1","Sasamorpha qingyuanensis","PP590241.1 Sasamorpha qingyuanensis"
"1953","PQ300636.fasta","PQ300636.1","Phaius takeoi","PQ300636.1 Phaius takeoi"
"1954","PQ276662.fasta","PQ276662.1","Lithocarpus tabularis","PQ276662.1 Lithocarpus tabularis"
"1955","PV666612.fasta","PV666612.1","Hibiscus aponeurus","PV666612.1 Hibiscus aponeurus"
"1956","PX659751.fasta","PX659751.1","Dolichoglottis lyallii","PX659751.1 Dolichoglottis lyallii"
"1957","PP316518.fasta","PP316518.1","Anthoxanthum odoratum","PP316518.1 Anthoxanthum odoratum"
"1958","PV564764.fasta","PV564764.1","Aquilegia hebeica","PV564764.1 Aquilegia hebeica"
"1959","PP234591.fasta","PP234591.1","Euphorbia altotibetica","PP234591.1 Euphorbia altotibetica"
"1960","PV083616.fasta","PV083616.1","Styrax platanifolius","PV083616.1 Styrax platanifolius"
"1961","OR771713.fasta","OR771713.1","Aquilaria banaensis","OR771713.1 Aquilaria banaensis"
"1962","PX414094.fasta","PX414094.1","Geum elatum","PX414094.1 Geum elatum"
"1963","PV870732.fasta","PV870732.1","Neptunia oleracea","PV870732.1 Neptunia oleracea"
"1964","PP479691.fasta","PP479691.1","Dendrobium spatella","PP479691.1 Dendrobium spatella"
"1965","OR264260.fasta","OR264260.1","Persea americana","OR264260.1 Persea americana"
"1966","PV364371.fasta","PV364371.1","Pankycodon purpureus","PV364371.1 Pankycodon purpureus"
"1967","PQ576953.fasta","PQ576953.1","Bambusa vulgaris","PQ576953.1 Bambusa vulgaris"
"1968","PV455322.fasta","PV455322.1","Liriope muscari","PV455322.1 Liriope muscari"
"1969","PV370340.fasta","PV370340.1","Leptodermis rehderiana","PV370340.1 Leptodermis rehderiana"
"1970","MW420976.fasta","MW420976.1","Scutellaria mexicana","MW420976.1 Scutellaria mexicana"
"1971","PZ342510.fasta","PZ342510.1","Nepeta griffithii","PZ342510.1 Nepeta griffithii"
"1972","OR399518.fasta","OR399518.1","Cyclorhiza puana","OR399518.1 Cyclorhiza puana"
"1973","PP595872.fasta","PP595872.1","Prunus mandshurica","PP595872.1 Prunus mandshurica"
"1974","PX932178.fasta","PX932178.1","Toona ciliata","PX932178.1 Toona ciliata"
"1975","PP234587.fasta","PP234587.1","Suaeda corniculata","PP234587.1 Suaeda corniculata"
"1976","PX915248.fasta","PX915248.1","Iris ruthenica","PX915248.1 Iris ruthenica"
"1977","PQ551024.fasta","PQ551024.1","Chuanminshen violaceum","PQ551024.1 Chuanminshen violaceum"
"1978","PV605574.fasta","PV605574.1","Agropyron desertorum","PV605574.1 Agropyron desertorum"
"1979","PZ122815.fasta","PZ122815.1","Stephania lincangensis","PZ122815.1 Stephania lincangensis"
"1980","OR790518.fasta","OR790518.1","Hydrocotyle himalaica","OR790518.1 Hydrocotyle himalaica"
"1981","PP056244.fasta","PP056244.1","Polycarpaea corymbosa","PP056244.1 Polycarpaea corymbosa"
"1982","PP622717.fasta","PP622717.1","Veronica bellidioides","PP622717.1 Veronica bellidioides"
"1983","PX406257.fasta","PX406257.1","Iris scariosa","PX406257.1 Iris scariosa"
"1984","PV998909.fasta","PV998909.1","Gleditsia japonica","PV998909.1 Gleditsia japonica"
"1985","PX733921.fasta","PX733921.1","Arctium lappa","PX733921.1 Arctium lappa"
"1986","PV613228.fasta","PV613228.1","Conioselinum shanii","PV613228.1 Conioselinum shanii"
"1987","OR159819.fasta","OR159819.1","Dalbergia hainanensis","OR159819.1 Dalbergia hainanensis"
"1988","PP952506.fasta","PP952506.1","Physalis grisea","PP952506.1 Physalis grisea"
"1989","PQ585759.fasta","PQ585759.1","Rochelia cardiosepala","PQ585759.1 Rochelia cardiosepala"
"1990","PP898085.fasta","PP898085.1","Artemisia bhutanica","PP898085.1 Artemisia bhutanica"
"1991","PX309529.fasta","PX309529.1","Iris ensata","PX309529.1 Iris ensata"
"1992","ON729350.fasta","ON729350.1","Loropetalum chinense","ON729350.1 Loropetalum chinense"
"1993","OR387683.fasta","OR387683.1","Cardiospermum halicacabum","OR387683.1 Cardiospermum halicacabum"
"1994","OP133576.fasta","OP133576.1","Stephanotis volubilis","OP133576.1 Stephanotis volubilis"
"1995","PV221551.fasta","PV221551.1","Libertia ixioides","PV221551.1 Libertia ixioides"
"1996","PV890573.fasta","PV890573.1","Paposoa laeta","PV890573.1 Paposoa laeta"
"1997","PQ550128.fasta","PQ550128.1","Primula secundiflora","PQ550128.1 Primula secundiflora"
"1998","PQ541021.fasta","PQ541021.1","Vitex negundo","PQ541021.1 Vitex negundo"
"1999","PP133741.fasta","PP133741.1","Sonchus radicatus","PP133741.1 Sonchus radicatus"
"2000","PQ010089.fasta","PQ010089.1","Heteranthera seubertiana","PQ010089.1 Heteranthera seubertiana"
"2001","PV870724.fasta","PV870724.1","Cojoba arborea","PV870724.1 Cojoba arborea"
"2002","PZ098354.fasta","PZ098354.1","Pleuropogon hooverianus","PZ098354.1 Pleuropogon hooverianus"
"2003","OQ736738.fasta","OQ736738.1","Hedysarum iomuticum","OQ736738.1 Hedysarum iomuticum"
"2004","PV423733.1.fasta","PV423733.1","Porosira glacialis","PV423733.1 Porosira glacialis"
"2005","PQ726417.fasta","PQ726417.1","Dendrobium parciflorum","PQ726417.1 Dendrobium parciflorum"
"2006","PV613237.fasta","PV613237.1","Conioselinum tenuisectum","PV613237.1 Conioselinum tenuisectum"
"2007","PQ180373.fasta","PQ180373.1","Lagochilus bungei","PQ180373.1 Lagochilus bungei"
"2008","PQ604654.fasta","PQ604654.1","Anoectochilus lylei","PQ604654.1 Anoectochilus lylei"
"2009","PV423729.1.fasta","PV423729.1","Thalassiosira profunda","PV423729.1 Thalassiosira profunda"
"2010","PV192898.fasta","PV192898.1","Epimedium stellulatum","PV192898.1 Epimedium stellulatum"
"2011","PV110183.fasta","PV110183.1","Garcinia hanburyi","PV110183.1 Garcinia hanburyi"
"2012","PX427841.fasta","PX427841.1","Lilium basilissum","PX427841.1 Lilium basilissum"
"2013","MW470954.fasta","MW470954.1","Epimedium campanulatum","MW470954.1 Epimedium campanulatum"
"2014","PQ059902.fasta","PQ059902.1","Malus sieboldii","PQ059902.1 Malus sieboldii"
"2015","PQ551038.fasta","PQ551038.1","Tongoloa arguta","PQ551038.1 Tongoloa arguta"
"2016","PZ369841.fasta","PZ369841.1","Hedysarum sikkimense","PZ369841.1 Hedysarum sikkimense"
"2017","PV870795.fasta","PV870795.1","Labichea lanceolata","PV870795.1 Labichea lanceolata"
"2018","PV751239.fasta","PV751239.1","Melodinus fusiformis","PV751239.1 Melodinus fusiformis"
"2019","PV794575.fasta","PV794575.1","Pimpinella cnidioides","PV794575.1 Pimpinella cnidioides"
"2020","PP234551.fasta","PP234551.1","Microula tibetica","PP234551.1 Microula tibetica"
"2021","PZ316443.fasta","PZ316443.1","Begonia susaniae","PZ316443.1 Begonia susaniae"
"2022","PX512548.1.fasta","PX512548.1","Coelastrum proboscideum","PX512548.1 Coelastrum proboscideum"
"2023","PP078847.fasta","PP078847.1","Libanotis abolinii","PP078847.1 Libanotis abolinii"
"2024","PX125822.fasta","PX125822.1","Syzygium bullatum","PX125822.1 Syzygium bullatum"
"2025","PX380619.fasta","PX380619.1","Aconitum alboviolaceum","PX380619.1 Aconitum alboviolaceum"
"2026","PX229819.fasta","PX229819.1","Stachyurus yunnanensis","PX229819.1 Stachyurus yunnanensis"
"2027","PP056252.fasta","PP056252.1","Tapiscia sinensis","PP056252.1 Tapiscia sinensis"
"2028","PV578473.fasta","PV578473.1","Toona sinensis","PV578473.1 Toona sinensis"
"2029","PV219391.fasta","PV219391.1","Xerophyta rippsteinii","PV219391.1 Xerophyta rippsteinii"
"2030","PP386174.fasta","PP386174.1","Aralia atropurpurea","PP386174.1 Aralia atropurpurea"
"2031","PQ580703.fasta","PQ580703.1","Beta corolliflora","PQ580703.1 Beta corolliflora"
"2032","PV870868.fasta","PV870868.1","Salvia sonomensis","PV870868.1 Salvia sonomensis"
"2033","PP898084.fasta","PP898084.1","Artemisia nortonii","PP898084.1 Artemisia nortonii"
"2034","PX414090.fasta","PX414090.1","Geum aleppicum","PX414090.1 Geum aleppicum"
"2035","OR264247.fasta","OR264247.1","Cinnamomum wilsonii","OR264247.1 Cinnamomum wilsonii"
"2036","PX309520.fasta","PX309520.1","Elaeagnus pungens","PX309520.1 Elaeagnus pungens"
"2037","PQ144612.fasta","PQ144612.1","Dalbergia stipulacea","PQ144612.1 Dalbergia stipulacea"
"2038","PV423689.1.fasta","PV423689.1","Shionodiscus oestrupii","PV423689.1 Shionodiscus oestrupii"
"2039","PP346785.fasta","PP346785.1","Polygonatum odoratum","PP346785.1 Polygonatum odoratum"
"2040","PZ098603.fasta","PZ098603.1","Glyceria multiflora","PZ098603.1 Glyceria multiflora"
"2041","PP963517.fasta","PP963517.1","Gastrochilus distichus","PP963517.1 Gastrochilus distichus"
"2042","PX593257.fasta","PX593257.1","Veronica daurica","PX593257.1 Veronica daurica"
"2043","PP262171.fasta","PP262171.1","Sempervivum funckii","PP262171.1 Sempervivum funckii"
"2044","PV870871.fasta","PV870871.1","Salvia xanthocheila","PV870871.1 Salvia xanthocheila"
"2045","PX571100.fasta","PX571100.1","Bupleurum komarovianum","PX571100.1 Bupleurum komarovianum"
"2046","PX113344.fasta","PX113344.1","Carpesium cordatum","PX113344.1 Carpesium cordatum"
"2047","PX413289.fasta","PX413289.1","Crataegus phaenopyrum","PX413289.1 Crataegus phaenopyrum"
"2048","PV870696.fasta","PV870696.1","Gagnebina pterocarpa","PV870696.1 Gagnebina pterocarpa"
"2049","PV464276.1.fasta","PV464276.1","Gracilaria brevis","PV464276.1 Gracilaria brevis"
"2050","OR909644.fasta","OR909644.1","Pilosella cymosa","OR909644.1 Pilosella cymosa"
"2051","OQ396765.fasta","OQ396765.1","Diuranthera inarticulata","OQ396765.1 Diuranthera inarticulata"
"2052","PQ585773.fasta","PQ585773.1","Lappula lipschitzii","PQ585773.1 Lappula lipschitzii"
"2053","ON470833.fasta","ON470833.1","Ligusticum sikiangense","ON470833.1 Ligusticum sikiangense"
"2054","PV618400.fasta","PV618400.1","Attalea maripa","PV618400.1 Attalea maripa"
"2055","PV276167.fasta","PV276167.1","Casearia nitida","PV276167.1 Casearia nitida"
"2056","PV890880.fasta","PV890880.1","Cyanotis nyctitropa","PV890880.1 Cyanotis nyctitropa"
"2057","PV426745.fasta","PV426745.1","Saxifraga tombeanensis","PV426745.1 Saxifraga tombeanensis"
"2058","MK033526.fasta","MK033526.1","Diabelia ionostachya","MK033526.1 Diabelia ionostachya"
"2059","PV564751.fasta","PV564751.1","Aquilegia daingolica","PV564751.1 Aquilegia daingolica"
"2060","PV276165.fasta","PV276165.1","Casearia sylvestris","PV276165.1 Casearia sylvestris"
"2061","PV870863.fasta","PV870863.1","Salvia mohavensis","PV870863.1 Salvia mohavensis"
"2062","PX380656.fasta","PX380656.1","Delphinium brunonianum","PX380656.1 Delphinium brunonianum"
"2063","PP796841.fasta","PP796841.1","Iris bloudowii","PP796841.1 Iris bloudowii"
"2064","PV955414.fasta","PV955414.1","Rubus reflexus","PV955414.1 Rubus reflexus"
"2065","PV879616.fasta","PV879616.1","Incarvillea potaninii","PV879616.1 Incarvillea potaninii"
"2066","PV423827.fasta","PV423827.1","Astragalus cicer","PV423827.1 Astragalus cicer"
"2067","PP175360.fasta","PP175360.1","Crocus vernus","PP175360.1 Crocus vernus"
"2068","PP809766.fasta","PP809766.1","Aesculus turbinata","PP809766.1 Aesculus turbinata"
"2069","PQ571147.fasta","PQ571147.1","Liparis nervosa","PQ571147.1 Liparis nervosa"
"2070","PV394223.fasta","PV394223.1","Astrohibiscus caesius","PV394223.1 Astrohibiscus caesius"
"2071","PZ098366.fasta","PZ098366.1","Melica argentata","PZ098366.1 Melica argentata"
"2072","PX130356.fasta","PX130356.1","Syzygium polypetaloideum","PX130356.1 Syzygium polypetaloideum"
"2073","PV870786.fasta","PV870786.1","Pultenaea villosa","PV870786.1 Pultenaea villosa"
"2074","PP391085.fasta","PP391085.1","Ampelopsis glandulosa","PP391085.1 Ampelopsis glandulosa"
"2075","PP316517.fasta","PP316517.1","Anthoxanthum nipponicum","PP316517.1 Anthoxanthum nipponicum"
"2076","PQ210145.fasta","PQ210145.1","Muscari sivrihisardaghlarense","PQ210145.1 Muscari sivrihisardaghlarense"
"2077","PQ835452.fasta","PQ835452.1","Stachyphrynium spicatum","PQ835452.1 Stachyphrynium spicatum"
"2078","OR909643.fasta","OR909643.1","Hieracium villosum","OR909643.1 Hieracium villosum"
"2079","PX694261.fasta","PX694261.1","Hibiscus labordei","PX694261.1 Hibiscus labordei"
"2080","OR990547.fasta","OR990547.1","Senecio vulgaris","OR990547.1 Senecio vulgaris"
"2081","PP897863.fasta","PP897863.1","Iris acutiloba","PP897863.1 Iris acutiloba"
"2082","PP722976.fasta","PP722976.1","Enkianthus campanulatus","PP722976.1 Enkianthus campanulatus"
"2083","OP837513.fasta","OP837513.1","Swertia franchetiana","OP837513.1 Swertia franchetiana"
"2084","OR896870.fasta","OR896870.1","Adenostyles alliariae","OR896870.1 Adenostyles alliariae"
"2085","PV423713.1.fasta","PV423713.1","Lineaperpetua lacustris","PV423713.1 Lineaperpetua lacustris"
"2086","PQ675783.fasta","PQ675783.1","Begonia filiformis","PQ675783.1 Begonia filiformis"
"2087","PP216499.fasta","PP216499.1","Coelogyne nitida","PP216499.1 Coelogyne nitida"
"2088","OP964008.fasta","OP964008.1","Crataegus viridis","OP964008.1 Crataegus viridis"
"2089","PP235262.fasta","PP235262.1","Lysimachia foenum-graecum","PP235262.1 Lysimachia foenum-graecum"
"2090","PV608446.fasta","PV608446.1","Embelia ribes","PV608446.1 Embelia ribes"
"2091","PP897856.fasta","PP897856.1","Iris kirkwoodiae","PP897856.1 Iris kirkwoodiae"
"2092","PP999739.fasta","PP999739.1","Gelidocalamus tessellatus","PP999739.1 Gelidocalamus tessellatus"
"2093","OR935799.fasta","OR935799.1","Fritillaria rugillosa","OR935799.1 Fritillaria rugillosa"
"2094","PQ777070.fasta","PQ777070.1","Cotoneaster morrisonensis","PQ777070.1 Cotoneaster morrisonensis"
"2095","OR839139.fasta","OR839139.1","Iris longnanensis","OR839139.1 Iris longnanensis"
"2096","PZ098394.fasta","PZ098394.1","Melica persica","PZ098394.1 Melica persica"
"2097","PP190465.fasta","PP190465.1","Coelogyne imbricata","PP190465.1 Coelogyne imbricata"
"2098","PV794592.fasta","PV794592.1","Pimpinella purpurea","PV794592.1 Pimpinella purpurea"
"2099","PX122079.fasta","PX122079.1","Erythronium dens-canis","PX122079.1 Erythronium dens-canis"
"2100","OR601538.fasta","OR601538.1","Potentilla tanacetifolia","OR601538.1 Potentilla tanacetifolia"
"2101","PP175359.fasta","PP175359.1","Sisymbrium officinale","PP175359.1 Sisymbrium officinale"
"2102","PQ210133.fasta","PQ210133.1","Muscari commutatum","PQ210133.1 Muscari commutatum"
"2103","PV664701.fasta","PV664701.1","Zanthoxylum leprieurii","PV664701.1 Zanthoxylum leprieurii"
"2104","PX130333.fasta","PX130333.1","Syzygium kanneliyense","PX130333.1 Syzygium kanneliyense"
"2105","PP272178.fasta","PP272178.1","Stachys recta","PP272178.1 Stachys recta"
"2106","PP328794.fasta","PP328794.1","Chrysosplenium alternifolium","PP328794.1 Chrysosplenium alternifolium"
"2107","PV712667.fasta","PV712667.1","Lepidium apetalum","PV712667.1 Lepidium apetalum"
"2108","PV694277.fasta","PV694277.1","Oxytropis chiliophylla","PV694277.1 Oxytropis chiliophylla"
"2109","PV684023.fasta","PV684023.1","Allium ledebourianum","PV684023.1 Allium ledebourianum"
"2110","PP898072.fasta","PP898072.1","Artemisia tournefortiana","PP898072.1 Artemisia tournefortiana"
"2111","PV600846.fasta","PV600846.1","Aframomum daniellii","PV600846.1 Aframomum daniellii"
"2112","PX915249.fasta","PX915249.1","Iris subdecolorata","PX915249.1 Iris subdecolorata"
"2113","PP897879.fasta","PP897879.1","Iris paradoxa","PP897879.1 Iris paradoxa"
"2114","BK071866.fasta","BK071866.1","Staehelina petiolata","BK071866.1 Staehelina petiolata"
"2115","PP056270.fasta","PP056270.1","Tripterospermum filicaule","PP056270.1 Tripterospermum filicaule"
"2116","PV664707.fasta","PV664707.1","Vepris trichocarpa","PV664707.1 Vepris trichocarpa"
"2117","PQ472922.fasta","PQ472922.1","Phyllostachys aureosulcata","PQ472922.1 Phyllostachys aureosulcata"
"2118","PQ580730.fasta","PQ580730.1","Rochelia leiocarpa","PQ580730.1 Rochelia leiocarpa"
"2119","PQ726385.fasta","PQ726385.1","Dendrobium parishii","PQ726385.1 Dendrobium parishii"
"2120","PX396019.fasta","PX396019.1","Syzygium scortechinii","PX396019.1 Syzygium scortechinii"
"2121","PQ010097.fasta","PQ010097.1","Pontederia gigantea","PQ010097.1 Pontederia gigantea"
"2122","PZ095199.fasta","PZ095199.1","Uncaria macrophylla","PZ095199.1 Uncaria macrophylla"
"2123","OQ851314.fasta","OQ851314.1","Asparagus trichoclados","OQ851314.1 Asparagus trichoclados"
"2124","OR162024.fasta","OR162024.1","Sida rhombifolia","OR162024.1 Sida rhombifolia"
"2125","PX999253.fasta","PX999253.1","Astragalus khasianus","PX999253.1 Astragalus khasianus"
"2126","PQ459322.fasta","PQ459322.1","Chimonobambusa tuberculata","PQ459322.1 Chimonobambusa tuberculata"
"2127","PZ172408.fasta","PZ172408.1","Cicer chorassanicum","PZ172408.1 Cicer chorassanicum"
"2128","MW420974.fasta","MW420974.1","Scutellaria drummondii","MW420974.1 Scutellaria drummondii"
"2129","PX512545.1.fasta","PX512545.1","Coelastrum microporum","PX512545.1 Coelastrum microporum"
"2130","PP346799.fasta","PP346799.1","Polygonatum cathcartii","PP346799.1 Polygonatum cathcartii"
"2131","PV613211.fasta","PV613211.1","Angelica paeoniifolia","PV613211.1 Angelica paeoniifolia"
"2132","PQ576483.fasta","PQ576483.1","Dendrobium aduncum","PQ576483.1 Dendrobium aduncum"
"2133","PX244600.fasta","PX244600.1","Brassica rapa","PX244600.1 Brassica rapa"
"2134","PV870824.fasta","PV870824.1","Centrolobium robustum","PV870824.1 Centrolobium robustum"
"2135","PP843013.fasta","PP843013.1","Ageratum houstonianum","PP843013.1 Ageratum houstonianum"
"2136","PV130124.fasta","PV130124.1","Pterocarya macroptera","PV130124.1 Pterocarya macroptera"
"2137","PQ834335.fasta","PQ834335.1","Clematis canescens","PQ834335.1 Clematis canescens"
"2138","PQ010087.fasta","PQ010087.1","Heteranthera reniformis","PQ010087.1 Heteranthera reniformis"
"2139","PQ663624.fasta","PQ663624.1","Vernicia montana","PQ663624.1 Vernicia montana"
"2140","PV026028.fasta","PV026028.1","Papaver somniferum","PV026028.1 Papaver somniferum"
"2141","PX413285.fasta","PX413285.1","Crataegus dahurica","PX413285.1 Crataegus dahurica"
"2142","PV426735.fasta","PV426735.1","Saxifraga depressa","PV426735.1 Saxifraga depressa"
"2143","OR260879.fasta","OR260879.1","Monstera deliciosa","OR260879.1 Monstera deliciosa"
"2144","PP346786.fasta","PP346786.1","Polygonatum macranthum","PP346786.1 Polygonatum macranthum"
"2145","PV564753.fasta","PV564753.1","Aquilegia ecalcarata","PV564753.1 Aquilegia ecalcarata"
"2146","PV870740.fasta","PV870740.1","Cryptosepalum congolanum","PV870740.1 Cryptosepalum congolanum"
"2147","PV564771.fasta","PV564771.1","Aquilegia karelinii","PV564771.1 Aquilegia karelinii"
"2148","PQ038330.fasta","PQ038330.1","Allium tuberosum","PQ038330.1 Allium tuberosum"
"2149","PV975265.fasta","PV975265.1","Stephania herbacea","PV975265.1 Stephania herbacea"
"2150","PP916053.fasta","PP916053.1","Iris confusa","PP916053.1 Iris confusa"
"2151","PP484618.fasta","PP484618.1","Melampyrum pratense","PP484618.1 Melampyrum pratense"
"2152","OP531907.fasta","OP531907.1","Myxopyrum hainanense","OP531907.1 Myxopyrum hainanense"
"2153","PV613214.fasta","PV613214.1","Cnidium monnieri","PV613214.1 Cnidium monnieri"
"2154","PX130328.fasta","PX130328.1","Syzygium hirtum","PX130328.1 Syzygium hirtum"
"2155","PV613238.fasta","PV613238.1","Conioselinum tenuissimum","PV613238.1 Conioselinum tenuissimum"
"2156","PP681659.fasta","PP681659.1","Gelidocalamus stellatus","PP681659.1 Gelidocalamus stellatus"
"2157","ON929877.fasta","ON929877.1","Bassia scoparia","ON929877.1 Bassia scoparia"
"2158","PP484638.fasta","PP484638.1","Papaver dubium","PP484638.1 Papaver dubium"
"2159","BK071447.fasta","BK071447.1","Daphne blagayana","BK071447.1 Daphne blagayana"
"2160","PZ098297.fasta","PZ098297.1","Melica arzivencoi","PZ098297.1 Melica arzivencoi"
"2161","PQ010102.fasta","PQ010102.1","Pontederia triflora","PQ010102.1 Pontederia triflora"
"2162","PX752863.fasta","PX752863.1","Iris dabashanensis","PX752863.1 Iris dabashanensis"
"2163","PP595830.fasta","PP595830.1","Prunus dielsiana","PP595830.1 Prunus dielsiana"
"2164","PP622695.fasta","PP622695.1","Stipa pennata","PP622695.1 Stipa pennata"
"2165","PP056233.fasta","PP056233.1","Helwingia japonica","PP056233.1 Helwingia japonica"
"2166","OM948758.fasta","OM948758.1","Androsace rigida","OM948758.1 Androsace rigida"
"2167","PV744404.fasta","PV744404.1","Rosa sambucina","PV744404.1 Rosa sambucina"
"2168","PZ098326.fasta","PZ098326.1","Pleuropogon sabinei","PZ098326.1 Pleuropogon sabinei"
"2169","OP133582.fasta","OP133582.1","Huernia keniensis","OP133582.1 Huernia keniensis"
"2170","PZ166664.fasta","PZ166664.1","Trachydium trifoliatum","PZ166664.1 Trachydium trifoliatum"
"2171","PV472661.fasta","PV472661.1","Tubocapsicum anomalum","PV472661.1 Tubocapsicum anomalum"
"2172","PQ851685.fasta","PQ851685.1","Lagarosiphon muscoides","PQ851685.1 Lagarosiphon muscoides"
"2173","BK071827.fasta","BK071827.1","Berardia lanuginosa","BK071827.1 Berardia lanuginosa"
"2174","PV870733.fasta","PV870733.1","Neptunia plena","PV870733.1 Neptunia plena"
"2175","PP190471.fasta","PP190471.1","Coelogyne salmonicolor","PP190471.1 Coelogyne salmonicolor"
"2176","PV613215.fasta","PV613215.1","Conioselinum acuminatum","PV613215.1 Conioselinum acuminatum"
"2177","PX413287.fasta","PX413287.1","Crataegus laevigata","PX413287.1 Crataegus laevigata"
"2178","PV870753.fasta","PV870753.1","Platycyamus regnellii","PV870753.1 Platycyamus regnellii"
"2179","PP975608.fasta","PP975608.1","Rhodiola semenovii","PP975608.1 Rhodiola semenovii"
"2180","OR865878.fasta","OR865878.1","Sanicula chinensis","OR865878.1 Sanicula chinensis"
"2181","PP622680.fasta","PP622680.1","Salix reticulata","PP622680.1 Salix reticulata"
"2182","PZ182191.fasta","PZ182191.1","Swertia muliensis","PZ182191.1 Swertia muliensis"
"2183","OR896887.fasta","OR896887.1","Orlaya grandiflora","OR896887.1 Orlaya grandiflora"
"2184","PV087171.fasta","PV087171.1","Speirantha gardenii","PV087171.1 Speirantha gardenii"
"2185","PQ899562.fasta","PQ899562.1","Griffitharia needhamii","PQ899562.1 Griffitharia needhamii"
"2186","PV870693.fasta","PV870693.1","Leucomphalos mildbraedii","PV870693.1 Leucomphalos mildbraedii"
"2187","PZ269957.fasta","PZ269957.1","Allium ophiophyllum","PZ269957.1 Allium ophiophyllum"
"2188","OL891510.fasta","OL891510.1","Alnus matsumurae","OL891510.1 Alnus matsumurae"
"2189","PV548702.fasta","PV548702.1","Lappula semialata","PV548702.1 Lappula semialata"
"2190","PQ760267.fasta","PQ760267.1","Dasiphora glabra","PQ760267.1 Dasiphora glabra"
"2191","PV613218.fasta","PV613218.1","Conioselinum anthriscoides","PV613218.1 Conioselinum anthriscoides"
"2192","BK070975.fasta","BK070975.1","Erigeron acris","BK070975.1 Erigeron acris"
"2193","PV008705.fasta","PV008705.1","Rubus coreanus","PV008705.1 Rubus coreanus"
"2194","ON729341.fasta","ON729341.1","Rhodoleia henryi","ON729341.1 Rhodoleia henryi"
"2195","PX842504.fasta","PX842504.1","Schwenckia americana","PX842504.1 Schwenckia americana"
"2196","PQ157937.fasta","PQ157937.1","Coelogyne flaccida","PQ157937.1 Coelogyne flaccida"
"2197","OR881379.fasta","OR881379.1","Weigela japonica","OR881379.1 Weigela japonica"
"2198","PP952503.fasta","PP952503.1","Lycium torreyi","PP952503.1 Lycium torreyi"
"2199","PP965695.fasta","PP965695.1","Rhodiola alterna","PP965695.1 Rhodiola alterna"
"2200","PV443020.fasta","PV443020.1","Rosa sterilis","PV443020.1 Rosa sterilis"
"2201","PZ316410.fasta","PZ316410.1","Begonia kui","PZ316410.1 Begonia kui"
"2202","PZ098308.fasta","PZ098308.1","Melica onoei","PZ098308.1 Melica onoei"
"2203","MW683061.fasta","MW683061.1","Impatiens auriculata","MW683061.1 Impatiens auriculata"
"2204","PQ524041.fasta","PQ524041.2","Salvia yunnanensis","PQ524041.2 Salvia yunnanensis"
"2205","PP336761.fasta","PP336761.1","Helictotrichon parlatorei","PP336761.1 Helictotrichon parlatorei"
"2206","PP479698.fasta","PP479698.1","Dendrobium polyanthum","PP479698.1 Dendrobium polyanthum"
"2207","PZ098295.fasta","PZ098295.1","Melica penicillaris","PZ098295.1 Melica penicillaris"
"2208","PV424135.fasta","PV424135.1","Tropidia nipponica","PV424135.1 Tropidia nipponica"
"2209","PQ568378.fasta","PQ568378.1","Primula wawushanica","PQ568378.1 Primula wawushanica"
"2210","PP234559.fasta","PP234559.1","Pedicularis alaschanica","PP234559.1 Pedicularis alaschanica"
"2211","PP098462.fasta","PP098462.1","Cenchrus purpureus","PP098462.1 Cenchrus purpureus"
"2212","PX230054.fasta","PX230054.1","Cousinia coronata","PX230054.1 Cousinia coronata"
"2213","PV083617.fasta","PV083617.1","Styrax pohlii","PV083617.1 Styrax pohlii"
"2214","PV995351.fasta","PV995351.1","Triticum aestivum","PV995351.1 Triticum aestivum"
"2215","PV621862.fasta","PV621862.1","Ranunculus uncostigma","PV621862.1 Ranunculus uncostigma"
"2216","PV608499.fasta","PV608499.1","Ardisia silvestris","PV608499.1 Ardisia silvestris"
"2217","PP622720.fasta","PP622720.1","Veronica peregrina","PP622720.1 Veronica peregrina"
"2218","PQ728877.fasta","PQ728877.1","Chloranthus angustifolius","PQ728877.1 Chloranthus angustifolius"
"2219","PX316411.fasta","PX316411.1","Euphorbia corollata","PX316411.1 Euphorbia corollata"
"2220","OM949886.fasta","OM949886.1","Actinidia callosa","OM949886.1 Actinidia callosa"
"2221","PP970579.fasta","PP970579.1","Panzerina lanata","PP970579.1 Panzerina lanata"
"2222","PZ337562.fasta","PZ337562.1","Quercus dolicholepis","PZ337562.1 Quercus dolicholepis"
"2223","PQ526731.fasta","PQ526731.1","Ficus pandurata","PQ526731.1 Ficus pandurata"
"2224","PZ347914.fasta","PZ347914.1","Murdannia medica","PZ347914.1 Murdannia medica"
"2225","PZ098370.fasta","PZ098370.1","Melica imperfecta","PZ098370.1 Melica imperfecta"
"2226","PV833100.fasta","PV833100.1","Engelhardia unijuga","PV833100.1 Engelhardia unijuga"
"2227","OR565909.fasta","OR565909.1","Lamium album","OR565909.1 Lamium album"
"2228","PX315800.fasta","PX315800.1","Plumbago auriculata","PX315800.1 Plumbago auriculata"
"2229","PX927066.fasta","PX927066.1","Cynanchum hemsleyanum","PX927066.1 Cynanchum hemsleyanum"
"2230","PV613213.fasta","PV613213.1","Cnidium dauricum","PV613213.1 Cnidium dauricum"
"2231","PP190929.fasta","PP190929.1","Silene acaulis","PP190929.1 Silene acaulis"
"2232","OR884995.fasta","OR884995.1","Laserpitium peucedanoides","OR884995.1 Laserpitium peucedanoides"
"2233","OR946456.fasta","OR946456.1","Magnolia cavaleriei","OR946456.1 Magnolia cavaleriei"
"2234","PQ533857.fasta","PQ533857.1","Silene kiusiana","PQ533857.1 Silene kiusiana"
"2235","OL891595.fasta","OL891595.1","Eremurus korolkowii","OL891595.1 Eremurus korolkowii"
"2236","PV010370.fasta","PV010370.1","Sandoricum koetjape","PV010370.1 Sandoricum koetjape"
"2237","PX170161.fasta","PX170161.1","Syzygium endophloium","PX170161.1 Syzygium endophloium"
"2238","PP541864.fasta","PP541864.1","Bellardiochloa variegata","PP541864.1 Bellardiochloa variegata"
"2239","PV423707.1.fasta","PV423707.1","Thalassiosira allenii","PV423707.1 Thalassiosira allenii"
"2240","PV712661.fasta","PV712661.1","Lepidium sativum","PV712661.1 Lepidium sativum"
"2241","OR832175.fasta","OR832175.1","Lithocarpus fenestratus","OR832175.1 Lithocarpus fenestratus"
"2242","OR896896.fasta","OR896896.1","Arnica montana","OR896896.1 Arnica montana"
"2243","PX170168.fasta","PX170168.1","Syzygium graveolens","PX170168.1 Syzygium graveolens"
"2244","PZ054906.fasta","PZ054906.1","Camellia hamyenensis","PZ054906.1 Camellia hamyenensis"
"2245","PX694235.fasta","PX694235.1","Hibiscus trionum","PX694235.1 Hibiscus trionum"
"2246","PX130360.fasta","PX130360.1","Syzygium pyrifolium","PX130360.1 Syzygium pyrifolium"
"2247","PX957621.fasta","PX957621.1","Sedum hispanicum","PX957621.1 Sedum hispanicum"
"2248","MK751398.fasta","MK751398.1","Apium graveolens","MK751398.1 Apium graveolens"
"2249","OR909621.fasta","OR909621.1","Cirsium erisithales","OR909621.1 Cirsium erisithales"
"2250","PV296132.fasta","PV296132.1","Calotropis procera","PV296132.1 Calotropis procera"
"2251","PV564772.fasta","PV564772.1","Aquilegia kubanica","PV564772.1 Aquilegia kubanica"
"2252","PZ098270.fasta","PZ098270.1","Triniochloa micrantha","PZ098270.1 Triniochloa micrantha"
"2253","PV658284.fasta","PV658284.1","Zanthoxylum paracanthum","PV658284.1 Zanthoxylum paracanthum"
"2254","PZ316391.fasta","PZ316391.1","Begonia chingipengii","PZ316391.1 Begonia chingipengii"
"2255","PX413109.1.fasta","PX413109.1","Psammoneis japonica","PX413109.1 Psammoneis japonica"
"2256","OR992047.1.fasta","OR992047.1","Hydrolithon reinboldii","OR992047.1 Hydrolithon reinboldii"
"2257","PZ183444.fasta","PZ183444.1","Solanum hirtulum","PZ183444.1 Solanum hirtulum"
"2258","PZ098385.fasta","PZ098385.1","Glyceria spiculosa","PZ098385.1 Glyceria spiculosa"
"2259","PP056269.fasta","PP056269.1","Paris verticillata","PP056269.1 Paris verticillata"
"2260","PQ874720.fasta","PQ874720.1","Clematis hirsuta","PQ874720.1 Clematis hirsuta"
"2261","PP681647.fasta","PP681647.1","Acidosasa venusta","PP681647.1 Acidosasa venusta"
"2262","PX316521.fasta","PX316521.1","Tibetiodes brachytricha","PX316521.1 Tibetiodes brachytricha"
"2263","PX355011.1.fasta","PX355011.1","Chamaecyparis obtusa","PX355011.1 Chamaecyparis obtusa"
"2264","PV472658.fasta","PV472658.1","Physaliastrum sinicum","PV472658.1 Physaliastrum sinicum"
"2265","PQ675795.fasta","PQ675795.1","Koenigia alpina","PQ675795.1 Koenigia alpina"
"2266","PP541892.fasta","PP541892.1","Rumex crispus","PP541892.1 Rumex crispus"
"2267","PP897885.fasta","PP897885.1","Iris alberti","PP897885.1 Iris alberti"
"2268","PP952485.fasta","PP952485.1","Lycium infaustum","PP952485.1 Lycium infaustum"
"2269","PV870685.fasta","PV870685.1","Liparia racemosa","PV870685.1 Liparia racemosa"
"2270","PP976064.fasta","PP976064.1","Rosa laevigata","PP976064.1 Rosa laevigata"
"2271","PX230052.fasta","PX230052.1","Cousinia mogoltavica","PX230052.1 Cousinia mogoltavica"
"2272","PX828355.fasta","PX828355.1","Lepanthes cloesii","PX828355.1 Lepanthes cloesii"
"2273","BK071851.fasta","BK071851.1","Klasea nudicaulis","BK071851.1 Klasea nudicaulis"
"2274","MW420945.fasta","MW420945.1","Scutellaria linearis","MW420945.1 Scutellaria linearis"
"2275","PP681649.fasta","PP681649.1","Oligostachyum nuspiculum","PP681649.1 Oligostachyum nuspiculum"
"2276","PV588044.fasta","PV588044.1","Lysimachia medogensis","PV588044.1 Lysimachia medogensis"
"2277","OP133594.fasta","OP133594.1","Melodinus tenuicaudatus","OP133594.1 Melodinus tenuicaudatus"
"2278","PX119162.fasta","PX119162.1","Indocalamus tessellatus","PX119162.1 Indocalamus tessellatus"
"2279","PV553480.fasta","PV553480.1","Potoxylon melagangai","PV553480.1 Potoxylon melagangai"
"2280","PP898098.fasta","PP898098.1","Artemisia qinlingensis","PP898098.1 Artemisia qinlingensis"
"2281","OM949922.fasta","OM949922.1","Actinidia liangguangensis","OM949922.1 Actinidia liangguangensis"
"2282","PP203139.fasta","PP203139.1","Medicago minima","PP203139.1 Medicago minima"
"2283","PP465456.fasta","PP465456.1","Quercus sichourensis","PP465456.1 Quercus sichourensis"
"2284","PZ239390.fasta","PZ239390.1","Sambucus canadensis","PZ239390.1 Sambucus canadensis"
"2285","PV083614.fasta","PV083614.1","Styrax pentlandianus","PV083614.1 Styrax pentlandianus"
"2286","PV870717.fasta","PV870717.1","Tetraberlinia bifoliolata","PV870717.1 Tetraberlinia bifoliolata"
"2287","PQ846075.fasta","PQ846075.1","Brassica juncea","PQ846075.1 Brassica juncea"
"2288","PV550975.fasta","PV550975.1","Triumfetta tomentosa","PV550975.1 Triumfetta tomentosa"
"2289","PP595828.fasta","PP595828.1","Prunus clarofolia","PP595828.1 Prunus clarofolia"
"2290","PP234603.fasta","PP234603.1","Aster asteroides","PP234603.1 Aster asteroides"
"2291","PV083605.fasta","PV083605.1","Styrax jaliscanus","PV083605.1 Styrax jaliscanus"
"2292","PP235257.fasta","PP235257.1","Lysimachia chapaensis","PP235257.1 Lysimachia chapaensis"
"2293","PQ585762.fasta","PQ585762.1","Lappula anocarpa","PQ585762.1 Lappula anocarpa"
"2294","PV870813.fasta","PV870813.1","Virgilia divaricata","PV870813.1 Virgilia divaricata"
"2295","PV870843.fasta","PV870843.1","Astragalus effusus","PV870843.1 Astragalus effusus"
"2296","PP335058.fasta","PP335058.1","Digitalis lutea","PP335058.1 Digitalis lutea"
"2297","PX057452.fasta","PX057452.1","Elatostema involucratum","PX057452.1 Elatostema involucratum"
"2298","PX648172.fasta","PX648172.1","Anoectochilus chapaensis","PX648172.1 Anoectochilus chapaensis"
"2299","PV221544.fasta","PV221544.1","Libertia pulchella","PV221544.1 Libertia pulchella"
"2300","PP975596.fasta","PP975596.1","Rhodiola alsia","PP975596.1 Rhodiola alsia"
"2301","PX924887.fasta","PX924887.1","Camellia japonica","PX924887.1 Camellia japonica"
"2302","PX334454.fasta","PX334454.1","Miscanthus sinensis","PX334454.1 Miscanthus sinensis"
"2303","PQ638941.fasta","PQ638941.1","Iris bucharica","PQ638941.1 Iris bucharica"
"2304","PX309534.fasta","PX309534.1","Alpinia zerumbet","PX309534.1 Alpinia zerumbet"
"2305","PV870754.fasta","PV870754.1","Tibetia forrestii","PV870754.1 Tibetia forrestii"
"2306","AP041288.fasta","AP041288.1","Prunus itosakura","AP041288.1 Prunus itosakura"
"2307","PZ239411.fasta","PZ239411.1","Syringa yunnanensis","PZ239411.1 Syringa yunnanensis"
"2308","ON929845.fasta","ON929845.1","Nanophyton erinaceum","ON929845.1 Nanophyton erinaceum"
"2309","PX753853.fasta","PX753853.1","Ranunculus glareosus","PX753853.1 Ranunculus glareosus"
"2310","PQ723628.fasta","PQ723628.1","Coelogyne uncata","PQ723628.1 Coelogyne uncata"
"2311","PP952455.fasta","PP952455.1","Brugmansia aurea","PP952455.1 Brugmansia aurea"
"2312","PX516301.fasta","PX516301.1","Thunbergia grandiflora","PX516301.1 Thunbergia grandiflora"
"2313","PQ210154.fasta","PQ210154.1","Muscari microstomum","PQ210154.1 Muscari microstomum"
"2314","PZ098280.fasta","PZ098280.1","Glyceria triflora","PZ098280.1 Glyceria triflora"
"2315","PP336760.fasta","PP336760.1","Gymnadenia odoratissima","PP336760.1 Gymnadenia odoratissima"
"2316","PV870785.fasta","PV870785.1","Crotalaria sericea","PV870785.1 Crotalaria sericea"
"2317","OP531909.fasta","OP531909.1","Osmanthus fragrans","OP531909.1 Osmanthus fragrans"
"2318","PP316502.fasta","PP316502.1","Achnatherum calamagrostis","PP316502.1 Achnatherum calamagrostis"
"2319","PV083604.fasta","PV083604.1","Styrax hainanensis","PV083604.1 Styrax hainanensis"
"2320","OR565955.fasta","OR565955.1","Paraphlomis lanceolata","OR565955.1 Paraphlomis lanceolata"
"2321","PQ112543.fasta","PQ112543.1","Aspidopterys glabriuscula","PQ112543.1 Aspidopterys glabriuscula"
"2322","PP952510.fasta","PP952510.1","Solanum lycopersicum","PP952510.1 Solanum lycopersicum"
"2323","PZ015921.fasta","PZ015921.1","Allium tianschanicum","PZ015921.1 Allium tianschanicum"
"2324","PX430557.fasta","PX430557.1","Globba racemosa","PX430557.1 Globba racemosa"
"2325","PX421531.1.fasta","PX421531.1","Moerckia blyttii","PX421531.1 Moerckia blyttii"
"2326","PP316511.fasta","PP316511.1","Alchemilla transiens","PP316511.1 Alchemilla transiens"
"2327","OQ736731.fasta","OQ736731.1","Hedysarum talassicum","OQ736731.1 Hedysarum talassicum"
"2328","PP328813.fasta","PP328813.1","Trifolium badium","PP328813.1 Trifolium badium"
"2329","PP479733.fasta","PP479733.1","Dendrobium lindleyi","PP479733.1 Dendrobium lindleyi"
"2330","OR909631.fasta","OR909631.1","Centaurea scabiosa","OR909631.1 Centaurea scabiosa"
"2331","PP346800.fasta","PP346800.1","Polygonatum amabile","PP346800.1 Polygonatum amabile"
"2332","PP934441.fasta","PP934441.1","Rosa transmorrisonensis","PP934441.1 Rosa transmorrisonensis"
"2333","PX125823.fasta","PX125823.1","Syzygium bungadinnia","PX125823.1 Syzygium bungadinnia"
"2334","PZ055112.fasta","PZ055112.1","Lamium purpureum","PZ055112.1 Lamium purpureum"
"2335","PQ580665.1.fasta","PQ580665.1","Lygodium japonicum","PQ580665.1 Lygodium japonicum"
"2336","PP479727.fasta","PP479727.1","Dendrobium lituiflorum","PP479727.1 Dendrobium lituiflorum"
"2337","PP975601.fasta","PP975601.1","Rhodiola purpureoviridis","PP975601.1 Rhodiola purpureoviridis"
"2338","PZ098331.fasta","PZ098331.1","Melica spectabilis","PZ098331.1 Melica spectabilis"
"2339","PX395651.fasta","PX395651.1","Solanum japonense","PX395651.1 Solanum japonense"
"2340","PP234532.fasta","PP234532.1","Metaeritrichium microuloides","PP234532.1 Metaeritrichium microuloides"
"2341","PX724628.fasta","PX724628.1","Hippeastrum correiense","PX724628.1 Hippeastrum correiense"
"2342","PX130344.fasta","PX130344.1","Syzygium mouanum","PX130344.1 Syzygium mouanum"
"2343","PP328779.fasta","PP328779.1","Bistorta vivipara","PP328779.1 Bistorta vivipara"
"2344","PX591894.fasta","PX591894.1","Spiraea chamaedryfolia","PX591894.1 Spiraea chamaedryfolia"
"2345","PQ010098.fasta","PQ010098.1","Pontederia ovalis","PQ010098.1 Pontederia ovalis"
"2346","OR783476.fasta","OR783476.1","Rhynchopsidium pumilum","OR783476.1 Rhynchopsidium pumilum"
"2347","PV870860.fasta","PV870860.1","Salvia huberi","PV870860.1 Salvia huberi"
"2348","PP336769.fasta","PP336769.1","Leontodon crispus","PP336769.1 Leontodon crispus"
"2349","PP728426.fasta","PP728426.1","Vigna hirtella","PP728426.1 Vigna hirtella"
"2350","PQ468964.fasta","PQ468964.1","Lysionotus longipedunculatus","PQ468964.1 Lysionotus longipedunculatus"
"2351","PV364609.fasta","PV364609.1","Ranunculus laetus","PV364609.1 Ranunculus laetus"
"2352","PP056235.fasta","PP056235.1","Aristolochia dabieshanensis","PP056235.1 Aristolochia dabieshanensis"
"2353","PZ098357.fasta","PZ098357.1","Melica frutescens","PZ098357.1 Melica frutescens"
"2354","PQ210191.fasta","PQ210191.1","Muscari olivetorum","PQ210191.1 Muscari olivetorum"
"2355","PQ310506.fasta","PQ310506.1","Myosotis saxatilis","PQ310506.1 Myosotis saxatilis"
"2356","OR712470.fasta","OR712470.1","Aptandra tubicina","OR712470.1 Aptandra tubicina"
"2357","PQ777090.fasta","PQ777090.1","Cotoneaster coriaceus","PQ777090.1 Cotoneaster coriaceus"
"2358","PV870807.fasta","PV870807.1","Aotus ericoides","PV870807.1 Aotus ericoides"
"2359","MW420939.fasta","MW420939.1","Scutellaria rubicunda","MW420939.1 Scutellaria rubicunda"
"2360","MW420941.fasta","MW420941.1","Scutellaria heydei","MW420941.1 Scutellaria heydei"
"2361","PX223374.fasta","PX223374.1","Stachyurus obovatus","PX223374.1 Stachyurus obovatus"
"2362","PX759427.fasta","PX759427.1","Jurinea chaetocarpa","PX759427.1 Jurinea chaetocarpa"
"2363","PP336756.fasta","PP336756.1","Globularia nudicaulis","PP336756.1 Globularia nudicaulis"
"2364","PV068279.fasta","PV068279.1","Arisaema lackneri","PV068279.1 Arisaema lackneri"
"2365","PX394654.fasta","PX394654.1","Phoebe chekiangensis","PX394654.1 Phoebe chekiangensis"
"2366","OR521102.fasta","OR521102.1","Elatostema paucidentatum","OR521102.1 Elatostema paucidentatum"
"2367","PX924389.fasta","PX924389.1","Scorzonera tragopogonoides","PX924389.1 Scorzonera tragopogonoides"
"2368","PX125814.fasta","PX125814.1","Pueraria alopecuroides","PX125814.1 Pueraria alopecuroides"
"2369","PQ210156.fasta","PQ210156.1","Muscari macbeathianum","PQ210156.1 Muscari macbeathianum"
"2370","OQ503567.fasta","OQ503567.1","Camellia formosensis","OQ503567.1 Camellia formosensis"
"2371","PV870729.fasta","PV870729.1","Vachellia pennatula","PV870729.1 Vachellia pennatula"
"2372","PQ468414.fasta","PQ468414.1","Ferula foetidissima","PQ468414.1 Ferula foetidissima"
"2373","PP328807.fasta","PP328807.1","Onobrychis arenaria","PP328807.1 Onobrychis arenaria"
"2374","PP503005.fasta","PP503005.1","Toxicodendron trichocarpum","PP503005.1 Toxicodendron trichocarpum"
"2375","PP541852.fasta","PP541852.1","Persicaria amphibia","PP541852.1 Persicaria amphibia"
"2376","PP024534.fasta","PP024534.1","Ajuga reptans","PP024534.1 Ajuga reptans"
"2377","PQ276660.fasta","PQ276660.1","Lithocarpus pachylepis","PQ276660.1 Lithocarpus pachylepis"
"2378","PV548679.fasta","PV548679.1","Lappula coronifera","PV548679.1 Lappula coronifera"
"2379","PV085078.fasta","PV085078.1","Cymbopogon bhutanicus","PV085078.1 Cymbopogon bhutanicus"
"2380","PV221546.fasta","PV221546.1","Libertia grandiflora","PV221546.1 Libertia grandiflora"
"2381","PX334446.fasta","PX334446.1","Abutilon grandifolium","PX334446.1 Abutilon grandifolium"
"2382","PV600845.fasta","PV600845.1","Aframomum melegueta","PV600845.1 Aframomum melegueta"
"2383","PQ835411.fasta","PQ835411.1","Artocarpus integer","PQ835411.1 Artocarpus integer"
"2384","PV744413.fasta","PV744413.1","Rosa blanda","PV744413.1 Rosa blanda"
"2385","OR712485.fasta","OR712485.1","Viscum trachycarpum","OR712485.1 Viscum trachycarpum"
"2386","PP541871.fasta","PP541871.1","Potentilla micrantha","PP541871.1 Potentilla micrantha"
"2387","PV599774.1.fasta","PV599774.1","Rhopalodia sterrenburgii","PV599774.1 Rhopalodia sterrenburgii"
"2388","PV567261.fasta","PV567261.1","Forsythia suspensa","PV567261.1 Forsythia suspensa"
"2389","PX130322.fasta","PX130322.1","Syzygium glaucum","PX130322.1 Syzygium glaucum"
"2390","OR264245.fasta","OR264245.1","Cinnamomum tenuipile","OR264245.1 Cinnamomum tenuipile"
"2391","PP190458.fasta","PP190458.1","Coelogyne carnea","PP190458.1 Coelogyne carnea"
"2392","BK070965.fasta","BK070965.1","Erigeron alpinus","BK070965.1 Erigeron alpinus"
"2393","PP622679.fasta","PP622679.1","Salix hastata","PP622679.1 Salix hastata"
"2394","PX763726.fasta","PX763726.1","Malus floribunda","PX763726.1 Malus floribunda"
"2395","PV564801.fasta","PV564801.1","Aquilegia xinjiangensis","PV564801.1 Aquilegia xinjiangensis"
"2396","PZ098375.fasta","PZ098375.1","Glyceria pulchella","PZ098375.1 Glyceria pulchella"
"2397","PZ301186.fasta","PZ301186.1","Bistorta affinis","PZ301186.1 Bistorta affinis"
"2398","PX023001.fasta","PX023001.1","Musa acuminata","PX023001.1 Musa acuminata"
"2399","PX170169.fasta","PX170169.1","Syzygium gustavioides","PX170169.1 Syzygium gustavioides"
"2400","PQ231096.fasta","PQ231096.1","Paraleonurus pseudomacranthus","PQ231096.1 Paraleonurus pseudomacranthus"
"2401","PQ874736.fasta","PQ874736.1","Clematis metouensis","PQ874736.1 Clematis metouensis"
"2402","OR990537.fasta","OR990537.1","Leuzea rhapontica","OR990537.1 Leuzea rhapontica"
"2403","PQ824630.fasta","PQ824630.1","Limonium tenellum","PQ824630.1 Limonium tenellum"
"2404","PP234562.fasta","PP234562.1","Ajania khartensis","PP234562.1 Ajania khartensis"
"2405","PP898102.fasta","PP898102.1","Artemisia selengensis","PP898102.1 Artemisia selengensis"
"2406","PP262173.fasta","PP262173.1","Sempervivum heuffelii","PP262173.1 Sempervivum heuffelii"
"2407","PX406251.fasta","PX406251.1","Iris bulleyana","PX406251.1 Iris bulleyana"
"2408","MK033543.fasta","MK033543.1","Diabelia stenophylla","MK033543.1 Diabelia stenophylla"
"2409","PP998656.fasta","PP998656.1","Crotalaria juncea","PP998656.1 Crotalaria juncea"
"2410","PP103308.fasta","PP103308.1","Cerastium lucorum","PP103308.1 Cerastium lucorum"
"2411","OR605727.fasta","OR605727.1","Jasminum dallachyi","OR605727.1 Jasminum dallachyi"
"2412","PP234511.fasta","PP234511.1","Saxifraga tangutica","PP234511.1 Saxifraga tangutica"
"2413","PX933206.1.fasta","PX933206.1","Cedrus deodara","PX933206.1 Cedrus deodara"
"2414","PX229822.fasta","PX229822.1","Stachyurus praecox","PX229822.1 Stachyurus praecox"
"2415","PV928991.fasta","PV928991.1","Flemingia prostrata","PV928991.1 Flemingia prostrata"
"2416","OK509176.fasta","OK509176.1","Rosa soulieana","OK509176.1 Rosa soulieana"
"2417","PX969667.fasta","PX969667.1","Krascheninnikovia arborescens","PX969667.1 Krascheninnikovia arborescens"
"2418","PX512555.1.fasta","PX512555.1","Hariotina reticulata","PX512555.1 Hariotina reticulata"
"2419","PV472654.fasta","PV472654.1","Archiphysalis sinensis","PV472654.1 Archiphysalis sinensis"
"2420","PQ874764.fasta","PQ874764.1","Clematis patens","PQ874764.1 Clematis patens"
"2421","PZ316446.fasta","PZ316446.1","Begonia undulata","PZ316446.1 Begonia undulata"
"2422","PP175358.fasta","PP175358.1","Sedum sexangulare","PP175358.1 Sedum sexangulare"
"2423","OR995472.fasta","OR995472.1","Pyrus takhtadzhianii","OR995472.1 Pyrus takhtadzhianii"
"2424","PQ210170.fasta","PQ210170.1","Muscari weissii","PQ210170.1 Muscari weissii"
"2425","PQ468972.fasta","PQ468972.1","Lysionotus sulphureoides","PQ468972.1 Lysionotus sulphureoides"
"2426","PP897883.fasta","PP897883.1","Iris stolonifera","PP897883.1 Iris stolonifera"
"2427","PX648174.fasta","PX648174.1","Anoectochilus formosanus","PX648174.1 Anoectochilus formosanus"
"2428","ON929852.fasta","ON929852.1","Climacoptera lanata","ON929852.1 Climacoptera lanata"
"2429","PX644693.fasta","PX644693.1","Juglans regia","PX644693.1 Juglans regia"
"2430","PX776207.fasta","PX776207.1","Pterygiella tenuisecta","PX776207.1 Pterygiella tenuisecta"
"2431","ON729376.fasta","ON729376.1","Liquidambar chinensis","ON729376.1 Liquidambar chinensis"
"2432","PP133732.fasta","PP133732.1","Sonchus fauces-orci","PP133732.1 Sonchus fauces-orci"
"2433","OR909640.fasta","OR909640.1","Hieracium lachenalii","OR909640.1 Hieracium lachenalii"
"2434","PQ432205.fasta","PQ432205.1","Malus sikkimensis","PQ432205.1 Malus sikkimensis"
"2435","PV330083.fasta","PV330083.1","Rosa spinosissima","PV330083.1 Rosa spinosissima"
"2436","PV426730.fasta","PV426730.1","Saxifraga aphylla","PV426730.1 Saxifraga aphylla"
"2437","PP541879.fasta","PP541879.1","Ranunculus thora","PP541879.1 Ranunculus thora"
"2438","OM949901.fasta","OM949901.1","Actinidia melanandra","OM949901.1 Actinidia melanandra"
"2439","PV931572.1.fasta","PV931572.1","Nitzschia nienhuisii","PV931572.1 Nitzschia nienhuisii"
"2440","OR264236.fasta","OR264236.1","Cinnamomum pauciflorum","OR264236.1 Cinnamomum pauciflorum"
"2441","PQ551030.fasta","PQ551030.1","Physospermopsis rubrinervis","PQ551030.1 Physospermopsis rubrinervis"
"2442","PV409673.fasta","PV409673.1","Bulbine bulbosa","PV409673.1 Bulbine bulbosa"
"2443","PX380666.fasta","PX380666.1","Delphinium kingianum","PX380666.1 Delphinium kingianum"
"2444","OR493260.fasta","OR493260.1","Quercus guyavifolia","OR493260.1 Quercus guyavifolia"
"2445","PX309525.fasta","PX309525.1","Gymnanthemum amygdalinum","PX309525.1 Gymnanthemum amygdalinum"
"2446","PQ571148.fasta","PQ571148.1","Liparis odorata","PQ571148.1 Liparis odorata"
"2447","PV192894.fasta","PV192894.1","Epimedium acuminatum","PV192894.1 Epimedium acuminatum"
"2448","BK070966.fasta","BK070966.1","Erigeron borealis","BK070966.1 Erigeron borealis"
"2449","PP484629.fasta","PP484629.1","Gymnadenia rhellicani","PP484629.1 Gymnadenia rhellicani"
"2450","OQ549893.fasta","OQ549893.1","Styrax macrocarpus","OQ549893.1 Styrax macrocarpus"
"2451","PP262138.fasta","PP262138.1","Rhodiola primuloides","PP262138.1 Rhodiola primuloides"
"2452","PQ210193.fasta","PQ210193.1","Muscari spreitzenhoferi","PQ210193.1 Muscari spreitzenhoferi"
"2453","PX398768.fasta","PX398768.1","Peucedanum shanianum","PX398768.1 Peucedanum shanianum"
"2454","PQ456193.fasta","PQ456193.1","Digitalis purpurea","PQ456193.1 Digitalis purpurea"
"2455","PQ068705.fasta","PQ068705.1","Bredia tuberculata","PQ068705.1 Bredia tuberculata"
"2456","PX309531.fasta","PX309531.2","Ligustrum japonicum","PX309531.2 Ligustrum japonicum"
"2457","PX673853.fasta","PX673853.1","Clematis puberula","PX673853.1 Clematis puberula"
"2458","PX972515.fasta","PX972515.1","Trigonella corniculata","PX972515.1 Trigonella corniculata"
"2459","OR865891.fasta","OR865891.1","Sanicula hanyuanensis","OR865891.1 Sanicula hanyuanensis"
"2460","PX396021.fasta","PX396021.1","Syzygium tetragonum","PX396021.1 Syzygium tetragonum"
"2461","PP516537.fasta","PP516537.1","Betula pendula","PP516537.1 Betula pendula"
"2462","PV685905.fasta","PV685905.1","Tirpitzia sinensis","PV685905.1 Tirpitzia sinensis"
"2463","PP831693.fasta","PP831693.1","Zehneria tuberifera","PP831693.1 Zehneria tuberifera"
"2464","PQ723623.fasta","PQ723623.1","Coelogyne fimbriata","PQ723623.1 Coelogyne fimbriata"
"2465","OQ503550.fasta","OQ503550.1","Camellia costei","OQ503550.1 Camellia costei"
"2466","PZ095202.fasta","PZ095202.1","Myrsine stolonifera","PZ095202.1 Myrsine stolonifera"
"2467","OR698946.fasta","OR698946.1","Paphiopedilum micranthum","OR698946.1 Paphiopedilum micranthum"
"2468","PV870783.fasta","PV870783.1","Melilotus officinalis","PV870783.1 Melilotus officinalis"
"2469","PV870861.fasta","PV870861.1","Salvia kronenburgii","PV870861.1 Salvia kronenburgii"
"2470","PX794969.fasta","PX794969.1","Elymus sibiricus","PX794969.1 Elymus sibiricus"
"2471","BK071862.fasta","BK071862.1","Saussurea lehmannii","BK071862.1 Saussurea lehmannii"
"2472","PP479683.fasta","PP479683.1","Dendrobium brymerianum","PP479683.1 Dendrobium brymerianum"
"2473","PP883955.fasta","PP883955.1","Monnina leptostachya","PP883955.1 Monnina leptostachya"
"2474","PZ168312.fasta","PZ168312.1","Saxifraga haplophylloides","PZ168312.1 Saxifraga haplophylloides"
"2475","OR159815.fasta","OR159815.1","Dalbergia obtusifolia","OR159815.1 Dalbergia obtusifolia"
"2476","PV083613.fasta","PV083613.1","Styrax pedicellatus","PV083613.1 Styrax pedicellatus"
"2477","PQ474252.fasta","PQ474252.1","Glycine tomentella","PQ474252.1 Glycine tomentella"
"2478","PV870830.fasta","PV870830.1","Libidibia paraguariensis","PV870830.1 Libidibia paraguariensis"
"2479","PQ144599.fasta","PQ144599.1","Dalbergia odorifera","PQ144599.1 Dalbergia odorifera"
"2480","OR166988.fasta","OR166988.1","Botryodiscia tetrandra","OR166988.1 Botryodiscia tetrandra"
"2481","PV870835.fasta","PV870835.1","Derris ferruginea","PV870835.1 Derris ferruginea"
"2482","PX108616.fasta","PX108616.1","Syzygium angophoroides","PX108616.1 Syzygium angophoroides"
"2483","PQ874711.fasta","PQ874711.1","Clematis fusca","PQ874711.1 Clematis fusca"
"2484","PQ835412.fasta","PQ835412.1","Artocarpus heterophyllus","PQ835412.1 Artocarpus heterophyllus"
"2485","OP271874.fasta","OP271874.1","Menispermum canadense","OP271874.1 Menispermum canadense"
"2486","OQ736736.fasta","OQ736736.1","Hedysarum mogianicum","OQ736736.1 Hedysarum mogianicum"
"2487","PV423703.1.fasta","PV423703.1","Discostella pseudostelligera","PV423703.1 Discostella pseudostelligera"
"2488","PQ877663.fasta","PQ877663.1","Impatiens commelinoides","PQ877663.1 Impatiens commelinoides"
"2489","OR896875.fasta","OR896875.1","Astrantia major","OR896875.1 Astrantia major"
"2490","PQ210161.fasta","PQ210161.1","Muscari caucasicum","PQ210161.1 Muscari caucasicum"
"2491","PQ468985.fasta","PQ468985.1","Anna rubidiflora","PQ468985.1 Anna rubidiflora"
"2492","OR990528.fasta","OR990528.1","Leucanthemopsis alpina","OR990528.1 Leucanthemopsis alpina"
"2493","PX130369.fasta","PX130369.1","Syzygium sharoniae","PX130369.1 Syzygium sharoniae"
"2494","PV026018.fasta","PV026018.1","Lonicera micrantha","PV026018.1 Lonicera micrantha"
"2495","OM949892.fasta","OM949892.1","Actinidia glaucocallosa","OM949892.1 Actinidia glaucocallosa"
"2496","PQ580732.fasta","PQ580732.1","Lappula monocarpa","PQ580732.1 Lappula monocarpa"
"2497","PQ423866.fasta","PQ423866.1","Coccinia grandis","PQ423866.1 Coccinia grandis"
"2498","MZ520131.1.fasta","MZ520131.1","Cryptomeria japonica","MZ520131.1 Cryptomeria japonica"
"2499","ON729345.fasta","ON729345.1","Chunia bucklandioides","ON729345.1 Chunia bucklandioides"
"2500","PX122081.fasta","PX122081.1","Erythronium japonicum","PX122081.1 Erythronium japonicum"
"2501","PQ456445.fasta","PQ456445.1","Acorus shannai","PQ456445.1 Acorus shannai"
"2502","PP234567.fasta","PP234567.1","Myricaria prostrata","PP234567.1 Myricaria prostrata"
"2503","PV870677.fasta","PV870677.1","Cymbosema roseum","PV870677.1 Cymbosema roseum"
"2504","PV423682.1.fasta","PV423682.1","Cyclotella cryptica","PV423682.1 Cyclotella cryptica"
"2505","OR909649.fasta","OR909649.1","Schlagintweitia intybacea","OR909649.1 Schlagintweitia intybacea"
"2506","PP234512.fasta","PP234512.1","Erysimum funiculosum","PP234512.1 Erysimum funiculosum"
"2507","BK070976.fasta","BK070976.1","Erigeron philadelphicus","BK070976.1 Erigeron philadelphicus"
"2508","OP425116.fasta","OP425116.1","Paris nitida","OP425116.1 Paris nitida"
"2509","PQ456199.fasta","PQ456199.1","Cola acuminata","PQ456199.1 Cola acuminata"
"2510","PP391084.fasta","PP391084.1","Ampelopsis delavayana","PP391084.1 Ampelopsis delavayana"
"2511","PX694248.fasta","PX694248.1","Hibiscus glanduliferus","PX694248.1 Hibiscus glanduliferus"
"2512","PP335075.fasta","PP335075.1","Festuca norica","PP335075.1 Festuca norica"
"2513","PP078682.fasta","PP078682.1","Oxalis bulbillifera","PP078682.1 Oxalis bulbillifera"
"2514","PP883912.fasta","PP883912.1","Monnina carmelensis","PP883912.1 Monnina carmelensis"
"2515","PP541870.fasta","PP541870.1","Potentilla erecta","PP541870.1 Potentilla erecta"
"2516","PZ098404.fasta","PZ098404.1","Melica yajiangensis","PZ098404.1 Melica yajiangensis"
"2517","PX549914.fasta","PX549914.1","Macrotyloma uniflorum","PX549914.1 Macrotyloma uniflorum"
"2518","PX380646.fasta","PX380646.1","Aconitum soongaricum","PX380646.1 Aconitum soongaricum"
"2519","PV026107.fasta","PV026107.1","Centranthus trinervis","PV026107.1 Centranthus trinervis"
"2520","BK070970.fasta","BK070970.1","Erigeron elongatus","BK070970.1 Erigeron elongatus"
"2521","BK071842.fasta","BK071842.1","Echinops exaltatus","BK071842.1 Echinops exaltatus"
"2522","PX236118.fasta","PX236118.1","Saussurea ispajensis","PX236118.1 Saussurea ispajensis"
"2523","PX380627.fasta","PX380627.1","Aconitum hemsleyanum","PX380627.1 Aconitum hemsleyanum"
"2524","PZ095198.fasta","PZ095198.1","Euphrasia kerneri","PZ095198.1 Euphrasia kerneri"
"2525","PZ173271.fasta","PZ173271.1","Sesamum indicum","PZ173271.1 Sesamum indicum"
"2526","PP190449.fasta","PP190449.1","Coelogyne pallidiflavens","PP190449.1 Coelogyne pallidiflavens"
"2527","PV192897.fasta","PV192897.1","Epimedium simplicifolium","PV192897.1 Epimedium simplicifolium"
"2528","PX694241.fasta","PX694241.1","Hibiscus lobatus","PX694241.1 Hibiscus lobatus"
"2529","PV821918.fasta","PV821918.1","Camellia furfuracea","PV821918.1 Camellia furfuracea"
"2530","OR935794.fasta","OR935794.1","Fritillaria gibbosa","OR935794.1 Fritillaria gibbosa"
"2531","PQ576951.fasta","PQ576951.1","Acidosasa glauca","PQ576951.1 Acidosasa glauca"
"2532","PV641811.fasta","PV641811.1","Houttuynia cordata","PV641811.1 Houttuynia cordata"
"2533","PX355015.1.fasta","PX355015.1","Hesperocyparis lusitanica","PX355015.1 Hesperocyparis lusitanica"
"2534","PV890009.fasta","PV890009.1","Sorbaria sorbifolia","PV890009.1 Sorbaria sorbifolia"
"2535","PV530471.fasta","PV530471.1","Protea cynaroides","PV530471.1 Protea cynaroides"
"2536","OR995437.fasta","OR995437.1","Pyrus cordata","OR995437.1 Pyrus cordata"
"2537","PZ266517.fasta","PZ266517.1","Amorphophallus titanum","PZ266517.1 Amorphophallus titanum"
"2538","PP976098.fasta","PP976098.1","Rosa omeiensis","PP976098.1 Rosa omeiensis"
"2539","PQ571152.fasta","PQ571152.1","Liparis petiolata","PQ571152.1 Liparis petiolata"
"2540","PV744412.fasta","PV744412.1","Rosa abyssinica","PV744412.1 Rosa abyssinica"
"2541","PQ777089.fasta","PQ777089.1","Cotoneaster brickellii","PQ777089.1 Cotoneaster brickellii"
"2542","PP190470.fasta","PP190470.1","Coelogyne pallida","PP190470.1 Coelogyne pallida"
"2543","PQ899495.fasta","PQ899495.1","Beilschmiedia robusta","PQ899495.1 Beilschmiedia robusta"
"2544","PP078679.fasta","PP078679.1","Eurya muricata","PP078679.1 Eurya muricata"
"2545","PQ874732.fasta","PQ874732.1","Clematis linearifolia","PQ874732.1 Clematis linearifolia"
"2546","PV239470.fasta","PV239470.1","Xerophyta schnizleinia","PV239470.1 Xerophyta schnizleinia"
"2547","PV055055.fasta","PV055055.1","Polygonatum punctatum","PV055055.1 Polygonatum punctatum"
"2548","OM948750.fasta","OM948750.1","Androsace tanggulashanensis","OM948750.1 Androsace tanggulashanensis"
"2549","PQ472912.fasta","PQ472912.1","Bambusa emeiensis","PQ472912.1 Bambusa emeiensis"
"2550","PV340613.fasta","PV340613.1","Teucrium flavum","PV340613.1 Teucrium flavum"
"2551","PQ576950.fasta","PQ576950.1","Acidosasa purpurea","PQ576950.1 Acidosasa purpurea"
"2552","ON729363.fasta","ON729363.1","Noahdendron nicholasii","ON729363.1 Noahdendron nicholasii"
"2553","PZ098323.fasta","PZ098323.1","Glyceria tonglensis","PZ098323.1 Glyceria tonglensis"
"2554","OQ503616.fasta","OQ503616.1","Camellia pilosperma","OQ503616.1 Camellia pilosperma"
"2555","PV718158.fasta","PV718158.1","Ulmus pumila","PV718158.1 Ulmus pumila"
"2556","PQ276671.fasta","PQ276671.1","Lithocarpus areca","PQ276671.1 Lithocarpus areca"
"2557","PV870792.fasta","PV870792.1","Jacksonia scoparia","PV870792.1 Jacksonia scoparia"
"2558","PP216496.fasta","PP216496.1","Coelogyne wenshanica","PP216496.1 Coelogyne wenshanica"
"2559","PQ516714.fasta","PQ516714.1","Impatiens duclouxii","PQ516714.1 Impatiens duclouxii"
"2560","OQ851309.fasta","OQ851309.1","Asparagus filicinus","OQ851309.1 Asparagus filicinus"
"2561","PX562857.fasta","PX562857.1","Feijoa sellowiana","PX562857.1 Feijoa sellowiana"
"2562","PP190945.fasta","PP190945.1","Coronilla vaginalis","PP190945.1 Coronilla vaginalis"
"2563","PV870768.fasta","PV870768.1","Luetzelburgia bahiensis","PV870768.1 Luetzelburgia bahiensis"
"2564","PQ276658.fasta","PQ276658.1","Lithocarpus sphaerocarpus","PQ276658.1 Lithocarpus sphaerocarpus"
"2565","OR946455.fasta","OR946455.1","Magnolia balansae","OR946455.1 Magnolia balansae"
"2566","PX975914.fasta","PX975914.1","Poa alpina","PX975914.1 Poa alpina"
"2567","PP719684.fasta","PP719684.1","Cardamine engleriana","PP719684.1 Cardamine engleriana"
"2568","PP541901.fasta","PP541901.1","Primula x","PP541901.1 Primula x"
"2569","PQ612860.fasta","PQ612860.1","Impatiens apalophylla","PQ612860.1 Impatiens apalophylla"
"2570","PP595865.fasta","PP595865.1","Prunus hypoleuca","PP595865.1 Prunus hypoleuca"
"2571","PV870779.fasta","PV870779.1","Piptadenia gonoacantha","PV870779.1 Piptadenia gonoacantha"
"2572","PP335056.fasta","PP335056.1","Dictamnus albus","PP335056.1 Dictamnus albus"
"2573","PQ790046.fasta","PQ790046.1","Bruguiera hainesii","PQ790046.1 Bruguiera hainesii"
"2574","PX091994.fasta","PX091994.1","Pleurospermum wrightianum","PX091994.1 Pleurospermum wrightianum"
"2575","OM048110.fasta","OM048110.1","Telfairia occidentalis","OM048110.1 Telfairia occidentalis"
"2576","PV794569.fasta","PV794569.1","Nothosmyrnium japonicum","PV794569.1 Nothosmyrnium japonicum"
"2577","PQ873013.fasta","PQ873013.1","Aspidistra subrotata","PQ873013.1 Aspidistra subrotata"
"2578","PV583371.fasta","PV583371.1","Vepris bachmannii","PV583371.1 Vepris bachmannii"
"2579","PP897851.fasta","PP897851.1","Iris schelkownikowii","PP897851.1 Iris schelkownikowii"
"2580","PX380644.fasta","PX380644.1","Aconitum scaposum","PX380644.1 Aconitum scaposum"
"2581","PP579889.fasta","PP579889.1","Psittacanthus rhynchanthus","PP579889.1 Psittacanthus rhynchanthus"
"2582","OP133593.fasta","OP133593.1","Amsonia tabernaemontana","OP133593.1 Amsonia tabernaemontana"
"2583","PV415123.1.fasta","PV415123.1","Sargassum horneri","PV415123.1 Sargassum horneri"
"2584","PQ632123.fasta","PQ632123.1","Thaumastochloa monilifera","PQ632123.1 Thaumastochloa monilifera"
"2585","PP103313.1.fasta","PP103313.1","Equisetum x","PP103313.1 Equisetum x"
"2586","PQ468978.fasta","PQ468978.1","Lysionotus gamosepalus","PQ468978.1 Lysionotus gamosepalus"
"2587","OL875065.fasta","OL875065.1","Eremurus hissaricus","OL875065.1 Eremurus hissaricus"
"2588","ON729360.fasta","ON729360.1","Trichocladus ellipticus","ON729360.1 Trichocladus ellipticus"
"2589","PP091628.fasta","PP091628.1","Opisthopappus taihangensis","PP091628.1 Opisthopappus taihangensis"
"2590","PZ168343.fasta","PZ168343.1","Telosma cordata","PZ168343.1 Telosma cordata"
"2591","PV917083.fasta","PV917083.1","Artocarpus altilis","PV917083.1 Artocarpus altilis"
"2592","PV591952.fasta","PV591952.1","Dimocarpus confinis","PV591952.1 Dimocarpus confinis"
"2593","PV870674.fasta","PV870674.1","Trifidacanthus unifoliolatus","PV870674.1 Trifidacanthus unifoliolatus"
"2594","PP541897.fasta","PP541897.1","Primula farinosa","PP541897.1 Primula farinosa"
"2595","PP595840.fasta","PP595840.1","Prunus caroliniana","PP595840.1 Prunus caroliniana"
"2596","PV055066.fasta","PV055066.1","Polygonatum curvistylum","PV055066.1 Polygonatum curvistylum"
"2597","PV870746.fasta","PV870746.1","Anagyris foetida","PV870746.1 Anagyris foetida"
"2598","PQ031217.fasta","PQ031217.1","Sorbus tianschanica","PQ031217.1 Sorbus tianschanica"
"2599","PP078852.fasta","PP078852.1","Libanotis incana","PP078852.1 Libanotis incana"
"2600","PV455321.fasta","PV455321.1","Eragrostis nigra","PV455321.1 Eragrostis nigra"
"2601","PV794600.fasta","PV794600.1","Pimpinella tibetanica","PV794600.1 Pimpinella tibetanica"
"2602","PZ381150.fasta","PZ381150.1","Saccharum hybrid","PZ381150.1 Saccharum hybrid"
"2603","PZ095204.fasta","PZ095204.1","Myrsine kwangsiensis","PZ095204.1 Myrsine kwangsiensis"
"2604","PZ098307.fasta","PZ098307.1","Melica tenuis","PZ098307.1 Melica tenuis"
"2605","PP595845.fasta","PP595845.1","Prunus davidiana","PP595845.1 Prunus davidiana"
"2606","PP504911.fasta","PP504911.1","Pilea menghaiensis","PP504911.1 Pilea menghaiensis"
"2607","MW829278.fasta","MW829278.2","Ardisia maclurei","MW829278.2 Ardisia maclurei"
"2608","PX972516.fasta","PX972516.1","Trigonella foenum-graecum","PX972516.1 Trigonella foenum-graecum"
"2609","PX427831.fasta","PX427831.1","Fritillaria pallidiflora","PX427831.1 Fritillaria pallidiflora"
"2610","PQ636881.fasta","PQ636881.1","Petrocodon hancei","PQ636881.1 Petrocodon hancei"
"2611","PV548690.fasta","PV548690.1","Lappula granulata","PV548690.1 Lappula granulata"
"2612","PV794581.fasta","PV794581.1","Pimpinella flaccida","PV794581.1 Pimpinella flaccida"
"2613","PP530888.fasta","PP530888.1","Hymenidium wilsonii","PP530888.1 Hymenidium wilsonii"
"2614","PP190932.fasta","PP190932.1","Stellaria alsine","PP190932.1 Stellaria alsine"
"2615","PP165062.fasta","PP165062.1","Thlaspi praecox","PP165062.1 Thlaspi praecox"
"2616","ON929865.fasta","ON929865.1","Salsola heptapotamica","ON929865.1 Salsola heptapotamica"
"2617","PP133739.fasta","PP133739.1","Sonchus pendulus","PP133739.1 Sonchus pendulus"
"2618","PX694268.fasta","PX694268.1","Hibiscus heterophyllus","PX694268.1 Hibiscus heterophyllus"
"2619","OQ503554.fasta","OQ503554.1","Camellia impressinervis","OQ503554.1 Camellia impressinervis"
"2620","PV192914.fasta","PV192914.1","Epimedium wushanense","PV192914.1 Epimedium wushanense"
"2621","OR501608.fasta","OR501608.1","Hydrangea macrophylla","OR501608.1 Hydrangea macrophylla"
"2622","PV995245.fasta","PV995245.1","Salvia tianschanica","PV995245.1 Salvia tianschanica"
"2623","OP133567.fasta","OP133567.1","Pachypodium lamerei","OP133567.1 Pachypodium lamerei"
"2624","PP697893.fasta","PP697893.1","Lonicera ligustrina","PP697893.1 Lonicera ligustrina"
"2625","PV177935.fasta","PV177935.1","Xerophyta eglandulosa","PV177935.1 Xerophyta eglandulosa"
"2626","PV424006.fasta","PV424006.2","Epidendrum ibaguense","PV424006.2 Epidendrum ibaguense"
"2627","PQ523294.fasta","PQ523294.1","Atraphaxis frutescens","PQ523294.1 Atraphaxis frutescens"
"2628","BK071858.fasta","BK071858.1","Picnomon acarna","BK071858.1 Picnomon acarna"
"2629","OR712486.fasta","OR712486.1","Ximenia americana","OR712486.1 Ximenia americana"
"2630","PP697885.fasta","PP697885.1","Lonicera tangutica","PP697885.1 Lonicera tangutica"
"2631","PX413284.fasta","PX413284.1","Crataegus crus-galli","PX413284.1 Crataegus crus-galli"
"2632","PQ210178.fasta","PQ210178.1","Muscari alpanicum","PQ210178.1 Muscari alpanicum"
"2633","OR159823.fasta","OR159823.1","Dalbergia cultrata","OR159823.1 Dalbergia cultrata"
"2634","PX696630.fasta","PX696630.1","Malus toringoides","PX696630.1 Malus toringoides"
"2635","PP697895.fasta","PP697895.1","Lonicera kansuensis","PP697895.1 Lonicera kansuensis"
"2636","PV294938.fasta","PV294938.1","Brassica napus","PV294938.1 Brassica napus"
"2637","PX508299.fasta","PX508299.1","Amorphophallus atroviridis","PX508299.1 Amorphophallus atroviridis"
"2638","PP541851.fasta","PP541851.1","Pedicularis palustris","PP541851.1 Pedicularis palustris"
"2639","PX999252.fasta","PX999252.1","Astragalus bhotanensis","PX999252.1 Astragalus bhotanensis"
"2640","OQ570475.fasta","OQ570475.1","Seseli junatovii","OQ570475.1 Seseli junatovii"
"2641","BK071820.fasta","BK071820.1","Alfredia acantholepis","BK071820.1 Alfredia acantholepis"
"2642","PV870725.fasta","PV870725.1","Sindoropsis le-testui","PV870725.1 Sindoropsis le-testui"
"2643","PQ314360.fasta","PQ314360.1","Pellionia scabra","PQ314360.1 Pellionia scabra"
"2644","PV870697.fasta","PV870697.1","Swartzia simplex","PV870697.1 Swartzia simplex"
"2645","PZ291083.fasta","PZ291083.1","Anemone tenuiloba","PZ291083.1 Anemone tenuiloba"
"2646","PQ675782.fasta","PQ675782.1","Begonia wangii","PQ675782.1 Begonia wangii"
"2647","PZ117411.fasta","PZ117411.1","Astragalus smithianus","PZ117411.1 Astragalus smithianus"
"2648","PV330082.fasta","PV330082.1","Rosa laxa","PV330082.1 Rosa laxa"
"2649","MW420933.fasta","MW420933.1","Scutellaria orientalis","MW420933.1 Scutellaria orientalis"
"2650","PX130323.fasta","PX130323.1","Syzygium glomeratum","PX130323.1 Syzygium glomeratum"
"2651","OP133575.fasta","OP133575.1","Dregea sinensis","OP133575.1 Dregea sinensis"
"2652","PP078695.fasta","PP078695.1","Viburnum sympodiale","PP078695.1 Viburnum sympodiale"
"2653","PP999315.fasta","PP999315.1","Hemipilia henryi","PP999315.1 Hemipilia henryi"
"2654","PV116304.fasta","PV116304.1","Ziziphora clinopodioides","PV116304.1 Ziziphora clinopodioides"
"2655","PZ015919.fasta","PZ015919.1","Allium sabulosum","PZ015919.1 Allium sabulosum"
"2656","PV640844.fasta","PV640844.1","Odontostemma saginoides","PV640844.1 Odontostemma saginoides"
"2657","PX987620.fasta","PX987620.1","Amomum cinnamomeum","PX987620.1 Amomum cinnamomeum"
"2658","PP697902.fasta","PP697902.1","Lonicera semenovii","PP697902.1 Lonicera semenovii"
"2659","PX508303.fasta","PX508303.1","Microphysa elongata","PX508303.1 Microphysa elongata"
"2660","PQ551029.fasta","PQ551029.1","Physospermopsis handelii","PQ551029.1 Physospermopsis handelii"
"2661","PV870801.fasta","PV870801.1","Bossiaea bracteosa","PV870801.1 Bossiaea bracteosa"
"2662","OL891520.fasta","OL891520.1","Alnus maritima","OL891520.1 Alnus maritima"
"2663","PZ316427.fasta","PZ316427.1","Begonia natunaensis","PZ316427.1 Begonia natunaensis"
"2664","PQ632122.fasta","PQ632122.1","Lasiorhachis perrieri","PQ632122.1 Lasiorhachis perrieri"
"2665","PV605570.fasta","PV605570.1","Elymus trachycaulus","PV605570.1 Elymus trachycaulus"
"2666","PX413298.fasta","PX413298.1","Crataegus x","PX413298.1 Crataegus x"
"2667","MW420952.fasta","MW420952.1","Scutellaria dependens","MW420952.1 Scutellaria dependens"
"2668","PV426736.fasta","PV426736.1","Saxifraga exarata","PV426736.1 Saxifraga exarata"
"2669","PP335064.fasta","PP335064.1","Epilobium collinum","PP335064.1 Epilobium collinum"
"2670","PP952483.fasta","PP952483.1","Lycium ferocissimum","PP952483.1 Lycium ferocissimum"
"2671","PZ251004.fasta","PZ251004.1","Dianthus helenae","PZ251004.1 Dianthus helenae"
"2672","PV752464.fasta","PV752464.1","Daphne kamtschatica","PV752464.1 Daphne kamtschatica"
"2673","PZ258589.fasta","PZ258589.1","Begonia formosana","PZ258589.1 Begonia formosana"
"2674","PQ899494.fasta","PQ899494.1","Beilschmiedia purpurascens","PQ899494.1 Beilschmiedia purpurascens"
"2675","PP056256.fasta","PP056256.1","Xylosma congesta","PP056256.1 Xylosma congesta"
"2676","OR972719.fasta","OR972719.1","Rubus parviflorus","OR972719.1 Rubus parviflorus"
"2677","PP541894.fasta","PP541894.1","Rumex pulcher","PP541894.1 Rumex pulcher"
"2678","PX108619.fasta","PX108619.1","Syzygium argyropedicum","PX108619.1 Syzygium argyropedicum"
"2679","MW420959.fasta","MW420959.1","Scutellaria hintoniana","MW420959.1 Scutellaria hintoniana"
"2680","OP278172.fasta","OP278172.1","Musa indandamanensis","OP278172.1 Musa indandamanensis"
"2681","OM949923.fasta","OM949923.1","Actinidia lijiangensis","OM949923.1 Actinidia lijiangensis"
"2682","OR712482.fasta","OR712482.1","Strombosia pustulata","OR712482.1 Strombosia pustulata"
"2683","PX724630.fasta","PX724630.1","Hippeastrum machupijchense","PX724630.1 Hippeastrum machupijchense"
"2684","PZ316390.fasta","PZ316390.1","Begonia bullatifolia","PZ316390.1 Begonia bullatifolia"
"2685","PV591335.fasta","PV591335.1","Potentilla lineata","PV591335.1 Potentilla lineata"
"2686","PQ210157.fasta","PQ210157.1","Muscari longipes","PQ210157.1 Muscari longipes"
"2687","PP622688.fasta","PP622688.1","Saxifraga tridactylites","PP622688.1 Saxifraga tridactylites"
"2688","PV821920.fasta","PV821920.1","Camellia nitidissima","PV821920.1 Camellia nitidissima"
"2689","PP386168.fasta","PP386168.1","Aralia continentalis","PP386168.1 Aralia continentalis"
"2690","PQ283864.fasta","PQ283864.1","Cryptotaenia canadensis","PQ283864.1 Cryptotaenia canadensis"
"2691","PP531562.fasta","PP531562.1","Acronema schneideri","PP531562.1 Acronema schneideri"
"2692","PV055053.fasta","PV055053.1","Polygonatum cyrtonema","PV055053.1 Polygonatum cyrtonema"
"2693","PZ096696.fasta","PZ096696.1","Actaea vaginata","PZ096696.1 Actaea vaginata"
"2694","OM948771.fasta","OM948771.1","Androsace gmelinii","OM948771.1 Androsace gmelinii"
"2695","OQ503613.fasta","OQ503613.1","Camellia leptophylla","OQ503613.1 Camellia leptophylla"
"2696","OK509175.fasta","OK509175.1","Rosa minutifolia","OK509175.1 Rosa minutifolia"
"2697","PX309506.fasta","PX309506.1","Aspidistra elatior","PX309506.1 Aspidistra elatior"
"2698","PQ472910.fasta","PQ472910.1","Ampelocalamus luodianensis","PQ472910.1 Ampelocalamus luodianensis"
"2699","PQ009217.fasta","PQ009217.1","Vanda ampullacea","PQ009217.1 Vanda ampullacea"
"2700","PZ270557.fasta","PZ270557.1","Tillandsia hirta","PZ270557.1 Tillandsia hirta"
"2701","OM949934.fasta","OM949934.1","Actinidia rubus","OM949934.1 Actinidia rubus"
"2702","PX170162.fasta","PX170162.1","Syzygium erythrocalyx","PX170162.1 Syzygium erythrocalyx"
"2703","PX380667.fasta","PX380667.1","Delphinium pachycentrum","PX380667.1 Delphinium pachycentrum"
"2704","ON729358.fasta","ON729358.1","Sinowilsonia henryi","ON729358.1 Sinowilsonia henryi"
"2705","PQ612864.fasta","PQ612864.1","Impatiens menghuochengensis","PQ612864.1 Impatiens menghuochengensis"
"2706","PP595877.fasta","PP595877.1","Prunus persica","PP595877.1 Prunus persica"
"2707","PX328981.fasta","PX328981.1","Cardamine libagouensis","PX328981.1 Cardamine libagouensis"
"2708","PP898095.fasta","PP898095.1","Artemisia tridactyla","PP898095.1 Artemisia tridactyla"
"2709","PX652374.fasta","PX652374.1","Traversia baccharoides","PX652374.1 Traversia baccharoides"
"2710","ON929843.fasta","ON929843.1","Halogeton glomeratus","ON929843.1 Halogeton glomeratus"
"2711","OR909626.fasta","OR909626.1","Cirsium x","OR909626.1 Cirsium x"
"2712","PQ899220.fasta","PQ899220.1","Cornus officinalis","PQ899220.1 Cornus officinalis"
"2713","PP681648.fasta","PP681648.1","Indosasa sinica","PP681648.1 Indosasa sinica"
"2714","PX334442.fasta","PX334442.1","Abutilon abutiloides","PX334442.1 Abutilon abutiloides"
"2715","PZ098379.fasta","PZ098379.1","Glyceria latispicea","PZ098379.1 Glyceria latispicea"
"2716","PV424333.fasta","PV424333.1","Hiptage benghalensis","PV424333.1 Hiptage benghalensis"
"2717","PP479681.fasta","PP479681.1","Dendrobium tortile","PP479681.1 Dendrobium tortile"
"2718","BK071823.fasta","BK071823.1","Arctium minus","BK071823.1 Arctium minus"
"2719","PP541888.fasta","PP541888.1","Rosa montana","PP541888.1 Rosa montana"
"2720","PP140445.1.fasta","PP140445.1","Torreya fargesii","PP140445.1 Torreya fargesii"
"2721","PQ180377.fasta","PQ180377.1","Lagochilus diacanthophyllus","PQ180377.1 Lagochilus diacanthophyllus"
"2722","PX220297.fasta","PX220297.1","Bursera paradoxa","PX220297.1 Bursera paradoxa"
"2723","OR565952.fasta","OR565952.1","Matsumurella szechuanensis","OR565952.1 Matsumurella szechuanensis"
"2724","PX380645.fasta","PX380645.1","Aconitum sinomontanum","PX380645.1 Aconitum sinomontanum"
"2725","PQ276664.fasta","PQ276664.1","Lithocarpus uvariifolius","PQ276664.1 Lithocarpus uvariifolius"
"2726","PQ310503.fasta","PQ310503.1","Myosotis colensoi","PQ310503.1 Myosotis colensoi"
"2727","PX309538.fasta","PX309538.1","Psidium guajava","PX309538.1 Psidium guajava"
"2728","LC923089.fasta","LC923089.1","Allium macrostemon","LC923089.1 Allium macrostemon"
"2729","PP103312.fasta","PP103312.1","Diplotaxis muralis","PP103312.1 Diplotaxis muralis"
"2730","OM949920.fasta","OM949920.1","Actinidia fulvicoma","OM949920.1 Actinidia fulvicoma"
"2731","PV192918.fasta","PV192918.1","Epimedium flavum","PV192918.1 Epimedium flavum"
"2732","PP565785.fasta","PP565785.1","Populus dafengensis","PP565785.1 Populus dafengensis"
"2733","PX619179.fasta","PX619179.1","Cissus hexangularis","PX619179.1 Cissus hexangularis"
"2734","OQ503604.fasta","OQ503604.1","Camellia taliensis","OQ503604.1 Camellia taliensis"
"2735","PQ559727.fasta","PQ559727.1","Triosteum perfoliatum","PQ559727.1 Triosteum perfoliatum"
"2736","PZ098586.fasta","PZ098586.1","Glyceria acutiflora","PZ098586.1 Glyceria acutiflora"
"2737","PP328777.fasta","PP328777.1","Avena sterilis","PP328777.1 Avena sterilis"
"2738","PQ612862.fasta","PQ612862.1","Impatiens lateristachys","PQ612862.1 Impatiens lateristachys"
"2739","PQ450556.fasta","PQ450556.1","Promenaea rollissonii","PQ450556.1 Promenaea rollissonii"
"2740","OQ851328.fasta","OQ851328.1","Asparagus schoberioides","OQ851328.1 Asparagus schoberioides"
"2741","PQ432197.fasta","PQ432197.1","Malus leiocalyca","PQ432197.1 Malus leiocalyca"
"2742","PP897872.fasta","PP897872.1","Iris yebrudii","PP897872.1 Iris yebrudii"
"2743","OR990552.fasta","OR990552.1","Chlorocrepis staticifolia","OR990552.1 Chlorocrepis staticifolia"
"2744","PX097887.fasta","PX097887.1","Senna nomame","PX097887.1 Senna nomame"
"2745","PQ576733.fasta","PQ576733.1","Vicia kulingana","PQ576733.1 Vicia kulingana"
"2746","PP952465.fasta","PP952465.1","Lycium oxycarpum","PP952465.1 Lycium oxycarpum"
"2747","MK351805.fasta","MK351805.1","Pertya dioica","MK351805.1 Pertya dioica"
"2748","PP952481.fasta","PP952481.1","Lycium elongatum","PP952481.1 Lycium elongatum"
"2749","PQ874746.fasta","PQ874746.1","Clematis pitcheri","PQ874746.1 Clematis pitcheri"
"2750","PP346777.fasta","PP346777.1","Polygonatum stenophyllum","PP346777.1 Polygonatum stenophyllum"
"2751","PP941957.fasta","PP941957.1","Speranskia yunnanensis","PP941957.1 Speranskia yunnanensis"
"2752","PX694247.fasta","PX694247.1","Hibiscus rosa-sinensis","PX694247.1 Hibiscus rosa-sinensis"
"2753","PP622696.fasta","PP622696.1","Thalictrum aquilegiifolium","PP622696.1 Thalictrum aquilegiifolium"
"2754","PX686330.fasta","PX686330.1","Aconitum brunneum","PX686330.1 Aconitum brunneum"
"2755","MW683067.fasta","MW683067.1","Impatiens rectangula","MW683067.1 Impatiens rectangula"
"2756","PV553466.fasta","PV553466.1","Yasunia sessiliflora","PV553466.1 Yasunia sessiliflora"
"2757","PX130379.fasta","PX130379.1","Syzygium wagapense","PX130379.1 Syzygium wagapense"
"2758","PQ568954.fasta","PQ568954.1","Mangifera quadrifida","PQ568954.1 Mangifera quadrifida"
"2759","PQ586435.fasta","PQ586435.1","Melanoseris cyanea","PQ586435.1 Melanoseris cyanea"
"2760","PZ011248.fasta","PZ011248.1","Thalictrum delavayi","PZ011248.1 Thalictrum delavayi"
"2761","PX833251.fasta","PX833251.1","Malus zumi","PX833251.1 Malus zumi"
"2762","PP952505.fasta","PP952505.1","Nolana paradoxa","PP952505.1 Nolana paradoxa"
"2763","PX170163.fasta","PX170163.1","Syzygium fibrosum","PX170163.1 Syzygium fibrosum"
"2764","PX328984.fasta","PX328984.1","Hedera helix","PX328984.1 Hedera helix"
"2765","PQ303609.fasta","PQ303609.1","Magnolia buenaventurensis","PQ303609.1 Magnolia buenaventurensis"
"2766","PP203129.fasta","PP203129.1","Laburnum anagyroides","PP203129.1 Laburnum anagyroides"
"2767","PQ679356.fasta","PQ679356.1","Vepris amaniensis","PQ679356.1 Vepris amaniensis"
"2768","OR909615.fasta","OR909615.1","Centaurea bracteata","OR909615.1 Centaurea bracteata"
"2769","PV870805.fasta","PV870805.1","Viminaria juncea","PV870805.1 Viminaria juncea"
"2770","PZ239424.fasta","PZ239424.1","Syringa komarowii","PZ239424.1 Syringa komarowii"
"2771","OR493265.fasta","OR493265.1","Quercus longispica","OR493265.1 Quercus longispica"
"2772","PQ153239.fasta","PQ153239.1","Chasmanthium latifolium","PQ153239.1 Chasmanthium latifolium"
"2773","PV794570.fasta","PV794570.1","Nothosmyrnium xizangense","PV794570.1 Nothosmyrnium xizangense"
"2774","OQ091930.fasta","OQ091930.1","Begonia guangdongensis","OQ091930.1 Begonia guangdongensis"
"2775","OM948754.fasta","OM948754.1","Androsace spinulifera","OM948754.1 Androsace spinulifera"
"2776","OR995451.fasta","OR995451.1","Pyrus x","OR995451.1 Pyrus x"
"2777","PQ595655.fasta","PQ595655.1","Camptostemon philippinensis","PQ595655.1 Camptostemon philippinensis"
"2778","PV192902.fasta","PV192902.1","Epimedium brevicornu","PV192902.1 Epimedium brevicornu"
"2779","PZ258326.fasta","PZ258326.1","Crepis purpurea","PZ258326.1 Crepis purpurea"
"2780","PQ576496.fasta","PQ576496.1","Dendrobium trigonopus","PQ576496.1 Dendrobium trigonopus"
"2781","PP328801.fasta","PP328801.1","Astragalus australis","PP328801.1 Astragalus australis"
"2782","PX130352.fasta","PX130352.1","Syzygium paniense","PX130352.1 Syzygium paniense"
"2783","OR264214.fasta","OR264214.1","Cinnamomum austrosinense","OR264214.1 Cinnamomum austrosinense"
"2784","PX130320.fasta","PX130320.1","Syzygium fratris","PX130320.1 Syzygium fratris"
"2785","PQ835413.fasta","PQ835413.1","Marantochloa purpurea","PQ835413.1 Marantochloa purpurea"
"2786","MT053005.fasta","MT053005.1","Adansonia suarezensis","MT053005.1 Adansonia suarezensis"
"2787","OR935802.fasta","OR935802.1","Fritillaria sewerzowii","OR935802.1 Fritillaria sewerzowii"
"2788","PZ369860.fasta","PZ369860.1","Paphiopedilum hirsutissimum","PZ369860.1 Paphiopedilum hirsutissimum"
"2789","PX230050.fasta","PX230050.1","Cousinia integrifolia","PX230050.1 Cousinia integrifolia"
"2790","PQ874712.fasta","PQ874712.1","Clematis glabrifolia","PQ874712.1 Clematis glabrifolia"
"2791","PQ310502.fasta","PQ310502.1","Myosotis angustata","PQ310502.1 Myosotis angustata"
"2792","PX113345.fasta","PX113345.1","Carpesium divaricatum","PX113345.1 Carpesium divaricatum"
"2793","PZ258596.fasta","PZ258596.1","Begonia thiemei","PZ258596.1 Begonia thiemei"
"2794","PX501764.fasta","PX501764.1","Persicaria chinensis","PX501764.1 Persicaria chinensis"
"2795","MW420943.fasta","MW420943.1","Scutellaria tomentosa","MW420943.1 Scutellaria tomentosa"
"2796","PX427819.fasta","PX427819.1","Fritillaria crassicaulis","PX427819.1 Fritillaria crassicaulis"
"2797","BK070969.fasta","BK070969.1","Erigeron elatus","BK070969.1 Erigeron elatus"
"2798","PV553475.fasta","PV553475.1","Damburneya martinicensis","PV553475.1 Damburneya martinicensis"
"2799","PZ316436.fasta","PZ316436.1","Begonia retinervia","PZ316436.1 Begonia retinervia"
"2800","PQ456189.fasta","PQ456189.1","Fraxinus americana","PQ456189.1 Fraxinus americana"
"2801","OR899322.fasta","OR899322.1","Notholirion macrophyllum","OR899322.1 Notholirion macrophyllum"
"2802","PP479688.fasta","PP479688.1","Dendrobium falconeri","PP479688.1 Dendrobium falconeri"
"2803","PX130363.fasta","PX130363.1","Syzygium roemeri","PX130363.1 Syzygium roemeri"
"2804","PX505517.fasta","PX505517.1","Iris pumila","PX505517.1 Iris pumila"
"2805","OR946461.fasta","OR946461.1","Magnolia yunnanensis","OR946461.1 Magnolia yunnanensis"
"2806","PP882779.fasta","PP882779.1","Zenia insignis","PP882779.1 Zenia insignis"
"2807","OR990540.fasta","OR990540.1","Saussurea discolor","OR990540.1 Saussurea discolor"
"2808","PV339531.fasta","PV339531.1","Heliocauta atlantica","PV339531.1 Heliocauta atlantica"
"2809","OR909634.fasta","OR909634.1","Hieracium alpinum","OR909634.1 Hieracium alpinum"
"2810","PV364369.fasta","PV364369.1","Cyananthus lobatus","PV364369.1 Cyananthus lobatus"
"2811","PP234544.fasta","PP234544.1","Saxifraga unguiculata","PP234544.1 Saxifraga unguiculata"
"2812","MW420977.fasta","MW420977.1","Scutellaria siphocampyloides","MW420977.1 Scutellaria siphocampyloides"
"2813","PZ316428.fasta","PZ316428.1","Begonia nelumbifolia","PZ316428.1 Begonia nelumbifolia"
"2814","PP697920.fasta","PP697920.1","Lonicera hypoglauca","PP697920.1 Lonicera hypoglauca"
"2815","PV087152.fasta","PV087152.1","Heteropolygonatum pendulum","PV087152.1 Heteropolygonatum pendulum"
"2816","OM949883.fasta","OM949883.1","Clematoclethra scandens","OM949883.1 Clematoclethra scandens"
"2817","PX130361.fasta","PX130361.1","Syzygium racemosum","PX130361.1 Syzygium racemosum"
"2818","PP541880.fasta","PP541880.1","Ranunculus tuberosus","PP541880.1 Ranunculus tuberosus"
"2819","PV744374.fasta","PV744374.1","Rosa anemoniflora","PV744374.1 Rosa anemoniflora"
"2820","PX977812.1.fasta","PX977812.1","Asplenium speluncae","PX977812.1 Asplenium speluncae"
"2821","BK070977.fasta","BK070977.1","Erigeron uniflorus","BK070977.1 Erigeron uniflorus"
"2822","PV684026.fasta","PV684026.1","Oxytropis ciliata","PV684026.1 Oxytropis ciliata"
"2823","PP952454.fasta","PP952454.1","Atropa belladonna","PP952454.1 Atropa belladonna"
"2824","PX230053.fasta","PX230053.1","Cousinia laetevirens","PX230053.1 Cousinia laetevirens"
"2825","PP133730.fasta","PP133730.1","Sonchus brachylobus","PP133730.1 Sonchus brachylobus"
"2826","PZ098272.fasta","PZ098272.1","Melica racemosa","PZ098272.1 Melica racemosa"
"2827","PP234556.fasta","PP234556.1","Halerpestes tricuspis","PP234556.1 Halerpestes tricuspis"
"2828","PV624663.fasta","PV624663.1","Prunus rufa","PV624663.1 Prunus rufa"
"2829","PX733955.fasta","PX733955.1","Oryza sativa","PX733955.1 Oryza sativa"
"2830","PV744414.fasta","PV744414.1","Ranunculus muricatus","PV744414.1 Ranunculus muricatus"
"2831","PP479722.fasta","PP479722.1","Dendrobium sinense","PP479722.1 Dendrobium sinense"
"2832","PZ316382.fasta","PZ316382.1","Begonia ankaranensis","PZ316382.1 Begonia ankaranensis"
"2833","PP697937.fasta","PP697937.1","Lonicera maackii","PP697937.1 Lonicera maackii"
"2834","PX427839.fasta","PX427839.1","Fritillaria unibracteata","PX427839.1 Fritillaria unibracteata"
"2835","PV613229.fasta","PV613229.1","Conioselinum sinchianum","PV613229.1 Conioselinum sinchianum"
"2836","PX870151.fasta","PX870151.1","Terminalia franchetii","PX870151.1 Terminalia franchetii"
"2837","PP203116.fasta","PP203116.1","Genista germanica","PP203116.1 Genista germanica"
"2838","PP190936.fasta","PP190936.1","Stellaria pallida","PP190936.1 Stellaria pallida"
"2839","PP817744.fasta","PP817744.1","Colocasia lihengiae","PP817744.1 Colocasia lihengiae"
"2840","OR159808.fasta","OR159808.1","Dalbergia dyeriana","OR159808.1 Dalbergia dyeriana"
"2841","PQ468992.fasta","PQ468992.1","Lysionotus pauciflorus","PQ468992.1 Lysionotus pauciflorus"
"2842","PX703144.1.fasta","PX703144.1","Amentotaxus argotaenia","PX703144.1 Amentotaxus argotaenia"
"2843","PP681670.fasta","PP681670.1","Oligostachyum fujianense","PP681670.1 Oligostachyum fujianense"
"2844","PP103296.fasta","PP103296.1","Arabidopsis halleri","PP103296.1 Arabidopsis halleri"
"2845","PV219393.fasta","PV219393.1","Xerophyta capillaris","PV219393.1 Xerophyta capillaris"
"2846","PQ594816.fasta","PQ594816.1","Morus bombycis","PQ594816.1 Morus bombycis"
"2847","PX400301.fasta","PX400301.1","Radermachera sinica","PX400301.1 Radermachera sinica"
"2848","PX501760.fasta","PX501760.1","Paphiopedilum armeniacum","PX501760.1 Paphiopedilum armeniacum"
"2849","PV666614.fasta","PV666614.1","Hibiscus fuscus","PV666614.1 Hibiscus fuscus"
"2850","PP190944.fasta","PP190944.1","Clinopodium vulgare","PP190944.1 Clinopodium vulgare"
"2851","PP541884.fasta","PP541884.1","Rhamnus saxatilis","PP541884.1 Rhamnus saxatilis"
"2852","PP493341.fasta","PP493341.1","Artemisia littoricola","PP493341.1 Artemisia littoricola"
"2853","OL852090.fasta","OL852090.1","Eremurus aitchisonii","OL852090.1 Eremurus aitchisonii"
"2854","PX355012.1.fasta","PX355012.1","Juniperus formosana","PX355012.1 Juniperus formosana"
"2855","PP165059.fasta","PP165059.1","Matthiola fruticulosa","PP165059.1 Matthiola fruticulosa"
"2856","PV339529.fasta","PV339529.1","Anacyclus homogamos","PV339529.1 Anacyclus homogamos"
"2857","OL891513.fasta","OL891513.1","Alnus trabeculosa","OL891513.1 Alnus trabeculosa"
"2858","PX926115.fasta","PX926115.1","Oreocharis guileana","PX926115.1 Oreocharis guileana"
"2859","PQ068713.fasta","PQ068713.1","Bredia yunnanensis","PQ068713.1 Bredia yunnanensis"
"2860","PP234592.fasta","PP234592.1","Triglochin maritima","PP234592.1 Triglochin maritima"
"2861","PX501761.fasta","PX501761.1","Papaver pavoninum","PX501761.1 Papaver pavoninum"
"2862","PX388148.fasta","PX388148.1","Hemiboea yongfuensis","PX388148.1 Hemiboea yongfuensis"
"2863","PZ098619.fasta","PZ098619.1","Melica porteri","PZ098619.1 Melica porteri"
"2864","PQ824056.fasta","PQ824056.1","Selenicereus monacanthus","PQ824056.1 Selenicereus monacanthus"
"2865","PX427838.fasta","PX427838.1","Fritillaria thunbergii","PX427838.1 Fritillaria thunbergii"
"2866","PZ101810.fasta","PZ101810.1","Mosla cavaleriei","PZ101810.1 Mosla cavaleriei"
"2867","PP056263.fasta","PP056263.1","Ammannia baccifera","PP056263.1 Ammannia baccifera"
"2868","PP595873.fasta","PP595873.1","Prunus mira","PP595873.1 Prunus mira"
"2869","PX872556.fasta","PX872556.1","Amorphophallus myosuroides","PX872556.1 Amorphophallus myosuroides"
"2870","OR601523.fasta","OR601523.1","Potentilla saundersiana","OR601523.1 Potentilla saundersiana"
"2871","ON929881.fasta","ON929881.1","Suaeda microphylla","ON929881.1 Suaeda microphylla"
"2872","PP897875.fasta","PP897875.1","Iris longipetala","PP897875.1 Iris longipetala"
"2873","PQ591742.1.fasta","PQ591742.1","Lygodium polystachyum","PQ591742.1 Lygodium polystachyum"
"2874","PZ309722.fasta","PZ309722.1","Adenophora polyantha","PZ309722.1 Adenophora polyantha"
"2875","OM640186.fasta","OM640186.1","Ligustrum obtusifolium","OM640186.1 Ligustrum obtusifolium"
"2876","PV976833.fasta","PV976833.1","Melocalamus compactiflorus","PV976833.1 Melocalamus compactiflorus"
"2877","PZ182829.1.fasta","PZ182829.1","Gracilaria edulis","PZ182829.1 Gracilaria edulis"
"2878","PV226239.fasta","PV226239.1","Ziziphora capitata","PV226239.1 Ziziphora capitata"
"2879","PQ301464.fasta","PQ301464.1","Carissa carandas","PQ301464.1 Carissa carandas"
"2880","PQ210155.fasta","PQ210155.1","Muscari anatolicum","PQ210155.1 Muscari anatolicum"
"2881","PP831691.fasta","PP831691.1","Zehneria longiflora","PP831691.1 Zehneria longiflora"
"2882","PQ010086.fasta","PQ010086.1","Heteranthera oblongifolia","PQ010086.1 Heteranthera oblongifolia"
"2883","PQ842550.fasta","PQ842550.1","Salix pierotii","PQ842550.1 Salix pierotii"
"2884","PQ276667.fasta","PQ276667.1","Lithocarpus elizabethiae","PQ276667.1 Lithocarpus elizabethiae"
"2885","PQ010077.fasta","PQ010077.1","Pontederia natans","PQ010077.1 Pontederia natans"
"2886","PV794574.fasta","PV794574.1","Pimpinella chungdienensis","PV794574.1 Pimpinella chungdienensis"
"2887","PZ137534.fasta","PZ137534.1","Stephania yunnanensis","PZ137534.1 Stephania yunnanensis"
"2888","PV826133.1.fasta","PV826133.1","Sphaerosorus coelastroides","PV826133.1 Sphaerosorus coelastroides"
"2889","PZ239413.fasta","PZ239413.1","Syringa villosa","PZ239413.1 Syringa villosa"
"2890","PV394816.fasta","PV394816.1","Oenothera drummondii","PV394816.1 Oenothera drummondii"
"2891","PX297404.fasta","PX297404.1","Phoebe legendrei","PX297404.1 Phoebe legendrei"
"2892","OM949928.fasta","OM949928.1","Actinidia rongshuiensis","OM949928.1 Actinidia rongshuiensis"
"2893","PQ560536.fasta","PQ560536.1","Dehaasia pugerensis","PQ560536.1 Dehaasia pugerensis"
"2894","OP837516.fasta","OP837516.1","Gentianopsis grandis","OP837516.1 Gentianopsis grandis"
"2895","BK071822.fasta","BK071822.1","Amphoricarpos autariatus","BK071822.1 Amphoricarpos autariatus"
"2896","ON729379.fasta","ON729379.1","Semiliquidambar caudata","ON729379.1 Semiliquidambar caudata"
"2897","PV666615.fasta","PV666615.1","Hibiscus micranthus","PV666615.1 Hibiscus micranthus"
"2898","PQ468981.fasta","PQ468981.1","Anna mollifolia","PQ468981.1 Anna mollifolia"
"2899","PV862208.fasta","PV862208.1","Jasminum multiflorum","PV862208.1 Jasminum multiflorum"
"2900","PV553471.fasta","PV553471.1","Paraia bracteata","PV553471.1 Paraia bracteata"
"2901","PV423509.fasta","PV423509.1","Saxifraga aizoides","PV423509.1 Saxifraga aizoides"
"2902","OR935804.fasta","OR935804.1","Fritillaria stenanthera","OR935804.1 Fritillaria stenanthera"
"2903","PZ316429.fasta","PZ316429.1","Begonia peltatifolia","PZ316429.1 Begonia peltatifolia"
"2904","PQ063988.fasta","PQ063988.1","Kalanchoe prasina","PQ063988.1 Kalanchoe prasina"
"2905","OR881378.fasta","OR881378.1","Weigela florida","OR881378.1 Weigela florida"
"2906","PX130346.fasta","PX130346.1","Syzygium neesianum","PX130346.1 Syzygium neesianum"
"2907","PP897882.fasta","PP897882.1","Iris korolkowii","PP897882.1 Iris korolkowii"
"2908","PQ283868.fasta","PQ283868.1","Oenanthe javanica","PQ283868.1 Oenanthe javanica"
"2909","PQ472938.fasta","PQ472938.1","Tongpeia fungosa","PQ472938.1 Tongpeia fungosa"
"2910","PQ432185.fasta","PQ432185.1","Malus fusca","PQ432185.1 Malus fusca"
"2911","PQ144607.fasta","PQ144607.1","Dalbergia yunnanensis","PQ144607.1 Dalbergia yunnanensis"
"2912","OR555769.fasta","OR555769.1","Didymosalpinx norae","OR555769.1 Didymosalpinx norae"
"2913","PZ098629.fasta","PZ098629.1","Melica macra","PZ098629.1 Melica macra"
"2914","PQ891887.fasta","PQ891887.1","Purshia tridentata","PQ891887.1 Purshia tridentata"
"2915","PP976079.fasta","PP976079.1","Rosa bracteata","PP976079.1 Rosa bracteata"
"2916","PV472655.fasta","PV472655.1","Archiphysalis chamaesarachoides","PV472655.1 Archiphysalis chamaesarachoides"
"2917","PV415124.1.fasta","PV415124.1","Sargassum thunbergii","PV415124.1 Sargassum thunbergii"
"2918","PV648377.fasta","PV648377.1","Dysosma tsayuensis","PV648377.1 Dysosma tsayuensis"
"2919","OR946460.fasta","OR946460.1","Magnolia guangdongensis","OR946460.1 Magnolia guangdongensis"
"2920","PV208095.fasta","PV208095.1","Prunus zhuxiensis","PV208095.1 Prunus zhuxiensis"
"2921","PX260186.fasta","PX260186.1","Stachys germanica","PX260186.1 Stachys germanica"
"2922","PV487827.fasta","PV487827.1","Petrea volubilis","PV487827.1 Petrea volubilis"
"2923","PV083612.fasta","PV083612.1","Styrax officinalis","PV083612.1 Styrax officinalis"
"2924","PX570610.fasta","PX570610.1","Rubroshorea johorensis","PX570610.1 Rubroshorea johorensis"
"2925","PP203136.fasta","PP203136.1","Lamium galeobdolon","PP203136.1 Lamium galeobdolon"
"2926","PQ210140.fasta","PQ210140.1","Muscari vuralii","PQ210140.1 Muscari vuralii"
"2927","PX512541.1.fasta","PX512541.1","Coelastrum cambricum","PX512541.1 Coelastrum cambricum"
"2928","PX380649.fasta","PX380649.1","Aconitum tatsienense","PX380649.1 Aconitum tatsienense"
"2929","PP484611.fasta","PP484611.1","Neottia cordata","PP484611.1 Neottia cordata"
"2930","PX380658.fasta","PX380658.1","Delphinium elatum","PX380658.1 Delphinium elatum"
"2931","PP165060.fasta","PP165060.1","Melittis melissophyllum","PP165060.1 Melittis melissophyllum"
"2932","PQ742995.fasta","PQ742995.1","Cotoneaster turbinatus","PQ742995.1 Cotoneaster turbinatus"
"2933","PV008706.fasta","PV008706.1","Sageretia thea","PV008706.1 Sageretia thea"
"2934","PP216500.fasta","PP216500.1","Thuniopsis cleistogama","PP216500.1 Thuniopsis cleistogama"
"2935","PQ586980.fasta","PQ586980.1","Camellia gymnogyna","PQ586980.1 Camellia gymnogyna"
"2936","PP165054.fasta","PP165054.1","Lomelosia graminifolia","PP165054.1 Lomelosia graminifolia"
"2937","PQ210152.fasta","PQ210152.1","Muscari bourgaei","PQ210152.1 Muscari bourgaei"
"2938","PV604934.fasta","PV604934.1","Phoenix sylvestris","PV604934.1 Phoenix sylvestris"
"2939","PV454981.fasta","PV454981.1","Tetrastigma obtectum","PV454981.1 Tetrastigma obtectum"
"2940","PV798297.fasta","PV798297.1","Strophanthus divaricatus","PV798297.1 Strophanthus divaricatus"
"2941","PX696641.fasta","PX696641.1","Malus hupehensis","PX696641.1 Malus hupehensis"
"2942","OR884992.fasta","OR884992.1","Dichoropetalum schottii","OR884992.1 Dichoropetalum schottii"
"2943","OR990554.fasta","OR990554.1","Tragopogon pratensis","OR990554.1 Tragopogon pratensis"
"2944","OQ570473.fasta","OQ570473.1","Seseli aemulans","OQ570473.1 Seseli aemulans"
"2945","PP952488.fasta","PP952488.1","Lycium morongii","PP952488.1 Lycium morongii"
"2946","PP315674.fasta","PP315674.1","Prunus cerasifera","PP315674.1 Prunus cerasifera"
"2947","PP484627.fasta","PP484627.1","Nardus stricta","PP484627.1 Nardus stricta"
"2948","PQ594813.fasta","PQ594813.1","Morus cathayana","PQ594813.1 Morus cathayana"
"2949","PV480542.fasta","PV480542.1","Satureja khuzistanica","PV480542.1 Satureja khuzistanica"
"2950","PX711949.fasta","PX711949.1","Astragalus rumpens","PX711949.1 Astragalus rumpens"
"2951","PP190466.fasta","PP190466.1","Coelogyne panchaseensis","PP190466.1 Coelogyne panchaseensis"
"2952","PX396009.fasta","PX396009.1","Syzygium balgooyi","PX396009.1 Syzygium balgooyi"
"2953","PV601298.fasta","PV601298.1","Salvia korolkovii","PV601298.1 Salvia korolkovii"
"2954","BK071452.fasta","BK071452.1","Thymelaea passerina","BK071452.1 Thymelaea passerina"
"2955","PX421566.fasta","PX421566.1","Synotis solidaginea","PX421566.1 Synotis solidaginea"
"2956","PQ612861.fasta","PQ612861.1","Impatiens aquatilis","PQ612861.1 Impatiens aquatilis"
"2957","PP336754.fasta","PP336754.1","Geum rivale","PP336754.1 Geum rivale"
"2958","PP817745.fasta","PP817745.1","Colocasia oresbia","PP817745.1 Colocasia oresbia"
"2959","PP328790.fasta","PP328790.1","Catapodium rigidum","PP328790.1 Catapodium rigidum"
"2960","PX427808.fasta","PX427808.1","Gigantochloa falcihumeris","PX427808.1 Gigantochloa falcihumeris"
"2961","OL852089.fasta","OL852089.1","Eremurus alberti","OL852089.1 Eremurus alberti"
"2962","OQ549899.fasta","OQ549899.1","Styrax odoratissimus","OQ549899.1 Styrax odoratissimus"
"2963","PQ144626.fasta","PQ144626.1","Dalbergia clarkei","PQ144626.1 Dalbergia clarkei"
"2964","PQ137794.fasta","PQ137794.1","Gentiana crassa","PQ137794.1 Gentiana crassa"
"2965","PQ835418.fasta","PQ835418.1","Phrynium imbricatum","PQ835418.1 Phrynium imbricatum"
"2966","ON929838.fasta","ON929838.1","Halimocnemis karelinii","ON929838.1 Halimocnemis karelinii"
"2967","PX334447.fasta","PX334447.1","Abutilon hirtum","PX334447.1 Abutilon hirtum"
"2968","PV613222.fasta","PV613222.1","Conioselinum pseudoangelica","PV613222.1 Conioselinum pseudoangelica"
"2969","PV870776.fasta","PV870776.1","Brownea ariza","PV870776.1 Brownea ariza"
"2970","PP952490.fasta","PP952490.1","Lycium pallidum","PP952490.1 Lycium pallidum"
"2971","OR521104.fasta","OR521104.1","Elatostema brevifolium","OR521104.1 Elatostema brevifolium"
"2972","PV938979.fasta","PV938979.1","Ferula helenae","PV938979.1 Ferula helenae"
"2973","PX070074.fasta","PX070074.1","Asparagus taliensis","PX070074.1 Asparagus taliensis"
"2974","PV083603.fasta","PV083603.1","Styrax glabrescens","PV083603.1 Styrax glabrescens"
"2975","PP336767.fasta","PP336767.1","Lamium orvala","PP336767.1 Lamium orvala"
"2976","PX957237.fasta","PX957237.1","Elaeis guineensis","PX957237.1 Elaeis guineensis"
"2977","PZ098389.fasta","PZ098389.1","Melica altissima","PZ098389.1 Melica altissima"
"2978","PQ450446.fasta","PQ450446.1","Elymus tschimganicus","PQ450446.1 Elymus tschimganicus"
"2979","OR565948.fasta","OR565948.1","Paraphlomis yingdeensis","OR565948.1 Paraphlomis yingdeensis"
"2980","PQ526732.fasta","PQ526732.1","Ficus formosana","PQ526732.1 Ficus formosana"
"2981","PP056237.fasta","PP056237.1","Matsumurella chinensis","PP056237.1 Matsumurella chinensis"
"2982","PX924388.fasta","PX924388.1","Pseudopodospermum inconspicuum","PX924388.1 Pseudopodospermum inconspicuum"
"2983","PX309507.fasta","PX309507.1","Beschorneria septentrionalis","PX309507.1 Beschorneria septentrionalis"
"2984","PV192923.fasta","PV192923.1","Podophyllum peltatum","PV192923.1 Podophyllum peltatum"
"2985","PP190947.fasta","PP190947.1","Galeopsis pubescens","PP190947.1 Galeopsis pubescens"
"2986","PQ526735.fasta","PQ526735.1","Ficus hirta","PQ526735.1 Ficus hirta"
"2987","PV564730.fasta","PV564730.1","Aquilegia apuana","PV564730.1 Aquilegia apuana"
"2988","OL891518.fasta","OL891518.1","Alnus fauriei","OL891518.1 Alnus fauriei"
"2989","PV296135.fasta","PV296135.1","Tetrastigma formosanum","PV296135.1 Tetrastigma formosanum"
"2990","PV239472.fasta","PV239472.1","Xerophyta argentea","PV239472.1 Xerophyta argentea"
"2991","PQ788856.fasta","PQ788856.1","Chrysanthemum seticuspe","PQ788856.1 Chrysanthemum seticuspe"
"2992","PV564802.fasta","PV564802.1","Aquilegia yabeana","PV564802.1 Aquilegia yabeana"
"2993","OR990542.fasta","OR990542.1","Scorzonera humilis","OR990542.1 Scorzonera humilis"
"2994","PV221547.fasta","PV221547.1","Libertia flaccidifolia","PV221547.1 Libertia flaccidifolia"
"2995","PV087151.fasta","PV087151.1","Heteropolygonatum alte-lobatum","PV087151.1 Heteropolygonatum alte-lobatum"
"2996","PV069741.fasta","PV069741.1","Anemone patens","PV069741.1 Anemone patens"
"2997","PV870761.fasta","PV870761.1","Apios chendezhaoana","PV870761.1 Apios chendezhaoana"
"2998","PP897878.fasta","PP897878.1","Iris meda","PP897878.1 Iris meda"
"2999","PV870810.fasta","PV870810.1","Swainsona canescens","PV870810.1 Swainsona canescens"
"3000","PQ283867.fasta","PQ283867.1","Oenanthe hookeri","PQ283867.1 Oenanthe hookeri"
"3001","PV276169.fasta","PV276169.1","Casearia arborea","PV276169.1 Casearia arborea"
"3002","PX130353.fasta","PX130353.1","Syzygium paradoxum","PX130353.1 Syzygium paradoxum"
"3003","PX355014.1.fasta","PX355014.1","Hesperocyparis arizonica","PX355014.1 Hesperocyparis arizonica"
"3004","PZ316419.fasta","PZ316419.1","Begonia lyallii","PZ316419.1 Begonia lyallii"
"3005","PQ874743.fasta","PQ874743.1","Clematis pashanensis","PQ874743.1 Clematis pashanensis"
"3006","PX309297.fasta","PX309297.1","Chorizanthe novoana","PX309297.1 Chorizanthe novoana"
"3007","BK071848.fasta","BK071848.1","Jurinea mollis","BK071848.1 Jurinea mollis"
"3008","PP328806.fasta","PP328806.1","Onobrychis viciifolia","PP328806.1 Onobrychis viciifolia"
"3009","PP235289.fasta","PP235289.1","Lysimachia saxicola","PP235289.1 Lysimachia saxicola"
"3010","PQ231107.fasta","PQ231107.1","Paraphlomis hispida","PQ231107.1 Paraphlomis hispida"
"3011","PV276170.fasta","PV276170.1","Casearia comocladifolia","PV276170.1 Casearia comocladifolia"
"3012","PV744386.fasta","PV744386.1","Rosa daishanensis","PV744386.1 Rosa daishanensis"
"3013","PX111449.fasta","PX111449.1","Artocarpus gongshanensis","PX111449.1 Artocarpus gongshanensis"
"3014","PX512824.fasta","PX512824.1","Beccarinda tonkinensis","PX512824.1 Beccarinda tonkinensis"
"3015","PX769913.fasta","PX769913.1","Amorphophallus allenii","PX769913.1 Amorphophallus allenii"
"3016","ON929851.fasta","ON929851.1","Anabasis truncata","ON929851.1 Anabasis truncata"
"3017","PP133735.fasta","PP133735.1","Sonchus heterophyllus","PP133735.1 Sonchus heterophyllus"
"3018","PP728427.fasta","PP728427.1","Vigna trinervia","PP728427.1 Vigna trinervia"
"3019","PQ611769.fasta","PQ611769.1","Impatiens undulata","PQ611769.1 Impatiens undulata"
"3020","PZ226531.fasta","PZ226531.1","Amorphophallus fornicatus","PZ226531.1 Amorphophallus fornicatus"
"3021","OP946451.fasta","OP946451.1","Cinchona officinalis","OP946451.1 Cinchona officinalis"
"3022","PP216491.fasta","PP216491.1","Anthogonium gracile","PP216491.1 Anthogonium gracile"
"3023","PQ586439.fasta","PQ586439.1","Chaetoseris lutea","PQ586439.1 Chaetoseris lutea"
"3024","PV870715.fasta","PV870715.1","Calpocalyx brevibracteatus","PV870715.1 Calpocalyx brevibracteatus"
"3025","PV339526.fasta","PV339526.1","Anacyclus monanthos","PV339526.1 Anacyclus monanthos"
"3026","PQ310505.fasta","PQ310505.1","Myosotis retrorsa","PQ310505.1 Myosotis retrorsa"
"3027","PZ117412.fasta","PZ117412.1","Astragalus lhorongensis","PZ117412.1 Astragalus lhorongensis"
"3028","PQ432206.fasta","PQ432206.1","Malus sylvestris","PQ432206.1 Malus sylvestris"
"3029","PX666003.fasta","PX666003.1","Helianthus angustifolius","PX666003.1 Helianthus angustifolius"
"3030","OP133565.fasta","OP133565.1","Strophanthus hispidus","OP133565.1 Strophanthus hispidus"
"3031","PV423710.1.fasta","PV423710.1","Thalassiosira punctigera","PV423710.1 Thalassiosira punctigera"
"3032","OR896874.fasta","OR896874.1","Aster amellus","OR896874.1 Aster amellus"
"3033","PV605576.fasta","PV605576.1","Elymus lanceolatus","PV605576.1 Elymus lanceolatus"
"3034","PX984400.fasta","PX984400.1","Inula minipetala","PX984400.1 Inula minipetala"
"3035","PP413691.fasta","PP413691.1","Gynostemma pentaphyllum","PP413691.1 Gynostemma pentaphyllum"
"3036","PX125827.fasta","PX125827.1","Syzygium cryptophlebium","PX125827.1 Syzygium cryptophlebium"
"3037","PP898091.fasta","PP898091.1","Artemisia gyitangensis","PP898091.1 Artemisia gyitangensis"
"3038","PQ385830.fasta","PQ385830.1","Elymus macrochaetus","PQ385830.1 Elymus macrochaetus"
"3039","PX694236.fasta","PX694236.1","Hibiscus coccineus","PX694236.1 Hibiscus coccineus"
"3040","OR936139.fasta","OR936139.1","Lithocarpus dealbatus","OR936139.1 Lithocarpus dealbatus"
"3041","PQ472919.fasta","PQ472919.1","Fargesia nitida","PQ472919.1 Fargesia nitida"
"3042","PP541886.fasta","PP541886.1","Rhinanthus freynii","PP541886.1 Rhinanthus freynii"
"3043","PX924390.fasta","PX924390.1","Gelasia sericeolanata","PX924390.1 Gelasia sericeolanata"
"3044","PV008711.fasta","PV008711.1","Luffa aegyptiaca","PV008711.1 Luffa aegyptiaca"
"3045","OL875071.fasta","OL875071.1","Eremurus soogdianus","OL875071.1 Eremurus soogdianus"
"3046","PP234519.fasta","PP234519.1","Dysphania schraderiana","PP234519.1 Dysphania schraderiana"
"3047","PV873134.fasta","PV873134.1","Distylium racemosum","PV873134.1 Distylium racemosum"
"3048","PP897886.fasta","PP897886.1","Iris goniocarpa","PP897886.1 Iris goniocarpa"
"3049","PQ571143.fasta","PQ571143.1","Liparis bootanensis","PQ571143.1 Liparis bootanensis"
"3050","PP272177.fasta","PP272177.1","Salvia verticillata","PP272177.1 Salvia verticillata"
"3051","PQ639301.fasta","PQ639301.1","Iris tubergeniana","PQ639301.1 Iris tubergeniana"
"3052","PZ322778.fasta","PZ322778.1","Vitex cofassus","PZ322778.1 Vitex cofassus"
"3053","PX125909.fasta","PX125909.1","Syzygium papyraceum","PX125909.1 Syzygium papyraceum"
"3054","PQ677098.fasta","PQ677098.1","Catharanthus roseus","PQ677098.1 Catharanthus roseus"
"3055","PV339528.fasta","PV339528.1","Anacyclus radiatus","PV339528.1 Anacyclus radiatus"
"3056","PP484636.fasta","PP484636.1","Oloptum miliaceum","PP484636.1 Oloptum miliaceum"
"3057","PX828354.fasta","PX828354.1","Lepanthes clareae","PX828354.1 Lepanthes clareae"
"3058","OL875067.fasta","OL875067.1","Eremurus lachnostegius","OL875067.1 Eremurus lachnostegius"
"3059","PV870666.fasta","PV870666.1","Astragalus mongholicus","PV870666.1 Astragalus mongholicus"
"3060","OR565910.fasta","OR565910.1","Phlomoides tuberosa","OR565910.1 Phlomoides tuberosa"
"3061","PX652177.fasta","PX652177.1","Thinopyrum distichum","PX652177.1 Thinopyrum distichum"
"3062","PP840336.fasta","PP840336.1","Veronica persica","PP840336.1 Veronica persica"
"3063","MZ520133.1.fasta","MZ520133.1","Taiwania flousiana","MZ520133.1 Taiwania flousiana"
"3064","PV870683.fasta","PV870683.1","Wisteria sinensis","PV870683.1 Wisteria sinensis"
"3065","PX922769.fasta","PX922769.1","Chamaecrista fasciculata","PX922769.1 Chamaecrista fasciculata"
"3066","PV870702.fasta","PV870702.1","Piptadeniastrum africanum","PV870702.1 Piptadeniastrum africanum"
"3067","PX380669.fasta","PX380669.1","Delphinium pylzowii","PX380669.1 Delphinium pylzowii"
"3068","MW683062.fasta","MW683062.1","Impatiens clavigera","MW683062.1 Impatiens clavigera"
"3069","PX804936.fasta","PX804936.1","Amorphophallus josefbogneri","PX804936.1 Amorphophallus josefbogneri"
"3070","PV423728.1.fasta","PV423728.1","Skeletonema tropicum","PV423728.1 Skeletonema tropicum"
"3071","PV837617.fasta","PV837617.1","Nepeta santoana","PV837617.1 Nepeta santoana"
"3072","PV870719.fasta","PV870719.1","Adenopodia patens","PV870719.1 Adenopodia patens"
"3073","PQ564432.fasta","PQ564432.1","Saussurea seoulensis","PQ564432.1 Saussurea seoulensis"
"3074","MW420951.fasta","MW420951.1","Scutellaria discolor","MW420951.1 Scutellaria discolor"
"3075","OP514747.fasta","OP514747.1","Syringa patula","OP514747.1 Syringa patula"
"3076","PP024533.fasta","PP024533.1","Ajuga pyramidalis","PP024533.1 Ajuga pyramidalis"
"3077","PX297399.fasta","PX297399.1","Phoebe bournei","PX297399.1 Phoebe bournei"
"3078","PV276194.fasta","PV276194.1","Lagerstroemia lecomtei","PV276194.1 Lagerstroemia lecomtei"
"3079","OR605728.fasta","OR605728.1","Jasminum kedahense","OR605728.1 Jasminum kedahense"
"3080","PQ550994.fasta","PQ550994.1","Spodiopogon formosanus","PQ550994.1 Spodiopogon formosanus"
"3081","PV870809.fasta","PV870809.1","Carmichaelia crassicaulis","PV870809.1 Carmichaelia crassicaulis"
"3082","PV938070.fasta","PV938070.1","Flueggea suffruticosa","PV938070.1 Flueggea suffruticosa"
"3083","PX778779.fasta","PX778779.1","Lycium ruthenicum","PX778779.1 Lycium ruthenicum"
"3084","PP952476.fasta","PP952476.1","Lycium cooperi","PP952476.1 Lycium cooperi"
"3085","PQ551025.fasta","PQ551025.1","Changium smyrnioides","PQ551025.1 Changium smyrnioides"
"3086","PX971186.fasta","PX971186.1","Solanum lasiocarpum","PX971186.1 Solanum lasiocarpum"
"3087","OR521108.fasta","OR521108.1","Elatostema austrosinense","OR521108.1 Elatostema austrosinense"
"3088","MW420978.fasta","MW420978.1","Scutellaria angustifolia","MW420978.1 Scutellaria angustifolia"
"3089","PP235290.fasta","PP235290.1","Lysimachia vittiformis","PP235290.1 Lysimachia vittiformis"
"3090","PX711948.fasta","PX711948.1","Astragalus zerabulaki","PX711948.1 Astragalus zerabulaki"
"3091","PQ851683.fasta","PQ851683.1","Lagarosiphon cordofanus","PQ851683.1 Lagarosiphon cordofanus"
"3092","PV605572.fasta","PV605572.1","Agropyron cristatum","PV605572.1 Agropyron cristatum"
"3093","PZ101799.fasta","PZ101799.1","Mosla japonica","PZ101799.1 Mosla japonica"
"3094","PZ316437.fasta","PZ316437.1","Begonia rufipila","PZ316437.1 Begonia rufipila"
"3095","PV794573.fasta","PV794573.1","Pimpinella caudata","PV794573.1 Pimpinella caudata"
"3096","PZ101811.fasta","PZ101811.1","Mosla longibracteata","PZ101811.1 Mosla longibracteata"
"3097","PX130354.fasta","PX130354.1","Syzygium perspicuinervium","PX130354.1 Syzygium perspicuinervium"
"3098","PV640847.fasta","PV640847.1","Odontostemma longistylum","PV640847.1 Odontostemma longistylum"
"3099","PX904544.fasta","PX904544.1","Gmelina asiatica","PX904544.1 Gmelina asiatica"
"3100","PX396012.fasta","PX396012.1","Syzygium dasyphyllum","PX396012.1 Syzygium dasyphyllum"
"3101","PV055054.fasta","PV055054.1","Polygonatum zanlanscianense","PV055054.1 Polygonatum zanlanscianense"
"3102","OR238388.fasta","OR238388.1","Bergenia purpurascens","OR238388.1 Bergenia purpurascens"
"3103","PV087155.fasta","PV087155.1","Maianthemum lichiangense","PV087155.1 Maianthemum lichiangense"
"3104","PP530890.fasta","PP530890.1","Trachydium simplicifolium","PP530890.1 Trachydium simplicifolium"
"3105","PV684037.fasta","PV684037.1","Oxytropis racemosa","PV684037.1 Oxytropis racemosa"
"3106","OM948773.fasta","OM948773.1","Androsace globifera","OM948773.1 Androsace globifera"
"3107","PX980496.fasta","PX980496.1","Zantedeschia hybrid","PX980496.1 Zantedeschia hybrid"
"3108","BK070963.fasta","BK070963.1","Erigeron humilis","BK070963.1 Erigeron humilis"
"3109","OL891507.fasta","OL891507.1","Alnus pendula","OL891507.1 Alnus pendula"
"3110","PV870736.fasta","PV870736.1","Sphenostylis angustifolia","PV870736.1 Sphenostylis angustifolia"
"3111","PP809762.fasta","PP809762.1","Aesculus hippocastanum","PP809762.1 Aesculus hippocastanum"
"3112","PQ432211.fasta","PQ432211.1","Malus transitoria","PQ432211.1 Malus transitoria"
"3113","OR896872.fasta","OR896872.1","Anthericum liliago","OR896872.1 Anthericum liliago"
"3114","PX570609.fasta","PX570609.1","Helicteres isora","PX570609.1 Helicteres isora"
"3115","PV600844.fasta","PV600844.1","Aframomum angustifolium","PV600844.1 Aframomum angustifolium"
"3116","OR493263.fasta","OR493263.1","Quercus pannosa","OR493263.1 Quercus pannosa"
"3117","PX171333.fasta","PX171333.1","Dillenia philippinensis","PX171333.1 Dillenia philippinensis"
"3118","BK068668.fasta","BK068668.1","Ornithopus perpusillus","BK068668.1 Ornithopus perpusillus"
"3119","PV564770.fasta","PV564770.1","Aquilegia kansuensis","PV564770.1 Aquilegia kansuensis"
"3120","PV096988.fasta","PV096988.1","Grewia tembensis","PV096988.1 Grewia tembensis"
"3121","PX512476.fasta","PX512476.1","Megacarpaea megalocarpa","PX512476.1 Megacarpaea megalocarpa"
"3122","PV870821.fasta","PV870821.1","Wisteriopsis reticulata","PV870821.1 Wisteriopsis reticulata"
"3123","PP979513.1.fasta","PP979513.1","Coronastrum ellipsoideum","PP979513.1 Coronastrum ellipsoideum"
"3124","PQ634728.fasta","PQ634728.1","Colquhounia compta","PQ634728.1 Colquhounia compta"
"3125","BK071832.fasta","BK071832.1","Carlina vulgaris","BK071832.1 Carlina vulgaris"
"3126","PP706108.fasta","PP706108.1","Capparis cartilaginea","PP706108.1 Capparis cartilaginea"
"3127","PZ095203.fasta","PZ095203.1","Myrsine semiserrata","PZ095203.1 Myrsine semiserrata"
"3128","MT053008.fasta","MT053008.1","Pachira aquatica","MT053008.1 Pachira aquatica"
"3129","PX501757.fasta","PX501757.1","Zeuxinella vietnamica","PX501757.1 Zeuxinella vietnamica"
"3130","PQ824997.fasta","PQ824997.1","Lycium shawii","PQ824997.1 Lycium shawii"
"3131","OR909622.fasta","OR909622.1","Cirsium heterophyllum","OR909622.1 Cirsium heterophyllum"
"3132","PV010369.fasta","PV010369.1","Manilkara kauki","PV010369.1 Manilkara kauki"
"3133","PV409680.fasta","PV409680.1","Nerine bowdenii","PV409680.1 Nerine bowdenii"
"3134","PZ168340.fasta","PZ168340.1","Rhynchosia minima","PZ168340.1 Rhynchosia minima"
"3135","PV177937.fasta","PV177937.1","Xerophyta pinifolia","PV177937.1 Xerophyta pinifolia"
"3136","PP234564.fasta","PP234564.1","Przewalskia tangutica","PP234564.1 Przewalskia tangutica"
"3137","OM949891.fasta","OM949891.1","Actinidia macrosperma","OM949891.1 Actinidia macrosperma"
"3138","PX971245.fasta","PX971245.1","Salvia clevelandii","PX971245.1 Salvia clevelandii"
"3139","PP697900.fasta","PP697900.1","Lonicera scabrida","PP697900.1 Lonicera scabrida"
"3140","OR264241.fasta","OR264241.1","Cinnamomum saxatile","OR264241.1 Cinnamomum saxatile"
"3141","PX501751.fasta","PX501751.1","Rumex hastatus","PX501751.1 Rumex hastatus"
"3142","PQ068613.fasta","PQ068613.1","Bredia esquirolii","PQ068613.1 Bredia esquirolii"
"3143","PZ094984.fasta","PZ094984.1","Ficus eximia","PZ094984.1 Ficus eximia"
"3144","PZ098393.fasta","PZ098393.1","Melica transsilvanica","PZ098393.1 Melica transsilvanica"
"3145","PV054326.fasta","PV054326.1","Elymus praeruptus","PV054326.1 Elymus praeruptus"
"3146","PX395923.fasta","PX395923.1","Triumfetta cordifolia","PX395923.1 Triumfetta cordifolia"
"3147","PX380643.fasta","PX380643.1","Aconitum rotundifolium","PX380643.1 Aconitum rotundifolium"
"3148","PP622704.fasta","PP622704.1","Trisetum flavescens","PP622704.1 Trisetum flavescens"
"3149","PP697896.fasta","PP697896.1","Lonicera fragrantissima","PP697896.1 Lonicera fragrantissima"
"3150","PQ675798.fasta","PQ675798.1","Actaea heracleifolia","PQ675798.1 Actaea heracleifolia"
"3151","PP697880.fasta","PP697880.1","Lonicera tomentella","PP697880.1 Lonicera tomentella"
"3152","PV153503.fasta","PV153503.1","Cassine glauca","PV153503.1 Cassine glauca"
"3153","OM640182.fasta","OM640182.1","Ligustrum foliosum","OM640182.1 Ligustrum foliosum"
"3154","MT053004.fasta","MT053004.1","Adansonia rubrostipa","MT053004.1 Adansonia rubrostipa"
"3155","PQ874708.fasta","PQ874708.1","Clematis finetiana","PQ874708.1 Clematis finetiana"
"3156","PP335063.fasta","PP335063.1","Epilobium ciliatum","PP335063.1 Epilobium ciliatum"
"3157","PQ144640.fasta","PQ144640.1","Dalbergia pinnata","PQ144640.1 Dalbergia pinnata"
"3158","PV553481.fasta","PV553481.1","Williamodendron cinnamomeum","PV553481.1 Williamodendron cinnamomeum"
"3159","PV219392.fasta","PV219392.1","Xerophyta kirkii","PV219392.1 Xerophyta kirkii"
"3160","PV861827.fasta","PV861827.1","Crateva unilocularis","PV861827.1 Crateva unilocularis"
"3161","PX130351.fasta","PX130351.1","Syzygium owariense","PX130351.1 Syzygium owariense"
"3162","PZ316412.fasta","PZ316412.1","Begonia lanternaria","PZ316412.1 Begonia lanternaria"
"3163","OR990530.fasta","OR990530.1","Matricaria discoidea","OR990530.1 Matricaria discoidea"
"3164","OR264258.fasta","OR264258.1","Ocotea heterochroma","OR264258.1 Ocotea heterochroma"
"3165","PQ551058.fasta","PQ551058.1","Hymenidium pulszkyi","PQ551058.1 Hymenidium pulszkyi"
"3166","PP133734.fasta","PP133734.1","Sonchus gummifer","PP133734.1 Sonchus gummifer"
"3167","PV423726.1.fasta","PV423726.1","Minidiscus variabilis","PV423726.1 Minidiscus variabilis"
"3168","PV866628.fasta","PV866628.1","Primula agleniana","PV866628.1 Primula agleniana"
"3169","PV631333.fasta","PV631333.1","Viola grayi","PV631333.1 Viola grayi"
"3170","PZ316405.fasta","PZ316405.1","Begonia goegoensis","PZ316405.1 Begonia goegoensis"
"3171","OR565958.fasta","OR565958.1","Paraphlomis hirsutissima","OR565958.1 Paraphlomis hirsutissima"
"3172","PZ127298.fasta","PZ127298.1","Eremurus altaicus","PZ127298.1 Eremurus altaicus"
"3173","PZ098381.fasta","PZ098381.1","Glyceria declinata","PZ098381.1 Glyceria declinata"
"3174","PV794596.fasta","PV794596.1","Pimpinella rockii","PV794596.1 Pimpinella rockii"
"3175","OR264211.fasta","OR264211.1","Beilschmiedia tsangii","OR264211.1 Beilschmiedia tsangii"
"3176","PZ098269.fasta","PZ098269.1","Brylkinia caudata","PZ098269.1 Brylkinia caudata"
"3177","PX380632.fasta","PX380632.1","Aconitum lethale","PX380632.1 Aconitum lethale"
"3178","PP541865.fasta","PP541865.1","Polygala alpestris","PP541865.1 Polygala alpestris"
"3179","PP234570.fasta","PP234570.1","Lasiocaryum densiflorum","PP234570.1 Lasiocaryum densiflorum"
"3180","OR990549.fasta","OR990549.1","Sonchus oleraceus","OR990549.1 Sonchus oleraceus"
"3181","PP531563.fasta","PP531563.1","Acronema forrestii","PP531563.1 Acronema forrestii"
"3182","PV993971.fasta","PV993971.1","Halophila beccarii","PV993971.1 Halophila beccarii"
"3183","PQ144620.fasta","PQ144620.1","Dalbergia volubilis","PQ144620.1 Dalbergia volubilis"
"3184","PP728425.fasta","PP728425.1","Vigna reflexopilosa","PP728425.1 Vigna reflexopilosa"
"3185","PX068036.fasta","PX068036.1","Primula tibetica","PX068036.1 Primula tibetica"
"3186","PV185782.fasta","PV185782.1","Triticum ispahanicum","PV185782.1 Triticum ispahanicum"
"3187","PQ568955.fasta","PQ568955.1","Mangifera indica","PQ568955.1 Mangifera indica"
"3188","PQ874740.fasta","PQ874740.1","Clematis obscura","PQ874740.1 Clematis obscura"
"3189","PQ412531.fasta","PQ412531.1","Orbea wissmannii","PQ412531.1 Orbea wissmannii"
"3190","PP262155.fasta","PP262155.1","Rhodiola yunnanensis","PP262155.1 Rhodiola yunnanensis"
"3191","OL891521.fasta","OL891521.1","Alnus formosana","OL891521.1 Alnus formosana"
"3192","PP336775.fasta","PP336775.1","Linaria angustissima","PP336775.1 Linaria angustissima"
"3193","PV870714.fasta","PV870714.1","Annea afzelii","PV870714.1 Annea afzelii"
"3194","PV239469.fasta","PV239469.1","Xerophyta equisetoides","PV239469.1 Xerophyta equisetoides"
"3195","PP190948.fasta","PP190948.1","Galeopsis tetrahit","PP190948.1 Galeopsis tetrahit"
"3196","ON470823.fasta","ON470823.1","Ligusticopsis multivittata","ON470823.1 Ligusticopsis multivittata"
"3197","PV870774.fasta","PV870774.1","Periandra coccinea","PV870774.1 Periandra coccinea"
"3198","OR264254.fasta","OR264254.1","Machilus platycarpa","OR264254.1 Machilus platycarpa"
"3199","PV409670.fasta","PV409670.1","Astelia alpina","PV409670.1 Astelia alpina"
"3200","PQ380099.fasta","PQ380099.1","Elymus dentatus","PQ380099.1 Elymus dentatus"
"3201","PP697870.fasta","PP697870.1","Lonicera prostrata","PP697870.1 Lonicera prostrata"
"3202","PV794586.fasta","PV794586.1","Pimpinella helosciadoidea","PV794586.1 Pimpinella helosciadoidea"
"3203","PX999661.fasta","PX999661.1","Richardia brasiliensis","PX999661.1 Richardia brasiliensis"
"3204","PX334460.fasta","PX334460.1","Verbesina encelioides","PX334460.1 Verbesina encelioides"
"3205","PP979529.1.fasta","PP979529.1","Actinastrum hantzschii","PP979529.1 Actinastrum hantzschii"
"3206","OM948774.fasta","OM948774.1","Androsace delavayi","OM948774.1 Androsace delavayi"
"3207","PP316519.fasta","PP316519.1","Antirrhinum majus","PP316519.1 Antirrhinum majus"
"3208","OQ503553.fasta","OQ503553.1","Camellia sasanqua","OQ503553.1 Camellia sasanqua"
"3209","PP056232.fasta","PP056232.1","Eriocaulon cinereum","PP056232.1 Eriocaulon cinereum"
"3210","PX971246.fasta","PX971246.1","Salvia columbariae","PX971246.1 Salvia columbariae"
"3211","OQ736727.fasta","OQ736727.1","Hedysarum jaxarticum","OQ736727.1 Hedysarum jaxarticum"
"3212","PQ300639.fasta","PQ300639.1","Phaius wallichii","PQ300639.1 Phaius wallichii"
"3213","PV339530.fasta","PV339530.1","Anacyclus linearilobus","PV339530.1 Anacyclus linearilobus"
"3214","PQ874757.fasta","PQ874757.1","Clematis siamensis","PQ874757.1 Clematis siamensis"
"3215","OR264234.fasta","OR264234.1","Cinnamomum mollifolium","OR264234.1 Cinnamomum mollifolium"
"3216","PZ098624.fasta","PZ098624.1","Melica subulata","PZ098624.1 Melica subulata"
"3217","PV631712.1.fasta","PV631712.1","Rhopalodia yunnanensis","PV631712.1 Rhopalodia yunnanensis"
"3218","PQ505028.fasta","PQ505028.1","Papilionanthe biswasiana","PQ505028.1 Papilionanthe biswasiana"
"3219","PQ834333.fasta","PQ834333.1","Clematis brevipes","PQ834333.1 Clematis brevipes"
"3220","PP577928.fasta","PP577928.1","Malaisia scandens","PP577928.1 Malaisia scandens"
"3221","PV870699.fasta","PV870699.1","Berlinia bruneelii","PV870699.1 Berlinia bruneelii"
"3222","PX125829.fasta","PX125829.1","Syzygium divaricatum","PX125829.1 Syzygium divaricatum"
"3223","PP190455.fasta","PP190455.1","Coelogyne sanderiana","PP190455.1 Coelogyne sanderiana"
"3224","PP234501.fasta","PP234501.1","Sedum alfredii","PP234501.1 Sedum alfredii"
"3225","OP514741.fasta","OP514741.1","Syringa protolaciniata","OP514741.1 Syringa protolaciniata"
"3226","OM949915.fasta","OM949915.1","Actinidia obovata","OM949915.1 Actinidia obovata"
"3227","PQ210162.fasta","PQ210162.1","Muscari babachii","PQ210162.1 Muscari babachii"
"3228","PZ211774.fasta","PZ211774.1","Dioscorea quinquelobata","PZ211774.1 Dioscorea quinquelobata"
"3229","PV621860.fasta","PV621860.1","Ranunculus aureopetalus","PV621860.1 Ranunculus aureopetalus"
"3230","MW420955.fasta","MW420955.1","Scutellaria orthocalyx","MW420955.1 Scutellaria orthocalyx"
"3231","PQ310499.fasta","PQ310499.1","Myosotis capitata","PQ310499.1 Myosotis capitata"
"3232","PV564745.fasta","PV564745.1","Aquilegia champagnatii","PV564745.1 Aquilegia champagnatii"
"3233","PV712658.fasta","PV712658.1","Lepidium latifolium","PV712658.1 Lepidium latifolium"
"3234","PX991867.fasta","PX991867.1","Viola hybanthoides","PX991867.1 Viola hybanthoides"
"3235","PQ899558.fasta","PQ899558.1","Dunnaria dunnii","PQ899558.1 Dunnaria dunnii"
"3236","PV802126.fasta","PV802126.1","Solanum pruinosum","PV802126.1 Solanum pruinosum"
"3237","ON729367.fasta","ON729367.1","Fothergilla gardenii","ON729367.1 Fothergilla gardenii"
"3238","OR896903.fasta","OR896903.1","Carduus defloratus","OR896903.1 Carduus defloratus"
"3239","PQ874765.fasta","PQ874765.1","Clematis tosaensis","PQ874765.1 Clematis tosaensis"
"3240","MT948191.fasta","MT948191.1","Fontanesia philliraeoides","MT948191.1 Fontanesia philliraeoides"
"3241","OM949930.fasta","OM949930.1","Actinidia rufa","OM949930.1 Actinidia rufa"
"3242","PX505291.fasta","PX505291.1","Hemiboea lutea","PX505291.1 Hemiboea lutea"
"3243","PQ210183.fasta","PQ210183.1","Muscari azureum","PQ210183.1 Muscari azureum"
"3244","ON470822.fasta","ON470822.1","Ligusticum glaucifolium","ON470822.1 Ligusticum glaucifolium"
"3245","PQ572742.fasta","PQ572742.1","Tragopogon miscellus","PQ572742.1 Tragopogon miscellus"
"3246","PZ098305.fasta","PZ098305.1","Melica stuckertii","PZ098305.1 Melica stuckertii"
"3247","PX501758.fasta","PX501758.1","Glandularia tenera","PX501758.1 Glandularia tenera"
"3248","PX436132.fasta","PX436132.1","Lilium concolor","PX436132.1 Lilium concolor"
"3249","PQ551053.fasta","PQ551053.1","Tongoloa gracilis","PQ551053.1 Tongoloa gracilis"
"3250","PV972820.fasta","PV972820.1","Hedyotis taishanensis","PV972820.1 Hedyotis taishanensis"
"3251","PQ351816.fasta","PQ351816.1","Macropanax rosthornii","PQ351816.1 Macropanax rosthornii"
"3252","PQ586983.fasta","PQ586983.1","Allium vavilovii","PQ586983.1 Allium vavilovii"
"3253","PX512475.fasta","PX512475.1","Megacarpaea gigantea","PX512475.1 Megacarpaea gigantea"
"3254","PV870793.fasta","PV870793.1","Aeschynomene brevifolia","PV870793.1 Aeschynomene brevifolia"
"3255","PV364605.fasta","PV364605.1","Carissa spinarum","PV364605.1 Carissa spinarum"
"3256","PZ168344.fasta","PZ168344.1","Ziziphus nummularia","PZ168344.1 Ziziphus nummularia"
"3257","OR946457.fasta","OR946457.1","Magnolia chapensis","OR946457.1 Magnolia chapensis"
"3258","OM948777.fasta","OM948777.1","Androsace strigillosa","OM948777.1 Androsace strigillosa"
"3259","OM640192.fasta","OM640192.1","Jasminum nudiflorum","OM640192.1 Jasminum nudiflorum"
"3260","ON729368.fasta","ON729368.1","Parrotiopsis jacquemontiana","ON729368.1 Parrotiopsis jacquemontiana"
"3261","OP133587.fasta","OP133587.1","Gomphocarpus physocarpus","OP133587.1 Gomphocarpus physocarpus"
"3262","PV995246.fasta","PV995246.1","Petrocodon dealbatus","PV995246.1 Petrocodon dealbatus"
"3263","MT053001.fasta","MT053001.1","Adansonia kilima","MT053001.1 Adansonia kilima"
"3264","PX130309.fasta","PX130309.1","Syzygium baladense","PX130309.1 Syzygium baladense"
"3265","PV564752.fasta","PV564752.1","Aquilegia dumeticola","PV564752.1 Aquilegia dumeticola"
"3266","PQ645260.fasta","PQ645260.1","Ilex asprella","PQ645260.1 Ilex asprella"
"3267","PP622715.fasta","PP622715.1","Veronica arvensis","PP622715.1 Veronica arvensis"
"3268","PV221540.fasta","PV221540.1","Libertia colombiana","PV221540.1 Libertia colombiana"
"3269","PQ469704.fasta","PQ469704.1","Spodiopogon duclouxii","PQ469704.1 Spodiopogon duclouxii"
"3270","OR264231.fasta","OR264231.1","Cinnamomum longipetiolatum","OR264231.1 Cinnamomum longipetiolatum"
"3271","OP133571.fasta","OP133571.1","Fockea edulis","OP133571.1 Fockea edulis"
"3272","BK071828.fasta","BK071828.1","Berardia subacaulis","BK071828.1 Berardia subacaulis"
"3273","PV192922.fasta","PV192922.1","Plagiorhegma dubium","PV192922.1 Plagiorhegma dubium"
"3274","PQ010072.fasta","PQ010072.1","Pontederia azurea","PQ010072.1 Pontederia azurea"
"3275","PV870769.fasta","PV870769.1","Dalea candida","PV870769.1 Dalea candida"
"3276","PP883903.fasta","PP883903.1","Monnina sodiroana","PP883903.1 Monnina sodiroana"
"3277","PV087158.fasta","PV087158.1","Nolina cespitifera","PV087158.1 Nolina cespitifera"
"3278","PX406254.fasta","PX406254.1","Iris latistyla","PX406254.1 Iris latistyla"
"3279","PV423673.1.fasta","PV423673.1","Detonula pumila","PV423673.1 Detonula pumila"
"3280","PX334445.fasta","PX334445.1","Abutilon geranioides","PX334445.1 Abutilon geranioides"
"3281","PX527522.fasta","PX527522.1","Syzygium rubrocarpum","PX527522.1 Syzygium rubrocarpum"
"3282","OK509171.fasta","OK509171.1","Rosa clinophylla","OK509171.1 Rosa clinophylla"
"3283","PV870689.fasta","PV870689.1","Xylia hoffmannii","PV870689.1 Xylia hoffmannii"
"3284","PX227293.fasta","PX227293.1","Oligochaeta ramosa","PX227293.1 Oligochaeta ramosa"
"3285","PP133737.fasta","PP133737.1","Sonchus microcarpus","PP133737.1 Sonchus microcarpus"
"3286","PP335071.fasta","PP335071.1","Festuca alpestris","PP335071.1 Festuca alpestris"
"3287","PV138186.fasta","PV138186.1","Ziziphora pamiroalaica","PV138186.1 Ziziphora pamiroalaica"
"3288","PP541882.fasta","PP541882.1","Reseda luteola","PP541882.1 Reseda luteola"
"3289","OM949903.fasta","OM949903.1","Actinidia rubricaulis","OM949903.1 Actinidia rubricaulis"
"3290","PX091988.fasta","PX091988.1","Acronema nervosum","PX091988.1 Acronema nervosum"
"3291","PV548703.fasta","PV548703.1","Lappula nevskii","PV548703.1 Lappula nevskii"
"3292","PZ098299.fasta","PZ098299.1","Melica brevicoronata","PZ098299.1 Melica brevicoronata"
"3293","PP999723.fasta","PP999723.1","Gelidocalamus kunishii","PP999723.1 Gelidocalamus kunishii"
"3294","PV794577.fasta","PV794577.1","Pimpinella diversifolia","PV794577.1 Pimpinella diversifolia"
"3295","PV574233.fasta","PV574233.1","Ageratina adenophora","PV574233.1 Ageratina adenophora"
"3296","PP975593.fasta","PP975593.1","Rhodiola chrysanthemifolia","PP975593.1 Rhodiola chrysanthemifolia"
"3297","PV239776.fasta","PV239776.1","Nekemias grossedentata","PV239776.1 Nekemias grossedentata"
"3298","PQ877659.fasta","PQ877659.1","Impatiens forrestii","PQ877659.1 Impatiens forrestii"
"3299","PQ551012.fasta","PQ551012.1","Tongoloa zhongdianensis","PQ551012.1 Tongoloa zhongdianensis"
"3300","PP335078.fasta","PP335078.1","Festuca varia","PP335078.1 Festuca varia"
"3301","PX091992.fasta","PX091992.1","Hymenidium apiolens","PX091992.1 Hymenidium apiolens"
"3302","PP545465.fasta","PP545465.1","Betula pubescens","PP545465.1 Betula pubescens"
"3303","PX549449.fasta","PX549449.1","Sillaphyton podagraria","PX549449.1 Sillaphyton podagraria"
"3304","PQ473692.fasta","PQ473692.1","Trichosanthes sunhangii","PQ473692.1 Trichosanthes sunhangii"
"3305","PP346791.fasta","PP346791.1","Polygonatum humile","PP346791.1 Polygonatum humile"
"3306","PP190446.fasta","PP190446.1","Coelogyne spathacea","PP190446.1 Coelogyne spathacea"
"3307","PP883913.fasta","PP883913.1","Monnina fastigiata","PP883913.1 Monnina fastigiata"
"3308","PV671014.fasta","PV671014.1","Portulaca oleracea","PV671014.1 Portulaca oleracea"
"3309","OR896888.fasta","OR896888.1","Ornithogalum orthophyllum","OR896888.1 Ornithogalum orthophyllum"
"3310","PQ586982.fasta","PQ586982.1","Camellia tachangensis","PQ586982.1 Camellia tachangensis"
"3311","PQ276663.fasta","PQ276663.1","Lithocarpus gymnocarpus","PQ276663.1 Lithocarpus gymnocarpus"
"3312","PV870716.fasta","PV870716.1","Centrosema sagittatum","PV870716.1 Centrosema sagittatum"
"3313","PQ585769.fasta","PQ585769.1","Lappula brachycentra","PQ585769.1 Lappula brachycentra"
"3314","PZ055524.fasta","PZ055524.1","Quillaja lancifolia","PZ055524.1 Quillaja lancifolia"
"3315","PP887982.fasta","PP887982.1","Quercus baronii","PP887982.1 Quercus baronii"
"3316","PV330080.fasta","PV330080.1","Rosa acicularis","PV330080.1 Rosa acicularis"
"3317","MT053003.fasta","MT053003.1","Adansonia perrieri","MT053003.1 Adansonia perrieri"
"3318","PZ098285.fasta","PZ098285.1","Melica scabrosa","PZ098285.1 Melica scabrosa"
"3319","OM949914.fasta","OM949914.1","Actinidia grandiflora","OM949914.1 Actinidia grandiflora"
"3320","PV564731.fasta","PV564731.1","Aquilegia aradanica","PV564731.1 Aquilegia aradanica"
"3321","PP541850.fasta","PP541850.1","Pedicularis hacquetii","PP541850.1 Pedicularis hacquetii"
"3322","OR884990.fasta","OR884990.1","Chaerophyllum temulum","OR884990.1 Chaerophyllum temulum"
"3323","PX260185.fasta","PX260185.1","Stachys persica","PX260185.1 Stachys persica"
"3324","PP346659.fasta","PP346659.1","Lindera pulcherrima","PP346659.1 Lindera pulcherrima"
"3325","PP236144.fasta","PP236144.1","Psittacanthus palmeri","PP236144.1 Psittacanthus palmeri"
"3326","PX130327.fasta","PX130327.1","Syzygium guineense","PX130327.1 Syzygium guineense"
"3327","PQ551022.fasta","PQ551022.1","Pterocyclus rotundatus","PQ551022.1 Pterocyclus rotundatus"
"3328","PZ098330.fasta","PZ098330.1","Melica smithii","PZ098330.1 Melica smithii"
"3329","PQ310509.fasta","PQ310509.1","Myosotis venticola","PQ310509.1 Myosotis venticola"
"3330","PX781441.fasta","PX781441.1","Aconitum heterophyllum","PX781441.1 Aconitum heterophyllum"
"3331","PP883932.fasta","PP883932.1","Monnina marginata","PP883932.1 Monnina marginata"
"3332","OR909619.fasta","OR909619.1","Cirsium acaule","OR909619.1 Cirsium acaule"
"3333","PQ474255.fasta","PQ474255.1","Glycine tabacina","PQ474255.1 Glycine tabacina"
"3334","PP272174.fasta","PP272174.1","Prunella vulgaris","PP272174.1 Prunella vulgaris"
"3335","OR162026.fasta","OR162026.1","Abutilon theophrasti","OR162026.1 Abutilon theophrasti"
"3336","PV158119.fasta","PV158119.1","Glycyrrhiza inflata","PV158119.1 Glycyrrhiza inflata"
"3337","PX961799.fasta","PX961799.1","Eriobotrya petiolata","PX961799.1 Eriobotrya petiolata"
"3338","OP837519.fasta","OP837519.1","Halenia elliptica","OP837519.1 Halenia elliptica"
"3339","PX694237.fasta","PX694237.1","Hibiscus sabdariffa","PX694237.1 Hibiscus sabdariffa"
"3340","PZ229033.fasta","PZ229033.1","Rhodiola amabilis","PZ229033.1 Rhodiola amabilis"
"3341","OR521105.fasta","OR521105.1","Pellionia viridis","OR521105.1 Pellionia viridis"
"3342","PV684034.fasta","PV684034.1","Oxytropis bicolor","PV684034.1 Oxytropis bicolor"
"3343","PQ469703.fasta","PQ469703.1","Spodiopogon sibiricus","PQ469703.1 Spodiopogon sibiricus"
"3344","PQ580733.fasta","PQ580733.1","Lappula tianschanica","PQ580733.1 Lappula tianschanica"
"3345","BR002550.1.fasta","BR002550.1","Triparma verrucosa","BR002550.1 Triparma verrucosa"
"3346","PV282407.fasta","PV282407.1","Rubus caesius","PV282407.1 Rubus caesius"
"3347","PV424174.fasta","PV424174.1","Chusquea cortesii","PV424174.1 Chusquea cortesii"
"3348","PP622693.fasta","PP622693.1","Solanum dulcamara","PP622693.1 Solanum dulcamara"
"3349","PV744416.fasta","PV744416.1","Othonna capensis","PV744416.1 Othonna capensis"
"3350","PX130348.fasta","PX130348.1","Syzygium neolaurifolium","PX130348.1 Syzygium neolaurifolium"
"3351","PP897881.fasta","PP897881.1","Iris longiscapa","PP897881.1 Iris longiscapa"
"3352","PV870749.fasta","PV870749.1","Platymiscium parviflorum","PV870749.1 Platymiscium parviflorum"
"3353","PX316412.fasta","PX316412.1","Hura crepitans","PX316412.1 Hura crepitans"
"3354","OP514749.fasta","OP514749.1","Syringa pubescens","OP514749.1 Syringa pubescens"
"3355","OR565961.fasta","OR565961.1","Paraphlomis javanica","OR565961.1 Paraphlomis javanica"
"3356","PV786080.fasta","PV786080.1","Chamaelirium viridiflorum","PV786080.1 Chamaelirium viridiflorum"
"3357","ON929862.fasta","ON929862.1","Oreosalsola laricifolia","ON929862.1 Oreosalsola laricifolia"
"3358","PQ210149.fasta","PQ210149.1","Muscari latifolium","PQ210149.1 Muscari latifolium"
"3359","OR995457.fasta","OR995457.1","Pyrus pseudopashia","OR995457.1 Pyrus pseudopashia"
"3360","OR187839.fasta","OR187839.1","Aristolochia kwangsiensis","OR187839.1 Aristolochia kwangsiensis"
"3361","PX170171.fasta","PX170171.1","Syzygium hemilamprum","PX170171.1 Syzygium hemilamprum"
"3362","PP898077.fasta","PP898077.1","Artemisia phyllobotrys","PP898077.1 Artemisia phyllobotrys"
"3363","PZ179616.1.fasta","PZ179616.1","Bryum argenteum","PZ179616.1 Bryum argenteum"
"3364","PV870703.fasta","PV870703.1","Myrocarpus venezuelensis","PV870703.1 Myrocarpus venezuelensis"
"3365","PQ539377.fasta","PQ539377.1","Lotus palustris","PQ539377.1 Lotus palustris"
"3366","PV786082.fasta","PV786082.1","Chionographis japonica","PV786082.1 Chionographis japonica"
"3367","OP133581.fasta","OP133581.1","Orbea variegata","OP133581.1 Orbea variegata"
"3368","PQ276427.fasta","PQ276427.1","Bulbophyllum chondriophorum","PQ276427.1 Bulbophyllum chondriophorum"
"3369","PX309515.fasta","PX309515.1","Cordyline indivisa","PX309515.1 Cordyline indivisa"
"3370","PQ834339.fasta","PQ834339.1","Clematis clarkeana","PQ834339.1 Clematis clarkeana"
"3371","PQ834331.fasta","PQ834331.1","Clematis armandi","PQ834331.1 Clematis armandi"
"3372","PV744396.fasta","PV744396.1","Rosa weisiensis","PV744396.1 Rosa weisiensis"
"3373","PV794598.fasta","PV794598.1","Pimpinella silvatica","PV794598.1 Pimpinella silvatica"
"3374","PQ010084.fasta","PQ010084.1","Heteranthera mexicana","PQ010084.1 Heteranthera mexicana"
"3375","OR711232.fasta","OR711232.1","Pereskia humboldtii","OR711232.1 Pereskia humboldtii"
"3376","PQ472927.fasta","PQ472927.1","Phyllostachys vivax","PQ472927.1 Phyllostachys vivax"
"3377","PX130343.fasta","PX130343.1","Syzygium montis-adam","PX130343.1 Syzygium montis-adam"
"3378","PP727295.fasta","PP727295.1","Enkianthus subsessilis","PP727295.1 Enkianthus subsessilis"
"3379","BK071855.fasta","BK071855.1","Onopordum acanthium","BK071855.1 Onopordum acanthium"
"3380","PV870799.fasta","PV870799.1","Chorizema cordatum","PV870799.1 Chorizema cordatum"
"3381","PQ877664.fasta","PQ877664.1","Impatiens chishuiensis","PQ877664.1 Impatiens chishuiensis"
"3382","PX380639.fasta","PX380639.1","Aconitum naviculare","PX380639.1 Aconitum naviculare"
"3383","OM640185.fasta","OM640185.1","Ligustrum lucidum","OM640185.1 Ligustrum lucidum"
"3384","PP484625.fasta","PP484625.1","Sabulina tenuifolia","PP484625.1 Sabulina tenuifolia"
"3385","PV564743.fasta","PV564743.1","Aquilegia canadensis","PV564743.1 Aquilegia canadensis"
"3386","PV340580.fasta","PV340580.1","Salvia officinalis","PV340580.1 Salvia officinalis"
"3387","OR896877.fasta","OR896877.1","Bupleurum stellatum","OR896877.1 Bupleurum stellatum"
"3388","PP595881.fasta","PP595881.1","Prunus tomentosa","PP595881.1 Prunus tomentosa"
"3389","PX092667.fasta","PX092667.1","Stephania hainanensis","PX092667.1 Stephania hainanensis"
"3390","PV712660.fasta","PV712660.1","Lepidium virginicum","PV712660.1 Lepidium virginicum"
"3391","ON929842.fasta","ON929842.1","Girgensohnia oppositiflora","ON929842.1 Girgensohnia oppositiflora"
"3392","PV744391.fasta","PV744391.1","Rosa fujisanensis","PV744391.1 Rosa fujisanensis"
"3393","PP622722.fasta","PP622722.1","Veronica serpyllifolia","PP622722.1 Veronica serpyllifolia"
"3394","OQ736729.fasta","OQ736729.1","Hedysarum hemithamnoides","OQ736729.1 Hedysarum hemithamnoides"
"3395","OM949900.fasta","OM949900.1","Saurauia polyneura","OM949900.1 Saurauia polyneura"
"3396","OQ736740.fasta","OQ736740.1","Hedysarum pskemense","OQ736740.1 Hedysarum pskemense"
"3397","PQ068679.fasta","PQ068679.1","Bredia longearistata","PQ068679.1 Bredia longearistata"
"3398","PP262137.fasta","PP262137.1","Rhodiola crenulata","PP262137.1 Rhodiola crenulata"
"3399","PV780506.fasta","PV780506.1","Eschenbachia leucantha","PV780506.1 Eschenbachia leucantha"
"3400","OR896898.fasta","OR896898.1","Bellis perennis","OR896898.1 Bellis perennis"
"3401","PV870804.fasta","PV870804.1","Argyrocytisus battandieri","PV870804.1 Argyrocytisus battandieri"
"3402","MW683065.fasta","MW683065.1","Impatiens napoensis","MW683065.1 Impatiens napoensis"
"3403","PX411857.fasta","PX411857.1","Musa exotica","PX411857.1 Musa exotica"
"3404","PV235598.fasta","PV235598.1","Salvia digitaloides","PV235598.1 Salvia digitaloides"
"3405","PV613230.fasta","PV613230.1","Conioselinum smithii","PV613230.1 Conioselinum smithii"
"3406","PZ309721.fasta","PZ309721.1","Adenophora palustris","PZ309721.1 Adenophora palustris"
"3407","PQ639304.fasta","PQ639304.1","Iris rudolphii","PQ639304.1 Iris rudolphii"
"3408","PP622682.fasta","PP622682.1","Salix triandra","PP622682.1 Salix triandra"
"3409","PQ432220.fasta","PQ432220.1","Malus zhaojiaoensis","PQ432220.1 Malus zhaojiaoensis"
"3410","MK234902.fasta","MK234902.1","Persicaria hydropiper","MK234902.1 Persicaria hydropiper"
"3411","PV664706.fasta","PV664706.1","Vepris samburuensis","PV664706.1 Vepris samburuensis"
"3412","MW483086.fasta","MW483086.1","Epimedium fargesii","MW483086.1 Epimedium fargesii"
"3413","OR771721.fasta","OR771721.1","Pseudognaphalium thermale","OR771721.1 Pseudognaphalium thermale"
"3414","OR712469.fasta","OR712469.1","Anacolosa pervilleana","OR712469.1 Anacolosa pervilleana"
"3415","PV335045.fasta","PV335045.1","Xerophyta wentzeliana","PV335045.1 Xerophyta wentzeliana"
"3416","PV480548.fasta","PV480548.1","Vicia lutea","PV480548.1 Vicia lutea"
"3417","PZ369842.fasta","PZ369842.1","Hedysarum tanguticum","PZ369842.1 Hedysarum tanguticum"
"3418","PZ168396.fasta","PZ168396.1","Trachydium tibetanicum","PZ168396.1 Trachydium tibetanicum"
"3419","OR884981.fasta","OR884981.1","Chenopodiastrum hybridum","OR884981.1 Chenopodiastrum hybridum"
"3420","OR990532.fasta","OR990532.1","Pentanema ensifolium","OR990532.1 Pentanema ensifolium"
"3421","PX309510.fasta","PX309510.1","Brugmansia arborea","PX309510.1 Brugmansia arborea"
"3422","PP484610.fasta","PP484610.1","Linum tenuifolium","PP484610.1 Linum tenuifolium"
"3423","OR264223.fasta","OR264223.1","Camphora illicioides","OR264223.1 Camphora illicioides"
"3424","PX058851.fasta","PX058851.1","Vanilla phaeantha","PX058851.1 Vanilla phaeantha"
"3425","PZ258593.fasta","PZ258593.1","Begonia nantoensis","PZ258593.1 Begonia nantoensis"
"3426","PV192895.fasta","PV192895.1","Epimedium borealiguizhouense","PV192895.1 Epimedium borealiguizhouense"
"3427","PX971243.fasta","PX971243.1","Mentha x","PX971243.1 Mentha x"
"3428","PV423717.1.fasta","PV423717.1","Skeletonema potamos","PV423717.1 Skeletonema potamos"
"3429","PQ009219.fasta","PQ009219.1","Vanda cristata","PQ009219.1 Vanda cristata"
"3430","PP316499.fasta","PP316499.1","Valeriana montana","PP316499.1 Valeriana montana"
"3431","PP897850.fasta","PP897850.1","Iris camillae","PP897850.1 Iris camillae"
"3432","PV055060.fasta","PV055060.1","Polygonatum langyaense","PV055060.1 Polygonatum langyaense"
"3433","PV564781.fasta","PV564781.1","Aquilegia nugorensis","PV564781.1 Aquilegia nugorensis"
"3434","PV669995.fasta","PV669995.1","Alpinia kwangsiensis","PV669995.1 Alpinia kwangsiensis"
"3435","PZ247582.fasta","PZ247582.1","Paphiopedilum bellatulum","PZ247582.1 Paphiopedilum bellatulum"
"3436","PP883950.fasta","PP883950.1","Asemeia violacea","PP883950.1 Asemeia violacea"
"3437","PV564780.fasta","PV564780.1","Aquilegia nigricans","PV564780.1 Aquilegia nigricans"
"3438","PP165068.fasta","PP165068.1","Euphorbia maculata","PP165068.1 Euphorbia maculata"
"3439","PZ098314.fasta","PZ098314.1","Melica amethystina","PZ098314.1 Melica amethystina"
"3440","PQ722561.fasta","PQ722561.1","Elatostema lineolatum","PQ722561.1 Elatostema lineolatum"
"3441","PX244393.fasta","PX244393.1","Dudleya candelabrum","PX244393.1 Dudleya candelabrum"
"3442","PP234600.fasta","PP234600.1","Hippuris vulgaris","PP234600.1 Hippuris vulgaris"
"3443","PP234535.fasta","PP234535.1","Lactuca tatarica","PP234535.1 Lactuca tatarica"
"3444","PP346797.fasta","PP346797.1","Polygonatum cryptanthum","PP346797.1 Polygonatum cryptanthum"
"3445","PZ270555.fasta","PZ270555.1","Tillandsia crocata","PZ270555.1 Tillandsia crocata"
"3446","PV275532.fasta","PV275532.1","Dombeya wallichii","PV275532.1 Dombeya wallichii"
"3447","PV423671.1.fasta","PV423671.1","Stephanodiscus niagarae","PV423671.1 Stephanodiscus niagarae"
"3448","PV426731.fasta","PV426731.1","Saxifraga biflora","PV426731.1 Saxifraga biflora"
"3449","PV605700.fasta","PV605700.1","Dracocephalum nuratavicum","PV605700.1 Dracocephalum nuratavicum"
"3450","PQ432193.fasta","PQ432193.1","Malus ioensis","PQ432193.1 Malus ioensis"
"3451","PP541858.fasta","PP541858.1","Plantago strictissima","PP541858.1 Plantago strictissima"
"3452","PX508916.fasta","PX508916.1","Erysimum menziesii","PX508916.1 Erysimum menziesii"
"3453","PP531556.fasta","PP531556.1","Acronema gracile","PP531556.1 Acronema gracile"
"3454","PP883938.fasta","PP883938.1","Monnina conferta","PP883938.1 Monnina conferta"
"3455","PX694239.fasta","PX694239.1","Talipariti tiliaceum","PX694239.1 Talipariti tiliaceum"
"3456","PX309535.fasta","PX309535.1","Pandanus tectorius","PX309535.1 Pandanus tectorius"
"3457","PX214363.fasta","PX214363.1","Murraya paniculata","PX214363.1 Murraya paniculata"
"3458","PV694280.fasta","PV694280.1","Oxytropis proboscidea","PV694280.1 Oxytropis proboscidea"
"3459","PV078024.fasta","PV078024.1","Mandragora officinarum","PV078024.1 Mandragora officinarum"
"3460","PX696983.fasta","PX696983.1","Artocarpus nitidus","PX696983.1 Artocarpus nitidus"
"3461","PP386171.fasta","PP386171.1","Aralia apioides","PP386171.1 Aralia apioides"
"3462","PQ728888.fasta","PQ728888.1","Hedyosmum bonplandianum","PQ728888.1 Hedyosmum bonplandianum"
"3463","PX396017.fasta","PX396017.1","Syzygium longiflorum","PX396017.1 Syzygium longiflorum"
"3464","OR832862.fasta","OR832862.1","Anadelphia scyphofera","OR832862.1 Anadelphia scyphofera"
"3465","PQ834329.fasta","PQ834329.1","Clematis akoensis","PQ834329.1 Clematis akoensis"
"3466","OR884987.fasta","OR884987.1","Anthriscus sylvestris","OR884987.1 Anthriscus sylvestris"
"3467","PV340579.fasta","PV340579.1","Salvia glutinosa","PV340579.1 Salvia glutinosa"
"3468","MW646916.fasta","MW646916.1","Impatiens yui","MW646916.1 Impatiens yui"
"3469","PP133729.fasta","PP133729.1","Sonchus bornmuelleri","PP133729.1 Sonchus bornmuelleri"
"3470","PX412911.fasta","PX412911.1","Jasminum lanceolarium","PX412911.1 Jasminum lanceolarium"
"3471","PV870679.fasta","PV870679.1","Myrocarpus fastigiatus","PV870679.1 Myrocarpus fastigiatus"
"3472","PV700086.fasta","PV700086.1","Gypsophila vaccaria","PV700086.1 Gypsophila vaccaria"
"3473","OR909642.fasta","OR909642.1","Hieracium umbrosum","OR909642.1 Hieracium umbrosum"
"3474","PX130334.fasta","PX130334.1","Syzygium kunstleri","PX130334.1 Syzygium kunstleri"
"3475","PV870815.fasta","PV870815.1","Erinacea anthyllis","PV870815.1 Erinacea anthyllis"
"3476","PP133736.fasta","PP133736.1","Sonchus hierrensis","PP133736.1 Sonchus hierrensis"
"3477","PV364607.fasta","PV364607.1","Delphinium denudatum","PV364607.1 Delphinium denudatum"
"3478","OR601533.fasta","OR601533.1","Potentilla potaninii","OR601533.1 Potentilla potaninii"
"3479","MW420975.fasta","MW420975.1","Scutellaria incana","MW420975.1 Scutellaria incana"
"3480","OM256484.fasta","OM256484.1","Pygeum macrocarpum","OM256484.1 Pygeum macrocarpum"
"3481","PP979514.1.fasta","PP979514.1","Dictyosphaerium lacustre","PP979514.1 Dictyosphaerium lacustre"
"3482","PP056266.fasta","PP056266.1","Bonnaya antipoda","PP056266.1 Bonnaya antipoda"
"3483","PZ250460.fasta","PZ250460.1","Aster lautureanus","PZ250460.1 Aster lautureanus"
"3484","PV631714.fasta","PV631714.1","Diospyros cathayensis","PV631714.1 Diospyros cathayensis"
"3485","OR935788.fasta","OR935788.1","Fritillaria baisunensis","OR935788.1 Fritillaria baisunensis"
"3486","LC774945.fasta","LC774945.1","Lithospermum erythrorhizon","LC774945.1 Lithospermum erythrorhizon"
"3487","OQ549890.fasta","OQ549890.1","Styrax japonicus","OQ549890.1 Styrax japonicus"
"3488","PV870798.fasta","PV870798.1","Clianthus puniceus","PV870798.1 Clianthus puniceus"
"3489","PQ526736.fasta","PQ526736.1","Ficus stenophylla","PQ526736.1 Ficus stenophylla"
"3490","MW483087.fasta","MW483087.1","Epimedium sutchuenense","MW483087.1 Epimedium sutchuenense"
"3491","PX977793.fasta","PX977793.1","Oldenlandia corymbosa","PX977793.1 Oldenlandia corymbosa"
"3492","OR738466.fasta","OR738466.1","Achyrocline hyperchlora","OR738466.1 Achyrocline hyperchlora"
"3493","OR865880.fasta","OR865880.1","Sanicula rubriflora","OR865880.1 Sanicula rubriflora"
"3494","PQ144624.fasta","PQ144624.1","Dalbergia travancorica","PQ144624.1 Dalbergia travancorica"
"3495","PX797413.fasta","PX797413.1","Stellaria neglecta","PX797413.1 Stellaria neglecta"
"3496","PQ874760.fasta","PQ874760.1","Clematis tamurae","PQ874760.1 Clematis tamurae"
"3497","PV055065.fasta","PV055065.1","Polygonatum franchetii","PV055065.1 Polygonatum franchetii"
"3498","PQ197388.fasta","PQ197388.1","Photinia glomerata","PQ197388.1 Photinia glomerata"
"3499","PZ316441.fasta","PZ316441.1","Begonia sublongipes","PZ316441.1 Begonia sublongipes"
"3500","OQ596335.fasta","OQ596335.1","Omphalogramma delavayi","OQ596335.1 Omphalogramma delavayi"
"3501","PQ240610.fasta","PQ240610.1","Cousinia pseudodshizakensis","PQ240610.1 Cousinia pseudodshizakensis"
"3502","PP103309.fasta","PP103309.1","Cerastium semidecandrum","PP103309.1 Cerastium semidecandrum"
"3503","PQ571149.fasta","PQ571149.1","Liparis sootenzanensis","PQ571149.1 Liparis sootenzanensis"
"3504","OR909647.fasta","OR909647.1","Pilosella officinarum","OR909647.1 Pilosella officinarum"
"3505","OR231925.fasta","OR231925.1","Dendrobium cariniferum","OR231925.1 Dendrobium cariniferum"
"3506","ON929878.fasta","ON929878.1","Suaeda linifolia","ON929878.1 Suaeda linifolia"
"3507","PQ850006.fasta","PQ850006.1","Artemisia nanschanica","PQ850006.1 Artemisia nanschanica"
"3508","PX380678.fasta","PX380678.1","Gymnaconitum gymnandrum","PX380678.1 Gymnaconitum gymnandrum"
"3509","PX240972.fasta","PX240972.1","Iris decora","PX240972.1 Iris decora"
"3510","PV870709.fasta","PV870709.1","Aphanocalyx microphyllus","PV870709.1 Aphanocalyx microphyllus"
"3511","OR990551.fasta","OR990551.1","Tephroseris longifolia","OR990551.1 Tephroseris longifolia"
"3512","PQ874762.fasta","PQ874762.1","Clematis mandshurica","PQ874762.1 Clematis mandshurica"
"3513","OQ851311.fasta","OQ851311.1","Asparagus neglectus","OQ851311.1 Asparagus neglectus"
"3514","PP316507.fasta","PP316507.1","Agrostis alpina","PP316507.1 Agrostis alpina"
"3515","PQ826995.fasta","PQ826995.1","Bauhinia galpinii","PQ826995.1 Bauhinia galpinii"
"3516","PZ247530.fasta","PZ247530.1","Distylium chinense","PZ247530.1 Distylium chinense"
"3517","PZ316380.fasta","PZ316380.1","Begonia aconitifolia","PZ316380.1 Begonia aconitifolia"
"3518","PQ231101.fasta","PQ231101.1","Loxocalyx urticifolius","PQ231101.1 Loxocalyx urticifolius"
"3519","PP530883.fasta","PP530883.1","Trachydium subnudum","PP530883.1 Trachydium subnudum"
"3520","PP056243.fasta","PP056243.1","Physochlaina infundibularis","PP056243.1 Physochlaina infundibularis"
"3521","PQ231089.fasta","PQ231089.1","Lamium amplexicaule","PQ231089.1 Lamium amplexicaule"
"3522","PV870808.fasta","PV870808.1","Kotschya parvifolia","PV870808.1 Kotschya parvifolia"
"3523","OL891508.fasta","OL891508.1","Alnus acuminata","OL891508.1 Alnus acuminata"
"3524","PP484617.fasta","PP484617.1","Melampyrum cristatum","PP484617.1 Melampyrum cristatum"
"3525","PQ675796.fasta","PQ675796.1","Aconogonon microcarpum","PQ675796.1 Aconogonon microcarpum"
"3526","PV600762.fasta","PV600762.1","Angelica gigas","PV600762.1 Angelica gigas"
"3527","PQ777069.fasta","PQ777069.1","Cotoneaster dammeri","PQ777069.1 Cotoneaster dammeri"
"3528","PV870811.fasta","PV870811.1","Cadia purpurea","PV870811.1 Cadia purpurea"
"3529","PP595883.fasta","PP595883.1","Prunus triloba","PP595883.1 Prunus triloba"
"3530","ON470826.fasta","ON470826.1","Selinum cryptotaenium","ON470826.1 Selinum cryptotaenium"
"3531","PQ632094.fasta","PQ632094.1","Triticum polonicum","PQ632094.1 Triticum polonicum"
"3532","PV192917.fasta","PV192917.1","Epimedium platypetalum","PV192917.1 Epimedium platypetalum"
"3533","PQ963207.fasta","PQ963207.1","Rheum webbianum","PQ963207.1 Rheum webbianum"
"3534","PV640437.fasta","PV640437.1","Rorippa dubia","PV640437.1 Rorippa dubia"
"3535","PP262170.fasta","PP262170.1","Sempervivum ciliosum","PP262170.1 Sempervivum ciliosum"
"3536","PX108801.fasta","PX108801.1","Dasiphora fruticosa","PX108801.1 Dasiphora fruticosa"
"3537","PX406253.fasta","PX406253.1","Iris delavayi","PX406253.1 Iris delavayi"
"3538","PQ456196.fasta","PQ456196.1","Orthosiphon aristatus","PQ456196.1 Orthosiphon aristatus"
"3539","PP622714.fasta","PP622714.1","Veronica aphylla","PP622714.1 Veronica aphylla"
"3540","PQ010074.fasta","PQ010074.1","Pontederia diversifolia","PQ010074.1 Pontederia diversifolia"
"3541","AP041397.fasta","AP041397.1","Prunus jamasakura","AP041397.1 Prunus jamasakura"
"3542","PV870762.fasta","PV870762.1","Amburana cearensis","PV870762.1 Amburana cearensis"
"3543","PX694265.fasta","PX694265.1","Hibiscus makinoi","PX694265.1 Hibiscus makinoi"
"3544","PZ094982.fasta","PZ094982.1","Myriophyllum sibiricum","PZ094982.1 Myriophyllum sibiricum"
"3545","PV870750.fasta","PV870750.1","Haplormosia monophylla","PV870750.1 Haplormosia monophylla"
"3546","OR162023.fasta","OR162023.1","Sida cuspidata","OR162023.1 Sida cuspidata"
"3547","PV087170.fasta","PV087170.1","Sansevieria aethiopica","PV087170.1 Sansevieria aethiopica"
"3548","PX926796.fasta","PX926796.1","Theobroma cacao","PX926796.1 Theobroma cacao"
"3549","PQ210160.fasta","PQ210160.1","Muscari mirum","PQ210160.1 Muscari mirum"
"3550","PX316523.fasta","PX316523.1","Leontopodium dedekensii","PX316523.1 Leontopodium dedekensii"
"3551","OR166995.fasta","OR166995.1","Stephania excentrica","OR166995.1 Stephania excentrica"
"3552","PZ316421.fasta","PZ316421.1","Begonia majungaensis","PZ316421.1 Begonia majungaensis"
"3553","PV409668.fasta","PV409668.1","Alania cunninghamii","PV409668.1 Alania cunninghamii"
"3554","OQ446465.fasta","OQ446465.1","Haenianthus salicifolius","OQ446465.1 Haenianthus salicifolius"
"3555","OP133570.fasta","OP133570.1","Parsonsia goniostemon","OP133570.1 Parsonsia goniostemon"
"3556","PP546823.fasta","PP546823.1","Prunus fujianensis","PP546823.1 Prunus fujianensis"
"3557","PV548683.fasta","PV548683.1","Pseudolappula sinaica","PV548683.1 Pseudolappula sinaica"
"3558","BK070964.fasta","BK070964.1","Erigeron alpiniformis","BK070964.1 Erigeron alpiniformis"
"3559","MW420972.fasta","MW420972.1","Scutellaria bolanderi","MW420972.1 Scutellaria bolanderi"
"3560","PV870682.fasta","PV870682.1","Nissolia bracteosa","PV870682.1 Nissolia bracteosa"
"3561","PP681669.fasta","PP681669.1","Oligostachyum sulcatum","PP681669.1 Oligostachyum sulcatum"
"3562","PX763891.fasta","PX763891.1","Malus orthocarpa","PX763891.1 Malus orthocarpa"
"3563","MW420937.fasta","MW420937.1","Scutellaria albida","MW420937.1 Scutellaria albida"
"3564","PQ068595.fasta","PQ068595.1","Bredia enchengensis","PQ068595.1 Bredia enchengensis"
"3565","OR865883.fasta","OR865883.1","Sanicula giraldii","OR865883.1 Sanicula giraldii"
"3566","PX427833.fasta","PX427833.1","Fritillaria przewalskii","PX427833.1 Fritillaria przewalskii"
"3567","PX396005.fasta","PX396005.1","Syzygium forte","PX396005.1 Syzygium forte"
"3568","PV564762.fasta","PV564762.1","Aquilegia glandulosa","PV564762.1 Aquilegia glandulosa"
"3569","OR264244.fasta","OR264244.1","Cinnamomum tamala","OR264244.1 Cinnamomum tamala"
"3570","OP964002.fasta","OP964002.1","Crataegus cuneata","OP964002.1 Crataegus cuneata"
"3571","ON929880.fasta","ON929880.1","Suaeda acuminata","ON929880.1 Suaeda acuminata"
"3572","PZ369174.fasta","PZ369174.1","Tetrastigma hemsleyanum","PZ369174.1 Tetrastigma hemsleyanum"
"3573","PX110980.fasta","PX110980.1","Hypericum forrestii","PX110980.1 Hypericum forrestii"
"3574","PX130316.fasta","PX130316.1","Syzygium cormiflorum","PX130316.1 Syzygium cormiflorum"
"3575","PV087174.fasta","PV087174.1","Asparagus nelsii","PV087174.1 Asparagus nelsii"
"3576","PP883896.fasta","PP883896.1","Monnina hirtella","PP883896.1 Monnina hirtella"
"3577","PX316410.fasta","PX316410.1","Euphorbia celastroides","PX316410.1 Euphorbia celastroides"
"3578","PV870845.fasta","PV870845.1","Adenocarpus decorticans","PV870845.1 Adenocarpus decorticans"
"3579","PQ144603.fasta","PQ144603.1","Dalbergia tonkinensis","PQ144603.1 Dalbergia tonkinensis"
"3580","PQ010096.fasta","PQ010096.1","Pontederia cordata","PQ010096.1 Pontederia cordata"
"3581","PP203131.fasta","PP203131.1","Lotus maritimus","PP203131.1 Lotus maritimus"
"3582","PP952494.fasta","PP952494.1","Lycium rachidocladum","PP952494.1 Lycium rachidocladum"
"3583","PP328814.fasta","PP328814.1","Vicia sativa","PP328814.1 Vicia sativa"
"3584","PV426734.fasta","PV426734.1","Saxifraga consanguinea","PV426734.1 Saxifraga consanguinea"
"3585","PV087161.fasta","PV087161.1","Polygonatum acuminatifolium","PV087161.1 Polygonatum acuminatifolium"
"3586","PP484623.fasta","PP484623.1","Menyanthes trifoliata","PP484623.1 Menyanthes trifoliata"
"3587","PV575190.fasta","PV575190.1","Panax major","PV575190.1 Panax major"
"3588","OQ851329.fasta","OQ851329.1","Asparagus dauricus","OQ851329.1 Asparagus dauricus"
"3589","PX244392.fasta","PX244392.1","Dudleya greenei","PX244392.1 Dudleya greenei"
"3590","OQ736744.fasta","OQ736744.1","Hedysarum olgae","OQ736744.1 Hedysarum olgae"
"3591","PP130591.fasta","PP130591.1","Lilium jinfushanense","PP130591.1 Lilium jinfushanense"
"3592","PV548698.fasta","PV548698.1","Rochelia campanulata","PV548698.1 Rochelia campanulata"
"3593","PQ472935.fasta","PQ472935.1","Pseudosasa japonica","PQ472935.1 Pseudosasa japonica"
"3594","PP595827.fasta","PP595827.1","Prunus avium","PP595827.1 Prunus avium"
"3595","PP056241.fasta","PP056241.1","Penthorum chinense","PP056241.1 Penthorum chinense"
"3596","PV605573.fasta","PV605573.1","Agropyron mongolicum","PV605573.1 Agropyron mongolicum"
"3597","PP056239.fasta","PP056239.1","Orixa japonica","PP056239.1 Orixa japonica"
"3598","PQ010085.fasta","PQ010085.1","Heteranthera multiflora","PQ010085.1 Heteranthera multiflora"
"3599","PQ899002.fasta","PQ899002.1","Alniaria yuana","PQ899002.1 Alniaria yuana"
"3600","OR565913.fasta","OR565913.1","Paraphlomis nana","OR565913.1 Paraphlomis nana"
"3601","PZ098605.fasta","PZ098605.1","Glyceria maxima","PZ098605.1 Glyceria maxima"
"3602","PP976092.fasta","PP976092.1","Rosa moschata","PP976092.1 Rosa moschata"
"3603","OM948751.fasta","OM948751.1","Androsace minor","OM948751.1 Androsace minor"
"3604","PP965697.fasta","PP965697.1","Rhodiola atuntsuensis","PP965697.1 Rhodiola atuntsuensis"
"3605","PP336762.fasta","PP336762.1","Avenula pubescens","PP336762.1 Avenula pubescens"
"3606","PX130342.fasta","PX130342.1","Syzygium monospermum","PX130342.1 Syzygium monospermum"
"3607","MW420944.fasta","MW420944.1","Scutellaria immaculata","MW420944.1 Scutellaria immaculata"
"3608","OQ549897.fasta","OQ549897.1","Styrax dasyanthus","OQ549897.1 Styrax dasyanthus"
"3609","PZ239419.fasta","PZ239419.1","Syringa pekinensis","PZ239419.1 Syringa pekinensis"
"3610","OR493255.fasta","OR493255.1","Quercus monimotricha","OR493255.1 Quercus monimotricha"
"3611","PZ098592.fasta","PZ098592.1","Glyceria elata","PZ098592.1 Glyceria elata"
"3612","OQ029585.fasta","OQ029585.1","Begonia daxinensis","OQ029585.1 Begonia daxinensis"
"3613","PQ459007.fasta","PQ459007.1","Zanthoxylum usambarense","PQ459007.1 Zanthoxylum usambarense"
"3614","PZ348023.fasta","PZ348023.1","Malus asiatica","PZ348023.1 Malus asiatica"
"3615","PV622733.fasta","PV622733.1","Dendrophthoe pentandra","PV622733.1 Dendrophthoe pentandra"
"3616","PX915357.fasta","PX915357.1","Vicia cracca","PX915357.1 Vicia cracca"
"3617","OR493261.fasta","OR493261.1","Quercus pseudosemecarpifolia","OR493261.1 Quercus pseudosemecarpifolia"
"3618","PV785969.fasta","PV785969.1","Commidendrum robustum","PV785969.1 Commidendrum robustum"
"3619","OQ503544.fasta","OQ503544.1","Polyspora longicarpa","OQ503544.1 Polyspora longicarpa"
"3620","PP697910.fasta","PP697910.1","Lonicera hispida","PP697910.1 Lonicera hispida"
"3621","PP272184.fasta","PP272184.1","Teucrium montanum","PP272184.1 Teucrium montanum"
"3622","PP056231.fasta","PP056231.1","Epimedium sagittatum","PP056231.1 Epimedium sagittatum"
"3623","OQ503614.fasta","OQ503614.1","Camellia ptilophylla","OQ503614.1 Camellia ptilophylla"
"3624","BK059356.fasta","BK059356.1","Cymbopogon citratus","BK059356.1 Cymbopogon citratus"
"3625","PP234583.fasta","PP234583.1","Hippophae tibetana","PP234583.1 Hippophae tibetana"
"3626","PX130331.fasta","PX130331.1","Syzygium incarnatum","PX130331.1 Syzygium incarnatum"
"3627","PX130350.fasta","PX130350.1","Syzygium oleosum","PX130350.1 Syzygium oleosum"
"3628","PP622723.fasta","PP622723.1","Veronica urticifolia","PP622723.1 Veronica urticifolia"
"3629","PP898080.fasta","PP898080.1","Artemisia mairei","PP898080.1 Artemisia mairei"
"3630","PQ842552.fasta","PQ842552.1","Salix babylonica","PQ842552.1 Salix babylonica"
"3631","PZ094979.fasta","PZ094979.1","Solanum ferocissimum","PZ094979.1 Solanum ferocissimum"
"3632","PP693367.fasta","PP693367.1","Oreoselinum nigrum","PP693367.1 Oreoselinum nigrum"
"3633","PV972776.fasta","PV972776.1","Salvia insignis","PV972776.1 Salvia insignis"
"3634","PP262176.fasta","PP262176.1","Sempervivum arachnoideum","PP262176.1 Sempervivum arachnoideum"
"3635","PV870781.fasta","PV870781.1","Castanospermum australe","PV870781.1 Castanospermum australe"
"3636","PQ859558.fasta","PQ859558.1","Peganum nigellastrum","PQ859558.1 Peganum nigellastrum"
"3637","PP952487.fasta","PP952487.1","Lycium megacarpum","PP952487.1 Lycium megacarpum"
"3638","BK070967.fasta","BK070967.1","Erigeron compositus","BK070967.1 Erigeron compositus"
"3639","OQ596339.fasta","OQ596339.1","Omphalogramma souliei","OQ596339.1 Omphalogramma souliei"
"3640","PP648249.fasta","PP648249.1","Prunus wilsonii","PP648249.1 Prunus wilsonii"
"3641","PX283822.fasta","PX283822.1","Lagopsis darwiniana","PX283822.1 Lagopsis darwiniana"
"3642","PQ576494.fasta","PQ576494.1","Dendrobium sulcatum","PQ576494.1 Dendrobium sulcatum"
"3643","OR399517.fasta","OR399517.1","Cyclorhiza peucedanifolia","OR399517.1 Cyclorhiza peucedanifolia"
"3644","PP190459.fasta","PP190459.1","Coelogyne micrantha","PP190459.1 Coelogyne micrantha"
"3645","BK070973.fasta","BK070973.1","Erigeron peregrinus","BK070973.1 Erigeron peregrinus"
"3646","PQ788851.fasta","PQ788851.1","Helianthus exilis","PQ788851.1 Helianthus exilis"
"3647","MK033549.fasta","MK033549.1","Diabelia spathulata","MK033549.1 Diabelia spathulata"
"3648","PX223371.fasta","PX223371.1","Typhonium flagelliforme","PX223371.1 Typhonium flagelliforme"
"3649","PP165069.fasta","PP165069.1","Lonicera alpigena","PP165069.1 Lonicera alpigena"
"3650","PZ316400.fasta","PZ316400.1","Begonia egregia","PZ316400.1 Begonia egregia"
"3651","PV546611.fasta","PV546611.1","Thalictrum simplex","PV546611.1 Thalictrum simplex"
"3652","PV870758.fasta","PV870758.1","Mastersia assamica","PV870758.1 Mastersia assamica"
"3653","PP234513.fasta","PP234513.1","Eremogone bryophylla","PP234513.1 Eremogone bryophylla"
"3654","PP190454.fasta","PP190454.1","Coelogyne convallariae","PP190454.1 Coelogyne convallariae"
"3655","PV794602.fasta","PV794602.1","Pimpinella valleculosa","PV794602.1 Pimpinella valleculosa"
"3656","PV564736.fasta","PV564736.1","Aquilegia barnebyi","PV564736.1 Aquilegia barnebyi"
"3657","PP234499.fasta","PP234499.1","Sedum japonicum","PP234499.1 Sedum japonicum"
"3658","PQ576485.fasta","PQ576485.1","Dendrobium aurantiacum","PQ576485.1 Dendrobium aurantiacum"
"3659","PX130362.fasta","PX130362.1","Syzygium rejangense","PX130362.1 Syzygium rejangense"
"3660","OQ148756.fasta","OQ148756.1","Carya sinensis","OQ148756.1 Carya sinensis"
"3661","PV548705.fasta","PV548705.1","Lappula nuratavica","PV548705.1 Lappula nuratavica"
"3662","PP103302.fasta","PP103302.1","Cardamine amara","PP103302.1 Cardamine amara"
"3663","PV087144.fasta","PV087144.1","Chrysodracon forbesii","PV087144.1 Chrysodracon forbesii"
"3664","PP165065.fasta","PP165065.1","Sagina apetala","PP165065.1 Sagina apetala"
"3665","PQ463295.fasta","PQ463295.1","Cordia subcordata","PQ463295.1 Cordia subcordata"
"3666","MW683068.fasta","MW683068.1","Impatiens rubrostriata","MW683068.1 Impatiens rubrostriata"
"3667","PX297392.fasta","PX297392.1","Phoebe jinpingensis","PX297392.1 Phoebe jinpingensis"
"3668","PQ790176.fasta","PQ790176.1","Oxytropis kansuensis","PQ790176.1 Oxytropis kansuensis"
"3669","PZ316433.fasta","PZ316433.1","Begonia radicans","PZ316433.1 Begonia radicans"
"3670","PV955039.fasta","PV955039.1","Tephroseris kirilowii","PV955039.1 Tephroseris kirilowii"
"3671","PV339537.fasta","PV339537.1","Adenophora koreana","PV339537.1 Adenophora koreana"
"3672","PP999733.fasta","PP999733.1","Gelidocalamus annulatus","PP999733.1 Gelidocalamus annulatus"
"3673","PX130376.fasta","PX130376.1","Syzygium tripetalum","PX130376.1 Syzygium tripetalum"
"3674","PP328811.fasta","PP328811.1","Trifolium alpinum","PP328811.1 Trifolium alpinum"
"3675","PV564795.fasta","PV564795.1","Aquilegia thalictrifolia","PV564795.1 Aquilegia thalictrifolia"
"3676","PX130375.fasta","PX130375.1","Syzygium trachyanthum","PX130375.1 Syzygium trachyanthum"
"3677","PX763850.fasta","PX763850.1","Malus angustifolia","PX763850.1 Malus angustifolia"
"3678","PP786657.fasta","PP786657.1","Aristolochia ringens","PP786657.1 Aristolochia ringens"
"3679","PP693369.fasta","PP693369.1","Crepis capillaris","PP693369.1 Crepis capillaris"
"3680","PP979532.1.fasta","PP979532.1","Crucigenia lauterbornii","PP979532.1 Crucigenia lauterbornii"
"3681","PP897874.fasta","PP897874.1","Moraea sisyrinchium","PP897874.1 Moraea sisyrinchium"
"3682","PP328796.fasta","PP328796.1","Clematis alpina","PP328796.1 Clematis alpina"
"3683","PZ094987.fasta","PZ094987.1","Ficus pingtangensis","PZ094987.1 Ficus pingtangensis"
"3684","PV495202.fasta","PV495202.1","Saussurea salicifolia","PV495202.1 Saussurea salicifolia"
"3685","PQ874770.fasta","PQ874770.1","Clematis zandaensis","PQ874770.1 Clematis zandaensis"
"3686","PX130371.fasta","PX130371.1","Syzygium subcrenatum","PX130371.1 Syzygium subcrenatum"
"3687","PP316505.fasta","PP316505.1","Actaea spicata","PP316505.1 Actaea spicata"
"3688","PX552231.fasta","PX552231.1","Malva pusilla","PX552231.1 Malva pusilla"
"3689","OR159812.fasta","OR159812.1","Dalbergia latifolia","OR159812.1 Dalbergia latifolia"
"3690","PP216486.fasta","PP216486.1","Coelogyne leveilleana","PP216486.1 Coelogyne leveilleana"
"3691","PV750053.fasta","PV750053.1","Petrocosmea pengzhouensis","PV750053.1 Petrocosmea pengzhouensis"
"3692","PQ874766.fasta","PQ874766.1","Clematis tsaii","PQ874766.1 Clematis tsaii"
"3693","PQ874747.fasta","PQ874747.1","Clematis pogonandra","PQ874747.1 Clematis pogonandra"
"3694","PV221548.fasta","PV221548.1","Libertia cranwelliae","PV221548.1 Libertia cranwelliae"
"3695","OQ198449.fasta","OQ198449.1","Cachrys libanotis","OQ198449.1 Cachrys libanotis"
"3696","OP964009.fasta","OP964009.1","Crataegus bretschneideri","OP964009.1 Crataegus bretschneideri"
"3697","PQ210144.fasta","PQ210144.1","Muscari macrocarpum","PQ210144.1 Muscari macrocarpum"
"3698","OM949926.fasta","OM949926.1","Actinidia melliana","OM949926.1 Actinidia melliana"
"3699","PP078857.fasta","PP078857.1","Ferulopsis hystrix","PP078857.1 Ferulopsis hystrix"
"3700","OR264216.fasta","OR264216.1","Cinnamomum bejolghota","OR264216.1 Cinnamomum bejolghota"
"3701","ON729378.fasta","ON729378.1","Semiliquidambar cathayensis","ON729378.1 Semiliquidambar cathayensis"
"3702","OR909641.fasta","OR909641.1","Hieracium murorum","OR909641.1 Hieracium murorum"
"3703","PP898096.fasta","PP898096.1","Artemisia lingyeouruennii","PP898096.1 Artemisia lingyeouruennii"
"3704","PV712666.fasta","PV712666.1","Lepidium campestre","PV712666.1 Lepidium campestre"
"3705","PZ143189.fasta","PZ143189.1","Helianthus resinosus","PZ143189.1 Helianthus resinosus"
"3706","PP234537.fasta","PP234537.1","Corispermum pamiricum","PP234537.1 Corispermum pamiricum"
"3707","PX645513.fasta","PX645513.1","Zabelia densipila","PX645513.1 Zabelia densipila"
"3708","PQ157938.fasta","PQ157938.1","Coelogyne prolifera","PQ157938.1 Coelogyne prolifera"
"3709","PZ316424.fasta","PZ316424.1","Begonia megalophyllaria","PZ316424.1 Begonia megalophyllaria"
"3710","PX125815.fasta","PX125815.1","Toxicopueraria peduncularis","PX125815.1 Toxicopueraria peduncularis"
"3711","PQ144645.fasta","PQ144645.1","Dalbergia balansae","PQ144645.1 Dalbergia balansae"
"3712","PV564759.fasta","PV564759.1","Aquilegia formosa","PV564759.1 Aquilegia formosa"
"3713","PX380654.fasta","PX380654.1","Delphinium anthriscifolium","PX380654.1 Delphinium anthriscifolium"
"3714","PZ098315.fasta","PZ098315.1","Melica rectiflora","PZ098315.1 Melica rectiflora"
"3715","PZ270559.fasta","PZ270559.1","Tillandsia myosura","PZ270559.1 Tillandsia myosura"
"3716","OR264219.fasta","OR264219.1","Cinnamomum camphora","OR264219.1 Cinnamomum camphora"
"3717","OP946452.fasta","OP946452.1","Cinchona macrocalyx","OP946452.1 Cinchona macrocalyx"
"3718","PV669993.fasta","PV669993.1","Wurfbainia villosa","PV669993.1 Wurfbainia villosa"
"3719","PV631331.1.fasta","PV631331.1","Mediolabrus comicus","PV631331.1 Mediolabrus comicus"
"3720","PX870807.fasta","PX870807.1","Veronica sieboldiana","PX870807.1 Veronica sieboldiana"
"3721","PV177150.fasta","PV177150.1","Sedum xunvense","PV177150.1 Sedum xunvense"
"3722","PQ448270.fasta","PQ448270.1","Calydorea approximata","PQ448270.1 Calydorea approximata"
"3723","PV231676.fasta","PV231676.1","Arisaema heterophyllum","PV231676.1 Arisaema heterophyllum"
"3724","PV605597.fasta","PV605597.1","Zanthoxylum asiaticum","PV605597.1 Zanthoxylum asiaticum"
"3725","PP595882.fasta","PP595882.1","Prunus arborea","PP595882.1 Prunus arborea"
"3726","PP541855.fasta","PP541855.1","Plantago argentea","PP541855.1 Plantago argentea"
"3727","PZ379502.fasta","PZ379502.1","Hemerocallis middendorffii","PZ379502.1 Hemerocallis middendorffii"
"3728","OM948766.fasta","OM948766.1","Androsace longifolia","OM948766.1 Androsace longifolia"
"3729","PP179383.fasta","PP179383.1","Garcinia madruno","PP179383.1 Garcinia madruno"
"3730","PX316413.fasta","PX316413.1","Jatropha multifida","PX316413.1 Jatropha multifida"
"3731","PQ834341.fasta","PQ834341.1","Clematis pseudoconnata","PQ834341.1 Clematis pseudoconnata"
"3732","PV192925.fasta","PV192925.1","Lagochilus inebrians","PV192925.1 Lagochilus inebrians"
"3733","PV423732.1.fasta","PV423732.1","Bacterosira constricta","PV423732.1 Bacterosira constricta"
"3734","PP697906.fasta","PP697906.1","Lonicera stephanocarpa","PP697906.1 Lonicera stephanocarpa"
"3735","PZ101794.fasta","PZ101794.1","Mosla soochowensis","PZ101794.1 Mosla soochowensis"
"3736","OR344375.fasta","OR344375.1","Bougainvillea buttiana","OR344375.1 Bougainvillea buttiana"
"3737","PV591927.fasta","PV591927.1","Ottelia guanyangensis","PV591927.1 Ottelia guanyangensis"
"3738","PP898076.fasta","PP898076.1","Artemisia mattfeldii","PP898076.1 Artemisia mattfeldii"
"3739","PQ835423.fasta","PQ835423.1","Phrynium pedunculiferum","PQ835423.1 Phrynium pedunculiferum"
"3740","PP622692.fasta","PP622692.1","Sherardia arvensis","PP622692.1 Sherardia arvensis"
"3741","PQ824871.fasta","PQ824871.1","Lilium nanum","PQ824871.1 Lilium nanum"
"3742","PQ859556.fasta","PQ859556.1","Peganum harmala","PQ859556.1 Peganum harmala"
"3743","PZ094993.fasta","PZ094993.1","Ficus wassa","PZ094993.1 Ficus wassa"
"3744","PX505520.fasta","PX505520.1","Iris songarica","PX505520.1 Iris songarica"
"3745","PV200169.fasta","PV200169.1","Dracocephalum fragile","PV200169.1 Dracocephalum fragile"
"3746","PQ456197.fasta","PQ456197.1","Symphytum officinale","PQ456197.1 Symphytum officinale"
"3747","PV744387.fasta","PV744387.1","Rosa maximowicziana","PV744387.1 Rosa maximowicziana"
"3748","OR995414.fasta","OR995414.1","Chamaemeles coriacea","OR995414.1 Chamaemeles coriacea"
"3749","OR896891.fasta","OR896891.1","Polygonatum multiflorum","OR896891.1 Polygonatum multiflorum"
"3750","PV219390.fasta","PV219390.1","Xerophyta elegans","PV219390.1 Xerophyta elegans"
"3751","ON729374.fasta","ON729374.1","Distyliopsis tutcheri","ON729374.1 Distyliopsis tutcheri"
"3752","PX512558.1.fasta","PX512558.1","Coelastrum sphaericum","PX512558.1 Coelastrum sphaericum"
"3753","PV423708.1.fasta","PV423708.1","Thalassiosira gravida","PV423708.1 Thalassiosira gravida"
"3754","OM948775.fasta","OM948775.1","Androsace erecta","OM948775.1 Androsace erecta"
"3755","PZ369861.fasta","PZ369861.1","Curculigo orchioides","PZ369861.1 Curculigo orchioides"
"3756","PP565781.fasta","PP565781.1","Populus cathayana","PP565781.1 Populus cathayana"
"3757","OM949917.fasta","OM949917.1","Actinidia farinosa","OM949917.1 Actinidia farinosa"
"3758","BK070971.fasta","BK070971.1","Erigeron hyperboreus","BK070971.1 Erigeron hyperboreus"
"3759","ON929861.fasta","ON929861.1","Xylosalsola arbuscula","ON929861.1 Xylosalsola arbuscula"
"3760","PV423716.1.fasta","PV423716.1","Cyclostephanos tholiformis","PV423716.1 Cyclostephanos tholiformis"
"3761","OM949918.fasta","OM949918.1","Actinidia pilosula","OM949918.1 Actinidia pilosula"
"3762","PV870790.fasta","PV870790.1","Spartium junceum","PV870790.1 Spartium junceum"
"3763","PP479695.fasta","PP479695.1","Dendrobium findlayanum","PP479695.1 Dendrobium findlayanum"
"3764","PQ850018.fasta","PQ850018.1","Artemisia desertorum","PQ850018.1 Artemisia desertorum"
"3765","PP078854.fasta","PP078854.1","Libanotis laticalycina","PP078854.1 Libanotis laticalycina"
"3766","PQ468991.fasta","PQ468991.1","Lysionotus chatungii","PQ468991.1 Lysionotus chatungii"
"3767","PX694242.fasta","PX694242.1","Kleinhovia hospita","PX694242.1 Kleinhovia hospita"
"3768","OR565925.fasta","OR565925.1","Paraphlomis longicalyx","OR565925.1 Paraphlomis longicalyx"
"3769","PZ098264.fasta","PZ098264.1","Melica eremophila","PZ098264.1 Melica eremophila"
"3770","PQ593891.fasta","PQ593891.1","Hydrangea chinensis","PQ593891.1 Hydrangea chinensis"
"3771","OP531898.fasta","OP531898.1","Syringa pinetorum","OP531898.1 Syringa pinetorum"
"3772","PP979534.fasta","PP979534.1","Hemipilia pinguicula","PP979534.1 Hemipilia pinguicula"
"3773","PQ874709.fasta","PQ874709.1","Clematis flammula","PQ874709.1 Clematis flammula"
"3774","OM948769.fasta","OM948769.1","Androsace tapete","OM948769.1 Androsace tapete"
"3775","PX309500.fasta","PX309500.1","Acer palmatum","PX309500.1 Acer palmatum"
"3776","PP203124.fasta","PP203124.1","Glechoma cf","PP203124.1 Glechoma cf"
"3777","PX355013.1.fasta","PX355013.1","Platycladus orientalis","PX355013.1 Platycladus orientalis"
"3778","PV870791.fasta","PV870791.1","Myroxylon balsamum","PV870791.1 Myroxylon balsamum"
"3779","PX229816.fasta","PX229816.1","Stachyurus himalaicus","PX229816.1 Stachyurus himalaicus"
"3780","PV564797.fasta","PV564797.1","Aquilegia vestinae","PV564797.1 Aquilegia vestinae"
"3781","PV553465.fasta","PV553465.1","Apollonias arnottii","PV553465.1 Apollonias arnottii"
"3782","PP952471.fasta","PP952471.1","Lycium carolinianum","PP952471.1 Lycium carolinianum"
"3783","PX899747.fasta","PX899747.1","Juncus decipiens","PX899747.1 Juncus decipiens"
"3784","PX644817.fasta","PX644817.1","Delphinium trichophorum","PX644817.1 Delphinium trichophorum"
"3785","PZ211772.fasta","PZ211772.1","Dioscorea nipponica","PZ211772.1 Dioscorea nipponica"
"3786","PQ675781.fasta","PQ675781.1","Begonia luochengensis","PQ675781.1 Begonia luochengensis"
"3787","PP595869.fasta","PP595869.1","Prunus laurocerasus","PP595869.1 Prunus laurocerasus"
"3788","PP346801.fasta","PP346801.1","Disporopsis fuscopicta","PP346801.1 Disporopsis fuscopicta"
"3789","PQ826491.fasta","PQ826491.1","Broussonetia kazinoki","PQ826491.1 Broussonetia kazinoki"
"3790","PV794594.fasta","PV794594.1","Pimpinella renifolia","PV794594.1 Pimpinella renifolia"
"3791","PP056250.fasta","PP056250.1","Stevenia maximowiczii","PP056250.1 Stevenia maximowiczii"
"3792","PP595874.fasta","PP595874.1","Prunus mume","PP595874.1 Prunus mume"
"3793","PQ634275.fasta","PQ634275.1","Agrimonia eupatoria","PQ634275.1 Agrimonia eupatoria"
"3794","OQ851320.fasta","OQ851320.1","Asparagus brachyphyllus","OQ851320.1 Asparagus brachyphyllus"
"3795","OM949919.fasta","OM949919.1","Actinidia rufotricha","OM949919.1 Actinidia rufotricha"
"3796","OR896880.fasta","OR896880.1","Heracleum sphondylium","OR896880.1 Heracleum sphondylium"
"3797","PP056265.fasta","PP056265.1","Allium yingshanense","PP056265.1 Allium yingshanense"
"3798","PP234596.fasta","PP234596.1","Clematis tangutica","PP234596.1 Clematis tangutica"
"3799","PQ611770.fasta","PQ611770.1","Impatiens dimorphophylla","PQ611770.1 Impatiens dimorphophylla"
"3800","PV744402.fasta","PV744402.1","Rosa longicuspis","PV744402.1 Rosa longicuspis"
"3801","PX425322.fasta","PX425322.1","Agrimonia pilosa","PX425322.1 Agrimonia pilosa"
"3802","PV083619.fasta","PV083619.1","Styrax shiraianus","PV083619.1 Styrax shiraianus"
"3803","PZ011249.fasta","PZ011249.1","Lagerstroemia minuticarpa","PZ011249.1 Lagerstroemia minuticarpa"
"3804","PZ369835.fasta","PZ369835.1","Astragalus muliensis","PZ369835.1 Astragalus muliensis"
"3805","PP727294.fasta","PP727294.1","Enkianthus serotinus","PP727294.1 Enkianthus serotinus"
"3806","OR899324.fasta","OR899324.1","Notholirion thomsonianum","OR899324.1 Notholirion thomsonianum"
"3807","OP531911.fasta","OP531911.1","Schrebera alata","OP531911.1 Schrebera alata"
"3808","PZ316414.fasta","PZ316414.1","Begonia liuyanii","PZ316414.1 Begonia liuyanii"
"3809","PX309545.fasta","PX309545.1","Wrightia religiosa","PX309545.1 Wrightia religiosa"
"3810","PV415122.1.fasta","PV415122.1","Sargassum fusiforme","PV415122.1 Sargassum fusiforme"
"3811","PV870704.fasta","PV870704.1","Arthroclianthus leratii","PV870704.1 Arthroclianthus leratii"
"3812","PV794595.fasta","PV794595.1","Pimpinella rhomboidea","PV794595.1 Pimpinella rhomboidea"
"3813","OR264248.fasta","OR264248.1","Cryptocarya calcicola","OR264248.1 Cryptocarya calcicola"
"3814","PQ432196.fasta","PQ432196.1","Malus komarovii","PQ432196.1 Malus komarovii"
"3815","PQ834337.fasta","PQ834337.1","Clematis chingii","PQ834337.1 Clematis chingii"
"3816","PQ824055.fasta","PQ824055.1","Selenicereus megalanthus","PQ824055.1 Selenicereus megalanthus"
"3817","PP898081.fasta","PP898081.1","Artemisiella stracheyi","PP898081.1 Artemisiella stracheyi"
"3818","PX710923.fasta","PX710923.1","Osmoxylon lineare","PX710923.1 Osmoxylon lineare"
"3819","ON929841.fasta","ON929841.1","Petrosimonia sibirica","ON929841.1 Petrosimonia sibirica"
"3820","MW029456.fasta","MW029456.1","Corchoropsis tomentosa","MW029456.1 Corchoropsis tomentosa"
"3821","PP190467.fasta","PP190467.1","Coelogyne missionariorum","PP190467.1 Coelogyne missionariorum"
"3822","OR909650.fasta","OR909650.1","Doronicum grandiflorum","OR909650.1 Doronicum grandiflorum"
"3823","PQ472911.fasta","PQ472911.1","Ampelocalamus microphyllus","PQ472911.1 Ampelocalamus microphyllus"
"3824","PP190452.fasta","PP190452.1","Coelogyne gardneriana","PP190452.1 Coelogyne gardneriana"
"3825","PZ138197.fasta","PZ138197.1","Manihot glaziovii","PZ138197.1 Manihot glaziovii"
"3826","PV553468.fasta","PV553468.1","Rhodostemonodaphne kunthiana","PV553468.1 Rhodostemonodaphne kunthiana"
"3827","PX130332.fasta","PX130332.1","Syzygium kalahiense","PX130332.1 Syzygium kalahiense"
"3828","PQ636882.fasta","PQ636882.1","Pleioblastus chino","PQ636882.1 Pleioblastus chino"
"3829","PV364366.fasta","PV364366.1","Codonopsis thalictrifolia","PV364366.1 Codonopsis thalictrifolia"
"3830","PX070098.fasta","PX070098.1","Musa cheesmanii","PX070098.1 Musa cheesmanii"
"3831","PV191269.fasta","PV191269.1","Lithocarpus longanoides","PV191269.1 Lithocarpus longanoides"
"3832","PX427674.fasta","PX427674.1","Echeveria secunda","PX427674.1 Echeveria secunda"
"3833","PV138222.fasta","PV138222.1","Prunus tianshanica","PV138222.1 Prunus tianshanica"
"3834","ON929860.fasta","ON929860.1","Oreosalsola arbusculiformis","ON929860.1 Oreosalsola arbusculiformis"
"3835","PX694246.fasta","PX694246.1","Hibiscus acetosella","PX694246.1 Hibiscus acetosella"
"3836","PV345991.fasta","PV345991.1","Camellia melliana","PV345991.1 Camellia melliana"
"3837","OR978666.fasta","OR978666.1","Calycopeplus oligandrus","OR978666.1 Calycopeplus oligandrus"
"3838","PP541875.fasta","PP541875.1","Anemone montana","PP541875.1 Anemone montana"
"3839","PX549442.fasta","PX549442.1","Peucedanum japonicum","PX549442.1 Peucedanum japonicum"
"3840","PQ899493.fasta","PQ899493.1","Beilschmiedia kunstleri","PQ899493.1 Beilschmiedia kunstleri"
"3841","OR159817.fasta","OR159817.1","Dalbergia polyadelpha","OR159817.1 Dalbergia polyadelpha"
"3842","PX380668.fasta","PX380668.1","Delphinium platyonychinum","PX380668.1 Delphinium platyonychinum"
"3843","OR884983.fasta","OR884983.1","Allium lusitanicum","OR884983.1 Allium lusitanicum"
"3844","PV185783.fasta","PV185783.1","Triticum petropavlovskyi","PV185783.1 Triticum petropavlovskyi"
"3845","PQ539367.fasta","PQ539367.1","Acmispon glaber","PQ539367.1 Acmispon glaber"
"3846","PP595843.fasta","PP595843.1","Prunus obtusata","PP595843.1 Prunus obtusata"
"3847","PP479690.fasta","PP479690.1","Dendrobium linawianum","PP479690.1 Dendrobium linawianum"
"3848","OR264221.fasta","OR264221.1","Cinnamomum chartophyllum","OR264221.1 Cinnamomum chartophyllum"
"3849","PP234547.fasta","PP234547.1","Comastoma falcatum","PP234547.1 Comastoma falcatum"
"3850","PP103307.fasta","PP103307.1","Cerastium pumilum","PP103307.1 Cerastium pumilum"
"3851","PX893663.fasta","PX893663.1","Populus deltoides","PX893663.1 Populus deltoides"
"3852","PV409677.fasta","PV409677.1","Hypoxis aurea","PV409677.1 Hypoxis aurea"
"3853","PQ874714.fasta","PQ874714.1","Clematis grata","PQ874714.1 Clematis grata"
"3854","PX724629.fasta","PX724629.1","Hippeastrum curitibanum","PX724629.1 Hippeastrum curitibanum"
"3855","PP479714.fasta","PP479714.1","Dendrobium pulchellum","PP479714.1 Dendrobium pulchellum"
"3856","PV282406.fasta","PV282406.1","Rubus armeniacus","PV282406.1 Rubus armeniacus"
"3857","PP888130.fasta","PP888130.1","Quercus acutissima","PP888130.1 Quercus acutissima"
"3858","PV472659.fasta","PV472659.1","Withania echinata","PV472659.1 Withania echinata"
"3859","MW420942.fasta","MW420942.1","Scutellaria hissarica","MW420942.1 Scutellaria hissarica"
"3860","PP622703.fasta","PP622703.1","Trisetum argenteum","PP622703.1 Trisetum argenteum"
"3861","PP584598.fasta","PP584598.1","Taxotrophis ilicifolia","PP584598.1 Taxotrophis ilicifolia"
"3862","OR896886.fasta","OR896886.1","Muscari neglectum","OR896886.1 Muscari neglectum"
"3863","ON929853.fasta","ON929853.1","Caroxylon dzhungaricum","ON929853.1 Caroxylon dzhungaricum"
"3864","PQ846489.fasta","PQ846489.1","Urtica cannabina","PQ846489.1 Urtica cannabina"
"3865","OR565960.fasta","OR565960.1","Paraphlomis setulosa","OR565960.1 Paraphlomis setulosa"
"3866","PP262151.fasta","PP262151.1","Rhodiola himalensis","PP262151.1 Rhodiola himalensis"
"3867","PZ169287.fasta","PZ169287.1","Scutellaria kuramensis","PZ169287.1 Scutellaria kuramensis"
"3868","OR990536.fasta","OR990536.1","Leontodon dubius","OR990536.1 Leontodon dubius"
"3869","PP952467.fasta","PP952467.1","Lycium berlandieri","PP952467.1 Lycium berlandieri"
"3870","PQ469842.fasta","PQ469842.1","Erythrina variegata","PQ469842.1 Erythrina variegata"
"3871","PQ611764.fasta","PQ611764.1","Impatiens dicentra","PQ611764.1 Impatiens dicentra"
"3872","PP897859.fasta","PP897859.1","Iris barnumiae","PP897859.1 Iris barnumiae"
"3873","ON729348.fasta","ON729348.1","Maingaya malayana","ON729348.1 Maingaya malayana"
"3874","PZ316448.fasta","PZ316448.1","Begonia variabilis","PZ316448.1 Begonia variabilis"
"3875","OR896897.fasta","OR896897.1","Aster bellidiastrum","OR896897.1 Aster bellidiastrum"
"3876","PP203121.fasta","PP203121.1","Gentiana lutea","PP203121.1 Gentiana lutea"
"3877","PP622702.fasta","PP622702.1","Traunsteinera globosa","PP622702.1 Traunsteinera globosa"
"3878","PQ472920.fasta","PQ472920.1","Gigantochloa atroviolacea","PQ472920.1 Gigantochloa atroviolacea"
"3879","PZ098267.fasta","PZ098267.1","Melica uniflora","PZ098267.1 Melica uniflora"
"3880","PX122082.fasta","PX122082.1","Erythronium multiscapideum","PX122082.1 Erythronium multiscapideum"
"3881","PQ456183.fasta","PQ456183.1","Fraxinus excelsior","PQ456183.1 Fraxinus excelsior"
"3882","PP335074.fasta","PP335074.1","Festuca violacea","PP335074.1 Festuca violacea"
"3883","PV426743.fasta","PV426743.1","Saxifraga sedoides","PV426743.1 Saxifraga sedoides"
"3884","PX413292.fasta","PX413292.1","Crataegus songarica","PX413292.1 Crataegus songarica"
"3885","OR995479.fasta","OR995479.1","Sorbus americana","OR995479.1 Sorbus americana"
"3886","PZ168345.fasta","PZ168345.1","Ziziphus oxyphylla","PZ168345.1 Ziziphus oxyphylla"
"3887","PX283821.fasta","PX283821.1","Braya humilis","PX283821.1 Braya humilis"
"3888","PX686326.fasta","PX686326.1","Anemonastrum geum","PX686326.1 Anemonastrum geum"
"3889","OR946452.fasta","OR946452.1","Magnolia maudiae","OR946452.1 Magnolia maudiae"
"3890","OP787130.fasta","OP787130.1","Rosa lucidissima","OP787130.1 Rosa lucidissima"
"3891","PQ869159.fasta","PQ869159.1","Geum urbanum","PQ869159.1 Geum urbanum"
"3892","PZ369834.fasta","PZ369834.1","Astragalus melilotoides","PZ369834.1 Astragalus melilotoides"
"3893","OR712483.fasta","OR712483.1","Strombosiopsis tetrandra","OR712483.1 Strombosiopsis tetrandra"
"3894","PV256407.fasta","PV256407.1","Corispermum patelliforme","PV256407.1 Corispermum patelliforme"
"3895","PZ270567.fasta","PZ270567.1","Tillandsia retorta","PZ270567.1 Tillandsia retorta"
"3896","PP898092.fasta","PP898092.1","Artemisia waltonii","PP898092.1 Artemisia waltonii"
"3897","PQ632124.fasta","PQ632124.1","Sorghum sorghoides","PQ632124.1 Sorghum sorghoides"
"3898","PX049138.fasta","PX049138.1","Veronica pusanensis","PX049138.1 Veronica pusanensis"
"3899","PX549371.fasta","PX549371.1","Cymbidium sichuanicum","PX549371.1 Cymbidium sichuanicum"
"3900","PV433318.fasta","PV433318.1","Trevesia palmata","PV433318.1 Trevesia palmata"
"3901","OR264226.fasta","OR264226.1","Cinnamomum insularimontanum","OR264226.1 Cinnamomum insularimontanum"
"3902","PP335051.fasta","PP335051.1","Dactylorhiza majalis","PP335051.1 Dactylorhiza majalis"
"3903","ON729352.fasta","ON729352.1","Embolanthera spicata","ON729352.1 Embolanthera spicata"
"3904","PX130349.fasta","PX130349.1","Syzygium oblanceolatum","PX130349.1 Syzygium oblanceolatum"
"3905","PP335062.fasta","PP335062.1","Epilobium alpestre","PP335062.1 Epilobium alpestre"
"3906","PP175353.fasta","PP175353.1","Sedum album","PP175353.1 Sedum album"
"3907","PP648233.fasta","PP648233.1","Physocarpus amurensis","PP648233.1 Physocarpus amurensis"
"3908","MW420963.fasta","MW420963.1","Scutellaria splendens","MW420963.1 Scutellaria splendens"
"3909","PP328808.fasta","PP328808.1","Ononis spinosa","PP328808.1 Ononis spinosa"
"3910","PV890005.fasta","PV890005.1","Limnophila aromatica","PV890005.1 Limnophila aromatica"
"3911","PP541849.fasta","PP541849.1","Pedicularis elongata","PP541849.1 Pedicularis elongata"
"3912","PX130355.fasta","PX130355.1","Syzygium polyanthum","PX130355.1 Syzygium polyanthum"
"3913","PX130325.fasta","PX130325.1","Syzygium guehoi","PX130325.1 Syzygium guehoi"
"3914","PQ468966.fasta","PQ468966.1","Lysionotus denticulosus","PQ468966.1 Lysionotus denticulosus"
"3915","OR783468.fasta","OR783468.1","Anaphalioides mariae","OR783468.1 Anaphalioides mariae"
"3916","PP234520.fasta","PP234520.1","Galium spurium","PP234520.1 Galium spurium"
"3917","PQ638954.fasta","PQ638954.1","Hypericum sampsonii","PQ638954.1 Hypericum sampsonii"
"3918","PX309514.fasta","PX309514.1","Coccoloba uvifera","PX309514.1 Coccoloba uvifera"
"3919","PZ168315.fasta","PZ168315.1","Saxifraga tigrina","PZ168315.1 Saxifraga tigrina"
"3920","PV870842.fasta","PV870842.1","Lotus fulgurans","PV870842.1 Lotus fulgurans"
"3921","PX334449.fasta","PX334449.1","Miscanthus sacchariflorus","PX334449.1 Miscanthus sacchariflorus"
"3922","PX505513.fasta","PX505513.1","Iris glaucescens","PX505513.1 Iris glaucescens"
"3923","PQ412534.fasta","PQ412534.1","Achillea ptarmica","PQ412534.1 Achillea ptarmica"
"3924","PP056247.fasta","PP056247.1","Scrophularia ningpoensis","PP056247.1 Scrophularia ningpoensis"
"3925","PX673137.fasta","PX673137.1","Cladopus fukienensis","PX673137.1 Cladopus fukienensis"
"3926","BK071451.fasta","BK071451.1","Thymelaea dioica","BK071451.1 Thymelaea dioica"
"3927","OR790517.fasta","OR790517.1","Drymaria villosa","OR790517.1 Drymaria villosa"
"3928","PP234571.fasta","PP234571.1","Salsola monoptera","PP234571.1 Salsola monoptera"
"3929","PX724631.fasta","PX724631.1","Hippeastrum psittacinum","PX724631.1 Hippeastrum psittacinum"
"3930","PV684030.fasta","PV684030.1","Oxytropis neimonggolica","PV684030.1 Oxytropis neimonggolica"
"3931","PX686329.fasta","PX686329.1","Aconitum karakolicum","PX686329.1 Aconitum karakolicum"
"3932","PP328785.fasta","PP328785.1","Bromus benekenii","PP328785.1 Bromus benekenii"
"3933","PV536199.fasta","PV536199.1","Neostapfia colusana","PV536199.1 Neostapfia colusana"
"3934","PP622701.fasta","PP622701.1","Thesium bavarum","PP622701.1 Thesium bavarum"
"3935","PZ316385.fasta","PZ316385.1","Begonia balansana","PZ316385.1 Begonia balansana"
"3936","OR835155.fasta","OR835155.1","Leuenbergeria portulacifolia","OR835155.1 Leuenbergeria portulacifolia"
"3937","BK071840.fasta","BK071840.1","Crupina vulgaris","BK071840.1 Crupina vulgaris"
"3938","PZ094977.fasta","PZ094977.1","Euphrasia christii","PZ094977.1 Euphrasia christii"
"3939","PX116179.fasta","PX116179.1","Orychophragmus yangii","PX116179.1 Orychophragmus yangii"
"3940","PQ551017.fasta","PQ551017.1","Hymenidium virgatum","PQ551017.1 Hymenidium virgatum"
"3941","PV870723.fasta","PV870723.1","Chloroleucon mangense","PV870723.1 Chloroleucon mangense"
"3942","PQ874756.fasta","PQ874756.1","Clematis shensiensis","PQ874756.1 Clematis shensiensis"
"3943","PZ250435.fasta","PZ250435.1","Salacia chinensis","PZ250435.1 Salacia chinensis"
"3944","PV553470.fasta","PV553470.1","Phyllostemonodaphne geminiflora","PV553470.1 Phyllostemonodaphne geminiflora"
"3945","PQ576418.fasta","PQ576418.2","Aquilaria khasiana","PQ576418.2 Aquilaria khasiana"
"3946","PX244389.fasta","PX244389.1","Dudleya virens","PX244389.1 Dudleya virens"
"3947","PX928789.fasta","PX928789.1","Dracocephalum komarovii","PX928789.1 Dracocephalum komarovii"
"3948","OR178745.fasta","OR178745.1","Scutellaria cypria","OR178745.1 Scutellaria cypria"
"3949","PX547999.fasta","PX547999.2","Solanum carolinense","PX547999.2 Solanum carolinense"
"3950","PV192912.fasta","PV192912.1","Epimedium pauciflorum","PV192912.1 Epimedium pauciflorum"
"3951","OR264213.fasta","OR264213.1","Cinnamomum appelianum","OR264213.1 Cinnamomum appelianum"
"3952","PP952473.fasta","PP952473.1","Lycium chilense","PP952473.1 Lycium chilense"
"3953","PP999719.fasta","PP999719.1","Gelidocalamus albozonatus","PP999719.1 Gelidocalamus albozonatus"
"3954","PX804935.fasta","PX804935.1","Terminalia chebula","PX804935.1 Terminalia chebula"
"3955","PQ593568.fasta","PQ593568.1","Robinia pseudoacacia","PQ593568.1 Robinia pseudoacacia"
"3956","PV870829.fasta","PV870829.1","Caragana rosea","PV870829.1 Caragana rosea"
"3957","PX316522.fasta","PX316522.1","Anaphalis pannosa","PX316522.1 Anaphalis pannosa"
"3958","PP681662.fasta","PP681662.1","Shibataea chinensis","PP681662.1 Shibataea chinensis"
"3959","OM949911.fasta","OM949911.1","Actinidia rudis","OM949911.1 Actinidia rudis"
"3960","PX724627.fasta","PX724627.1","Hippeastrum nelsonii","PX724627.1 Hippeastrum nelsonii"
"3961","PZ316348.fasta","PZ316348.1","Breynia vitis-idaea","PZ316348.1 Breynia vitis-idaea"
"3962","PX208733.fasta","PX208733.1","Iris collettii","PX208733.1 Iris collettii"
"3963","OR896873.fasta","OR896873.1","Asparagus officinalis","OR896873.1 Asparagus officinalis"
"3964","PQ210185.fasta","PQ210185.1","Muscari massayanum","PQ210185.1 Muscari massayanum"
"3965","OQ736742.fasta","OQ736742.1","Hedysarum montanum","OQ736742.1 Hedysarum montanum"
"3966","PZ239417.fasta","PZ239417.1","Syringa reticulata","PZ239417.1 Syringa reticulata"
"3967","PZ098616.fasta","PZ098616.1","Melica mutica","PZ098616.1 Melica mutica"
"3968","PP595870.fasta","PP595870.1","Prunus grisea","PP595870.1 Prunus grisea"
"3969","PX108621.fasta","PX108621.1","Syzygium austrocaledonicum","PX108621.1 Syzygium austrocaledonicum"
"3970","PV440225.fasta","PV440225.1","Euphorbia neriifolia","PV440225.1 Euphorbia neriifolia"
"3971","PV409674.fasta","PV409674.1","Dianella amoena","PV409674.1 Dianella amoena"
"3972","PV208531.fasta","PV208531.1","Xerophyta pectinata","PV208531.1 Xerophyta pectinata"
"3973","OR935791.fasta","OR935791.1","Fritillaria eduardii","OR935791.1 Fritillaria eduardii"
"3974","OR978663.fasta","OR978663.1","Anthostema senegalense","OR978663.1 Anthostema senegalense"
"3975","PX891042.fasta","PX891042.1","Asparagus adscendens","PX891042.1 Asparagus adscendens"
"3976","PX130315.fasta","PX130315.1","Syzygium cordatum","PX130315.1 Syzygium cordatum"
"3977","PQ541237.fasta","PQ541237.1","Codonopsis pilosula","PQ541237.1 Codonopsis pilosula"
"3978","PX921675.fasta","PX921675.1","Ruellia simplex","PX921675.1 Ruellia simplex"
"3979","PQ551027.fasta","PQ551027.1","Hymenidium delavayi","PQ551027.1 Hymenidium delavayi"
"3980","PV700452.fasta","PV700452.1","Aralia elata","PV700452.1 Aralia elata"
"3981","PQ874767.fasta","PQ874767.1","Clematis viticella","PQ874767.1 Clematis viticella"
"3982","PZ098407.fasta","PZ098407.1","Melica radula","PZ098407.1 Melica radula"
"3983","OP133573.fasta","OP133573.1","Lygisma inflexum","OP133573.1 Lygisma inflexum"
"3984","PQ472921.fasta","PQ472921.1","Guadua angustifolia","PQ472921.1 Guadua angustifolia"
"3985","PP078673.fasta","PP078673.1","Liriope graminifolia","PP078673.1 Liriope graminifolia"
"3986","PQ586441.fasta","PQ586441.1","Chaetoseris lyriformis","PQ586441.1 Chaetoseris lyriformis"
"3987","PP952472.fasta","PP952472.1","Lycium cestroides","PP952472.1 Lycium cestroides"
"3988","BK071852.fasta","BK071852.1","Mantisalca salmantica","BK071852.1 Mantisalca salmantica"
"3989","PX334453.fasta","PX334453.1","Miscanthus x","PX334453.1 Miscanthus x"
"3990","PV794603.fasta","PV794603.1","Pimpinella yunnanensis","PV794603.1 Pimpinella yunnanensis"
"3991","PP898101.fasta","PP898101.1","Artemisia blepharolepis","PP898101.1 Artemisia blepharolepis"
"3992","PP056261.fasta","PP056261.1","Daphne genkwa","PP056261.1 Daphne genkwa"
"3993","PP335066.fasta","PP335066.1","Epilobium parviflorum","PP335066.1 Epilobium parviflorum"
"3994","PP622678.fasta","PP622678.1","Salix cinerea","PP622678.1 Salix cinerea"
"3995","PP541859.fasta","PP541859.1","Platanthera bifolia","PP541859.1 Platanthera bifolia"
"3996","OP688482.fasta","OP688482.1","Solanum melongena","OP688482.1 Solanum melongena"
"3997","PQ874728.fasta","PQ874728.1","Clematis kirilowii","PQ874728.1 Clematis kirilowii"
"3998","OR601518.fasta","OR601518.1","Dasiphora arbuscula","OR601518.1 Dasiphora arbuscula"
"3999","PQ571250.fasta","PQ571250.1","Fagaropsis angolensis","PQ571250.1 Fagaropsis angolensis"
"4000","PP078684.fasta","PP078684.1","Acer sinopurpurascens","PP078684.1 Acer sinopurpurascens"
"4001","PQ728892.fasta","PQ728892.1","Hedyosmum mexicanum","PQ728892.1 Hedyosmum mexicanum"
"4002","PQ576492.fasta","PQ576492.1","Dendrobium pendulum","PQ576492.1 Dendrobium pendulum"
"4003","PP595829.fasta","PP595829.1","Prunus cyclamina","PP595829.1 Prunus cyclamina"
"4004","PZ239407.fasta","PZ239407.1","Syringa josikaea","PZ239407.1 Syringa josikaea"
"4005","PZ211775.fasta","PZ211775.1","Dioscorea tenuipes","PZ211775.1 Dioscorea tenuipes"
"4006","PP234601.fasta","PP234601.1","Thalictrum rutifolium","PP234601.1 Thalictrum rutifolium"
"4007","OM949936.fasta","OM949936.1","Actinidia indochinensis","OM949936.1 Actinidia indochinensis"
"4008","PZ281924.fasta","PZ281924.1","Scutellaria baicalensis","PZ281924.1 Scutellaria baicalensis"
"4009","PX309536.fasta","PX309536.1","Pleuropterus multiflorus","PX309536.1 Pleuropterus multiflorus"
"4010","OM949913.fasta","OM949913.1","Actinidia fasciculoides","OM949913.1 Actinidia fasciculoides"
"4011","PX125826.fasta","PX125826.1","Syzygium creaghii","PX125826.1 Syzygium creaghii"
"4012","PV870742.fasta","PV870742.1","Librevillea klainei","PV870742.1 Librevillea klainei"
"4013","PQ777091.fasta","PQ777091.1","Cotoneaster delavayanus","PQ777091.1 Cotoneaster delavayanus"
"4014","PP848979.fasta","PP848979.1","Ferula heuffelii","PP848979.1 Ferula heuffelii"
"4015","PV550751.fasta","PV550751.1","Dimocarpus longan","PV550751.1 Dimocarpus longan"
"4016","PV664704.fasta","PV664704.1","Zanthoxylum gilletii","PV664704.1 Zanthoxylum gilletii"
"4017","PZ098612.fasta","PZ098612.1","Melica torreyana","PZ098612.1 Melica torreyana"
"4018","PP316500.fasta","PP316500.1","Valeriana officinalis","PP316500.1 Valeriana officinalis"
"4019","PX130358.fasta","PX130358.1","Syzygium pseudoformosum","PX130358.1 Syzygium pseudoformosum"
"4020","MT053006.fasta","MT053006.1","Adansonia za","MT053006.1 Adansonia za"
"4021","PQ838414.fasta","PQ838414.1","Paris delavayi","PQ838414.1 Paris delavayi"
"4022","PQ647016.fasta","PQ647016.1","Impatiens oxyanthera","PQ647016.1 Impatiens oxyanthera"
"4023","PP078674.fasta","PP078674.1","Scleromitrion diffusum","PP078674.1 Scleromitrion diffusum"
"4024","PV495210.fasta","PV495210.1","Idesia polycarpa","PV495210.1 Idesia polycarpa"
"4025","PV870745.fasta","PV870745.1","Hoffmannseggia glauca","PV870745.1 Hoffmannseggia glauca"
"4026","ON729355.fasta","ON729355.1","Corylopsis trabeculosa","ON729355.1 Corylopsis trabeculosa"
"4027","PZ316406.fasta","PZ316406.1","Begonia grandis","PZ316406.1 Begonia grandis"
"4028","PZ101809.fasta","PZ101809.1","Mosla scabra","PZ101809.1 Mosla scabra"
"4029","OM948747.fasta","OM948747.1","Androsace henryi","OM948747.1 Androsace henryi"
"4030","PQ658189.fasta","PQ658189.1","Camellia rubimuricata","PQ658189.1 Camellia rubimuricata"
"4031","OQ736735.fasta","OQ736735.1","Hedysarum daraut-kurganicum","OQ736735.1 Hedysarum daraut-kurganicum"
"4032","PV564783.fasta","PV564783.1","Aquilegia olympica","PV564783.1 Aquilegia olympica"
"4033","OR995425.fasta","OR995425.1","Osteomeles schwerinae","OR995425.1 Osteomeles schwerinae"
"4034","PP078853.fasta","PP078853.1","Libanotis lancifolia","PP078853.1 Libanotis lancifolia"
"4035","PV083611.fasta","PV083611.1","Styrax obtusifolius","PV083611.1 Styrax obtusifolius"
"4036","PZ316409.fasta","PZ316409.1","Begonia kingiana","PZ316409.1 Begonia kingiana"
"4037","PV530470.fasta","PV530470.1","Arabidopsis thaliana","PV530470.1 Arabidopsis thaliana"
"4038","PP056238.fasta","PP056238.1","Oreocharis sericea","PP056238.1 Oreocharis sericea"
"4039","PQ539368.fasta","PQ539368.1","Acmispon parviflorus","PQ539368.1 Acmispon parviflorus"
"4040","PP078681.fasta","PP078681.1","Magnolia pilocarpa","PP078681.1 Magnolia pilocarpa"
"4041","PV032006.fasta","PV032006.1","Lespedeza davidii","PV032006.1 Lespedeza davidii"
"4042","PX549438.fasta","PX549438.1","Peucedanum chujaense","PX549438.1 Peucedanum chujaense"
"4043","MH706712.1.fasta","MH706712.1","Abies recurvata","MH706712.1 Abies recurvata"
"4044","PQ385829.fasta","PQ385829.1","Elymus longearistatus","PQ385829.1 Elymus longearistatus"
"4045","LC899288.fasta","LC899288.1","Curcuma longa","LC899288.1 Curcuma longa"
"4046","PX505523.fasta","PX505523.1","Iris albomarginata","PX505523.1 Iris albomarginata"
"4047","PV008708.fasta","PV008708.1","Urtica urens","PV008708.1 Urtica urens"
"4048","PP078858.fasta","PP078858.1","Ligusticum mucronatum","PP078858.1 Ligusticum mucronatum"
"4049","PX223350.fasta","PX223350.1","Alchemilla vetteri","PX223350.1 Alchemilla vetteri"
"4050","OR978665.fasta","OR978665.1","Calycopeplus collinus","OR978665.1 Calycopeplus collinus"
"4051","PP681297.fasta","PP681297.1","Sasamorpha hubeiensis","PP681297.1 Sasamorpha hubeiensis"
"4052","OR909652.fasta","OR909652.1","Eupatorium cannabinum","OR909652.1 Eupatorium cannabinum"
"4053","PV087156.fasta","PV087156.1","Maianthemum racemosum","PV087156.1 Maianthemum racemosum"
"4054","PV744415.fasta","PV744415.1","Portulacaria afra","PV744415.1 Portulacaria afra"
"4055","PV078025.fasta","PV078025.1","Mandragora autumnalis","PV078025.1 Mandragora autumnalis"
"4056","PV870752.fasta","PV870752.1","Collaea speciosa","PV870752.1 Collaea speciosa"
"4057","PP316520.fasta","PP316520.1","Arrhenatherum elatius","PP316520.1 Arrhenatherum elatius"
"4058","PQ858238.fasta","PQ858238.1","Cannabis sativa","PQ858238.1 Cannabis sativa"
"4059","PZ098397.fasta","PZ098397.1","Melica secunda","PZ098397.1 Melica secunda"
"4060","PP622707.fasta","PP622707.1","Verbascum alpinum","PP622707.1 Verbascum alpinum"
"4061","PX130374.fasta","PX130374.1","Syzygium toninense","PX130374.1 Syzygium toninense"
"4062","PP818646.fasta","PP818646.1","Cornus sanguinea","PP818646.1 Cornus sanguinea"
"4063","PX355016.1.fasta","PX355016.1","Thujopsis dolabrata","PX355016.1 Thujopsis dolabrata"
"4064","PP952493.fasta","PP952493.1","Lycium qingshuiheense","PP952493.1 Lycium qingshuiheense"
"4065","PX125904.fasta","PX125904.1","Syzygium macilwraithianum","PX125904.1 Syzygium macilwraithianum"
"4066","PP234584.fasta","PP234584.1","Sibbaldianthe bifurca","PP234584.1 Sibbaldianthe bifurca"
"4067","PZ169285.fasta","PZ169285.1","Scutellaria holosericea","PZ169285.1 Scutellaria holosericea"
"4068","PV938954.fasta","PV938954.1","Calystegia pubescens","PV938954.1 Calystegia pubescens"
"4069","PQ571329.fasta","PQ571329.1","Lappula macrantha","PQ571329.1 Lappula macrantha"
"4070","PV423674.1.fasta","PV423674.1","Thalassiosira lundiana","PV423674.1 Thalassiosira lundiana"
"4071","PV067999.fasta","PV067999.1","Arisaema sinii","PV067999.1 Arisaema sinii"
"4072","PQ310498.fasta","PQ310498.1","Myosotis australis","PQ310498.1 Myosotis australis"
"4073","OP964011.fasta","OP964011.1","Crataegus chungtienensis","OP964011.1 Crataegus chungtienensis"
"4074","PP681645.fasta","PP681645.1","Oligostachyum scabriflorum","PP681645.1 Oligostachyum scabriflorum"
"4075","PP203123.fasta","PP203123.1","Gentiana punctata","PP203123.1 Gentiana punctata"
"4076","OM826985.fasta","OM826985.1","Schumannia karelinii","OM826985.1 Schumannia karelinii"
"4077","PP541883.fasta","PP541883.1","Rhamnus cathartica","PP541883.1 Rhamnus cathartica"
"4078","PQ010078.fasta","PQ010078.1","Pontederia paniculata","PQ010078.1 Pontederia paniculata"
"4079","PQ010101.fasta","PQ010101.1","Pontederia subovata","PQ010101.1 Pontederia subovata"
"4080","PV276164.fasta","PV276164.1","Casearia aculeata","PV276164.1 Casearia aculeata"
"4081","PP328792.fasta","PP328792.1","Cephalanthera longifolia","PP328792.1 Cephalanthera longifolia"
"4082","PQ658191.fasta","PQ658191.1","Camellia ilicifolia","PQ658191.1 Camellia ilicifolia"
"4083","PV744377.fasta","PV744377.1","Rosa pricei","PV744377.1 Rosa pricei"
"4084","PV409669.fasta","PV409669.1","Allium tripedale","PV409669.1 Allium tripedale"
"4085","PZ211773.fasta","PZ211773.1","Dioscorea polystachya","PZ211773.1 Dioscorea polystachya"
"4086","BK070410.1.fasta","BK070410.1","Padina boergesenii","BK070410.1 Padina boergesenii"
"4087","PV325052.fasta","PV325052.1","Carpesium nepalense","PV325052.1 Carpesium nepalense"
"4088","PZ098596.fasta","PZ098596.1","Glyceria melicaria","PZ098596.1 Glyceria melicaria"
"4089","PQ210135.fasta","PQ210135.1","Muscari cycladicum","PQ210135.1 Muscari cycladicum"
"4090","PP809765.fasta","PP809765.1","Aesculus tsiangii","PP809765.1 Aesculus tsiangii"
"4091","PP479694.fasta","PP479694.1","Dendrobium thyrsiflorum","PP479694.1 Dendrobium thyrsiflorum"
"4092","PV870826.fasta","PV870826.1","Craspedolobium unijugum","PV870826.1 Craspedolobium unijugum"
"4093","PP165055.fasta","PP165055.1","Silene flos-cuculi","PP165055.1 Silene flos-cuculi"
"4094","PP484642.fasta","PP484642.1","Poa annua","PP484642.1 Poa annua"
"4095","OR400157.fasta","OR400157.1","Lilium brownii","OR400157.1 Lilium brownii"
"4096","OR783469.fasta","OR783469.1","Cassinia subtropica","OR783469.1 Cassinia subtropica"
"4097","PP484614.fasta","PP484614.1","Lolium multiflorum","PP484614.1 Lolium multiflorum"
"4098","BK070978.fasta","BK070978.1","Daphne mezereum","BK070978.1 Daphne mezereum"
"4099","PX971248.fasta","PX971248.1","Salvia omeiana","PX971248.1 Salvia omeiana"
"4100","PX396007.fasta","PX396007.1","Syzygium pachyphyllum","PX396007.1 Syzygium pachyphyllum"
"4101","MT053002.fasta","MT053002.1","Adansonia madagascariensis","MT053002.1 Adansonia madagascariensis"
"4102","PZ239414.fasta","PZ239414.1","Syringa velutina","PZ239414.1 Syringa velutina"
"4103","OR565963.fasta","OR565963.1","Paraphlomis kwangtungensis","OR565963.1 Paraphlomis kwangtungensis"
"4104","PV138187.fasta","PV138187.1","Ziziphora pedicellata","PV138187.1 Ziziphora pedicellata"
"4105","PV794612.fasta","PV794612.1","Trachyspermum triradiatum","PV794612.1 Trachyspermum triradiatum"
"4106","PP078694.fasta","PP078694.1","Polygala sibirica","PP078694.1 Polygala sibirica"
"4107","OM949907.fasta","OM949907.1","Actinidia longicarpa","OM949907.1 Actinidia longicarpa"
"4108","OQ351328.fasta","OQ351328.1","Ferula paeoniifolia","OQ351328.1 Ferula paeoniifolia"
"4109","PQ415182.fasta","PQ415182.1","Malus indica","PQ415182.1 Malus indica"
"4110","ON929868.fasta","ON929868.1","Pyankovia brachiata","ON929868.1 Pyankovia brachiata"
"4111","PP098517.fasta","PP098517.1","Sorghum bicolor","PP098517.1 Sorghum bicolor"
"4112","PX409051.fasta","PX409051.1","Potentilla inopinata","PX409051.1 Potentilla inopinata"
"4113","PV548691.fasta","PV548691.1","Lappula heteromorpha","PV548691.1 Lappula heteromorpha"
"4114","PZ316447.fasta","PZ316447.1","Begonia vankerckhovenii","PZ316447.1 Begonia vankerckhovenii"
"4115","PX776348.fasta","PX776348.1","Paraixeris denticulata","PX776348.1 Paraixeris denticulata"
"4116","PX421530.1.fasta","PX421530.1","Fossombronia wondraczekii","PX421530.1 Fossombronia wondraczekii"
"4117","PX369354.fasta","PX369354.1","Setaria parviflora","PX369354.1 Setaria parviflora"
"4118","PZ101788.fasta","PZ101788.1","Mosla chinensis","PZ101788.1 Mosla chinensis"
"4119","PP203126.fasta","PP203126.1","Glechoma hirsuta","PP203126.1 Glechoma hirsuta"
"4120","OQ736743.fasta","OQ736743.1","Hedysarum taschkendicum","OQ736743.1 Hedysarum taschkendicum"
"4121","PQ563254.fasta","PQ563254.1","Glehnia littoralis","PQ563254.1 Glehnia littoralis"
"4122","OR767373.fasta","OR767373.1","Salvia guidongensis","OR767373.1 Salvia guidongensis"
"4123","PV564792.fasta","PV564792.1","Aquilegia sicula","PV564792.1 Aquilegia sicula"
"4124","OQ198450.fasta","OQ198450.1","Diplotaenia cachrydifolia","OQ198450.1 Diplotaenia cachrydifolia"
"4125","PQ144595.fasta","PQ144595.1","Dalbergia assamica","PQ144595.1 Dalbergia assamica"
"4126","PV564779.fasta","PV564779.1","Aquilegia vulgaris","PV564779.1 Aquilegia vulgaris"
"4127","PP133731.fasta","PP133731.1","Sonchus congestus","PP133731.1 Sonchus congestus"
"4128","PQ144622.fasta","PQ144622.1","Dalbergia horrida","PQ144622.1 Dalbergia horrida"
"4129","PV564756.fasta","PV564756.1","Aquilegia eximia","PV564756.1 Aquilegia eximia"
"4130","PZ161599.fasta","PZ161599.1","Aristida triseta","PZ161599.1 Aristida triseta"
"4131","PX394256.fasta","PX394256.1","Heliopsis helianthoides","PX394256.1 Heliopsis helianthoides"
"4132","PV685034.fasta","PV685034.1","Glycine max","PV685034.1 Glycine max"
"4133","PQ728884.fasta","PQ728884.1","Chloranthus oldhamii","PQ728884.1 Chloranthus oldhamii"
"4134","ON929871.fasta","ON929871.1","Kalidium caspicum","ON929871.1 Kalidium caspicum"
"4135","PX113349.fasta","PX113349.1","Cladocarpesium abrotanoides","PX113349.1 Cladocarpesium abrotanoides"
"4136","PQ539039.fasta","PQ539039.1","Homalomena mixta","PQ539039.1 Homalomena mixta"
"4137","PV948728.fasta","PV948728.1","Euonymus chloranthoides","PV948728.1 Euonymus chloranthoides"
"4138","PP898082.fasta","PP898082.1","Artemisia stricta","PP898082.1 Artemisia stricta"
"4139","PP103303.fasta","PP103303.1","Cardamine rivularis","PP103303.1 Cardamine rivularis"
"4140","PP316501.fasta","PP316501.1","Valeriana tripteris","PP316501.1 Valeriana tripteris"
"4141","OM640190.fasta","OM640190.1","Ligustrum sinense","OM640190.1 Ligustrum sinense"
"4142","PX549439.fasta","PX549439.1","Peucedanum elegans","PX549439.1 Peucedanum elegans"
"4143","PX406255.fasta","PX406255.1","Iris milesii","PX406255.1 Iris milesii"
"4144","PX505515.fasta","PX505515.1","Iris lactea","PX505515.1 Iris lactea"
"4145","PV802111.fasta","PV802111.1","Solanum triflorum","PV802111.1 Solanum triflorum"
"4146","PP234490.fasta","PP234490.1","Sedum plumbizincicola","PP234490.1 Sedum plumbizincicola"
"4147","PX924391.fasta","PX924391.1","Scorzonera turkestanica","PX924391.1 Scorzonera turkestanica"
"4148","PV600490.fasta","PV600490.1","Artemisia ifranensis","PV600490.1 Artemisia ifranensis"
"4149","PP479687.fasta","PP479687.1","Dendrobium wardianum","PP479687.1 Dendrobium wardianum"
"4150","PZ316450.fasta","PZ316450.1","Begonia wallichiana","PZ316450.1 Begonia wallichiana"
"4151","PZ316397.fasta","PZ316397.1","Begonia darthvaderiana","PZ316397.1 Begonia darthvaderiana"
"4152","PP565783.fasta","PP565783.1","Populus lasiocarpa","PP565783.1 Populus lasiocarpa"
"4153","OM948759.fasta","OM948759.1","Androsace zambalensis","OM948759.1 Androsace zambalensis"
"4154","PP133728.fasta","PP133728.1","Sonchus arboreus","PP133728.1 Sonchus arboreus"
"4155","PV583369.fasta","PV583369.1","Vepris nobilis","PV583369.1 Vepris nobilis"
"4156","OQ091925.fasta","OQ091925.1","Begonia plebeja","OQ091925.1 Begonia plebeja"
"4157","PZ098376.fasta","PZ098376.1","Melica eligulata","PZ098376.1 Melica eligulata"
"4158","PV870720.fasta","PV870720.1","Newtonia griffoniana","PV870720.1 Newtonia griffoniana"
"4159","PP883922.fasta","PP883922.1","Monnina cestrifolia","PP883922.1 Monnina cestrifolia"
"4160","PQ472940.fasta","PQ472940.1","Yushania niitakayamensis","PQ472940.1 Yushania niitakayamensis"
"4161","PP952462.fasta","PP952462.1","Lycium ameghinoi","PP952462.1 Lycium ameghinoi"
"4162","PQ423863.fasta","PQ423863.1","Coccinia grandiflora","PQ423863.1 Coccinia grandiflora"
"4163","PV564777.fasta","PV564777.1","Aquilegia magellensis","PV564777.1 Aquilegia magellensis"
"4164","PX130357.fasta","PX130357.1","Syzygium pringlei","PX130357.1 Syzygium pringlei"
"4165","PV548271.fasta","PV548271.1","Xantolis weimingii","PV548271.1 Xantolis weimingii"
"4166","OM826986.fasta","OM826986.1","Ferula sibirica","OM826986.1 Ferula sibirica"
"4167","PQ557619.fasta","PQ557619.1","Lonicera macranthoides","PQ557619.1 Lonicera macranthoides"
"4168","PZ169292.fasta","PZ169292.1","Scutellaria urticifolia","PZ169292.1 Scutellaria urticifolia"
"4169","PQ834340.fasta","PQ834340.1","Clematis connata","PQ834340.1 Clematis connata"
"4170","PV083606.fasta","PV083606.1","Styrax latifolius","PV083606.1 Styrax latifolius"
"4171","PZ316398.fasta","PZ316398.1","Begonia dipetala","PZ316398.1 Begonia dipetala"
"4172","PZ309726.fasta","PZ309726.1","Adenophora tashiroi","PZ309726.1 Adenophora tashiroi"
"4173","PX975921.fasta","PX975921.1","Poa trivialis","PX975921.1 Poa trivialis"
"4174","OP978504.fasta","OP978504.1","Helianthus nuttallii","OP978504.1 Helianthus nuttallii"
"4175","OM948765.fasta","OM948765.1","Androsace septentrionalis","OM948765.1 Androsace septentrionalis"
"4176","PQ462610.fasta","PQ462610.1","Megacarpaea delavayi","PQ462610.1 Megacarpaea delavayi"
"4177","PV464028.fasta","PV464028.1","Flemingia philippinensis","PV464028.1 Flemingia philippinensis"
"4178","PP681655.fasta","PP681655.1","Indocalamus macrophyllus","PP681655.1 Indocalamus macrophyllus"
"4179","OR884980.fasta","OR884980.1","Chenopodium album","OR884980.1 Chenopodium album"
"4180","PV423681.1.fasta","PV423681.1","Bellerochea yucatanensis","PV423681.1 Bellerochea yucatanensis"
"4181","PV546610.fasta","PV546610.1","Urophysa rockii","PV546610.1 Urophysa rockii"
"4182","PV600631.fasta","PV600631.1","Clematis villosa","PV600631.1 Clematis villosa"
"4183","PV216845.fasta","PV216845.1","Canella winterana","PV216845.1 Canella winterana"
"4184","OR698947.fasta","OR698947.1","Paphiopedilum villosum","OR698947.1 Paphiopedilum villosum"
"4185","PQ551050.fasta","PQ551050.1","Tongoloa pauciradiata","PQ551050.1 Tongoloa pauciradiata"
"4186","PV364606.fasta","PV364606.1","Cynanchum acutum","PV364606.1 Cynanchum acutum"
"4187","PQ728887.fasta","PQ728887.1","Chloranthus spicatus","PQ728887.1 Chloranthus spicatus"
"4188","PX380657.fasta","PX380657.1","Delphinium caeruleum","PX380657.1 Delphinium caeruleum"
"4189","PX297394.fasta","PX297394.1","Phoebe kwangsiensis","PX297394.1 Phoebe kwangsiensis"
"4190","PP595831.fasta","PP595831.1","Prunus glandulosa","PP595831.1 Prunus glandulosa"
"4191","OR995440.fasta","OR995440.1","Pyrus elaeagrifolia","OR995440.1 Pyrus elaeagrifolia"
"4192","PP024536.fasta","PP024536.1","Echium vulgare","PP024536.1 Echium vulgare"
"4193","PQ469844.fasta","PQ469844.1","Clitoria ternatea","PQ469844.1 Clitoria ternatea"
"4194","MW646912.fasta","MW646912.1","Impatiens arguta","MW646912.1 Impatiens arguta"
"4195","PV870670.fasta","PV870670.1","Otholobium caffrum","PV870670.1 Otholobium caffrum"
"4196","PQ210194.fasta","PQ210194.1","Muscari pseudomuscari","PQ210194.1 Muscari pseudomuscari"
"4197","OL891596.fasta","OL891596.1","Eremurus stenophyllus","OL891596.1 Eremurus stenophyllus"
"4198","PP232718.fasta","PP232718.1","Pedicularis kansuensis","PP232718.1 Pedicularis kansuensis"
"4199","PX763611.1.fasta","PX763611.1","Stenochlaena palustris","PX763611.1 Stenochlaena palustris"
"4200","PZ098292.fasta","PZ098292.1","Melica scabra","PZ098292.1 Melica scabra"
"4201","PV870797.fasta","PV870797.1","Carmichaelia australis","PV870797.1 Carmichaelia australis"
"4202","PX776204.fasta","PX776204.1","Pedicularis bidentata","PX776204.1 Pedicularis bidentata"
"4203","PQ300131.fasta","PQ300131.1","Citropsis gabunensis","PQ300131.1 Citropsis gabunensis"
"4204","PV870823.fasta","PV870823.1","Dialium guianense","PV870823.1 Dialium guianense"
"4205","PX240012.fasta","PX240012.1","Sansevieria trifasciata","PX240012.1 Sansevieria trifasciata"
"4206","PQ834336.fasta","PQ834336.1","Clematis chinensis","PQ834336.1 Clematis chinensis"
"4207","PX396006.fasta","PX396006.1","Syzygium monimioides","PX396006.1 Syzygium monimioides"
"4208","PP234578.fasta","PP234578.1","Cenchrus flaccidus","PP234578.1 Cenchrus flaccidus"
"4209","PX659841.fasta","PX659841.1","Macrotyloma geocarpum","PX659841.1 Macrotyloma geocarpum"
"4210","OR565932.fasta","OR565932.1","Paraphlomis patentisetulosa","OR565932.1 Paraphlomis patentisetulosa"
"4211","OR995483.fasta","OR995483.1","Aria graeca","OR995483.1 Aria graeca"
"4212","PP897811.fasta","PP897811.1","Abutilon indicum","PP897811.1 Abutilon indicum"
"4213","PZ127157.fasta","PZ127157.1","Viola jordanii","PZ127157.1 Viola jordanii"
"4214","PP165070.fasta","PP165070.1","Lonicera nigra","PP165070.1 Lonicera nigra"
"4215","PZ270558.fasta","PZ270558.1","Tillandsia mandonii","PZ270558.1 Tillandsia mandonii"
"4216","PP952492.fasta","PP952492.1","Lycium puberulum","PP952492.1 Lycium puberulum"
"4217","PV640846.fasta","PV640846.1","Odontostemma barbatum","PV640846.1 Odontostemma barbatum"
"4218","OQ596338.fasta","OQ596338.1","Omphalogramma elegans","OQ596338.1 Omphalogramma elegans"
"4219","MW683066.fasta","MW683066.1","Impatiens noli-tangere","MW683066.1 Impatiens noli-tangere"
"4220","PQ571144.fasta","PQ571144.1","Liparis elliptica","PQ571144.1 Liparis elliptica"
"4221","ON929864.fasta","ON929864.1","Salsola rosacea","ON929864.1 Salsola rosacea"
"4222","PQ468994.fasta","PQ468994.1","Lysionotus microphyllus","PQ468994.1 Lysionotus microphyllus"
"4223","PX229832.fasta","PX229832.1","Turpinia montana","PX229832.1 Turpinia montana"
"4224","PZ122814.fasta","PZ122814.1","Stephania viridiflavens","PZ122814.1 Stephania viridiflavens"
"4225","PZ101803.fasta","PZ101803.1","Mosla longispica","PZ101803.1 Mosla longispica"
"4226","PQ636466.fasta","PQ636466.1","Cerastium davuricum","PQ636466.1 Cerastium davuricum"
"4227","OR413693.fasta","OR413693.1","Lilium longiflorum","OR413693.1 Lilium longiflorum"
"4228","PZ168310.fasta","PZ168310.1","Saxifraga subamplexicaulis","PZ168310.1 Saxifraga subamplexicaulis"
"4229","PP235279.fasta","PP235279.1","Lysimachia petelotii","PP235279.1 Lysimachia petelotii"
"4230","PP541867.fasta","PP541867.1","Populus nigra","PP541867.1 Populus nigra"
"4231","PX380659.fasta","PX380659.1","Delphinium grandiflorum","PX380659.1 Delphinium grandiflorum"
"4232","PX414100.fasta","PX414100.1","Geum japonicum","PX414100.1 Geum japonicum"
"4233","OQ198451.fasta","OQ198451.1","Opopanax chironium","OQ198451.1 Opopanax chironium"
"4234","PZ166814.fasta","PZ166814.1","Echinops davuricus","PZ166814.1 Echinops davuricus"
"4235","ON729382.fasta","ON729382.1","Liquidambar styraciflua","ON729382.1 Liquidambar styraciflua"
"4236","PV335051.fasta","PV335051.1","Xerophyta suaveolens","PV335051.1 Xerophyta suaveolens"
"4237","PV137968.1.fasta","PV137968.1","Hypoderris brauniana","PV137968.1 Hypoderris brauniana"
"4238","OR909646.fasta","OR909646.1","Pilosella lactucella","OR909646.1 Pilosella lactucella"
"4239","PX501754.fasta","PX501754.1","Fagopyrum leptopodum","PX501754.1 Fagopyrum leptopodum"
"4240","BK071864.fasta","BK071864.1","Staehelina dubia","BK071864.1 Staehelina dubia"
"4241","PX686327.fasta","PX686327.1","Thalictrum przewalskii","PX686327.1 Thalictrum przewalskii"
"4242","OM949889.fasta","OM949889.1","Actinidia glaucophylla","OM949889.1 Actinidia glaucophylla"
"4243","PX229833.fasta","PX229833.1","Euscaphis japonica","PX229833.1 Euscaphis japonica"
"4244","PX505514.fasta","PX505514.1","Iris halophila","PX505514.1 Iris halophila"
"4245","PX414097.fasta","PX414097.1","Geum henryi","PX414097.1 Geum henryi"
"4246","PQ594802.fasta","PQ594802.1","Morus macroura","PQ594802.1 Morus macroura"
"4247","PP531566.fasta","PP531566.1","Acronema chienii","PP531566.1 Acronema chienii"
"4248","OR683693.1.fasta","OR683693.1","Discostella stelligeroides","OR683693.1 Discostella stelligeroides"
"4249","PV870812.fasta","PV870812.1","Apoplanesia paniculata","PV870812.1 Apoplanesia paniculata"
"4250","PQ010094.fasta","PQ010094.1","Pontederia vaginalis","PQ010094.1 Pontederia vaginalis"
"4251","PP316509.fasta","PP316509.1","Alchemilla glaucescens","PP316509.1 Alchemilla glaucescens"
"4252","PQ231092.fasta","PQ231092.1","Paraleonurus japonicus","PQ231092.1 Paraleonurus japonicus"
"4253","PZ098609.fasta","PZ098609.1","Triniochloa stipoides","PZ098609.1 Triniochloa stipoides"
"4254","OR896901.fasta","OR896901.1","Calendula officinalis","OR896901.1 Calendula officinalis"
"4255","PP737349.fasta","PP737349.1","Enkianthus ruber","PP737349.1 Enkianthus ruber"
"4256","PX309539.fasta","PX309539.1","Stromanthe sanguinea","PX309539.1 Stromanthe sanguinea"
"4257","PX683778.fasta","PX683778.1","Amorphophallus ochroleucus","PX683778.1 Amorphophallus ochroleucus"
"4258","PQ144644.fasta","PQ144644.1","Dalbergia millettii","PQ144644.1 Dalbergia millettii"
"4259","PP336770.fasta","PP336770.1","Festuca pulchella","PP336770.1 Festuca pulchella"
"4260","OR187836.fasta","OR187836.1","Asparagus myriacanthus","OR187836.1 Asparagus myriacanthus"
"4261","PQ539376.fasta","PQ539376.1","Lotus ornithopodioides","PQ539376.1 Lotus ornithopodioides"
"4262","OR995481.fasta","OR995481.1","Sorbus decora","OR995481.1 Sorbus decora"
"4263","PV548712.fasta","PV548712.1","Lappula transalaica","PV548712.1 Lappula transalaica"
"4264","PV870756.fasta","PV870756.1","Coursetia caatingicola","PV870756.1 Coursetia caatingicola"
"4265","PQ899560.fasta","PQ899560.1","Griffitharia guanii","PQ899560.1 Griffitharia guanii"
"4266","PX395924.fasta","PX395924.1","Triumfetta lappula","PX395924.1 Triumfetta lappula"
"4267","PP842194.fasta","PP842194.1","Primula farreriana","PP842194.1 Primula farreriana"
"4268","PP056258.fasta","PP056258.1","Adina rubella","PP056258.1 Adina rubella"
"4269","PX666086.fasta","PX666086.1","Helianthus floridanus","PX666086.1 Helianthus floridanus"
"4270","PV870836.fasta","PV870836.1","Hippocrepis emerus","PV870836.1 Hippocrepis emerus"
"4271","MW420967.fasta","MW420967.1","Scutellaria suffrutescens","MW420967.1 Scutellaria suffrutescens"
"4272","PV817865.fasta","PV817865.1","Allium funckiifolium","PV817865.1 Allium funckiifolium"
"4273","PX843639.fasta","PX843639.1","Pycnanthemum tenuifolium","PX843639.1 Pycnanthemum tenuifolium"
"4274","BK065796.fasta","BK065796.1","Triumfetta ramosa","BK065796.1 Triumfetta ramosa"
"4275","PP975610.fasta","PP975610.1","Rhodiola sinuata","PP975610.1 Rhodiola sinuata"
"4276","PZ316349.fasta","PZ316349.1","Akebia trifoliata","PZ316349.1 Akebia trifoliata"
"4277","PP235277.fasta","PP235277.1","Lysimachia navillei","PP235277.1 Lysimachia navillei"
"4278","PV822557.fasta","PV822557.1","Melanodendron integrifolium","PV822557.1 Melanodendron integrifolium"
"4279","PP234574.fasta","PP234574.1","Aster semiprostratus","PP234574.1 Aster semiprostratus"
"4280","OQ851327.fasta","OQ851327.1","Asparagus lycopodineus","OQ851327.1 Asparagus lycopodineus"
"4281","PX673854.fasta","PX673854.1","Salvia rosmarinus","PX673854.1 Salvia rosmarinus"
"4282","PV158117.fasta","PV158117.1","Glycyrrhiza eurycarpa","PV158117.1 Glycyrrhiza eurycarpa"
"4283","PV221539.fasta","PV221539.1","Libertia mooreae","PV221539.1 Libertia mooreae"
"4284","PP328780.fasta","PP328780.1","Briza media","PP328780.1 Briza media"
"4285","PZ098391.fasta","PZ098391.1","Melica minuta","PZ098391.1 Melica minuta"
"4286","BK071841.fasta","BK071841.1","Dipterocome pusilla","BK071841.1 Dipterocome pusilla"
"4287","PQ526705.fasta","PQ526705.1","Heteropolygonatum binatifolium","PQ526705.1 Heteropolygonatum binatifolium"
"4288","PX971240.fasta","PX971240.1","Mentha arvensis","PX971240.1 Mentha arvensis"
"4289","PP719685.fasta","PP719685.1","Cardamine fragariifolia","PP719685.1 Cardamine fragariifolia"
"4290","ON929870.fasta","ON929870.1","Kalidium foliatum","ON929870.1 Kalidium foliatum"
"4291","PQ611766.fasta","PQ611766.1","Impatiens platychlaena","PQ611766.1 Impatiens platychlaena"
"4292","PV666616.fasta","PV666616.1","Hibiscus volkensii","PV666616.1 Hibiscus volkensii"
"4293","PP234580.fasta","PP234580.1","Axyris prostrata","PP234580.1 Axyris prostrata"
"4294","PX421529.1.fasta","PX421529.1","Apopellia endiviifolia","PX421529.1 Apopellia endiviifolia"
"4295","PQ539371.fasta","PQ539371.1","Hippocrepis ciliata","PQ539371.1 Hippocrepis ciliata"
"4296","OR783475.fasta","OR783475.1","Belloa kunthiana","OR783475.1 Belloa kunthiana"
"4297","PZ322776.fasta","PZ322776.1","Euphorbia royleana","PZ322776.1 Euphorbia royleana"
"4298","PP336757.fasta","PP336757.1","Globularia bisnagarica","PP336757.1 Globularia bisnagarica"
"4299","PP479685.fasta","PP479685.1","Dendrobium fimbriatum","PP479685.1 Dendrobium fimbriatum"
"4300","OL875068.fasta","OL875068.1","Eremurus regelii","OL875068.1 Eremurus regelii"
"4301","PQ210182.fasta","PQ210182.1","Muscari aucheri","PQ210182.1 Muscari aucheri"
"4302","PV564738.fasta","PV564738.1","Aquilegia bertolonii","PV564738.1 Aquilegia bertolonii"
"4303","PP476489.fasta","PP476489.4","Syagrus oleracea","PP476489.4 Syagrus oleracea"
"4304","PP831694.fasta","PP831694.1","Zehneria scabra","PP831694.1 Zehneria scabra"
"4305","PQ663261.fasta","PQ663261.1","Conyza bonariensis","PQ663261.1 Conyza bonariensis"
"4306","PQ586176.fasta","PQ586176.1","Boswellia bullata","PQ586176.1 Boswellia bullata"
"4307","PP898086.fasta","PP898086.1","Artemisia jilongensis","PP898086.1 Artemisia jilongensis"
"4308","PZ316413.fasta","PZ316413.1","Begonia leprosa","PZ316413.1 Begonia leprosa"
"4309","PV476768.fasta","PV476768.1","Cucumis aculeatus","PV476768.1 Cucumis aculeatus"
"4310","PZ316386.fasta","PZ316386.1","Begonia biflora","PZ316386.1 Begonia biflora"
"4311","PX380660.fasta","PX380660.1","Delphinium gyalanum","PX380660.1 Delphinium gyalanum"
"4312","PP335060.fasta","PP335060.1","Elymus caninus","PP335060.1 Elymus caninus"
"4313","PZ015923.fasta","PZ015923.1","Allium korolkowii","PZ015923.1 Allium korolkowii"
"4314","PV087157.fasta","PV087157.1","Maianthemum stellatum","PV087157.1 Maianthemum stellatum"
"4315","PX251891.fasta","PX251891.1","Aesculus pavia","PX251891.1 Aesculus pavia"
"4316","OR995476.fasta","OR995476.1","Pyrus ussuriensis","OR995476.1 Pyrus ussuriensis"
"4317","PP479719.fasta","PP479719.1","Dendrobium stuposum","PP479719.1 Dendrobium stuposum"
"4318","PX562784.fasta","PX562784.1","Myristica fragrans","PX562784.1 Myristica fragrans"
"4319","PV083610.fasta","PV083610.1","Styrax nunezii","PV083610.1 Styrax nunezii"
"4320","PP175339.fasta","PP175339.1","Stephania hernandiifolia","PP175339.1 Stephania hernandiifolia"
"4321","BK071850.fasta","BK071850.1","Klasea lycopifolia","BK071850.1 Klasea lycopifolia"
"4322","PV794576.fasta","PV794576.1","Pimpinella coriacea","PV794576.1 Pimpinella coriacea"
"4323","PP952491.fasta","PP952491.1","Lycium parishii","PP952491.1 Lycium parishii"
"4324","PV426740.fasta","PV426740.1","Saxifraga oppositifolia","PV426740.1 Saxifraga oppositifolia"
"4325","OQ736728.fasta","OQ736728.1","Hedysarum turkestanicum","OQ736728.1 Hedysarum turkestanicum"
"4326","PX125911.fasta","PX125911.1","Syzygium pseudofastigiatum","PX125911.1 Syzygium pseudofastigiatum"
"4327","PX251231.fasta","PX251231.1","Myrciaria dubia","PX251231.1 Myrciaria dubia"
"4328","PP780911.fasta","PP780911.1","Cardamine leucantha","PP780911.1 Cardamine leucantha"
"4329","MW420947.fasta","MW420947.1","Scutellaria mollis","MW420947.1 Scutellaria mollis"
"4330","OM949932.fasta","OM949932.1","Actinidia fortunatii","OM949932.1 Actinidia fortunatii"
"4331","PQ869155.fasta","PQ869155.1","Dryas octopetala","PQ869155.1 Dryas octopetala"
"4332","PV548680.fasta","PV548680.1","Lappula caespitosa","PV548680.1 Lappula caespitosa"
"4333","PX763903.fasta","PX763903.1","Malus spectabilis","PX763903.1 Malus spectabilis"
"4334","PQ572754.fasta","PQ572754.1","Begonia jingxiensis","PQ572754.1 Begonia jingxiensis"
"4335","PP952499.fasta","PP952499.1","Lycium schweinfurthii","PP952499.1 Lycium schweinfurthii"
"4336","PP541890.fasta","PP541890.1","Rubus hirtus","PP541890.1 Rubus hirtus"
"4337","PV870701.fasta","PV870701.1","Browneopsis ucayalina","PV870701.1 Browneopsis ucayalina"
"4338","PV409671.fasta","PV409671.1","Blandfordia cunninghamii","PV409671.1 Blandfordia cunninghamii"
"4339","PV564765.fasta","PV564765.1","Aquilegia incurvata","PV564765.1 Aquilegia incurvata"
"4340","PV370355.fasta","PV370355.1","Tagetes erecta","PV370355.1 Tagetes erecta"
"4341","PP078860.fasta","PP078860.1","Saposhnikovia divaricata","PP078860.1 Saposhnikovia divaricata"
"4342","PQ777078.fasta","PQ777078.1","Cotoneaster buxifolius","PQ777078.1 Cotoneaster buxifolius"
"4343","PP133738.fasta","PP133738.1","Sonchus palmensis","PP133738.1 Sonchus palmensis"
"4344","PQ834334.fasta","PQ834334.1","Clematis buchananiana","PQ834334.1 Clematis buchananiana"
"4345","OP133588.fasta","OP133588.1","Kopsia arborea","OP133588.1 Kopsia arborea"
"4346","PP178667.fasta","PP178667.1","Garcinia tetralata","PP178667.1 Garcinia tetralata"
"4347","OR896881.fasta","OR896881.1","Laserpitium latifolium","OR896881.1 Laserpitium latifolium"
"4348","PP175355.fasta","PP175355.1","Sedum atratum","PP175355.1 Sedum atratum"
"4349","PV870859.fasta","PV870859.1","Salvia fruticosa","PV870859.1 Salvia fruticosa"
"4350","PX125901.fasta","PX125901.1","Syzygium kuranda","PX125901.1 Syzygium kuranda"
"4351","OR783474.fasta","OR783474.1","Andicolea thuyoides","OR783474.1 Andicolea thuyoides"
"4352","OR783477.fasta","OR783477.1","Gamochaeta capitata","OR783477.1 Gamochaeta capitata"
"4353","PZ239389.fasta","PZ239389.1","Sambucus williamsii","PZ239389.1 Sambucus williamsii"
"4354","PP335065.fasta","PP335065.1","Epilobium palustre","PP335065.1 Epilobium palustre"
"4355","OR565937.fasta","OR565937.1","Paraphlomis strictiflora","OR565937.1 Paraphlomis strictiflora"
"4356","OK509173.fasta","OK509173.1","Rosa filipes","OK509173.1 Rosa filipes"
"4357","OR896900.fasta","OR896900.1","Calendula arvensis","OR896900.1 Calendula arvensis"
"4358","PQ310231.fasta","PQ310231.1","Clausena anisata","PQ310231.1 Clausena anisata"
"4359","PP262133.fasta","PP262133.1","Rhodiola tieghemii","PP262133.1 Rhodiola tieghemii"
"4360","PQ723627.fasta","PQ723627.1","Coelogyne tricallosa","PQ723627.1 Coelogyne tricallosa"
"4361","OR565950.fasta","OR565950.1","Paraphlomis albiflora","OR565950.1 Paraphlomis albiflora"
"4362","PZ130064.fasta","PZ130064.1","Scutellaria colpodea","PZ130064.1 Scutellaria colpodea"
"4363","PX512477.fasta","PX512477.1","Megacarpaea orbiculata","PX512477.1 Megacarpaea orbiculata"
"4364","PP234566.fasta","PP234566.1","Androsace yargongensis","PP234566.1 Androsace yargongensis"
"4365","MT974496.fasta","MT974496.1","Ventilago leiocarpa","MT974496.1 Ventilago leiocarpa"
"4366","ON729381.fasta","ON729381.1","Liquidambar acalycina","ON729381.1 Liquidambar acalycina"
"4367","PX526263.fasta","PX526263.1","Eutrema scapiflorum","PX526263.1 Eutrema scapiflorum"
"4368","PX852198.fasta","PX852198.1","Amorphophallus gigas","PX852198.1 Amorphophallus gigas"
"4369","PP335077.fasta","PP335077.1","Festuca valesiaca","PP335077.1 Festuca valesiaca"
"4370","PX741072.fasta","PX741072.1","Aeschynanthus acuminatus","PX741072.1 Aeschynanthus acuminatus"
"4371","OR601536.fasta","OR601536.1","Potentilla acaulis","OR601536.1 Potentilla acaulis"
"4372","PP897873.fasta","PP897873.1","Iris swensoniana","PP897873.1 Iris swensoniana"
"4373","PP898094.fasta","PP898094.1","Artemisia neosinensis","PP898094.1 Artemisia neosinensis"
"4374","PZ211771.fasta","PZ211771.1","Dioscorea japonica","PZ211771.1 Dioscorea japonica"
"4375","PP622706.fasta","PP622706.1","Veratrum album","PP622706.1 Veratrum album"
"4376","PX733922.fasta","PX733922.1","Leuzea repens","PX733922.1 Leuzea repens"
"4377","OR884991.fasta","OR884991.1","Cotinus coggygria","OR884991.1 Cotinus coggygria"
"4378","PX309517.fasta","PX309517.1","Cymbidium ensifolium","PX309517.1 Cymbidium ensifolium"
"4379","OR909637.fasta","OR909637.1","Hieracium bifidum","OR909637.1 Hieracium bifidum"
"4380","PQ594818.fasta","PQ594818.1","Boswellia serrata","PQ594818.1 Boswellia serrata"
"4381","PP595879.fasta","PP595879.1","Prunus serotina","PP595879.1 Prunus serotina"
"4382","PV423701.1.fasta","PV423701.1","Thalassiosira exigua","PV423701.1 Thalassiosira exigua"
"4383","PV658286.fasta","PV658286.1","Zanthoxylum deremense","PV658286.1 Zanthoxylum deremense"
"4384","PQ619425.fasta","PQ619425.1","Begonia subcoriacea","PQ619425.1 Begonia subcoriacea"
"4385","PQ722560.fasta","PQ722560.1","Morina kokonorica","PQ722560.1 Morina kokonorica"
"4386","PZ098405.fasta","PZ098405.1","Melica scaberrima","PZ098405.1 Melica scaberrima"
"4387","PZ316423.fasta","PZ316423.1","Begonia masoniana","PZ316423.1 Begonia masoniana"
"4388","PX170170.fasta","PX170170.1","Syzygium hedraiophyllum","PX170170.1 Syzygium hedraiophyllum"
"4389","OQ503549.fasta","OQ503549.1","Camellia cuspidata","OQ503549.1 Camellia cuspidata"
"4390","PP697918.fasta","PP697918.1","Lonicera acuminata","PP697918.1 Lonicera acuminata"
"4391","PX130299.fasta","PX130299.1","Syzygium velarum","PX130299.1 Syzygium velarum"
"4392","PQ874749.fasta","PQ874749.1","Clematis pseudopogonandra","PQ874749.1 Clematis pseudopogonandra"
"4393","PX413283.fasta","PX413283.1","Crataegus chlorosarca","PX413283.1 Crataegus chlorosarca"
"4394","PX309523.fasta","PX309523.1","Fagraea ceilanica","PX309523.1 Fagraea ceilanica"
"4395","PV564750.fasta","PV564750.1","Aquilegia cossoniana","PV564750.1 Aquilegia cossoniana"
"4396","OM949899.fasta","OM949899.1","Actinidia polygama","OM949899.1 Actinidia polygama"
"4397","PV748923.fasta","PV748923.1","Sinosenecio chienii","PV748923.1 Sinosenecio chienii"
"4398","PP328787.fasta","PP328787.1","Bromus tectorum","PP328787.1 Bromus tectorum"
"4399","PZ098365.fasta","PZ098365.1","Melica montezumae","PZ098365.1 Melica montezumae"
"4400","PP883917.fasta","PP883917.1","Monnina splendens","PP883917.1 Monnina splendens"
"4401","PV174432.fasta","PV174432.1","Canavalia ensiformis","PV174432.1 Canavalia ensiformis"
"4402","OR896899.fasta","OR896899.1","Buphthalmum salicifolium","OR896899.1 Buphthalmum salicifolium"
"4403","PQ528002.fasta","PQ528002.1","Taihangia rupestris","PQ528002.1 Taihangia rupestris"
"4404","PQ152229.fasta","PQ152229.1","Cousinia rhodantha","PQ152229.1 Cousinia rhodantha"
"4405","ON929850.fasta","ON929850.1","Anabasis pelliotii","ON929850.1 Anabasis pelliotii"
"4406","OM949887.fasta","OM949887.1","Actinidia latifolia","OM949887.1 Actinidia latifolia"
"4407","PZ368383.fasta","PZ368383.1","Oxytropis moellendorffii","PZ368383.1 Oxytropis moellendorffii"
"4408","PP697875.fasta","PP697875.1","Lonicera lanceolata","PP697875.1 Lonicera lanceolata"
"4409","PZ127158.fasta","PZ127158.1","Viola rostrata","PZ127158.1 Viola rostrata"
"4410","PV040735.1.fasta","PV040735.1","Athyrium acutipinnulum","PV040735.1 Athyrium acutipinnulum"
"4411","MW420954.fasta","MW420954.1","Scutellaria moniliorhiza","MW420954.1 Scutellaria moniliorhiza"
"4412","PP963519.fasta","PP963519.1","Gastrochilus prionophyllus","PP963519.1 Gastrochilus prionophyllus"
"4413","OQ091929.fasta","OQ091929.1","Begonia gironellae","OQ091929.1 Begonia gironellae"
"4414","PP883927.fasta","PP883927.1","Monnina sandemanii","PP883927.1 Monnina sandemanii"
"4415","PV564775.fasta","PV564775.1","Aquilegia longissima","PV564775.1 Aquilegia longissima"
"4416","PV424134.fasta","PV424134.1","Tropidia angulosa","PV424134.1 Tropidia angulosa"
"4417","PX136589.fasta","PX136589.1","Plumbago indica","PX136589.1 Plumbago indica"
"4418","PV217815.fasta","PV217815.1","Lindera latifolia","PV217815.1 Lindera latifolia"
"4419","PZ098298.fasta","PZ098298.1","Melica bonariensis","PZ098298.1 Melica bonariensis"
"4420","PV564729.fasta","PV564729.1","Aquilegia amurensis","PV564729.1 Aquilegia amurensis"
"4421","PX427840.fasta","PX427840.1","Fritillaria usuriensis","PX427840.1 Fritillaria usuriensis"
"4422","PV870869.fasta","PV870869.1","Salvia spathacea","PV870869.1 Salvia spathacea"
"4423","PP165046.fasta","PP165046.1","Erucastrum nasturtiifolium","PP165046.1 Erucastrum nasturtiifolium"
"4424","PZ015920.fasta","PZ015920.1","Allium subscabrum","PZ015920.1 Allium subscabrum"
"4425","PV603801.fasta","PV603801.1","Tripidium arundinaceum","PV603801.1 Tripidium arundinaceum"
"4426","PV426732.fasta","PV426732.1","Saxifraga bryoides","PV426732.1 Saxifraga bryoides"
"4427","ON729383.fasta","ON729383.1","Cercidiphyllum japonicum","ON729383.1 Cercidiphyllum japonicum"
"4428","PP216494.fasta","PP216494.1","Pleione arunachalensis","PP216494.1 Pleione arunachalensis"
"4429","PP078680.fasta","PP078680.1","Mazus gracilis","PP078680.1 Mazus gracilis"
"4430","PZ168314.fasta","PZ168314.1","Saxifraga cardiophylla","PZ168314.1 Saxifraga cardiophylla"
"4431","PQ874768.fasta","PQ874768.1","Clematis yui","PQ874768.1 Clematis yui"
"4432","OR565945.fasta","OR565945.1","Matsumurella yangsoensis","OR565945.1 Matsumurella yangsoensis"
"4433","PQ559726.fasta","PQ559726.1","Triosteum aurantiacum","PQ559726.1 Triosteum aurantiacum"
"4434","PX425320.fasta","PX425320.1","Agrimonia gorovoii","PX425320.1 Agrimonia gorovoii"
"4435","PV739433.fasta","PV739433.1","Gazania rigens","PV739433.1 Gazania rigens"
"4436","PP934442.fasta","PP934442.1","Rosa taiwanensis","PP934442.1 Rosa taiwanensis"
"4437","PZ316595.fasta","PZ316595.1","Zinnia elegans","PZ316595.1 Zinnia elegans"
"4438","PV217816.fasta","PV217816.1","Lindera setchuenensis","PV217816.1 Lindera setchuenensis"
"4439","PP190473.fasta","PP190473.1","Coelogyne mandarinorum","PP190473.1 Coelogyne mandarinorum"
"4440","PP078663.fasta","PP078663.1","Syzygium buxifolium","PP078663.1 Syzygium buxifolium"
"4441","OR264229.fasta","OR264229.1","Cinnamomum liangii","OR264229.1 Cinnamomum liangii"
"4442","PP952498.fasta","PP952498.1","Lycium schaffneri","PP952498.1 Lycium schaffneri"
"4443","PQ010083.fasta","PQ010083.1","Heteranthera limosa","PQ010083.1 Heteranthera limosa"
"4444","PQ310507.fasta","PQ310507.1","Myosotis tenericaulis","PQ310507.1 Myosotis tenericaulis"
"4445","PZ188367.fasta","PZ188367.1","Cicer pinnatifidum","PZ188367.1 Cicer pinnatifidum"
"4446","PX833257.fasta","PX833257.1","Amorphophallus maxwellii","PX833257.1 Amorphophallus maxwellii"
"4447","PZ127156.fasta","PZ127156.1","Viola faurieana","PZ127156.1 Viola faurieana"
"4448","PV055143.1.fasta","PV055143.1","Polyopes constrictus","PV055143.1 Polyopes constrictus"
"4449","PX380622.fasta","PX380622.1","Aconitum chrysotrichum","PX380622.1 Aconitum chrysotrichum"
"4450","PQ469702.fasta","PQ469702.1","Spodiopogon cotulifer","PQ469702.1 Spodiopogon cotulifer"
"4451","PX125917.fasta","PX125917.1","Syzygium suborbiculare","PX125917.1 Syzygium suborbiculare"
"4452","ON729366.fasta","ON729366.1","Hamamelis x","ON729366.1 Hamamelis x"
"4453","PZ239408.fasta","PZ239408.1","Syringa emodi","PZ239408.1 Syringa emodi"
"4454","PP595859.fasta","PP595859.1","Prunus himalayana","PP595859.1 Prunus himalayana"
"4455","PQ585782.fasta","PQ585782.1","Lappula microcarpa","PQ585782.1 Lappula microcarpa"
"4456","PX975500.fasta","PX975500.1","Vincetoxicum inamoenum","PX975500.1 Vincetoxicum inamoenum"
"4457","PP541899.fasta","PP541899.1","Primula spectabilis","PP541899.1 Primula spectabilis"
"4458","PX851741.fasta","PX851741.1","Forsskaolea tenacissima","PX851741.1 Forsskaolea tenacissima"
"4459","PV423684.1.fasta","PV423684.1","Stephanodiscus minutulus","PV423684.1 Stephanodiscus minutulus"
"4460","PX427837.fasta","PX427837.1","Fritillaria taipaiensis","PX427837.1 Fritillaria taipaiensis"
"4461","PP809759.fasta","PP809759.1","Aesculus assamica","PP809759.1 Aesculus assamica"
"4462","BK071867.fasta","BK071867.1","Syreitschikovia tenuifolia","BK071867.1 Syreitschikovia tenuifolia"
"4463","OM949937.fasta","OM949937.1","Actinidia hubeiensis","OM949937.1 Actinidia hubeiensis"
"4464","PV192906.fasta","PV192906.1","Epimedium franchetii","PV192906.1 Epimedium franchetii"
"4465","PV621857.fasta","PV621857.1","Halerpestes sarmentosa","PV621857.1 Halerpestes sarmentosa"
"4466","PV356797.fasta","PV356797.1","Dianthus chinensis","PV356797.1 Dianthus chinensis"
"4467","PV480547.fasta","PV480547.1","Vicia lathyroides","PV480547.1 Vicia lathyroides"
"4468","OR995453.fasta","OR995453.1","Pyrus pashia","OR995453.1 Pyrus pashia"
"4469","PX355018.1.fasta","PX355018.1","Callitropsis funebris","PX355018.1 Callitropsis funebris"
"4470","PZ258588.fasta","PZ258588.1","Begonia fagifolia","PZ258588.1 Begonia fagifolia"
"4471","PP335049.fasta","PP335049.1","Dactylis glomerata","PP335049.1 Dactylis glomerata"
"4472","PV613232.fasta","PV613232.1","Conioselinum tataricum","PV613232.1 Conioselinum tataricum"
"4473","PP479746.fasta","PP479746.1","Dendrobium sanderae","PP479746.1 Dendrobium sanderae"
"4474","PQ231090.fasta","PQ231090.1","Paraleonurus chaituroides","PQ231090.1 Paraleonurus chaituroides"
"4475","PV870865.fasta","PV870865.1","Salvia pachyphylla","PV870865.1 Salvia pachyphylla"
"4476","PV564728.fasta","PV564728.1","Aquilegia alpina","PV564728.1 Aquilegia alpina"
"4477","PQ777086.fasta","PQ777086.1","Cotoneaster insolitus","PQ777086.1 Cotoneaster insolitus"
"4478","PX505290.fasta","PX505290.1","Hemiboea liana","PX505290.1 Hemiboea liana"
"4479","OR601519.fasta","OR601519.1","Potentilla multifida","OR601519.1 Potentilla multifida"
"4480","PQ010088.fasta","PQ010088.1","Heteranthera rotundifolia","PQ010088.1 Heteranthera rotundifolia"
"4481","PZ094980.fasta","PZ094980.1","Solanum doddsii","PZ094980.1 Solanum doddsii"
"4482","MW420970.fasta","MW420970.1","Scutellaria ovata","MW420970.1 Scutellaria ovata"
"4483","PP235269.fasta","PP235269.1","Lysimachia insignis","PP235269.1 Lysimachia insignis"
"4484","PV929680.fasta","PV929680.1","Phlomoides anisochila","PV929680.1 Phlomoides anisochila"
"4485","PP484628.fasta","PP484628.1","Gymnadenia nigra","PP484628.1 Gymnadenia nigra"
"4486","OM949929.fasta","OM949929.1","Actinidia umbelloides","OM949929.1 Actinidia umbelloides"
"4487","ON929867.fasta","ON929867.1","Climacoptera subcrassa","ON929867.1 Climacoptera subcrassa"
"4488","PQ010091.fasta","PQ010091.1","Pontederia cyanea","PQ010091.1 Pontederia cyanea"
"4489","PZ098321.fasta","PZ098321.1","Glyceria leptolepis","PZ098321.1 Glyceria leptolepis"
"4490","PP962251.fasta","PP962251.1","Lagenaria abyssinica","PP962251.1 Lagenaria abyssinica"
"4491","PV564768.fasta","PV564768.1","Aquilegia jonesii","PV564768.1 Aquilegia jonesii"
"4492","PX975915.fasta","PX975915.1","Poa badensis","PX975915.1 Poa badensis"
"4493","PV591959.fasta","PV591959.1","Salvia chinensis","PV591959.1 Salvia chinensis"
"4494","PV929843.fasta","PV929843.1","Cercis chuniana","PV929843.1 Cercis chuniana"
"4495","PX170676.fasta","PX170676.1","Rehmannia chrysantha","PX170676.1 Rehmannia chrysantha"
"4496","PQ783626.fasta","PQ783626.1","Brassica tournefortii","PQ783626.1 Brassica tournefortii"
"4497","PX651954.fasta","PX651954.1","Helianthus porteri","PX651954.1 Helianthus porteri"
"4498","PV879952.1.fasta","PV879952.1","Pseudotsuga sinensis","PV879952.1 Pseudotsuga sinensis"
"4499","PX125914.fasta","PX125914.1","Syzygium ridleyi","PX125914.1 Syzygium ridleyi"
"4500","PV867308.fasta","PV867308.1","Oxalis articulata","PV867308.1 Oxalis articulata"
"4501","PP336752.fasta","PP336752.1","Gagea lutea","PP336752.1 Gagea lutea"
"4502","OR909653.fasta","OR909653.1","Jacobaea insubrica","OR909653.1 Jacobaea insubrica"
"4503","PP413696.fasta","PP413696.1","Gynostemma longipes","PP413696.1 Gynostemma longipes"
"4504","AP044107.1.fasta","AP044107.1","Cyanidium caldarium","AP044107.1 Cyanidium caldarium"
"4505","ON929879.fasta","ON929879.1","Suaeda paradoxa","ON929879.1 Suaeda paradoxa"
"4506","PP737350.fasta","PP737350.1","Enkianthus sikokianus","PP737350.1 Enkianthus sikokianus"
"4507","PP234593.fasta","PP234593.1","Triglochin palustris","PP234593.1 Triglochin palustris"
"4508","PP952477.fasta","PP952477.1","Lycium cuneatum","PP952477.1 Lycium cuneatum"
"4509","PP190448.fasta","PP190448.1","Coelogyne rubra","PP190448.1 Coelogyne rubra"
"4510","PP622721.fasta","PP622721.1","Veronica prostrata","PP622721.1 Veronica prostrata"
"4511","PP799047.fasta","PP799047.1","Iris sichuanensis","PP799047.1 Iris sichuanensis"
"4512","PQ605431.fasta","PQ605431.1","Vepris hanangensis","PQ605431.1 Vepris hanangensis"
"4513","PQ539370.fasta","PQ539370.1","Hippocrepis biflora","PQ539370.1 Hippocrepis biflora"
"4514","PQ874729.fasta","PQ874729.1","Clematis kockiana","PQ874729.1 Clematis kockiana"
"4515","PV426762.fasta","PV426762.1","Trichosanthes kirilowii","PV426762.1 Trichosanthes kirilowii"
"4516","PX562783.fasta","PX562783.1","Asparagus meioclados","PX562783.1 Asparagus meioclados"
"4517","PP976090.fasta","PP976090.1","Rosa x","PP976090.1 Rosa x"
"4518","PV870773.fasta","PV870773.1","Argyrolobium transvaalense","PV870773.1 Argyrolobium transvaalense"
"4519","OQ596334.fasta","OQ596334.1","Omphalogramma tibeticum","OQ596334.1 Omphalogramma tibeticum"
"4520","PV138132.fasta","PV138132.1","Helianthus laevigatus","PV138132.1 Helianthus laevigatus"
"4521","PQ468971.fasta","PQ468971.1","Lysionotus sessilifolius","PQ468971.1 Lysionotus sessilifolius"
"4522","PX776211.fasta","PX776211.1","Pedicularis semitorta","PX776211.1 Pedicularis semitorta"
"4523","PP952511.fasta","PP952511.1","Solanum tuberosum","PP952511.1 Solanum tuberosum"
"4524","PP584593.fasta","PP584593.1","Dorstenia contrajerva","PP584593.1 Dorstenia contrajerva"
"4525","PP934438.fasta","PP934438.1","Rosa lucieae","PP934438.1 Rosa lucieae"
"4526","PP335057.fasta","PP335057.1","Digitalis grandiflora","PP335057.1 Digitalis grandiflora"
"4527","PQ576718.fasta","PQ576718.1","Cinnamomum balansae","PQ576718.1 Cinnamomum balansae"
"4528","PV929822.fasta","PV929822.1","Distylium elaeagnoides","PV929822.1 Distylium elaeagnoides"
"4529","PV873135.fasta","PV873135.1","Distylium buxifolium","PV873135.1 Distylium buxifolium"
"4530","PQ874748.fasta","PQ874748.1","Clematis pseudootophora","PQ874748.1 Clematis pseudootophora"
"4531","PP975595.fasta","PP975595.1","Pseudosedum lievenii","PP975595.1 Pseudosedum lievenii"
"4532","PP190468.fasta","PP190468.1","Coelogyne schultesii","PP190468.1 Coelogyne schultesii"
"4533","PV477048.fasta","PV477048.1","Dracaena cambodiana","PV477048.1 Dracaena cambodiana"
"4534","OR166996.fasta","OR166996.1","Stephania kuinanensis","OR166996.1 Stephania kuinanensis"
"4535","PQ576719.fasta","PQ576719.1","Lepidagathis incurva","PQ576719.1 Lepidagathis incurva"
"4536","PV409667.fasta","PV409667.1","Acis autumnalis","PV409667.1 Acis autumnalis"
"4537","PQ874769.fasta","PQ874769.1","Clematis yunnanensis","PQ874769.1 Clematis yunnanensis"
"4538","MT053007.fasta","MT053007.1","Ceiba speciosa","MT053007.1 Ceiba speciosa"
"4539","PP498800.1.fasta","PP498800.1","Ulva linza","PP498800.1 Ulva linza"
"4540","PP056246.fasta","PP056246.1","Saururus chinensis","PP056246.1 Saururus chinensis"
"4541","BK071861.fasta","BK071861.1","Rhaponticoides alpina","BK071861.1 Rhaponticoides alpina"
"4542","PZ094991.fasta","PZ094991.1","Ficus abelii","PZ094991.1 Ficus abelii"
"4543","PX125821.fasta","PX125821.1","Syzygium boonjee","PX125821.1 Syzygium boonjee"
"4544","OR990525.fasta","OR990525.1","Leontodon hispidus","OR990525.1 Leontodon hispidus"
"4545","PQ300635.fasta","PQ300635.1","Phaius mishmensis","PQ300635.1 Phaius mishmensis"
"4546","MW420964.fasta","MW420964.1","Scutellaria parvula","MW420964.1 Scutellaria parvula"
"4547","PP335061.fasta","PP335061.1","Elymus repens","PP335061.1 Elymus repens"
"4548","PZ122809.fasta","PZ122809.1","Stephania macrantha","PZ122809.1 Stephania macrantha"
"4549","PP693370.fasta","PP693370.1","Crepis froelichiana","PP693370.1 Crepis froelichiana"
"4550","PP216493.fasta","PP216493.1","Arundina graminifolia","PP216493.1 Arundina graminifolia"
"4551","PV423724.1.fasta","PV423724.1","Skeletonema menzelii","PV423724.1 Skeletonema menzelii"
"4552","PV231884.1.fasta","PV231884.1","Campylodiscus clypeus","PV231884.1 Campylodiscus clypeus"
"4553","OR935793.fasta","OR935793.1","Fritillaria ferganensis","OR935793.1 Fritillaria ferganensis"
"4554","OR881377.fasta","OR881377.1","Weigela floribunda","OR881377.1 Weigela floribunda"
"4555","PZ138198.fasta","PZ138198.1","Hevea brasiliensis","PZ138198.1 Hevea brasiliensis"
"4556","OR884993.fasta","OR884993.1","Galanthus nivalis","OR884993.1 Galanthus nivalis"
"4557","PX230051.fasta","PX230051.1","Cousinia candicans","PX230051.1 Cousinia candicans"
"4558","PP203125.fasta","PP203125.1","Glechoma hederacea","PP203125.1 Glechoma hederacea"
"4559","PP335067.fasta","PP335067.1","Epipactis atrorubens","PP335067.1 Epipactis atrorubens"
"4560","PX971249.fasta","PX971249.1","Salvia tuerckheimii","PX971249.1 Salvia tuerckheimii"
"4561","PV890574.fasta","PV890574.1","Zephyranthes sarae","PV890574.1 Zephyranthes sarae"
"4562","BK071846.fasta","BK071846.1","Jurinea glycacantha","BK071846.1 Jurinea glycacantha"
"4563","PQ459320.fasta","PQ459320.1","Chimonobambusa montigena","PQ459320.1 Chimonobambusa montigena"
"4564","PX409048.fasta","PX409048.1","Potentilla laevipes","PX409048.1 Potentilla laevipes"
"4565","PV664702.fasta","PV664702.1","Zanthoxylum lindense","PV664702.1 Zanthoxylum lindense"
"4566","OR601525.fasta","OR601525.1","Potentilla chinensis","OR601525.1 Potentilla chinensis"
"4567","PX921620.fasta","PX921620.1","Ehretia acuminata","PX921620.1 Ehretia acuminata"
"4568","ON729365.fasta","ON729365.1","Hamamelis mollis","ON729365.1 Hamamelis mollis"
"4569","PQ533854.fasta","PQ533854.1","Silene cognata","PQ533854.1 Silene cognata"
"4570","PP898097.fasta","PP898097.1","Artemisia smithii","PP898097.1 Artemisia smithii"
"4571","PV087150.fasta","PV087150.1","Eriospermum mackenii","PV087150.1 Eriospermum mackenii"
"4572","PP952482.fasta","PP952482.1","Lycium exsertum","PP952482.1 Lycium exsertum"
"4573","PQ231080.fasta","PQ231080.1","Lagochilus platyacanthus","PQ231080.1 Lagochilus platyacanthus"
"4574","PV200167.fasta","PV200167.1","Pyrola decorata","PV200167.1 Pyrola decorata"
"4575","PQ210186.fasta","PQ210186.1","Muscari matritense","PQ210186.1 Muscari matritense"
"4576","PV658283.fasta","PV658283.1","Zanthoxylum holtzianum","PV658283.1 Zanthoxylum holtzianum"
"4577","PP541860.fasta","PP541860.1","Poa chaixii","PP541860.1 Poa chaixii"
"4578","ON929869.fasta","ON929869.1","Salsola tragus","ON929869.1 Salsola tragus"
"4579","PP203118.fasta","PP203118.1","Gentiana acaulis","PP203118.1 Gentiana acaulis"
"4580","PQ539952.fasta","PQ539952.1","Camellia pitardii","PQ539952.1 Camellia pitardii"
"4581","PX058852.fasta","PX058852.1","Vanilla calyculata","PX058852.1 Vanilla calyculata"
"4582","ON929837.fasta","ON929837.1","Halimocnemis longifolia","ON929837.1 Halimocnemis longifolia"
"4583","PZ266516.fasta","PZ266516.1","Amorphophallus pendulus","PZ266516.1 Amorphophallus pendulus"
"4584","OM948753.fasta","OM948753.1","Androsace limprichtii","OM948753.1 Androsace limprichtii"
"4585","PP680763.fasta","PP680763.1","Asystasia gangetica","PP680763.1 Asystasia gangetica"
"4586","OR990535.fasta","OR990535.1","Pentanema x","OR990535.1 Pentanema x"
"4587","PP165050.fasta","PP165050.1","Kernera saxatilis","PP165050.1 Kernera saxatilis"
"4588","PV464057.fasta","PV464057.1","Vepris sansibarensis","PV464057.1 Vepris sansibarensis"
"4589","OR605724.fasta","OR605724.1","Jasminum beesianum","OR605724.1 Jasminum beesianum"
"4590","PV794591.fasta","PV794591.1","Similisinocarum pimpinellisimulacrum","PV794591.1 Similisinocarum pimpinellisimulacrum"
"4591","PV870671.fasta","PV870671.1","Medicago medicaginoides","PV870671.1 Medicago medicaginoides"
"4592","OL891514.fasta","OL891514.1","Alnus ferdinandi-coburgii","OL891514.1 Alnus ferdinandi-coburgii"
"4593","PP484634.fasta","PP484634.1","Orchis purpurea","PP484634.1 Orchis purpurea"
"4594","PP541896.fasta","PP541896.1","Primula daonensis","PP541896.1 Primula daonensis"
"4595","PV870688.fasta","PV870688.1","Gagnebina commersoniana","PV870688.1 Gagnebina commersoniana"
"4596","PQ777076.fasta","PQ777076.1","Cotoneaster hebephyllus","PQ777076.1 Cotoneaster hebephyllus"
"4597","PV364367.fasta","PV364367.1","Codonopsis viridiflora","PV364367.1 Codonopsis viridiflora"
"4598","PX122074.fasta","PX122074.1","Erythronium albidum","PX122074.1 Erythronium albidum"
"4599","PV870844.fasta","PV870844.1","Antopetitia abyssinica","PV870844.1 Antopetitia abyssinica"
"4600","PV008710.fasta","PV008710.1","Humulus lupulus","PV008710.1 Humulus lupulus"
"4601","PP103315.1.fasta","PP103315.1","Equisetum fluviatile","PP103315.1 Equisetum fluviatile"
"4602","PZ094981.fasta","PZ094981.1","Solanum nigrum","PZ094981.1 Solanum nigrum"
"4603","PV087175.fasta","PV087175.1","Aspidistra fenghuangensis","PV087175.1 Aspidistra fenghuangensis"
"4604","PQ505027.fasta","PQ505027.1","Papilionanthe teres","PQ505027.1 Papilionanthe teres"
"4605","OP837522.fasta","OP837522.1","Swertia speciosa","OP837522.1 Swertia speciosa"
"4606","PQ838415.fasta","PQ838415.1","Paris polyphylla","PQ838415.1 Paris polyphylla"
"4607","PX694243.fasta","PX694243.1","Hibiscus macilwraithensis","PX694243.1 Hibiscus macilwraithensis"
"4608","PQ585784.fasta","PQ585784.1","Lappula stricta","PQ585784.1 Lappula stricta"
"4609","PV870841.fasta","PV870841.1","Holocalyx balansae","PV870841.1 Holocalyx balansae"
"4610","PX125916.fasta","PX125916.1","Syzygium subdecussatum","PX125916.1 Syzygium subdecussatum"
"4611","PX309503.fasta","PX309503.1","Ananas comosus","PX309503.1 Ananas comosus"
"4612","ON929859.fasta","ON929859.1","Salsola pellucida","ON929859.1 Salsola pellucida"
"4613","PP780912.fasta","PP780912.1","Cardamine komarovii","PP780912.1 Cardamine komarovii"
"4614","PQ210196.fasta","PQ210196.1","Scilla siberica","PQ210196.1 Scilla siberica"
"4615","PP262148.fasta","PP262148.1","Rhodiola cretinii","PP262148.1 Rhodiola cretinii"
"4616","PQ010092.fasta","PQ010092.1","Pontederia hastata","PQ010092.1 Pontederia hastata"
"4617","OL804278.fasta","OL804278.1","Peganum multisectum","OL804278.1 Peganum multisectum"
"4618","BK071860.fasta","BK071860.1","Ptilostemon diacanthus","BK071860.1 Ptilostemon diacanthus"
"4619","PX394257.fasta","PX394257.1","Monarda didyma","PX394257.1 Monarda didyma"
"4620","PP336774.fasta","PP336774.1","Limodorum abortivum","PP336774.1 Limodorum abortivum"
"4621","PV069736.fasta","PV069736.1","Beta trojana","PV069736.1 Beta trojana"
"4622","PX501756.fasta","PX501756.1","Cheirostylis pusilla","PX501756.1 Cheirostylis pusilla"
"4623","PQ586437.fasta","PQ586437.1","Chaetoseris hispida","PQ586437.1 Chaetoseris hispida"
"4624","OR884982.fasta","OR884982.1","Aegopodium podagraria","OR884982.1 Aegopodium podagraria"
"4625","PQ533859.fasta","PQ533859.1","Silene wilfordii","PQ533859.1 Silene wilfordii"
"4626","PX244390.fasta","PX244390.1","Dudleya nesiotica","PX244390.1 Dudleya nesiotica"
"4627","OR264246.fasta","OR264246.1","Cinnamomum tonkinense","OR264246.1 Cinnamomum tonkinense"
"4628","PP999726.fasta","PP999726.1","Gelidocalamus rutilans","PP999726.1 Gelidocalamus rutilans"
"4629","PV870678.fasta","PV870678.1","Echinospartum horridum","PV870678.1 Echinospartum horridum"
"4630","PX125960.fasta","PX125960.1","Parasenecio lanpingensis","PX125960.1 Parasenecio lanpingensis"
"4631","PP965698.fasta","PP965698.1","Rhodiola discolor","PP965698.1 Rhodiola discolor"
"4632","PV564741.fasta","PV564741.1","Aquilegia buergeriana","PV564741.1 Aquilegia buergeriana"
"4633","PQ539372.fasta","PQ539372.1","Lotus conjugatus","PQ539372.1 Lotus conjugatus"
"4634","PV564786.fasta","PV564786.1","Aquilegia pubiflora","PV564786.1 Aquilegia pubiflora"
"4635","PP889298.fasta","PP889298.1","Quercus variabilis","PP889298.1 Quercus variabilis"
"4636","PX049137.fasta","PX049137.1","Veronica longifolia","PX049137.1 Veronica longifolia"
"4637","PP541856.fasta","PP541856.1","Plantago atrata","PP541856.1 Plantago atrata"
"4638","PZ286360.fasta","PZ286360.1","Chrysosplenium insularis","PZ286360.1 Chrysosplenium insularis"
"4639","PP316510.fasta","PP316510.1","Alchemilla monticola","PP316510.1 Alchemilla monticola"
"4640","PV929691.fasta","PV929691.1","Myriophyllum verticillatum","PV929691.1 Myriophyllum verticillatum"
"4641","PV684032.fasta","PV684032.1","Oxytropis hirta","PV684032.1 Oxytropis hirta"
"4642","PV946886.fasta","PV946886.1","Tournefortia sibirica","PV946886.1 Tournefortia sibirica"
"4643","OR992045.1.fasta","OR992045.1","Hydrolithon boergesenii","OR992045.1 Hydrolithon boergesenii"
"4644","PZ348028.fasta","PZ348028.1","Malus rockii","PZ348028.1 Malus rockii"
"4645","PX427815.fasta","PX427815.1","Fritillaria anhuiensis","PX427815.1 Fritillaria anhuiensis"
"4646","OL891516.fasta","OL891516.1","Alnus x","OL891516.1 Alnus x"
"4647","PX975920.fasta","PX975920.1","Poa palustris","PX975920.1 Poa palustris"
"4648","PV243805.fasta","PV243805.1","Ajuga lupulina","PV243805.1 Ajuga lupulina"
"4649","PV276168.fasta","PV276168.1","Casearia mollis","PV276168.1 Casearia mollis"
"4650","PZ258597.fasta","PZ258597.1","Begonia variifolia","PZ258597.1 Begonia variifolia"
"4651","PQ456187.fasta","PQ456187.1","Fraxinus pennsylvanica","PQ456187.1 Fraxinus pennsylvanica"
"4652","PP565780.fasta","PP565780.1","Populus wilsonii","PP565780.1 Populus wilsonii"
"4653","ON729344.fasta","ON729344.1","Mytilaria laosensis","ON729344.1 Mytilaria laosensis"
"4654","PX694264.fasta","PX694264.1","Hibiscus cannabinus","PX694264.1 Hibiscus cannabinus"
"4655","OR783470.fasta","OR783470.1","Chevreulia acuminata","OR783470.1 Chevreulia acuminata"
"4656","LC915730.fasta","LC915730.1","Cenchrus americanus","LC915730.1 Cenchrus americanus"
"4657","PV613224.fasta","PV613224.1","Conioselinum reflexum","PV613224.1 Conioselinum reflexum"
"4658","PV423688.1.fasta","PV423688.1","Skeletonema grethae","PV423688.1 Skeletonema grethae"
"4659","PQ591739.1.fasta","PQ591739.1","Lygodium circinatum","PQ591739.1 Lygodium circinatum"
"4660","PV564755.fasta","PV564755.1","Aquilegia elegantula","PV564755.1 Aquilegia elegantula"
"4661","PX380630.fasta","PX380630.1","Aconitum kongboense","PX380630.1 Aconitum kongboense"
"4662","PX831860.fasta","PX831860.1","Lilium papilliferum","PX831860.1 Lilium papilliferum"
"4663","PV747498.fasta","PV747498.1","Vincetoxicum bungei","PV747498.1 Vincetoxicum bungei"
"4664","PV548694.fasta","PV548694.1","Lappula deserticola","PV548694.1 Lappula deserticola"
"4665","PP541861.fasta","PP541861.1","Poa compressa","PP541861.1 Poa compressa"
"4666","OR712481.fasta","OR712481.1","Schoepfia schreberi","OR712481.1 Schoepfia schreberi"
"4667","PV870796.fasta","PV870796.1","Ulex europaeus","PV870796.1 Ulex europaeus"
"4668","BK070972.fasta","BK070972.1","Erigeron muirii","BK070972.1 Erigeron muirii"
"4669","PP693041.fasta","PP693041.1","Ferula communis","PP693041.1 Ferula communis"
"4670","PX380671.fasta","PX380671.1","Delphinium tatsienense","PX380671.1 Delphinium tatsienense"
"4671","PQ874733.fasta","PQ874733.1","Clematis mae","PQ874733.1 Clematis mae"
"4672","OQ835381.fasta","OQ835381.1","Sinocarum schizopetalum","OQ835381.1 Sinocarum schizopetalum"
"4673","PX763818.fasta","PX763818.1","Malus halliana","PX763818.1 Malus halliana"
"4674","PQ576490.fasta","PQ576490.1","Dendrobium nobile","PQ576490.1 Dendrobium nobile"
"4675","PQ763538.fasta","PQ763538.1","Dendrosicyos socotranus","PQ763538.1 Dendrosicyos socotranus"
"4676","OL891512.fasta","OL891512.1","Alnus rhombifolia","OL891512.1 Alnus rhombifolia"
"4677","PX795008.fasta","PX795008.1","Elymus breviaristatus","PX795008.1 Elymus breviaristatus"
"4678","PV083618.fasta","PV083618.1","Styrax portoricensis","PV083618.1 Styrax portoricensis"
"4679","PV870822.fasta","PV870822.1","Lessertia frutescens","PV870822.1 Lessertia frutescens"
"4680","PQ766598.fasta","PQ766598.1","Aizoon canariense","PQ766598.1 Aizoon canariense"
"4681","PQ300640.fasta","PQ300640.1","Phaius wenshanensis","PQ300640.1 Phaius wenshanensis"
"4682","PP336771.fasta","PP336771.1","Ligustrum vulgare","PP336771.1 Ligustrum vulgare"
"4683","PV929844.fasta","PV929844.1","Callicarpa nudiflora","PV929844.1 Callicarpa nudiflora"
"4684","PZ324722.fasta","PZ324722.1","Drosophyllum lusitanicum","PZ324722.1 Drosophyllum lusitanicum"
"4685","PV870676.fasta","PV870676.1","Bobgunnia madagascariensis","PV870676.1 Bobgunnia madagascariensis"
"4686","PQ874753.fasta","PQ874753.1","Clematis rubifolia","PQ874753.1 Clematis rubifolia"
"4687","PV548682.fasta","PV548682.1","Lepechiniella alatavica","PV548682.1 Lepechiniella alatavica"
"4688","PX130304.fasta","PX130304.1","Syzygium alliiligneum","PX130304.1 Syzygium alliiligneum"
"4689","PP328795.fasta","PP328795.1","Circaea alpina","PP328795.1 Circaea alpina"
"4690","OR935789.fasta","OR935789.1","Fritillaria bucharica","OR935789.1 Fritillaria bucharica"
"4691","PX170254.1.fasta","PX170254.1","Davallia trichomanoides","PX170254.1 Davallia trichomanoides"
"4692","PX309502.fasta","PX309502.1","Alstroemeria aurea","PX309502.1 Alstroemeria aurea"
"4693","PX999255.fasta","PX999255.1","Astragalus degensis","PX999255.1 Astragalus degensis"
"4694","PX406250.fasta","PX406250.1","Iris barbatula","PX406250.1 Iris barbatula"
"4695","PP190933.fasta","PP190933.1","Stellaria graminea","PP190933.1 Stellaria graminea"
"4696","PX108617.fasta","PX108617.1","Syzygium antisepticum","PX108617.1 Syzygium antisepticum"
"4697","ON729387.fasta","ON729387.1","Daphniphyllum calycinum","ON729387.1 Daphniphyllum calycinum"
"4698","PX694260.fasta","PX694260.1","Talipariti hamabo","PX694260.1 Talipariti hamabo"
"4699","PZ095200.fasta","PZ095200.1","Nothofagus alessandri","PZ095200.1 Nothofagus alessandri"
"4700","PV054327.fasta","PV054327.1","Elymus uralensis","PV054327.1 Elymus uralensis"
"4701","PQ591738.1.fasta","PQ591738.1","Lygodium flexuosum","PQ591738.1 Lygodium flexuosum"
"4702","PV870738.fasta","PV870738.1","Aphanocalyx obscurus","PV870738.1 Aphanocalyx obscurus"
"4703","PQ834332.fasta","PQ834332.1","Clematis brachyura","PQ834332.1 Clematis brachyura"
"4704","PV600640.fasta","PV600640.1","Mentha aquatica","PV600640.1 Mentha aquatica"
"4705","PX427827.fasta","PX427827.1","Fritillaria maximowiczii","PX427827.1 Fritillaria maximowiczii"
"4706","PP622694.fasta","PP622694.1","Soldanella alpina","PP622694.1 Soldanella alpina"
"4707","PX686335.fasta","PX686335.1","Anemonastrum imbricatum","PX686335.1 Anemonastrum imbricatum"
"4708","ON729362.fasta","ON729362.1","Ostrearia australiana","ON729362.1 Ostrearia australiana"
"4709","PP235260.fasta","PP235260.1","Lysimachia fanii","PP235260.1 Lysimachia fanii"
"4710","PX367280.fasta","PX367280.1","Melocanna baccifera","PX367280.1 Melocanna baccifera"
"4711","PQ851672.fasta","PQ851672.1","Brachybotrys paridiformis","PQ851672.1 Brachybotrys paridiformis"
"4712","OR990553.fasta","OR990553.1","Tragopogon dubius","OR990553.1 Tragopogon dubius"
"4713","PV454982.fasta","PV454982.1","Tetrastigma serrulatum","PV454982.1 Tetrastigma serrulatum"
"4714","OR565942.fasta","OR565942.1","Paraphlomis caloneura","OR565942.1 Paraphlomis caloneura"
"4715","PV601297.fasta","PV601297.1","Salvia bucharica","PV601297.1 Salvia bucharica"
"4716","OR896883.fasta","OR896883.1","Maianthemum bifolium","OR896883.1 Maianthemum bifolium"
"4717","PV426737.fasta","PV426737.1","Saxifraga hostii","PV426737.1 Saxifraga hostii"
"4718","PX776076.fasta","PX776076.1","Veronica ciliata","PX776076.1 Veronica ciliata"
"4719","PP465454.fasta","PP465454.1","Quercus thorelii","PP465454.1 Quercus thorelii"
"4720","PZ381391.fasta","PZ381391.1","Stemona parviflora","PZ381391.1 Stemona parviflora"
"4721","PV221542.fasta","PV221542.1","Libertia sessiliflora","PV221542.1 Libertia sessiliflora"
"4722","BK071857.fasta","BK071857.1","Phalacrachena inuloides","BK071857.1 Phalacrachena inuloides"
"4723","PP190460.fasta","PP190460.1","Glomera acutiflora","PP190460.1 Glomera acutiflora"
"4724","PP541877.fasta","PP541877.1","Ranunculus carinthiacus","PP541877.1 Ranunculus carinthiacus"
"4725","PX125825.fasta","PX125825.1","Syzygium chloranthum","PX125825.1 Syzygium chloranthum"
"4726","OR881380.fasta","OR881380.1","Weigela subsessilis","OR881380.1 Weigela subsessilis"
"4727","PP262143.fasta","PP262143.1","Rhodiola quadrifida","PP262143.1 Rhodiola quadrifida"
"4728","ON729385.fasta","ON729385.1","Daphniphyllum oldhamii","ON729385.1 Daphniphyllum oldhamii"
"4729","PQ221484.fasta","PQ221484.1","Diospyros blancoi","PQ221484.1 Diospyros blancoi"
"4730","OQ091927.fasta","OQ091927.1","Begonia chloroneura","OQ091927.1 Begonia chloroneura"
"4731","PX683780.fasta","PX683780.1","Helianthus neglectus","PX683780.1 Helianthus neglectus"
"4732","PQ591760.fasta","PQ591760.1","Cinnamomum longepaniculatum","PQ591760.1 Cinnamomum longepaniculatum"
"4733","OR565920.fasta","OR565920.1","Paraphlomis albida","OR565920.1 Paraphlomis albida"
"4734","PV366311.fasta","PV366311.1","Indocalamus longiauritus","PV366311.1 Indocalamus longiauritus"
"4735","PV640850.fasta","PV640850.1","Odontostemma rockii","PV640850.1 Odontostemma rockii"
"4736","MT053000.fasta","MT053000.1","Adansonia gregorii","MT053000.1 Adansonia gregorii"
"4737","PV364611.fasta","PV364611.1","Aconitum violaceum","PV364611.1 Aconitum violaceum"
"4738","PX648173.fasta","PX648173.1","Anoectochilus nandanensis","PX648173.1 Anoectochilus nandanensis"
"4739","PX326348.fasta","PX326348.1","Echeveria pulidonis","PX326348.1 Echeveria pulidonis"
"4740","PP078688.fasta","PP078688.1","Mollugo verticillata","PP078688.1 Mollugo verticillata"
"4741","PP976091.fasta","PP976091.1","Rosa cymosa","PP976091.1 Rosa cymosa"
"4742","ON929873.fasta","ON929873.1","Bassia prostrata","ON929873.1 Bassia prostrata"
"4743","PX694267.fasta","PX694267.1","Alcea rosea","PX694267.1 Alcea rosea"
"4744","PP541873.fasta","PP541873.1","Prunus spinosa","PP541873.1 Prunus spinosa"
"4745","PP541862.fasta","PP541862.1","Poa nemoralis","PP541862.1 Poa nemoralis"
"4746","MW785255.fasta","MW785255.1","Areca vestiaria","MW785255.1 Areca vestiaria"
"4747","PX396023.fasta","PX396023.1","Syzygium wilsonii","PX396023.1 Syzygium wilsonii"
"4748","PQ580734.fasta","PQ580734.1","Lappula redowskii","PQ580734.1 Lappula redowskii"
"4749","PP648240.fasta","PP648240.1","Prunus hypoxantha","PP648240.1 Prunus hypoxantha"
"4750","PZ239409.fasta","PZ239409.1","Syringa amurensis","PZ239409.1 Syringa amurensis"
"4751","PV839637.fasta","PV839637.1","Coptis wawushanensis","PV839637.1 Coptis wawushanensis"
"4752","PX130372.fasta","PX130372.1","Syzygium tawahense","PX130372.1 Syzygium tawahense"
"4753","PV553479.fasta","PV553479.1","Endlicheria arenosa","PV553479.1 Endlicheria arenosa"
"4754","PX508261.fasta","PX508261.1","Corethrodendron scoparium","PX508261.1 Corethrodendron scoparium"
"4755","PP897860.fasta","PP897860.1","Iris iberica","PP897860.1 Iris iberica"
"4756","PV555994.fasta","PV555994.1","Vepris simplicifolia","PV555994.1 Vepris simplicifolia"
"4757","PP328815.fasta","PP328815.1","Vicia sepium","PP328815.1 Vicia sepium"
"4758","PV870800.fasta","PV870800.1","Eutaxia microphylla","PV870800.1 Eutaxia microphylla"
"4759","PV564760.fasta","PV564760.1","Aquilegia fragrans","PV564760.1 Aquilegia fragrans"
"4760","OQ503552.fasta","OQ503552.1","Camellia tsaii","OQ503552.1 Camellia tsaii"
"4761","PZ094988.fasta","PZ094988.1","Ficus adhatodifolia","PZ094988.1 Ficus adhatodifolia"
"4762","PQ010076.fasta","PQ010076.1","Pontederia meyeri","PQ010076.1 Pontederia meyeri"
"4763","PQ551018.fasta","PQ551018.1","Tongoloa taeniophylla","PQ551018.1 Tongoloa taeniophylla"
"4764","PV870778.fasta","PV870778.1","Indigofera tinctoria","PV870778.1 Indigofera tinctoria"
"4765","PP898075.fasta","PP898075.1","Artemisia fulgens","PP898075.1 Artemisia fulgens"
"4766","PZ369843.fasta","PZ369843.1","Phyllolobium chinense","PZ369843.1 Phyllolobium chinense"
"4767","PP316504.fasta","PP316504.1","Aconitum tauricum","PP316504.1 Aconitum tauricum"
"4768","PZ098368.fasta","PZ098368.1","Melica mollis","PZ098368.1 Melica mollis"
"4769","OQ549891.fasta","OQ549891.1","Styrax obassis","OQ549891.1 Styrax obassis"
"4770","PQ459324.fasta","PQ459324.1","Chimonobambusa paucispinosa","PQ459324.1 Chimonobambusa paucispinosa"
"4771","PV786079.fasta","PV786079.1","Chionographis chinensis","PV786079.1 Chionographis chinensis"
"4772","PP479734.fasta","PP479734.1","Dendrobium gratiosissimum","PP479734.1 Dendrobium gratiosissimum"
"4773","OR565964.fasta","OR565964.1","Matsumurella tuberifera","OR565964.1 Matsumurella tuberifera"
"4774","PX833250.fasta","PX833250.1","Malus baccata","PX833250.1 Malus baccata"
"4775","PP056251.fasta","PP056251.1","Symplocos stellaris","PP056251.1 Symplocos stellaris"
"4776","PV870828.fasta","PV870828.1","Gueldenstaedtia guangxiensis","PV870828.1 Gueldenstaedtia guangxiensis"
"4777","PV564744.fasta","PV564744.1","Aquilegia wittmanniana","PV564744.1 Aquilegia wittmanniana"
"4778","OR978441.fasta","OR978441.1","Impatiens yingjingensis","OR978441.1 Impatiens yingjingensis"
"4779","PQ585765.fasta","PQ585765.1","Lappula myosotis","PQ585765.1 Lappula myosotis"
"4780","PP078665.fasta","PP078665.1","Morella rubra","PP078665.1 Morella rubra"
"4781","PP883900.fasta","PP883900.1","Monnina subspeciosa","PP883900.1 Monnina subspeciosa"
"4782","PP272172.fasta","PP272172.1","Pinguicula leptoceras","PP272172.1 Pinguicula leptoceras"
"4783","PZ015912.fasta","PZ015912.1","Allium atrosanguineum","PZ015912.1 Allium atrosanguineum"
"4784","PQ300637.fasta","PQ300637.1","Phaius tancarvilleae","PQ300637.1 Phaius tancarvilleae"
"4785","PP203132.fasta","PP203132.1","Quercus pubescens","PP203132.1 Quercus pubescens"
"4786","LC919526.fasta","LC919526.1","Colocasia esculenta","LC919526.1 Colocasia esculenta"
"4787","PV744399.fasta","PV744399.1","Rosa lasiosepala","PV744399.1 Rosa lasiosepala"
"4788","PV221543.fasta","PV221543.1","Libertia chilensis","PV221543.1 Libertia chilensis"
"4789","PZ369839.fasta","PZ369839.1","Hedysarum longigynophorum","PZ369839.1 Hedysarum longigynophorum"
"4790","PX396020.fasta","PX396020.1","Syzygium syzygioides","PX396020.1 Syzygium syzygioides"
"4791","PV870680.fasta","PV870680.1","Cytisus filipes","PV870680.1 Cytisus filipes"
"4792","PQ533855.fasta","PQ533855.1","Silene coronaria","PQ533855.1 Silene coronaria"
"4793","MW683064.fasta","MW683064.1","Impatiens cyathiflora","MW683064.1 Impatiens cyathiflora"
"4794","PP328778.fasta","PP328778.1","Bartsia alpina","PP328778.1 Bartsia alpina"
"4795","OR896905.fasta","OR896905.1","Carduus personata","OR896905.1 Carduus personata"
"4796","BK071843.fasta","BK071843.1","Echinops ritro","BK071843.1 Echinops ritro"
"4797","PX828358.fasta","PX828358.1","Stelis pauciflora","PX828358.1 Stelis pauciflora"
"4798","PP165066.fasta","PP165066.1","Sagina procumbens","PP165066.1 Sagina procumbens"
"4799","PX438801.fasta","PX438801.1","Anadenanthera colubrina","PX438801.1 Anadenanthera colubrina"
"4800","PX112152.fasta","PX112152.1","Pilea sinofasciata","PX112152.1 Pilea sinofasciata"
"4801","PZ316403.fasta","PZ316403.1","Begonia fimbristipula","PZ316403.1 Begonia fimbristipula"
"4802","PP078677.fasta","PP078677.1","Hydrangea viburnoides","PP078677.1 Hydrangea viburnoides"
"4803","PX508951.fasta","PX508951.1","Zingiber ottensii","PX508951.1 Zingiber ottensii"
"4804","PQ472917.fasta","PQ472917.1","Drepanostachyum fractiflexum","PQ472917.1 Drepanostachyum fractiflexum"
"4805","PQ493654.fasta","PQ493654.1","Artocarpus tamaran","PQ493654.1 Artocarpus tamaran"
"4806","PV938953.fasta","PV938953.1","Actinostemma tenerum","PV938953.1 Actinostemma tenerum"
"4807","PX512363.1.fasta","PX512363.1","Scinaia huismanii","PX512363.1 Scinaia huismanii"
"4808","PV870780.fasta","PV870780.1","Oxylobium robustum","PV870780.1 Oxylobium robustum"
"4809","PQ551054.fasta","PQ551054.1","Tongoloa stewardii","PQ551054.1 Tongoloa stewardii"
"4810","OP651896.fasta","OP651896.1","Heritiera fomes","OP651896.1 Heritiera fomes"
"4811","PV472660.fasta","PV472660.1","Withania japonica","PV472660.1 Withania japonica"
"4812","PV423702.1.fasta","PV423702.1","Cyclostephanos invisitatus","PV423702.1 Cyclostephanos invisitatus"
"4813","PV870672.fasta","PV870672.1","Alhagi sparsifolia","PV870672.1 Alhagi sparsifolia"
"4814","OR995418.fasta","OR995418.1","Lindleya mespiloides","OR995418.1 Lindleya mespiloides"
"4815","PV817888.fasta","PV817888.1","Allium ochotense","PV817888.1 Allium ochotense"
"4816","PZ098607.fasta","PZ098607.1","Glyceria alnasteretum","PZ098607.1 Glyceria alnasteretum"
"4817","PP336763.fasta","PP336763.1","Helleborus niger","PP336763.1 Helleborus niger"
"4818","PQ632088.fasta","PQ632088.1","Aegilops speltoides","PQ632088.1 Aegilops speltoides"
"4819","PV752465.fasta","PV752465.1","Daphne pseudomezereum","PV752465.1 Daphne pseudomezereum"
"4820","OP531908.fasta","OP531908.1","Nyctanthes arbor-tristis","OP531908.1 Nyctanthes arbor-tristis"
"4821","PV712659.fasta","PV712659.1","Lepidium perfoliatum","PV712659.1 Lepidium perfoliatum"
"4822","ON729346.fasta","ON729346.1","Disanthus cercidifolius","ON729346.1 Disanthus cercidifolius"
"4823","PQ468976.fasta","PQ468976.1","Lysionotus serratus","PQ468976.1 Lysionotus serratus"
"4824","PP328788.fasta","PP328788.1","Calamagrostis epigejos","PP328788.1 Calamagrostis epigejos"
"4825","PP897866.fasta","PP897866.1","Iris sari","PP897866.1 Iris sari"
"4826","PV794605.fasta","PV794605.1","Spuriopimpinella brachystyla","PV794605.1 Spuriopimpinella brachystyla"
"4827","PV243281.fasta","PV243281.1","Camellia shangshii","PV243281.1 Camellia shangshii"
"4828","PP336765.fasta","PP336765.1","Hordeum murinum","PP336765.1 Hordeum murinum"
"4829","PV219191.fasta","PV219191.1","Ceratophyllum demersum","PV219191.1 Ceratophyllum demersum"
"4830","PX058849.fasta","PX058849.1","Vanilla pompona","PX058849.1 Vanilla pompona"
"4831","PP681667.fasta","PP681667.1","Oligostachyum heterophyllum","PP681667.1 Oligostachyum heterophyllum"
"4832","PP697929.fasta","PP697929.1","Lonicera reticulata","PP697929.1 Lonicera reticulata"
"4833","PX712069.fasta","PX712069.1","Codonopsis javanica","PX712069.1 Codonopsis javanica"
"4834","PX309541.fasta","PX309541.1","Talinum paniculatum","PX309541.1 Talinum paniculatum"
"4835","PP234555.fasta","PP234555.1","Delphinium tangkulaense","PP234555.1 Delphinium tangkulaense"
"4836","PQ835022.fasta","PQ835022.1","Lycium ningxiaense","PQ835022.1 Lycium ningxiaense"
"4837","PV192927.fasta","PV192927.1","Ajuga turkestanica","PV192927.1 Ajuga turkestanica"
"4838","PX309518.fasta","PX309518.1","Dracaena elliptica","PX309518.1 Dracaena elliptica"
"4839","PP979523.1.fasta","PP979523.1","Didymogenes soliella","PP979523.1 Didymogenes soliella"
"4840","MT762166.fasta","MT762166.1","Polygala fallax","MT762166.1 Polygala fallax"
"4841","OQ736730.fasta","OQ736730.1","Hedysarum baldshuanicum","OQ736730.1 Hedysarum baldshuanicum"
"4842","PX939970.fasta","PX939970.1","Medicago archiducis-nicolai","PX939970.1 Medicago archiducis-nicolai"
"4843","PQ310508.fasta","PQ310508.1","Myosotis traversii","PQ310508.1 Myosotis traversii"
"4844","PZ316439.fasta","PZ316439.1","Begonia santos-limae","PZ316439.1 Begonia santos-limae"
"4845","OL875069.fasta","OL875069.1","Eremurus roseolus","OL875069.1 Eremurus roseolus"
"4846","OP133584.fasta","OP133584.1","Ceropegia nilotica","OP133584.1 Ceropegia nilotica"
"4847","PQ874731.fasta","PQ874731.1","Clematis kweichowensis","PQ874731.1 Clematis kweichowensis"
"4848","PP622697.fasta","PP622697.1","Thalictrum foetidum","PP622697.1 Thalictrum foetidum"
"4849","PZ169284.fasta","PZ169284.1","Scutellaria multicaulis","PZ169284.1 Scutellaria multicaulis"
"4850","ON729353.fasta","ON729353.1","Corylopsis multiflora","ON729353.1 Corylopsis multiflora"
"4851","OR972716.fasta","OR972716.1","Rubus corchorifolius","OR972716.1 Rubus corchorifolius"
"4852","OR995439.fasta","OR995439.1","Pyrus dimorphophylla","OR995439.1 Pyrus dimorphophylla"
"4853","PV564740.fasta","PV564740.1","Aquilegia brevistyla","PV564740.1 Aquilegia brevistyla"
"4854","BK070409.1.fasta","BK070409.1","Dictyota falklandica","BK070409.1 Dictyota falklandica"
"4855","PP622690.fasta","PP622690.1","Scrophularia nodosa","PP622690.1 Scrophularia nodosa"
"4856","PZ015922.fasta","PZ015922.1","Allium turkestanicum","PZ015922.1 Allium turkestanicum"
"4857","PP622685.fasta","PP622685.1","Saxifraga paniculata","PP622685.1 Saxifraga paniculata"
"4858","PQ240605.fasta","PQ240605.1","Cousinia proxima","PQ240605.1 Cousinia proxima"
"4859","PX057650.fasta","PX057650.1","Argentina leuconota","PX057650.1 Argentina leuconota"
"4860","PX797483.fasta","PX797483.1","Buchanania cochinchinensis","PX797483.1 Buchanania cochinchinensis"
"4861","PX240024.fasta","PX240024.1","Boehmeria nivea","PX240024.1 Boehmeria nivea"
"4862","PP952461.fasta","PP952461.1","Lycium acutifolium","PP952461.1 Lycium acutifolium"
"4863","PP484639.fasta","PP484639.1","Papaver rhoeas","PP484639.1 Papaver rhoeas"
"4864","PX289723.fasta","PX289723.1","Hordeum vulgare","PX289723.1 Hordeum vulgare"
"4865","PQ010073.fasta","PQ010073.1","Pontederia crassipes","PQ010073.1 Pontederia crassipes"
"4866","PP942372.fasta","PP942372.1","Gastrochilus obovatifolius","PP942372.1 Gastrochilus obovatifolius"
"4867","PV256541.fasta","PV256541.1","Fraxinus velutina","PV256541.1 Fraxinus velutina"
"4868","PP595835.fasta","PP595835.1","Prunus subhirtella","PP595835.1 Prunus subhirtella"
"4869","PX694238.fasta","PX694238.1","Bombycidendron vidalianum","PX694238.1 Bombycidendron vidalianum"
"4870","PQ469841.fasta","PQ469841.1","Baccaurea ramiflora","PQ469841.1 Baccaurea ramiflora"
"4871","PP336772.fasta","PP336772.1","Lilium bulbiferum","PP336772.1 Lilium bulbiferum"
"4872","PV423731.1.fasta","PV423731.1","Roundia cardiophora","PV423731.1 Roundia cardiophora"
"4873","PP898089.fasta","PP898089.1","Artemisia yongii","PP898089.1 Artemisia yongii"
"4874","OR264232.fasta","OR264232.1","Cinnamomum micranthum","OR264232.1 Cinnamomum micranthum"
"4875","PP078666.fasta","PP078666.1","Trachelospermum axillare","PP078666.1 Trachelospermum axillare"
"4876","OR264227.fasta","OR264227.1","Cinnamomum jensenianum","OR264227.1 Cinnamomum jensenianum"
"4877","ON729377.fasta","ON729377.1","Liquidambar yunnanensis","ON729377.1 Liquidambar yunnanensis"
"4878","PQ276659.fasta","PQ276659.1","Lithocarpus grandifolius","PQ276659.1 Lithocarpus grandifolius"
"4879","PQ632084.fasta","PQ632084.1","Triticum timopheevii","PQ632084.1 Triticum timopheevii"
"4880","OR995438.fasta","OR995438.1","Pyrus cossonii","OR995438.1 Pyrus cossonii"
"4881","PV423680.1.fasta","PV423680.1","Thalassiosira ordinaria","PV423680.1 Thalassiosira ordinaria"
"4882","PZ137525.fasta","PZ137525.1","Stephania epigaea","PZ137525.1 Stephania epigaea"
"4883","PQ835439.fasta","PQ835439.1","Phrynium tonkinense","PQ835439.1 Phrynium tonkinense"
"4884","PV487828.fasta","PV487828.1","Phyla nodiflora","PV487828.1 Phyla nodiflora"
"4885","PQ653532.fasta","PQ653532.1","Ainsliaea erectifolia","PQ653532.1 Ainsliaea erectifolia"
"4886","PQ362383.fasta","PQ362383.1","Elymus uzbekistanicus","PQ362383.1 Elymus uzbekistanicus"
"4887","PP465455.fasta","PP465455.1","Quercus championii","PP465455.1 Quercus championii"
"4888","PQ412530.fasta","PQ412530.1","Orbea sprengeri","PQ412530.1 Orbea sprengeri"
"4889","PZ101804.fasta","PZ101804.1","Mosla hangchowensis","PZ101804.1 Mosla hangchowensis"
"4890","PZ098617.fasta","PZ098617.1","Melica nitens","PZ098617.1 Melica nitens"
"4891","OR264210.fasta","OR264210.1","Alseodaphnopsis petiolaris","OR264210.1 Alseodaphnopsis petiolaris"
"4892","PZ098614.fasta","PZ098614.1","Glyceria septentrionalis","PZ098614.1 Glyceria septentrionalis"
"4893","PV944217.fasta","PV944217.1","Adenophora pinifolia","PV944217.1 Adenophora pinifolia"
"4894","OR701859.fasta","OR701859.1","Elsholtzia blanda","OR701859.1 Elsholtzia blanda"
"4895","PQ774309.fasta","PQ774309.1","Lysimachia thyrsiflora","PQ774309.1 Lysimachia thyrsiflora"
"4896","PZ098303.fasta","PZ098303.1","Melica chilensis","PZ098303.1 Melica chilensis"
"4897","PX230047.fasta","PX230047.1","Cousinia spryginii","PX230047.1 Cousinia spryginii"
"4898","OR521100.fasta","OR521100.1","Elatostema caulialatum","OR521100.1 Elatostema caulialatum"
"4899","PV487599.fasta","PV487599.1","Rosa forrestiana","PV487599.1 Rosa forrestiana"
"4900","CP157865.fasta","CP157865.1","Oryza meyeriana","CP157865.1 Oryza meyeriana"
"4901","OP133579.fasta","OP133579.1","Gymnema latifolium","OP133579.1 Gymnema latifolium"
"4902","PV564746.fasta","PV564746.1","Aquilegia chrysantha","PV564746.1 Aquilegia chrysantha"
"4903","PZ098286.fasta","PZ098286.1","Melica paulsenii","PZ098286.1 Melica paulsenii"
"4904","PP190941.fasta","PP190941.1","Argyrolobium zanonii","PP190941.1 Argyrolobium zanonii"
"4905","OM640187.fasta","OM640187.1","Ligustrum ovalifolium","OM640187.1 Ligustrum ovalifolium"
"4906","PP979517.1.fasta","PP979517.1","Masaia oloidia","PP979517.1 Masaia oloidia"
"4907","PX125912.fasta","PX125912.1","Syzygium pustulatum","PX125912.1 Syzygium pustulatum"
"4908","OQ851313.fasta","OQ851313.1","Asparagus longiflorus","OQ851313.1 Asparagus longiflorus"
"4909","PZ316383.fasta","PZ316383.1","Begonia austroguangxiensis","PZ316383.1 Begonia austroguangxiensis"
"4910","PQ144623.fasta","PQ144623.1","Dalbergia matthewii","PQ144623.1 Dalbergia matthewii"
"4911","PX752862.fasta","PX752862.1","Iris cariciformis","PX752862.1 Iris cariciformis"
"4912","PP078689.fasta","PP078689.1","Gardneria multiflora","PP078689.1 Gardneria multiflora"
"4913","PV219395.fasta","PV219395.1","Xerophyta retinervis","PV219395.1 Xerophyta retinervis"
"4914","PX125900.fasta","PX125900.1","Syzygium johnsonii","PX125900.1 Syzygium johnsonii"
"4915","PX804860.fasta","PX804860.1","Lycium chinense","PX804860.1 Lycium chinense"
"4916","PX130726.fasta","PX130726.1","Parnassia rhombipetala","PX130726.1 Parnassia rhombipetala"
"4917","PX309524.fasta","PX309524.1","Gardenia jasminoides","PX309524.1 Gardenia jasminoides"
"4918","PQ210174.fasta","PQ210174.1","Muscari racemosum","PQ210174.1 Muscari racemosum"
"4919","PQ576487.fasta","PQ576487.1","Dendrobium draconis","PQ576487.1 Dendrobium draconis"
"4920","PX243412.fasta","PX243412.1","Clematis terniflora","PX243412.1 Clematis terniflora"
"4921","PV276193.fasta","PV276193.1","Asparagus cochinchinensis","PV276193.1 Asparagus cochinchinensis"
"4922","PV476682.fasta","PV476682.1","Platostoma palustre","PV476682.1 Platostoma palustre"
"4923","PP479729.fasta","PP479729.1","Dendrobium wangliangii","PP479729.1 Dendrobium wangliangii"
"4924","PX130303.fasta","PX130303.1","Syzygium acre","PX130303.1 Syzygium acre"
"4925","OR712473.fasta","OR712473.1","Dulacia candida","OR712473.1 Dulacia candida"
"4926","PP979516.1.fasta","PP979516.1","Closteriopsis acicularis","PP979516.1 Closteriopsis acicularis"
"4927","PV548681.fasta","PV548681.1","Lappula sericata","PV548681.1 Lappula sericata"
"4928","PX406256.fasta","PX406256.1","Iris reticulata","PX406256.1 Iris reticulata"
"4929","ON929863.fasta","ON929863.1","Sympegma regelii","ON929863.1 Sympegma regelii"
"4930","PV870747.fasta","PV870747.1","Berlinia brazzavillensis","PV870747.1 Berlinia brazzavillensis"
"4931","PV976825.fasta","PV976825.1","Melocalamus arrectus","PV976825.1 Melocalamus arrectus"
"4932","PQ535232.fasta","PQ535232.1","Melanoxylum brauna","PQ535232.1 Melanoxylum brauna"
"4933","OQ503591.fasta","OQ503591.1","Camellia crassicolumna","OQ503591.1 Camellia crassicolumna"
"4934","OM949927.fasta","OM949927.1","Actinidia holotricha","OM949927.1 Actinidia holotricha"
"4935","PZ316392.fasta","PZ316392.1","Begonia cleopatrae","PZ316392.1 Begonia cleopatrae"
"4936","PP857829.1.fasta","PP857829.1","Ulnaria ulna","PP857829.1 Ulnaria ulna"
"4937","PZ282110.fasta","PZ282110.1","Inula grandis","PZ282110.1 Inula grandis"
"4938","OR909636.fasta","OR909636.1","Hieracium atratum","OR909636.1 Hieracium atratum"
"4939","PX309532.fasta","PX309532.1","Manihot esculenta","PX309532.1 Manihot esculenta"
"4940","PZ226321.1.fasta","PZ226321.1","Chiharaea americana","PZ226321.1 Chiharaea americana"
"4941","PV640848.fasta","PV640848.1","Odontostemma weissianum","PV640848.1 Odontostemma weissianum"
"4942","PQ571150.fasta","PQ571150.1","Liparis brunnea","PQ571150.1 Liparis brunnea"
"4943","OR492287.fasta","OR492287.1","Polygonatum hirtellum","OR492287.1 Polygonatum hirtellum"
"4944","MW785258.fasta","MW785258.1","Areca catechu","MW785258.1 Areca catechu"
"4945","PP056260.fasta","PP056260.1","Camellia fraterna","PP056260.1 Camellia fraterna"
"4946","PV870748.fasta","PV870748.1","Kanaloa kahoolawensis","PV870748.1 Kanaloa kahoolawensis"
"4947","PP952504.fasta","PP952504.1","Nicotiana attenuata","PP952504.1 Nicotiana attenuata"
"4948","PV798115.fasta","PV798115.1","Cryptocoryne tirtadinatae","PV798115.1 Cryptocoryne tirtadinatae"
"4949","PV548707.fasta","PV548707.1","Lappula krylovii","PV548707.1 Lappula krylovii"
"4950","PX710723.fasta","PX710723.1","Amorphophallus mossambicensis","PX710723.1 Amorphophallus mossambicensis"
"4951","PV564787.fasta","PV564787.1","Aquilegia reuteri","PV564787.1 Aquilegia reuteri"
"4952","PV294935.fasta","PV294935.1","Mouriri elliptica","PV294935.1 Mouriri elliptica"
"4953","PX910299.fasta","PX910299.1","Anaphalis hookeri","PX910299.1 Anaphalis hookeri"
"4954","PV564737.fasta","PV564737.1","Aquilegia barykinae","PV564737.1 Aquilegia barykinae"
"4955","PX926898.fasta","PX926898.1","Plectranthus ecklonii","PX926898.1 Plectranthus ecklonii"
"4956","OR995416.fasta","OR995416.1","Cydonia oblonga","OR995416.1 Cydonia oblonga"
"4957","PV684027.fasta","PV684027.1","Oxytropis aciphylla","PV684027.1 Oxytropis aciphylla"
"4958","PX390200.fasta","PX390200.1","Vigna unguiculata","PX390200.1 Vigna unguiculata"
"4959","PV177938.fasta","PV177938.1","Xerophyta sessiliflora","PV177938.1 Xerophyta sessiliflora"
"4960","PV870827.fasta","PV870827.1","Apios americana","PV870827.1 Apios americana"
"4961","PP541881.fasta","PP541881.1","Reseda lutea","PP541881.1 Reseda lutea"
"4962","PX648175.fasta","PX648175.1","Anoectochilus burmannicus","PX648175.1 Anoectochilus burmannicus"
"4963","PZ168338.fasta","PZ168338.1","Cissampelos pareira","PZ168338.1 Cissampelos pareira"
"4964","PP999730.fasta","PP999730.1","Gelidocalamus xunwuensis","PP999730.1 Gelidocalamus xunwuensis"
"4965","PX118598.fasta","PX118598.1","Isatis indigotica","PX118598.1 Isatis indigotica"
"4966","PQ742996.fasta","PQ742996.1","Cotoneaster salicifolius","PQ742996.1 Cotoneaster salicifolius"
"4967","PZ239415.fasta","PZ239415.1","Syringa tigerstedtii","PZ239415.1 Syringa tigerstedtii"
"4968","PV153498.fasta","PV153498.1","Platanus kerrii","PV153498.1 Platanus kerrii"
"4969","OR995444.fasta","OR995444.1","Pyrus syriaca","OR995444.1 Pyrus syriaca"
"4970","PX648185.fasta","PX648185.1","Anoectochilus roxburghii","PX648185.1 Anoectochilus roxburghii"
"4971","OQ570474.fasta","OQ570474.1","Seseli asperulum","OQ570474.1 Seseli asperulum"
"4972","PP313080.fasta","PP313080.1","Psittacanthus sonorae","PP313080.1 Psittacanthus sonorae"
"4973","PV221549.fasta","PV221549.1","Libertia peregrinans","PV221549.1 Libertia peregrinans"
"4974","OR754287.fasta","OR754287.1","Pachycereus pringlei","OR754287.1 Pachycereus pringlei"
"4975","PP479692.fasta","PP479692.1","Dendrobium bicameratum","PP479692.1 Dendrobium bicameratum"
"4976","OM949904.fasta","OM949904.1","Actinidia henryi","OM949904.1 Actinidia henryi"
"4977","OR909635.fasta","OR909635.1","Hieracium amplexicaule","OR909635.1 Hieracium amplexicaule"
"4978","PX436092.fasta","PX436092.1","Echeveria prolifica","PX436092.1 Echeveria prolifica"
"4979","MW420968.fasta","MW420968.1","Scutellaria franchetiana","MW420968.1 Scutellaria franchetiana"
"4980","MW829277.fasta","MW829277.1","Ardisia crispa","MW829277.1 Ardisia crispa"
"4981","PV870765.fasta","PV870765.1","Lotononis involucrata","PV870765.1 Lotononis involucrata"
"4982","PP622698.fasta","PP622698.1","Thalictrum lucidum","PP622698.1 Thalictrum lucidum"
"4983","PQ899000.fasta","PQ899000.1","Alniaria alnifolia","PQ899000.1 Alniaria alnifolia"
"4984","PX516262.fasta","PX516262.1","Eleutherine bulbosa","PX516262.1 Eleutherine bulbosa"
"4985","BK071831.fasta","BK071831.1","Carlina corymbosa","BK071831.1 Carlina corymbosa"
"4986","PX230056.fasta","PX230056.1","Cousinia botschantzevii","PX230056.1 Cousinia botschantzevii"
"4987","PP056242.fasta","PP056242.1","Persicaria hastatosagittata","PP056242.1 Persicaria hastatosagittata"
"4988","PQ639303.fasta","PQ639303.1","Iris nicolai","PQ639303.1 Iris nicolai"
"4989","PV870787.fasta","PV870787.1","Daviesia villifera","PV870787.1 Daviesia villifera"
"4990","ON929836.fasta","ON929836.1","Iljinia regelii","ON929836.1 Iljinia regelii"
"4991","OR264235.fasta","OR264235.1","Cinnamomum parthenoxylon","OR264235.1 Cinnamomum parthenoxylon"
"4992","OR990527.fasta","OR990527.1","Scorzoneroides autumnalis","OR990527.1 Scorzoneroides autumnalis"
"4993","PP622719.fasta","PP622719.1","Veronica fruticans","PP622719.1 Veronica fruticans"
"4994","PV426729.fasta","PV426729.1","Saxifraga androsacea","PV426729.1 Saxifraga androsacea"
"4995","PX130314.fasta","PX130314.1","Syzygium conglomeratum","PX130314.1 Syzygium conglomeratum"
"4996","MW483095.fasta","MW483095.1","Epimedium trifoliolatobinatum","MW483095.1 Epimedium trifoliolatobinatum"
"4997","PV138184.fasta","PV138184.1","Thyrocarpus sampsonii","PV138184.1 Thyrocarpus sampsonii"
"4998","PX371942.1.fasta","PX371942.1","Lobocharacium coloradoense","PX371942.1 Lobocharacium coloradoense"
"4999","PV335044.fasta","PV335044.1","Xerophyta splendens","PV335044.1 Xerophyta splendens"
"5000","PZ235491.fasta","PZ235491.1","Amorphophallus hewitii","PZ235491.1 Amorphophallus hewitii"
"5001","PX125828.fasta","PX125828.1","Syzygium dansiei","PX125828.1 Syzygium dansiei"
"5002","PX108620.fasta","PX108620.1","Syzygium armstrongii","PX108620.1 Syzygium armstrongii"
"5003","PV243854.fasta","PV243854.1","Salvia trijuga","PV243854.1 Salvia trijuga"
"5004","PZ122807.fasta","PZ122807.1","Stephania brachyandra","PZ122807.1 Stephania brachyandra"
"5005","PZ094992.fasta","PZ094992.1","Ficus periptera","PZ094992.1 Ficus periptera"
"5006","PZ369837.fasta","PZ369837.1","Astragalus scaberrimus","PZ369837.1 Astragalus scaberrimus"
"5007","OP133590.fasta","OP133590.1","Kopsia hainanensis","OP133590.1 Kopsia hainanensis"
"5008","OR783473.fasta","OR783473.1","Leysera tenella","OR783473.1 Leysera tenella"
"5009","OM948757.fasta","OM948757.1","Androsace sublanata","OM948757.1 Androsace sublanata"
"5010","OR605726.fasta","OR605726.1","Jasminum angulare","OR605726.1 Jasminum angulare"
"5011","PX130326.fasta","PX130326.1","Syzygium guillauminii","PX130326.1 Syzygium guillauminii"
"5012","PP328797.fasta","PP328797.1","Clematis recta","PP328797.1 Clematis recta"
"5013","PV365187.fasta","PV365187.1","Echinochloa colona","PV365187.1 Echinochloa colona"
"5014","OR995445.fasta","OR995445.1","Pyrus hondoensis","OR995445.1 Pyrus hondoensis"
"5015","PP190464.fasta","PP190464.1","Coelogyne alba","PP190464.1 Coelogyne alba"
"5016","PX223807.fasta","PX223807.1","Clematis aristata","PX223807.1 Clematis aristata"
"5017","PQ197389.fasta","PQ197389.1","Photinia beauverdiana","PQ197389.1 Photinia beauverdiana"
"5018","OR605725.fasta","OR605725.1","Jasminum dispermum","OR605725.1 Jasminum dispermum"
"5019","PV231885.1.fasta","PV231885.1","Plagiotropis lepidoptera","PV231885.1 Plagiotropis lepidoptera"
"5020","PP796443.fasta","PP796443.1","Saxifraga yangshuoensis","PP796443.1 Saxifraga yangshuoensis"
"5021","PV553474.fasta","PV553474.1","Kubitzkia mezii","PV553474.1 Kubitzkia mezii"
"5022","PP234554.fasta","PP234554.1","Saussurea wellbyi","PP234554.1 Saussurea wellbyi"
"5023","PQ594815.fasta","PQ594815.1","Morus mongolica","PQ594815.1 Morus mongolica"
"5024","PQ551056.fasta","PQ551056.1","Trachydium variabile","PQ551056.1 Trachydium variabile"
"5025","PP979521.1.fasta","PP979521.1","Chlorella sorokiniana","PP979521.1 Chlorella sorokiniana"
"5026","PP056234.fasta","PP056234.1","Hygrophila ringens","PP056234.1 Hygrophila ringens"
"5027","PQ605430.fasta","PQ605430.1","Vepris lanceolata","PQ605430.1 Vepris lanceolata"
"5028","OR565912.fasta","OR565912.1","Leucas mollissima","OR565912.1 Leucas mollissima"
"5029","PP595842.fasta","PP595842.1","Prunus brachypoda","PP595842.1 Prunus brachypoda"
"5030","PV870669.fasta","PV870669.1","Caragana halodendron","PV870669.1 Caragana halodendron"
"5031","PX694262.fasta","PX694262.1","Hibiscus moscheutos","PX694262.1 Hibiscus moscheutos"
"5032","PX776209.fasta","PX776209.1","Pedicularis batangensis","PX776209.1 Pedicularis batangensis"
"5033","PZ095206.fasta","PZ095206.1","Turpinia arguta","PZ095206.1 Turpinia arguta"
"5034","OR264217.fasta","OR264217.1","Camphora bodinieri","OR264217.1 Camphora bodinieri"
"5035","PQ877658.fasta","PQ877658.1","Impatiens piufanensis","PQ877658.1 Impatiens piufanensis"
"5036","OL852088.fasta","OL852088.1","Eremurus chinensis","OL852088.1 Eremurus chinensis"
"5037","BK071450.fasta","BK071450.1","Dirca occidentalis","BK071450.1 Dirca occidentalis"
"5038","OR159810.fasta","OR159810.1","Dalbergia gardneriana","OR159810.1 Dalbergia gardneriana"
"5039","PP098463.fasta","PP098463.1","Cenchrus purpurascens","PP098463.1 Cenchrus purpurascens"
"5040","PX230055.fasta","PX230055.1","Cousinia campylaraphis","PX230055.1 Cousinia campylaraphis"
"5041","BK071835.fasta","BK071835.1","Chardinia orientalis","BK071835.1 Chardinia orientalis"
"5042","OR159822.fasta","OR159822.1","Dalbergia lakhonensis","OR159822.1 Dalbergia lakhonensis"
"5043","OR832752.fasta","OR832752.1","Pterospermum kingtungense","OR832752.1 Pterospermum kingtungense"
"5044","OR946454.fasta","OR946454.1","Magnolia martini","OR946454.1 Magnolia martini"
"5045","OR896906.fasta","OR896906.1","Carduus pycnocephalus","OR896906.1 Carduus pycnocephalus"
"5046","MW420938.fasta","MW420938.1","Scutellaria heterophylla","MW420938.1 Scutellaria heterophylla"
"5047","PX503656.fasta","PX503656.1","Liquidambar formosana","PX503656.1 Liquidambar formosana"
"5048","OL852095.fasta","OL852095.1","Eremurus olgae","OL852095.1 Eremurus olgae"
"5049","OR995443.fasta","OR995443.1","Pyrus fauriei","OR995443.1 Pyrus fauriei"
"5050","PQ874715.fasta","PQ874715.1","Clematis grewiiflora","PQ874715.1 Clematis grewiiflora"
"5051","PX130313.fasta","PX130313.1","Syzygium cleistocalyx","PX130313.1 Syzygium cleistocalyx"
"5052","PZ168867.fasta","PZ168867.1","Euphorbia resinifera","PZ168867.1 Euphorbia resinifera"
"5053","PX409050.fasta","PX409050.1","Potentilla schmakovii","PX409050.1 Potentilla schmakovii"
"5054","PQ728896.fasta","PQ728896.1","Sarcandra glabra","PQ728896.1 Sarcandra glabra"
"5055","PP531564.fasta","PP531564.1","Acronema astrantiifolium","PP531564.1 Acronema astrantiifolium"
"5056","PQ784118.fasta","PQ784118.1","Primula pelargoniifolia","PQ784118.1 Primula pelargoniifolia"
"5057","PZ316387.fasta","PZ316387.1","Begonia bogneri","PZ316387.1 Begonia bogneri"
"5058","PV553467.fasta","PV553467.1","Urbanodendron verrucosum","PV553467.1 Urbanodendron verrucosum"
"5059","PQ231098.fasta","PQ231098.1","Leonurus turkestanicus","PQ231098.1 Leonurus turkestanicus"
"5060","PP595847.fasta","PP595847.1","Prunus ferganensis","PP595847.1 Prunus ferganensis"
"5061","PQ443460.fasta","PQ443460.1","Phryma leptostachya","PQ443460.1 Phryma leptostachya"
"5062","PX309522.fasta","PX309522.1","Excoecaria cochinchinensis","PX309522.1 Excoecaria cochinchinensis"
"5063","OM948764.fasta","OM948764.1","Androsace incana","OM948764.1 Androsace incana"
"5064","OM640188.fasta","OM640188.1","Ligustrum quihoui","OM640188.1 Ligustrum quihoui"
"5065","PV423697.1.fasta","PV423697.1","Thalassiosira hispida","PV423697.1 Thalassiosira hispida"
"5066","PP336768.fasta","PP336768.1","Lathraea squamaria","PP336768.1 Lathraea squamaria"
"5067","PX697006.fasta","PX697006.1","Croton bonplandianus","PX697006.1 Croton bonplandianus"
"5068","PQ571145.fasta","PQ571145.1","Crepidium purpureum","PQ571145.1 Crepidium purpureum"
"5069","OQ503618.fasta","OQ503618.1","Camellia costata","OQ503618.1 Camellia costata"
"5070","PQ874741.fasta","PQ874741.1","Clematis occidentalis","PQ874741.1 Clematis occidentalis"
"5071","PP531545.fasta","PP531545.1","Acronema tenerum","PP531545.1 Acronema tenerum"
"5072","OQ029586.fasta","OQ029586.1","Begonia heracleifolia","OQ029586.1 Begonia heracleifolia"
"5073","PX776205.fasta","PX776205.1","Pedicularis decorissima","PX776205.1 Pedicularis decorissima"
"5074","PV870825.fasta","PV870825.1","Adenolobus garipensis","PV870825.1 Adenolobus garipensis"
"5075","PV684024.fasta","PV684024.1","Oxytropis ochrantha","PV684024.1 Oxytropis ochrantha"
"5076","PZ123182.fasta","PZ123182.1","Phoenix dactylifera","PZ123182.1 Phoenix dactylifera"
"5077","PP165071.fasta","PP165071.1","Lonicera xylosteum","PP165071.1 Lonicera xylosteum"
"5078","ON929875.fasta","ON929875.1","Grubovia dasyphylla","ON929875.1 Grubovia dasyphylla"
"5079","PQ539378.fasta","PQ539378.1","Lotus tetragonolobus","PQ539378.1 Lotus tetragonolobus"
"5080","PQ180372.fasta","PQ180372.1","Chaiturus marrubiastrum","PQ180372.1 Chaiturus marrubiastrum"
"5081","PX923121.fasta","PX923121.1","Coleus amboinicus","PX923121.1 Coleus amboinicus"
"5082","PV487597.fasta","PV487597.1","Rosa glomerata","PV487597.1 Rosa glomerata"
"5083","PQ720777.fasta","PQ720777.1","Cenchrus fungigraminus","PQ720777.1 Cenchrus fungigraminus"
"5084","PP484609.fasta","PP484609.1","Linum catharticum","PP484609.1 Linum catharticum"
"5085","PX802351.fasta","PX802351.1","Jasminum mesnyi","PX802351.1 Jasminum mesnyi"
"5086","PZ094985.fasta","PZ094985.1","Ficus aurea","PZ094985.1 Ficus aurea"
"5087","PQ516712.fasta","PQ516712.1","Primula purdomii","PQ516712.1 Primula purdomii"
"5088","PP975597.fasta","PP975597.1","Rhodiola forrestii","PP975597.1 Rhodiola forrestii"
"5089","PZ098627.fasta","PZ098627.1","Melica argyrea","PZ098627.1 Melica argyrea"
"5090","PP697934.fasta","PP697934.1","Lonicera chrysantha","PP697934.1 Lonicera chrysantha"
"5091","PP541853.fasta","PP541853.1","Phleum pratense","PP541853.1 Phleum pratense"
"5092","PV137603.fasta","PV137603.1","Schweinfurthia imbricata","PV137603.1 Schweinfurthia imbricata"
"5093","BK071849.fasta","BK071849.1","Karvandarina cartilaginea","BK071849.1 Karvandarina cartilaginea"
"5094","PV870867.fasta","PV870867.1","Salvia saccardiana","PV870867.1 Salvia saccardiana"
"5095","PP975609.fasta","PP975609.1","Rhodiola serrata","PP975609.1 Rhodiola serrata"
"5096","OM961047.fasta","OM961047.1","Goodyera foliosa","OM961047.1 Goodyera foliosa"
"5097","PP744563.fasta","PP744563.1","Solanum ensifolium","PP744563.1 Solanum ensifolium"
"5098","PZ369836.fasta","PZ369836.1","Astragalus psilosepalus","PZ369836.1 Astragalus psilosepalus"
"5099","PP083687.fasta","PP083687.1","Cladopus doianus","PP083687.1 Cladopus doianus"
"5100","PQ246280.fasta","PQ246280.1","Clematis danxiacola","PQ246280.1 Clematis danxiacola"
"5101","PP272179.fasta","PP272179.1","Stachys sylvatica","PP272179.1 Stachys sylvatica"
"5102","PQ351923.fasta","PQ351923.1","Allium listera","PQ351923.1 Allium listera"
"5103","OM949921.fasta","OM949921.1","Actinidia laevissima","OM949921.1 Actinidia laevissima"
"5104","PP165058.fasta","PP165058.1","Petrorhagia prolifera","PP165058.1 Petrorhagia prolifera"
"5105","OM949896.fasta","OM949896.1","Actinidia valvata","OM949896.1 Actinidia valvata"
"5106","PQ472913.fasta","PQ472913.1","Chimonocalamus delicatus","PQ472913.1 Chimonocalamus delicatus"
"5107","OR972718.fasta","OR972718.1","Rubus occidentalis","OR972718.1 Rubus occidentalis"
"5108","PQ638732.fasta","PQ638732.1","Xanthium strumarium","PQ638732.1 Xanthium strumarium"
"5109","PQ068691.fasta","PQ068691.1","Bredia repens","PQ068691.1 Bredia repens"
"5110","PV929577.fasta","PV929577.1","Lemna aequinoctialis","PV929577.1 Lemna aequinoctialis"
"5111","PV083620.fasta","PV083620.1","Styrax subargenteus","PV083620.1 Styrax subargenteus"
"5112","PX380636.fasta","PX380636.1","Aconitum ludlowii","PX380636.1 Aconitum ludlowii"
"5113","PQ759906.fasta","PQ759906.1","Pedicularis flava","PQ759906.1 Pedicularis flava"
"5114","PV739060.fasta","PV739060.1","Mappianthus iodoides","PV739060.1 Mappianthus iodoides"
"5115","PZ098399.fasta","PZ098399.1","Melica virgata","PZ098399.1 Melica virgata"
"5116","PZ094841.fasta","PZ094841.1","Acanthophyllum aculeatum","PZ094841.1 Acanthophyllum aculeatum"
"5117","PP952501.fasta","PP952501.1","Lycium tenuispinosum","PP952501.1 Lycium tenuispinosum"
"5118","BK071829.fasta","BK071829.1","Cardopatium corymbosum","BK071829.1 Cardopatium corymbosum"
"5119","PQ874751.fasta","PQ874751.1","Clematis ranunculoides","PQ874751.1 Clematis ranunculoides"
"5120","PX503672.fasta","PX503672.1","Haastia pulvinaris","PX503672.1 Haastia pulvinaris"
"5121","PV472656.fasta","PV472656.1","Withania heterophylla","PV472656.1 Withania heterophylla"
"5122","PQ874754.fasta","PQ874754.1","Clematis rutoides","PQ874754.1 Clematis rutoides"
"5123","PZ122812.fasta","PZ122812.1","Stephania dolichopoda","PZ122812.1 Stephania dolichopoda"
"5124","OQ549889.fasta","OQ549889.1","Styrax confusus","OQ549889.1 Styrax confusus"
"5125","PX501763.fasta","PX501763.1","Oxyria digyna","PX501763.1 Oxyria digyna"
"5126","OR264228.fasta","OR264228.1","Cinnamomum kotoense","OR264228.1 Cinnamomum kotoense"
"5127","PV564796.fasta","PV564796.1","Aquilegia turczaninovii","PV564796.1 Aquilegia turczaninovii"
"5128","PP165052.fasta","PP165052.1","Knautia velutina","PP165052.1 Knautia velutina"
"5129","PX752860.fasta","PX752860.1","Iris probstii","PX752860.1 Iris probstii"
"5130","OQ503595.fasta","OQ503595.1","Camellia grandibracteata","OQ503595.1 Camellia grandibracteata"
"5131","PP811668.fasta","PP811668.1","Cypripedium japonicum","PP811668.1 Cypripedium japonicum"
"5132","PQ523295.fasta","PQ523295.1","Atraphaxis pungens","PQ523295.1 Atraphaxis pungens"
"5133","OR521101.fasta","OR521101.1","Elatostema heterolobum","OR521101.1 Elatostema heterolobum"
"5134","PX549448.fasta","PX549448.1","Peucedanum tongkangense","PX549448.1 Peucedanum tongkangense"
"5135","PV578468.fasta","PV578468.1","Toona fargesii","PV578468.1 Toona fargesii"
"5136","PX309528.fasta","PX309528.1","Ilex cornuta","PX309528.1 Ilex cornuta"
"5137","PV476769.fasta","PV476769.1","Cucumis dipsaceus","PV476769.1 Cucumis dipsaceus"
"5138","PX119161.fasta","PX119161.1","Indocalamus pseudosinicus","PX119161.1 Indocalamus pseudosinicus"
"5139","PP531561.fasta","PP531561.1","Acronema muscicola","PP531561.1 Acronema muscicola"
"5140","PP203120.fasta","PP203120.1","Gentiana cruciata","PP203120.1 Gentiana cruciata"
"5141","OL891515.fasta","OL891515.1","Alnus serrulata","OL891515.1 Alnus serrulata"
"5142","PZ316381.fasta","PZ316381.1","Begonia ampla","PZ316381.1 Begonia ampla"
"5143","OR565962.fasta","OR565962.1","Paraphlomis albotomentosa","OR565962.1 Paraphlomis albotomentosa"
"5144","PQ539375.fasta","PQ539375.1","Lotus hirsutus","PQ539375.1 Lotus hirsutus"
"5145","PV564791.fasta","PV564791.1","Aquilegia sibirica","PV564791.1 Aquilegia sibirica"
"5146","PP078669.fasta","PP078669.1","Stemona sessilifolia","PP078669.1 Stemona sessilifolia"
"5147","PZ098311.fasta","PZ098311.1","Schizachne purpurascens","PZ098311.1 Schizachne purpurascens"
"5148","PV600761.fasta","PV600761.1","Angelica acutiloba","PV600761.1 Angelica acutiloba"
"5149","PX130308.fasta","PX130308.1","Syzygium ampullarium","PX130308.1 Syzygium ampullarium"
"5150","OL875070.fasta","OL875070.1","Eremurus lactiflorus","OL875070.1 Eremurus lactiflorus"
"5151","MW029458.fasta","MW029458.1","Reevesia thyrsoidea","MW029458.1 Reevesia thyrsoidea"
"5152","PQ821705.fasta","PQ821705.1","Trollius micranthus","PQ821705.1 Trollius micranthus"
"5153","OR884994.fasta","OR884994.1","Heracleum mantegazzianum","OR884994.1 Heracleum mantegazzianum"
"5154","PV262343.fasta","PV262343.1","Thermopsis alpina","PV262343.1 Thermopsis alpina"
"5155","OR865887.fasta","OR865887.1","Sanicula langaoensis","OR865887.1 Sanicula langaoensis"
"5156","OR565934.fasta","OR565934.1","Paraphlomis intermedia","OR565934.1 Paraphlomis intermedia"
"5157","PV870839.fasta","PV870839.1","Nogra guangxiensis","PV870839.1 Nogra guangxiensis"
"5158","OQ549901.fasta","OQ549901.1","Styrax agrestis","OQ549901.1 Styrax agrestis"
"5159","PP595867.fasta","PP595867.1","Prunus incisoserrata","PP595867.1 Prunus incisoserrata"
"5160","PP952480.fasta","PP952480.1","Lycium densifolium","PP952480.1 Lycium densifolium"
"5161","PP976093.fasta","PP976093.1","Rosa virginiana","PP976093.1 Rosa virginiana"
"5162","AP044085.1.fasta","AP044085.1","Cyanidiococcus yangmingshanensis","AP044085.1 Cyanidiococcus yangmingshanensis"
"5163","OR884989.fasta","OR884989.1","Chaerophyllum aureum","OR884989.1 Chaerophyllum aureum"
"5164","PX316520.fasta","PX316520.1","Ajania sericea","PX316520.1 Ajania sericea"
"5165","PX694255.fasta","PX694255.1","Talipariti elatum","PX694255.1 Talipariti elatum"
"5166","PV426746.fasta","PV426746.1","Saxifraga vandellii","PV426746.1 Saxifraga vandellii"
"5167","OR350450.fasta","OR350450.1","Lilium apertum","OR350450.1 Lilium apertum"
"5168","PP541869.fasta","PP541869.1","Potentilla aurea","PP541869.1 Potentilla aurea"
"5169","PP346778.fasta","PP346778.1","Polygonatum singalilense","PP346778.1 Polygonatum singalilense"
"5170","PV700461.fasta","PV700461.1","Polygala glomerata","PV700461.1 Polygala glomerata"
"5171","BK071833.fasta","BK071833.1","Carthamus dianius","BK071833.1 Carthamus dianius"
"5172","OR896876.fasta","OR896876.1","Bupleurum petraeum","OR896876.1 Bupleurum petraeum"
"5173","PV870739.fasta","PV870739.1","Anthonotha stipulacea","PV870739.1 Anthonotha stipulacea"
"5174","PQ126534.fasta","PQ126534.1","Ficus conglobata","PQ126534.1 Ficus conglobata"
"5175","PQ850016.fasta","PQ850016.1","Artemisia eriopoda","PQ850016.1 Artemisia eriopoda"
"5176","PP883935.fasta","PP883935.1","Monnina denticulata","PP883935.1 Monnina denticulata"
"5177","PQ276656.fasta","PQ276656.1","Lithocarpus fohaiensis","PQ276656.1 Lithocarpus fohaiensis"
"5178","PQ231095.fasta","PQ231095.1","Leonurus panzerioides","PQ231095.1 Leonurus panzerioides"
"5179","MW420961.fasta","MW420961.1","Scutellaria scutellarioides","MW420961.1 Scutellaria scutellarioides"
"5180","MW420969.fasta","MW420969.1","Scutellaria nana","MW420969.1 Scutellaria nana"
"5181","PV930134.fasta","PV930134.1","Nepeta nuda","PV930134.1 Nepeta nuda"
"5182","PQ869153.fasta","PQ869153.1","Cercocarpus ledifolius","PQ869153.1 Cercocarpus ledifolius"
"5183","MW785260.fasta","MW785260.1","Areca triandra","MW785260.1 Areca triandra"
"5184","PZ094986.fasta","PZ094986.1","Ficus gomelleira","PZ094986.1 Ficus gomelleira"
"5185","PP531565.fasta","PP531565.1","Acronema crassifolium","PP531565.1 Acronema crassifolium"
"5186","PP346790.fasta","PP346790.1","Polygonatum inflatum","PP346790.1 Polygonatum inflatum"
"5187","OR565953.fasta","OR565953.1","Paraphlomis formosana","OR565953.1 Paraphlomis formosana"
"5188","OR995448.fasta","OR995448.1","Pyrus korshinskyi","OR995448.1 Pyrus korshinskyi"
"5189","PV423676.1.fasta","PV423676.1","Thalassiosira mediterranea","PV423676.1 Thalassiosira mediterranea"
"5190","PQ576952.fasta","PQ576952.1","Indosasa gigantea","PQ576952.1 Indosasa gigantea"
"5191","PV613227.fasta","PV613227.1","Kadenia salina","PV613227.1 Kadenia salina"
"5192","PP484631.fasta","PP484631.1","Orchis mascula","PP484631.1 Orchis mascula"
"5193","OL852092.fasta","OL852092.1","Eremurus cristatus","OL852092.1 Eremurus cristatus"
"5194","PV640849.fasta","PV640849.1","Shivparvatia melandryiformis","PV640849.1 Shivparvatia melandryiformis"
"5195","PQ539369.fasta","PQ539369.1","Lotus dorycnium","PQ539369.1 Lotus dorycnium"
"5196","PV423828.fasta","PV423828.1","Astragalus laxmannii","PV423828.1 Astragalus laxmannii"
"5197","OR990546.fasta","OR990546.1","Senecio inaequidens","OR990546.1 Senecio inaequidens"
"5198","PP898104.fasta","PP898104.1","Artemisia integrifolia","PP898104.1 Artemisia integrifolia"
"5199","PX396024.fasta","PX396024.1","Syzygium unipunctatum","PX396024.1 Syzygium unipunctatum"
"5200","BK071837.fasta","BK071837.1","Cheirolophus intybaceus","BK071837.1 Cheirolophus intybaceus"
"5201","OR884978.fasta","OR884978.1","Blitum virgatum","OR884978.1 Blitum virgatum"
"5202","PQ643224.fasta","PQ643224.1","Impatiens blepharosepala","PQ643224.1 Impatiens blepharosepala"
"5203","PP234598.fasta","PP234598.1","Askellia flexuosa","PP234598.1 Askellia flexuosa"
"5204","PP335052.fasta","PP335052.1","Dactylorhiza sambucina","PP335052.1 Dactylorhiza sambucina"
"5205","MW420958.fasta","MW420958.1","Scutellaria gaumeri","MW420958.1 Scutellaria gaumeri"
"5206","PP316521.fasta","PP316521.1","Avena barbata","PP316521.1 Avena barbata"
"5207","PP952478.fasta","PP952478.1","Lycium cylindricum","PP952478.1 Lycium cylindricum"
"5208","OM948782.fasta","OM948782.1","Androsace selago","OM948782.1 Androsace selago"
"5209","PQ468695.fasta","PQ468695.1","Origanum vulgare","PQ468695.1 Origanum vulgare"
"5210","PX413291.fasta","PX413291.1","Crataegus shensiensis","PX413291.1 Crataegus shensiensis"
"5211","OR684571.fasta","OR684571.1","Salvia multicaulis","OR684571.1 Salvia multicaulis"
"5212","OR778864.fasta","OR778864.1","Bupleurum baimaense","OR778864.1 Bupleurum baimaense"
"5213","PQ459321.fasta","PQ459321.1","Chimonobambusa sichuanensis","PQ459321.1 Chimonobambusa sichuanensis"
"5214","MT052999.fasta","MT052999.1","Adansonia grandidieri","MT052999.1 Adansonia grandidieri"
"5215","OR909617.fasta","OR909617.1","Centaurea stoebe","OR909617.1 Centaurea stoebe"
"5216","MW646917.fasta","MW646917.1","Impatiens gongshanensis","MW646917.1 Impatiens gongshanensis"
"5217","OR832754.fasta","OR832754.1","Reevesia pubescens","OR832754.1 Reevesia pubescens"
"5218","PP697917.fasta","PP697917.1","Lonicera bournei","PP697917.1 Lonicera bournei"
"5219","PV744397.fasta","PV744397.1","Rosa ludingensis","PV744397.1 Rosa ludingensis"
"5220","PX380672.fasta","PX380672.1","Delphinium tenii","PX380672.1 Delphinium tenii"
"5221","PX380620.fasta","PX380620.1","Aconitum anthoroideum","PX380620.1 Aconitum anthoroideum"
"5222","OR995469.fasta","OR995469.1","Pyrus spinosa","OR995469.1 Pyrus spinosa"
"5223","MZ520132.1.fasta","MZ520132.1","Metasequoia glyptostroboides","MZ520132.1 Metasequoia glyptostroboides"
"5224","PV192896.fasta","PV192896.1","Epimedium mikinorii","PV192896.1 Epimedium mikinorii"
"5225","PX396010.fasta","PX396010.1","Syzygium biniflorum","PX396010.1 Syzygium biniflorum"
"5226","PV364370.fasta","PV364370.1","Cyananthus microphyllus","PV364370.1 Cyananthus microphyllus"
"5227","PP234558.fasta","PP234558.1","Leontopodium pusillum","PP234558.1 Leontopodium pusillum"
"5228","BK065795.fasta","BK065795.1","Triumfetta leptacantha","BK065795.1 Triumfetta leptacantha"
"5229","PP897884.fasta","PP897884.1","Iris ferdowsii","PP897884.1 Iris ferdowsii"
"5230","PP316508.fasta","PP316508.1","Alchemilla exigua","PP316508.1 Alchemilla exigua"
"5231","PP203128.fasta","PP203128.1","Laburnum alpinum","PP203128.1 Laburnum alpinum"
"5232","PX315799.fasta","PX315799.1","Plumbago zeylanica","PX315799.1 Plumbago zeylanica"
"5233","PV564767.fasta","PV564767.1","Aquilegia japonica","PV564767.1 Aquilegia japonica"
"5234","PQ210153.fasta","PQ210153.1","Muscari turcicum","PQ210153.1 Muscari turcicum"
"5235","PQ773890.fasta","PQ773890.1","Oxalis triangularis","PQ773890.1 Oxalis triangularis"
"5236","PZ098312.fasta","PZ098312.1","Melica dendroides","PZ098312.1 Melica dendroides"
"5237","PQ636880.fasta","PQ636880.1","Petrocodon gracilis","PQ636880.1 Petrocodon gracilis"
"5238","PP831695.fasta","PP831695.1","Zehneria oligosperma","PP831695.1 Zehneria oligosperma"
"5239","PP078668.fasta","PP078668.1","Nyssa sinensis","PP078668.1 Nyssa sinensis"
"5240","OM949895.fasta","OM949895.1","Actinidia sabiifolia","OM949895.1 Actinidia sabiifolia"
"5241","PX833245.fasta","PX833245.1","Malus pumila","PX833245.1 Malus pumila"
"5242","PV664705.fasta","PV664705.1","Zanthoxylum rubescens","PV664705.1 Zanthoxylum rubescens"
"5243","PZ211770.fasta","PZ211770.1","Dioscorea coreana","PZ211770.1 Dioscorea coreana"
"5244","PP234588.fasta","PP234588.1","Rhodiola smithii","PP234588.1 Rhodiola smithii"
"5245","PV207539.fasta","PV207539.1","Ludwigia peruviana","PV207539.1 Ludwigia peruviana"
"5246","PQ963857.fasta","PQ963857.1","Andropogon amethystinus","PQ963857.1 Andropogon amethystinus"
"5247","MW420946.fasta","MW420946.1","Scutellaria indica","MW420946.1 Scutellaria indica"
"5248","PV870833.fasta","PV870833.1","Crotalaria cytisoides","PV870833.1 Crotalaria cytisoides"
"5249","PX334444.fasta","PX334444.1","Abutilon longicuspe","PX334444.1 Abutilon longicuspe"
"5250","OQ851331.fasta","OQ851331.1","Asparagus setaceus","OQ851331.1 Asparagus setaceus"
"5251","PP898079.fasta","PP898079.1","Artemisia comaiensis","PP898079.1 Artemisia comaiensis"
"5252","PQ728882.fasta","PQ728882.1","Chloranthus serratus","PQ728882.1 Chloranthus serratus"
"5253","PQ472932.fasta","PQ472932.1","Pleioblastus maculatus","PQ472932.1 Pleioblastus maculatus"
"5254","PQ874718.fasta","PQ874718.1","Clematis hancockiana","PQ874718.1 Clematis hancockiana"
"5255","PV744405.fasta","PV744405.1","Rosa derongensis","PV744405.1 Rosa derongensis"
"5256","PZ091436.fasta","PZ091436.1","Polygonatum kingianum","PZ091436.1 Polygonatum kingianum"
"5257","PX969653.fasta","PX969653.1","Mesosphaerum suaveolens","PX969653.1 Mesosphaerum suaveolens"
"5258","PV640843.fasta","PV640843.1","Odontostemma roseiflora","PV640843.1 Odontostemma roseiflora"
"5259","PP133742.fasta","PP133742.1","Sonchus tuberifer","PP133742.1 Sonchus tuberifer"
"5260","OR995458.fasta","OR995458.1","Pyrus pyraster","OR995458.1 Pyrus pyraster"
"5261","MW420973.fasta","MW420973.1","Scutellaria costaricana","MW420973.1 Scutellaria costaricana"
"5262","PV605702.fasta","PV605702.1","Lepidium olgae","PV605702.1 Lepidium olgae"
"5263","OR698944.fasta","OR698944.1","Paphiopedilum dianthum","OR698944.1 Paphiopedilum dianthum"
"5264","PX396011.fasta","PX396011.1","Syzygium claviflorum","PX396011.1 Syzygium claviflorum"
"5265","PQ728893.fasta","PQ728893.1","Hedyosmum nutans","PQ728893.1 Hedyosmum nutans"
"5266","OR264251.fasta","OR264251.1","Lindera erythrocarpa","OR264251.1 Lindera erythrocarpa"
"5267","PV870710.fasta","PV870710.1","Berlinia grandiflora","PV870710.1 Berlinia grandiflora"
"5268","PZ168342.fasta","PZ168342.1","Staphylea emodi","PZ168342.1 Staphylea emodi"
"5269","PV116305.fasta","PV116305.1","Ziziphora tenuior","PV116305.1 Ziziphora tenuior"
"5270","PX549372.fasta","PX549372.1","Cymbidium wenshanense","PX549372.1 Cymbidium wenshanense"
"5271","PX666091.fasta","PX666091.1","Xylia xylocarpa","PX666091.1 Xylia xylocarpa"
"5272","PP175356.fasta","PP175356.1","Sedum dasyphyllum","PP175356.1 Sedum dasyphyllum"
"5273","PQ472929.fasta","PQ472929.1","Pleioblastus variegatus","PQ472929.1 Pleioblastus variegatus"
"5274","PP952484.fasta","PP952484.1","Lycium fremontii","PP952484.1 Lycium fremontii"
"5275","PZ316384.fasta","PZ316384.1","Begonia baccata","PZ316384.1 Begonia baccata"
"5276","OQ503617.fasta","OQ503617.1","Camellia irrawadiensis","OQ503617.1 Camellia irrawadiensis"
"5277","PP262144.fasta","PP262144.1","Rhodiola dumulosa","PP262144.1 Rhodiola dumulosa"
"5278","MZ337548.fasta","MZ337548.1","Elymus magellanicus","MZ337548.1 Elymus magellanicus"
"5279","PQ210128.fasta","PQ210128.1","Bellevalia hyacinthoides","PQ210128.1 Bellevalia hyacinthoides"
"5280","OM949884.fasta","OM949884.1","Actinidia vitifolia","OM949884.1 Actinidia vitifolia"
"5281","PX427834.fasta","PX427834.1","Fritillaria sichuanica","PX427834.1 Fritillaria sichuanica"
"5282","OR521103.fasta","OR521103.1","Elatostema grijsii","OR521103.1 Elatostema grijsii"
"5283","PQ210163.fasta","PQ210163.1","Muscari erdalii","PQ210163.1 Muscari erdalii"
"5284","PP697898.fasta","PP697898.1","Lonicera litangensis","PP697898.1 Lonicera litangensis"
"5285","PX363579.fasta","PX363579.1","Phoebe jingxiensis","PX363579.1 Phoebe jingxiensis"
"5286","PP897871.fasta","PP897871.1","Iris susiana","PP897871.1 Iris susiana"
"5287","PX130340.fasta","PX130340.1","Syzygium mauritianum","PX130340.1 Syzygium mauritianum"
"5288","PV364363.fasta","PV364363.1","Adenophora himalayana","PV364363.1 Adenophora himalayana"
"5289","PX130302.fasta","PX130302.1","Syzygium xerampelinum","PX130302.1 Syzygium xerampelinum"
"5290","PP190935.fasta","PP190935.1","Stellaria nemorum","PP190935.1 Stellaria nemorum"
"5291","PP190469.fasta","PP190469.1","Thunia pulchra","PP190469.1 Thunia pulchra"
"5292","PQ835030.fasta","PQ835030.1","Lycium yunnanense","PQ835030.1 Lycium yunnanense"
"5293","PP234531.fasta","PP234531.1","Artemisia younghusbandii","PP234531.1 Artemisia younghusbandii"
"5294","PP898074.fasta","PP898074.1","Artemisia sichuanensis","PP898074.1 Artemisia sichuanensis"
"5295","PV340581.fasta","PV340581.1","Salvia sclarea","PV340581.1 Salvia sclarea"
"5296","OQ503592.fasta","OQ503592.1","Camellia kwangsiensis","OQ503592.1 Camellia kwangsiensis"
"5297","OR264207.fasta","OR264207.1","Aiouea montana","OR264207.1 Aiouea montana"
"5298","PP531555.fasta","PP531555.1","Acronema graminifolium","PP531555.1 Acronema graminifolium"
"5299","OM640189.fasta","OM640189.1","Ligustrum sempervirens","OM640189.1 Ligustrum sempervirens"
"5300","PV870764.fasta","PV870764.1","Deguelia dasycalyx","PV870764.1 Deguelia dasycalyx"
"5301","PQ317942.fasta","PQ317942.1","Gagea tibetica","PQ317942.1 Gagea tibetica"
"5302","OR896884.fasta","OR896884.1","Muscari botryoides","OR896884.1 Muscari botryoides"
"5303","PV618399.fasta","PV618399.1","Attalea bassleriana","PV618399.1 Attalea bassleriana"
"5304","OM948752.fasta","OM948752.1","Androsace integra","OM948752.1 Androsace integra"
"5305","PZ316422.fasta","PZ316422.1","Begonia mannii","PZ316422.1 Begonia mannii"
"5306","PP622677.fasta","PP622677.1","Salix breviserrata","PP622677.1 Salix breviserrata"
"5307","PX130367.fasta","PX130367.1","Syzygium sarmentosum","PX130367.1 Syzygium sarmentosum"
"5308","PP565782.fasta","PP565782.1","Populus szechuanica","PP565782.1 Populus szechuanica"
"5309","PQ456192.fasta","PQ456192.1","Cinnamomum aromaticum","PQ456192.1 Cinnamomum aromaticum"
"5310","PV748924.fasta","PV748924.1","Sinosenecio yaanensis","PV748924.1 Sinosenecio yaanensis"
"5311","PX380625.fasta","PX380625.1","Aconitum flavum","PX380625.1 Aconitum flavum"
"5312","PQ468989.fasta","PQ468989.1","Lysionotus levipes","PQ468989.1 Lysionotus levipes"
"5313","PX505521.fasta","PX505521.1","Iris tenuifolia","PX505521.1 Iris tenuifolia"
"5314","PQ728894.fasta","PQ728894.1","Hedyosmum orientale","PQ728894.1 Hedyosmum orientale"
"5315","PP697946.fasta","PP697946.1","Lonicera tatarica","PP697946.1 Lonicera tatarica"
"5316","PX752859.fasta","PX752859.1","Iris valida","PX752859.1 Iris valida"
"5317","OQ736748.fasta","OQ736748.1","Hedysarum cumuschtanicum","OQ736748.1 Hedysarum cumuschtanicum"
"5318","OR264218.fasta","OR264218.1","Cinnamomum burmanni","OR264218.1 Cinnamomum burmanni"
"5319","PV631713.1.fasta","PV631713.1","Rhopalodia fuxianensis","PV631713.1 Rhopalodia fuxianensis"
"5320","PV613221.fasta","PV613221.1","Ligusticum nematophyllum","PV613221.1 Ligusticum nematophyllum"
"5321","PZ098632.fasta","PZ098632.1","Melica sarmentosa","PZ098632.1 Melica sarmentosa"
"5322","PP078856.fasta","PP078856.1","Libanotis wannienchun","PP078856.1 Libanotis wannienchun"
"5323","PV364368.fasta","PV364368.1","Cyananthus hookeri","PV364368.1 Cyananthus hookeri"
"5324","PP952500.fasta","PP952500.1","Lycium shockleyi","PP952500.1 Lycium shockleyi"
"5325","PP975600.fasta","PP975600.1","Rhodiola nobilis","PP975600.1 Rhodiola nobilis"
"5326","OR834760.1.fasta","OR834760.1","Heribaudiella fluviatilis","OR834760.1 Heribaudiella fluviatilis"
"5327","PX309513.fasta","PX309513.1","Clusia criuva","PX309513.1 Clusia criuva"
"5328","PQ826994.fasta","PQ826994.1","Bauhinia purpurea","PQ826994.1 Bauhinia purpurea"
"5329","PZ098316.fasta","PZ098316.1","Glyceria nubigena","PZ098316.1 Glyceria nubigena"
"5330","PP975604.fasta","PP975604.1","Rhodiola renii","PP975604.1 Rhodiola renii"
"5331","MT506232.fasta","MT506232.1","Epimedium pudingense","MT506232.1 Epimedium pudingense"
"5332","PX582132.fasta","PX582132.1","Codonopsis subglobosa","PX582132.1 Codonopsis subglobosa"
"5333","PP103306.fasta","PP103306.1","Cerastium glomeratum","PP103306.1 Cerastium glomeratum"
"5334","PP479743.fasta","PP479743.1","Dendrobium officinale","PP479743.1 Dendrobium officinale"
"5335","PQ728875.fasta","PQ728875.1","Ascarina rubricaulis","PQ728875.1 Ascarina rubricaulis"
"5336","PX125913.fasta","PX125913.1","Syzygium resa","PX125913.1 Syzygium resa"
"5337","PX236117.fasta","PX236117.1","Lactuca alaica","PX236117.1 Lactuca alaica"
"5338","OR774907.fasta","OR774907.1","Meconopsis georgei","OR774907.1 Meconopsis georgei"
"5339","PP190472.fasta","PP190472.1","Coelogyne magna","PP190472.1 Coelogyne magna"
"5340","OQ549896.fasta","OQ549896.1","Styrax chinensis","OQ549896.1 Styrax chinensis"
"5341","OQ579166.fasta","OQ579166.1","Biancaea decapetala","OQ579166.1 Biancaea decapetala"
"5342","PZ169293.fasta","PZ169293.1","Scutellaria villosissima","PZ169293.1 Scutellaria villosissima"
"5343","PX309504.fasta","PX309504.1","Ardisia japonica","PX309504.1 Ardisia japonica"
"5344","PQ468970.fasta","PQ468970.1","Lysionotus petelotii","PQ468970.1 Lysionotus petelotii"
"5345","OR995478.fasta","OR995478.1","Sorbus albopilosa","OR995478.1 Sorbus albopilosa"
"5346","PP328810.fasta","PP328810.1","Oxytropis xerophila","PP328810.1 Oxytropis xerophila"
"5347","OR978664.fasta","OR978664.1","Calycopeplus casuarinoides","OR978664.1 Calycopeplus casuarinoides"
"5348","PQ728879.fasta","PQ728879.1","Chloranthus erectus","PQ728879.1 Chloranthus erectus"
"5349","MW683070.fasta","MW683070.1","Impatiens tubulosa","MW683070.1 Impatiens tubulosa"
"5350","MH649287.fasta","MH649287.1","Agriophyllum minus","MH649287.1 Agriophyllum minus"
"5351","PV870668.fasta","PV870668.1","Astragalus arbuscula","PV870668.1 Astragalus arbuscula"
"5352","PX878886.fasta","PX878886.1","Sida cordata","PX878886.1 Sida cordata"
"5353","PX505522.fasta","PX505522.1","Iris willmottiana","PX505522.1 Iris willmottiana"
"5354","OR712480.fasta","OR712480.1","Schoepfia arenaria","OR712480.1 Schoepfia arenaria"
"5355","PP165064.fasta","PP165064.1","Rorippa palustris","PP165064.1 Rorippa palustris"
"5356","ON729359.fasta","ON729359.1","Molinadendron sinaloense","ON729359.1 Molinadendron sinaloense"
"5357","PX694249.fasta","PX694249.1","Hibiscus surattensis","PX694249.1 Hibiscus surattensis"
"5358","OM949933.fasta","OM949933.1","Actinidia venosa","OM949933.1 Actinidia venosa"
"5359","PX800900.fasta","PX800900.1","Fagopyrum dibotrys","PX800900.1 Fagopyrum dibotrys"
"5360","OR884986.fasta","OR884986.1","Allium victorialis","OR884986.1 Allium victorialis"
"5361","PQ310504.fasta","PQ310504.1","Myosotis goyenii","PQ310504.1 Myosotis goyenii"
"5362","PQ586445.fasta","PQ586445.1","Melanoseris macrocephala","PQ586445.1 Melanoseris macrocephala"
"5363","PP175357.fasta","PP175357.1","Sedum rupestre","PP175357.1 Sedum rupestre"
"5364","OR350449.fasta","OR350449.1","Lilium sealyi","OR350449.1 Lilium sealyi"
"5365","PP897865.fasta","PP897865.1","Iris urmiensis","PP897865.1 Iris urmiensis"
"5366","PP849681.fasta","PP849681.1","Saxifraga josephii","PP849681.1 Saxifraga josephii"
"5367","PP234525.fasta","PP234525.1","Stipa subsessiliflora","PP234525.1 Stipa subsessiliflora"
"5368","OR972714.fasta","OR972714.1","Rubus argutus","OR972714.1 Rubus argutus"
"5369","PX380676.fasta","PX380676.1","Delphinium wangii","PX380676.1 Delphinium wangii"
"5370","PV870760.fasta","PV870760.1","Faidherbia albida","PV870760.1 Faidherbia albida"
"5371","PV738961.fasta","PV738961.1","Pterospermum heterophyllum","PV738961.1 Pterospermum heterophyllum"
"5372","PQ858236.fasta","PQ858236.1","Berchemia floribunda","PQ858236.1 Berchemia floribunda"
"5373","PQ009218.fasta","PQ009218.1","Vanda coerulea","PQ009218.1 Vanda coerulea"
"5374","OR896658.fasta","OR896658.1","Polygonatum cirrhifolium","OR896658.1 Polygonatum cirrhifolium"
"5375","PQ576947.fasta","PQ576947.1","Indocalamus sinicus","PQ576947.1 Indocalamus sinicus"
"5376","OR344374.fasta","OR344374.1","Bougainvillea glabra","OR344374.1 Bougainvillea glabra"
"5377","PP056264.fasta","PP056264.1","Corynandra viscosa","PP056264.1 Corynandra viscosa"
"5378","PV631330.1.fasta","PV631330.1","Minidiscus spinulatus","PV631330.1 Minidiscus spinulatus"
"5379","PQ772791.fasta","PQ772791.1","Hayarum mirispathum","PQ772791.1 Hayarum mirispathum"
"5380","PX549447.fasta","PX549447.1","Kitagawia terebinthacea","PX549447.1 Kitagawia terebinthacea"
"5381","PX425319.fasta","PX425319.1","Agrimonia coreana","PX425319.1 Agrimonia coreana"
"5382","BK071856.fasta","BK071856.1","Onopordum illyricum","BK071856.1 Onopordum illyricum"
"5383","PX427826.fasta","PX427826.1","Fritillaria karelinii","PX427826.1 Fritillaria karelinii"
"5384","PX108622.fasta","PX108622.1","Syzygium banksii","PX108622.1 Syzygium banksii"
"5385","PV870737.fasta","PV870737.1","Bituminaria bituminosa","PV870737.1 Bituminaria bituminosa"
"5386","PP622691.fasta","PP622691.1","Sesleria caerulea","PP622691.1 Sesleria caerulea"
"5387","PQ851684.fasta","PQ851684.1","Lagarosiphon ilicifolius","PQ851684.1 Lagarosiphon ilicifolius"
"5388","PQ728880.fasta","PQ728880.1","Chloranthus fortunei","PQ728880.1 Chloranthus fortunei"
"5389","OP133578.fasta","OP133578.1","Dischidia nummularia","OP133578.1 Dischidia nummularia"
"5390","PP999742.fasta","PP999742.1","Gelidocalamus latifolius","PP999742.1 Gelidocalamus latifolius"
"5391","PP234563.fasta","PP234563.1","Dracocephalum heterophyllum","PP234563.1 Dracocephalum heterophyllum"
"5392","PQ009216.fasta","PQ009216.1","Vanda alpina","PQ009216.1 Vanda alpina"
"5393","PQ551008.fasta","PQ551008.1","Hansenia himalayensis","PQ551008.1 Hansenia himalayensis"
"5394","PV658263.fasta","PV658263.1","Asparagus densiflorus","PV658263.1 Asparagus densiflorus"
"5395","PP234576.fasta","PP234576.1","Artemisia hedinii","PP234576.1 Artemisia hedinii"
"5396","PV423718.1.fasta","PV423718.1","Cyclotella cf","PV423718.1 Cyclotella cf"
"5397","PQ010099.fasta","PQ010099.1","Pontederia reflexa","PQ010099.1 Pontederia reflexa"
"5398","PP999729.fasta","PP999729.1","Gelidocalamus longiinternodus","PP999729.1 Gelidocalamus longiinternodus"
"5399","PX297398.fasta","PX297398.1","Phoebe panzhihuaensis","PX297398.1 Phoebe panzhihuaensis"
"5400","OR995480.fasta","OR995480.1","Sorbus aucuparia","OR995480.1 Sorbus aucuparia"
"5401","MW646913.fasta","MW646913.1","Impatiens delavayi","MW646913.1 Impatiens delavayi"
"5402","PV870731.fasta","PV870731.1","Piscidia grandifolia","PV870731.1 Piscidia grandifolia"
"5403","PP103304.fasta","PP103304.1","Cerastium brachypetalum","PP103304.1 Cerastium brachypetalum"
"5404","PQ874710.fasta","PQ874710.1","Clematis florida","PQ874710.1 Clematis florida"
"5405","PP999694.fasta","PP999694.1","Eurya kueichowensis","PP999694.1 Eurya kueichowensis"
"5406","PZ188322.fasta","PZ188322.1","Prunus mongolica","PZ188322.1 Prunus mongolica"
"5407","OR995484.fasta","OR995484.1","Aria pannonica","OR995484.1 Aria pannonica"
"5408","PP479718.fasta","PP479718.1","Dendrobium terminale","PP479718.1 Dendrobium terminale"
"5409","PQ899004.fasta","PQ899004.1","Micromeles japonica","PQ899004.1 Micromeles japonica"
"5410","OP133596.fasta","OP133596.1","Alyxia sinensis","OP133596.1 Alyxia sinensis"
"5411","PV794607.fasta","PV794607.1","Trachyspermum ammi","PV794607.1 Trachyspermum ammi"
"5412","BK071873.fasta","BK071873.1","Xeranthemum inapertum","BK071873.1 Xeranthemum inapertum"
"5413","PX380648.fasta","PX380648.1","Aconitum tanguticum","PX380648.1 Aconitum tanguticum"
"5414","PQ835415.fasta","PQ835415.1","Phrynium hainanense","PQ835415.1 Phrynium hainanense"
"5415","PP190946.fasta","PP190946.1","Fagus sylvatica","PP190946.1 Fagus sylvatica"
"5416","PP272173.fasta","PP272173.1","Pinguicula vulgaris","PP272173.1 Pinguicula vulgaris"
"5417","PQ468974.fasta","PQ468974.1","Lysionotus metuoensis","PQ468974.1 Lysionotus metuoensis"
"5418","PQ636498.fasta","PQ636498.1","Clematis apiifolia","PQ636498.1 Clematis apiifolia"
"5419","MW420971.fasta","MW420971.1","Tinnea aethiopica","MW420971.1 Tinnea aethiopica"
"5420","PQ539373.fasta","PQ539373.1","Lotus graecus","PQ539373.1 Lotus graecus"
"5421","PQ639294.fasta","PQ639294.1","Iris narbutii","PQ639294.1 Iris narbutii"
"5422","PV132481.fasta","PV132481.1","Exbucklandia tonkinensis","PV132481.1 Exbucklandia tonkinensis"
"5423","PZ130071.fasta","PZ130071.1","Scutellaria phyllostachya","PZ130071.1 Scutellaria phyllostachya"
"5424","BK071871.fasta","BK071871.1","Xeranthemum annuum","BK071871.1 Xeranthemum annuum"
"5425","PX130310.fasta","PX130310.1","Syzygium barringtonioides","PX130310.1 Syzygium barringtonioides"
"5426","PX130345.fasta","PX130345.1","Syzygium multibracteolatum","PX130345.1 Syzygium multibracteolatum"
"5427","ON729356.fasta","ON729356.1","Fortunearia sinensis","ON729356.1 Fortunearia sinensis"
"5428","PP262146.fasta","PP262146.1","Rhodiola angusta","PP262146.1 Rhodiola angusta"
"5429","OR565935.fasta","OR565935.1","Paraphlomis lancidentata","OR565935.1 Paraphlomis lancidentata"
"5430","PP883909.fasta","PP883909.1","Monnina bonplandiana","PP883909.1 Monnina bonplandiana"
"5431","PP479699.fasta","PP479699.1","Dendrobium wattii","PP479699.1 Dendrobium wattii"
"5432","PX776078.fasta","PX776078.1","Veronica vandellioides","PX776078.1 Veronica vandellioides"
"5433","OP133577.fasta","OP133577.1","Gymnema yunnanense","OP133577.1 Gymnema yunnanense"
"5434","PZ015917.fasta","PZ015917.1","Allium montanostepposum","PZ015917.1 Allium montanostepposum"
"5435","OR896644.fasta","OR896644.1","Polygonatum uncinatum","OR896644.1 Polygonatum uncinatum"
"5436","PZ316415.fasta","PZ316415.1","Begonia longiciliata","PZ316415.1 Begonia longiciliata"
"5437","MW420934.fasta","MW420934.1","Scutellaria hastifolia","MW420934.1 Scutellaria hastifolia"
"5438","PV132460.fasta","PV132460.1","Exbucklandia longipetala","PV132460.1 Exbucklandia longipetala"
"5439","PQ576946.fasta","PQ576946.1","Indosasa glabrata","PQ576946.1 Indosasa glabrata"
"5440","PP697853.fasta","PP697853.1","Lonicera similis","PP697853.1 Lonicera similis"
"5441","PQ010071.fasta","PQ010071.1","Anigozanthos flavidus","PQ010071.1 Anigozanthos flavidus"
"5442","PP479744.fasta","PP479744.1","Dendrobium catenatum","PP479744.1 Dendrobium catenatum"
"5443","PP234575.fasta","PP234575.1","Aster prainii","PP234575.1 Aster prainii"
"5444","PV870687.fasta","PV870687.1","Viguieranthus ambongensis","PV870687.1 Viguieranthus ambongensis"
"5445","PV548701.fasta","PV548701.1","Rochelia sessiliflora","PV548701.1 Rochelia sessiliflora"
"5446","PX593256.fasta","PX593256.1","Veronica pyrethrina","PX593256.1 Veronica pyrethrina"
"5447","PX648295.fasta","PX648295.1","Kummerowia stipulacea","PX648295.1 Kummerowia stipulacea"
"5448","PV870819.fasta","PV870819.1","Rafnia angulata","PV870819.1 Rafnia angulata"
"5449","PQ584746.fasta","PQ584746.1","Phytolacca acinosa","PQ584746.1 Phytolacca acinosa"
"5450","PQ526734.fasta","PQ526734.1","Ficus carica","PQ526734.1 Ficus carica"
"5451","PQ647014.fasta","PQ647014.1","Impatiens baishaensis","PQ647014.1 Impatiens baishaensis"
"5452","PQ283865.fasta","PQ283865.1","Cryptotaenia japonica","PQ283865.1 Cryptotaenia japonica"
"5453","PP479720.fasta","PP479720.1","Dendrobium chrysocrepis","PP479720.1 Dendrobium chrysocrepis"
"5454","PP952459.fasta","PP952459.1","Datura stramonium","PP952459.1 Datura stramonium"
"5455","PP484626.fasta","PP484626.1","Molinia caerulea","PP484626.1 Molinia caerulea"
"5456","PZ098635.fasta","PZ098635.1","Melica violacea","PZ098635.1 Melica violacea"
"5457","OR231924.fasta","OR231924.1","Dendrobium devonianum","OR231924.1 Dendrobium devonianum"
"5458","PP697852.fasta","PP697852.1","Lonicera japonica","PP697852.1 Lonicera japonica"
"5459","PV415133.fasta","PV415133.1","Boehmeria japonica","PV415133.1 Boehmeria japonica"
"5460","PP681653.fasta","PP681653.1","Oligostachyum spongiosum","PP681653.1 Oligostachyum spongiosum"
"5461","PV870766.fasta","PV870766.1","Bionia pedicellata","PV870766.1 Bionia pedicellata"
"5462","PP056230.fasta","PP056230.1","Eleutherococcus scandens","PP056230.1 Eleutherococcus scandens"
"5463","PP595838.fasta","PP595838.1","Prunus yedoensis","PP595838.1 Prunus yedoensis"
"5464","PQ283862.fasta","PQ283862.1","Cicuta virosa","PQ283862.1 Cicuta virosa"
"5465","PX776077.fasta","PX776077.1","Veronica biloba","PX776077.1 Veronica biloba"
"5466","OQ834951.fasta","OQ834951.1","Tillandsia capillaris","OQ834951.1 Tillandsia capillaris"
"5467","PZ094990.fasta","PZ094990.1","Ficus sagittata","PZ094990.1 Ficus sagittata"
"5468","PP103316.1.fasta","PP103316.1","Equisetum palustre","PP103316.1 Equisetum palustre"
"5469","OR909624.fasta","OR909624.1","Cirsium spinosissimum","OR909624.1 Cirsium spinosissimum"
"5470","PP530889.fasta","PP530889.1","Physospermopsis obtusiuscula","PP530889.1 Physospermopsis obtusiuscula"
"5471","PX275705.fasta","PX275705.1","Sabulina glaucina","PX275705.1 Sabulina glaucina"
"5472","PV190327.fasta","PV190327.1","Pera arborea","PV190327.1 Pera arborea"
"5473","PQ878552.fasta","PQ878552.1","Crucihimalaya rupicola","PQ878552.1 Crucihimalaya rupicola"
"5474","PQ639299.fasta","PQ639299.1","Iris maracandica","PQ639299.1 Iris maracandica"
"5475","PV409681.fasta","PV409681.1","Proiphys amboinensis","PV409681.1 Proiphys amboinensis"
"5476","PQ472918.fasta","PQ472918.1","Fargesia yunnanensis","PQ472918.1 Fargesia yunnanensis"
"5477","PX130370.fasta","PX130370.1","Syzygium spissifolium","PX130370.1 Syzygium spissifolium"
"5478","PV339527.fasta","PV339527.1","Anacyclus pyrethrum","PV339527.1 Anacyclus pyrethrum"
"5479","ON929846.fasta","ON929846.1","Anabasis brevifolia","ON929846.1 Anabasis brevifolia"
"5480","PP883923.fasta","PP883923.1","Monnina crassifolia","PP883923.1 Monnina crassifolia"
"5481","ON880466.fasta","ON880466.1","Actinidia deliciosa","ON880466.1 Actinidia deliciosa"
"5482","PX659842.fasta","PX659842.1","Cicer judaicum","PX659842.1 Cicer judaicum"
"5483","OR264212.fasta","OR264212.1","Caryodaphnopsis tonkinensis","OR264212.1 Caryodaphnopsis tonkinensis"
"5484","PV335544.fasta","PV335544.1","Clematis liana","PV335544.1 Clematis liana"
"5485","OR166989.fasta","OR166989.1","Stephania chingtungensis","OR166989.1 Stephania chingtungensis"
"5486","OM949894.fasta","OM949894.1","Actinidia hemsleyana","OM949894.1 Actinidia hemsleyana"
"5487","OQ736746.fasta","OQ736746.1","Hedysarum nuratense","OQ736746.1 Hedysarum nuratense"
"5488","ON693853.fasta","ON693853.1","Rhodoleia championii","ON693853.1 Rhodoleia championii"
"5489","PV199345.fasta","PV199345.1","Polygonatum grandicaule","PV199345.1 Polygonatum grandicaule"
"5490","PX223372.fasta","PX223372.1","Stachyurus retusus","PX223372.1 Stachyurus retusus"
"5491","PX763733.fasta","PX763733.1","Malus sargentii","PX763733.1 Malus sargentii"
"5492","OR995447.fasta","OR995447.1","Pyrus hopeiensis","OR995447.1 Pyrus hopeiensis"
"5493","OR609363.1.fasta","OR609363.1","Botrypus virginianus","OR609363.1 Botrypus virginianus"
"5494","PQ380007.fasta","PQ380007.1","Acer pictum","PQ380007.1 Acer pictum"
"5495","BK071859.fasta","BK071859.1","Plectocephalus cachinalensis","BK071859.1 Plectocephalus cachinalensis"
"5496","PP078690.fasta","PP078690.1","Dioscorea panthaica","PP078690.1 Dioscorea panthaica"
"5497","OR995464.fasta","OR995464.1","Pyrus sachokiana","OR995464.1 Pyrus sachokiana"
"5498","MZ557567.fasta","MZ557567.1","Tamarix ramosissima","MZ557567.1 Tamarix ramosissima"
"5499","PX125812.fasta","PX125812.1","Pueraria grandiflora","PX125812.1 Pueraria grandiflora"
"5500","PZ098289.fasta","PZ098289.1","Koordersiochloa longiarista","PZ098289.1 Koordersiochloa longiarista"
"5501","PQ899497.fasta","PQ899497.1","Beilschmiedia yunnanensis","PQ899497.1 Beilschmiedia yunnanensis"
"5502","PP056259.fasta","PP056259.1","Aletris spicata","PP056259.1 Aletris spicata"
"5503","PQ858239.fasta","PQ858239.1","Ceanothus divergens","PQ858239.1 Ceanothus divergens"
"5504","OR159824.fasta","OR159824.1","Dalbergia sissoo","OR159824.1 Dalbergia sissoo"
"5505","PV170628.fasta","PV170628.1","Angelica sinensis","PV170628.1 Angelica sinensis"
"5506","PP541885.fasta","PP541885.1","Rhinanthus alectorolophus","PP541885.1 Rhinanthus alectorolophus"
"5507","PV553477.fasta","PV553477.1","Aniba guianensis","PV553477.1 Aniba guianensis"
"5508","PP191179.fasta","PP191179.1","Garcinia schomburgkiana","PP191179.1 Garcinia schomburgkiana"
"5509","PQ463258.fasta","PQ463258.1","Arachis praecox","PQ463258.1 Arachis praecox"
"5510","PZ316401.fasta","PZ316401.1","Begonia fangii","PZ316401.1 Begonia fangii"
"5511","PP190942.fasta","PP190942.1","Chamaecytisus purpureus","PP190942.1 Chamaecytisus purpureus"
"5512","PP697858.fasta","PP697858.1","Lonicera cyanocarpa","PP697858.1 Lonicera cyanocarpa"
"5513","OR565956.fasta","OR565956.1","Paraphlomis jinggangshanensis","OR565956.1 Paraphlomis jinggangshanensis"
"5514","PX409049.fasta","PX409049.1","Potentilla gobica","PX409049.1 Potentilla gobica"
"5515","PV870755.fasta","PV870755.1","Amphimas pterocarpoides","PV870755.1 Amphimas pterocarpoides"
"5516","OQ348517.fasta","OQ348517.1","Garrya buxifolia","OQ348517.1 Garrya buxifolia"
"5517","PV870837.fasta","PV870837.1","Pachyrhizus erosus","PV870837.1 Pachyrhizus erosus"
"5518","PQ850015.fasta","PQ850015.1","Artemisia dracunculus","PQ850015.1 Artemisia dracunculus"
"5519","PZ168311.fasta","PZ168311.1","Saxifraga parnassifolia","PZ168311.1 Saxifraga parnassifolia"
"5520","PX257354.fasta","PX257354.1","Cymbidium kanran","PX257354.1 Cymbidium kanran"
"5521","PX243413.fasta","PX243413.1","Clematis henryi","PX243413.1 Clematis henryi"
"5522","PX915360.fasta","PX915360.1","Vicia villosa","PX915360.1 Vicia villosa"
"5523","PX125907.fasta","PX125907.1","Syzygium ngadimanianum","PX125907.1 Syzygium ngadimanianum"
"5524","PQ858248.fasta","PQ858248.1","Daphne mucronata","PQ858248.1 Daphne mucronata"
"5525","PQ647017.fasta","PQ647017.1","Impatiens rectirostrata","PQ647017.1 Impatiens rectirostrata"
"5526","PP316497.fasta","PP316497.1","Satureja hortensis","PP316497.1 Satureja hortensis"
"5527","OQ503547.fasta","OQ503547.1","Camellia azalea","OQ503547.1 Camellia azalea"
"5528","PV786081.fasta","PV786081.1","Chamaelirium luteum","PV786081.1 Chamaelirium luteum"
"5529","PX393107.fasta","PX393107.1","Causonis japonica","PX393107.1 Causonis japonica"
"5530","PQ874706.fasta","PQ874706.1","Clematis dolichopoda","PQ874706.1 Clematis dolichopoda"
"5531","PQ310233.fasta","PQ310233.1","Fagaropsis hildebrandtii","PQ310233.1 Fagaropsis hildebrandtii"
"5532","PX724908.fasta","PX724908.1","Hippeastrum evansiae","PX724908.1 Hippeastrum evansiae"
"5533","PP541893.fasta","PP541893.1","Rumex alpinus","PP541893.1 Rumex alpinus"
"5534","PQ723622.fasta","PQ723622.1","Coelogyne bulleyia","PQ723622.1 Coelogyne bulleyia"
"5535","OM935756.fasta","OM935756.1","Clerodendrum philippinum","OM935756.1 Clerodendrum philippinum"
"5536","PX130301.fasta","PX130301.1","Syzygium wesa","PX130301.1 Syzygium wesa"
"5537","PP479693.fasta","PP479693.1","Dendrobium hercoglossum","PP479693.1 Dendrobium hercoglossum"
"5538","PV822555.fasta","PV822555.1","Commidendrum rotundifolium","PV822555.1 Commidendrum rotundifolium"
"5539","PX436094.fasta","PX436094.1","Echeveria peacockii","PX436094.1 Echeveria peacockii"
"5540","PV335054.fasta","PV335054.1","Xerophyta spekei","PV335054.1 Xerophyta spekei"
"5541","PZ098400.fasta","PZ098400.1","Melica turczaninowiana","PZ098400.1 Melica turczaninowiana"
"5542","PP727289.fasta","PP727289.1","Enkianthus chinensis","PP727289.1 Enkianthus chinensis"
"5543","PV794584.fasta","PV794584.1","Pimpinella henryi","PV794584.1 Pimpinella henryi"
"5544","PV112452.1.fasta","PV112452.1","Taxus sumatrana","PV112452.1 Taxus sumatrana"
"5545","LC858458.fasta","LC858458.1","Murraya sumatrana","LC858458.1 Murraya sumatrana"
"5546","PV548697.fasta","PV548697.1","Rochelia rectipes","PV548697.1 Rochelia rectipes"
"5547","PZ270550.fasta","PZ270550.1","Tillandsia castellanii","PZ270550.1 Tillandsia castellanii"
"5548","PP697878.fasta","PP697878.1","Lonicera spinosa","PP697878.1 Lonicera spinosa"
"5549","OR946458.fasta","OR946458.1","Magnolia macclurei","OR946458.1 Magnolia macclurei"
"5550","PP103305.fasta","PP103305.1","Cerastium fontanum","PP103305.1 Cerastium fontanum"
"5551","PP898073.fasta","PP898073.1","Artemisia sericea","PP898073.1 Artemisia sericea"
"5552","PP235275.fasta","PP235275.1","Lysimachia liujiangensis","PP235275.1 Lysimachia liujiangensis"
"5553","MW646915.fasta","MW646915.1","Impatiens pinetorum","MW646915.1 Impatiens pinetorum"
"5554","PQ649850.fasta","PQ649850.1","Impatiens repens","PQ649850.1 Impatiens repens"
"5555","PV664703.fasta","PV664703.1","Zanthoxylum chalybeum","PV664703.1 Zanthoxylum chalybeum"
"5556","PP103300.fasta","PP103300.1","Calystegia sepium","PP103300.1 Calystegia sepium"
"5557","PP941956.fasta","PP941956.1","Speranskia cantonensis","PP941956.1 Speranskia cantonensis"
"5558","PV605346.fasta","PV605346.1","Vatica javanica","PV605346.1 Vatica javanica"
"5559","PQ651946.fasta","PQ651946.1","Arisaema takesimense","PQ651946.1 Arisaema takesimense"
