accession,filename,size_bp,size_kb,size_mb
AP041288,AP041288.fasta,157813,157.81,0.158
AP041397,AP041397.fasta,157897,157.9,0.158
AP044085,AP044085.1.fasta,147984,147.98,0.148
AP044107,AP044107.1.fasta,165715,165.72,0.166
AP044761,AP044761.1.fasta,167910,167.91,0.168
BK059356,BK059356.fasta,139690,139.69,0.14
BK064973,BK064973.fasta,160075,160.07,0.16
BK065791,BK065791.fasta,160237,160.24,0.16
BK065792,BK065792.fasta,160201,160.2,0.16
BK065793,BK065793.fasta,160114,160.11,0.16
BK065794,BK065794.fasta,160165,160.16,0.16
BK065795,BK065795.fasta,160334,160.33,0.16
BK065796,BK065796.fasta,160241,160.24,0.16
BK068666,BK068666.fasta,151868,151.87,0.152
BK068668,BK068668.fasta,151113,151.11,0.151
BK070409,BK070409.1.fasta,122962,122.96,0.123
BK070410,BK070410.1.fasta,124753,124.75,0.125
BK070963,BK070963.fasta,152300,152.3,0.152
BK070964,BK070964.fasta,152258,152.26,0.152
BK070965,BK070965.fasta,152433,152.43,0.152
BK070966,BK070966.fasta,152305,152.31,0.152
BK070967,BK070967.fasta,152421,152.42,0.152
BK070968,BK070968.fasta,152270,152.27,0.152
BK070969,BK070969.fasta,152108,152.11,0.152
BK070970,BK070970.fasta,152457,152.46,0.152
BK070971,BK070971.fasta,152788,152.79,0.153
BK070972,BK070972.fasta,153430,153.43,0.153
BK070973,BK070973.fasta,152631,152.63,0.153
BK070974,BK070974.fasta,152420,152.42,0.152
BK070975,BK070975.fasta,152438,152.44,0.152
BK070976,BK070976.fasta,153151,153.15,0.153
BK070977,BK070977.fasta,152309,152.31,0.152
BK070978,BK070978.fasta,170915,170.91,0.171
BK071447,BK071447.fasta,171748,171.75,0.172
BK071448,BK071448.fasta,171088,171.09,0.171
BK071450,BK071450.fasta,173021,173.02,0.173
BK071451,BK071451.fasta,172648,172.65,0.173
BK071452,BK071452.fasta,171885,171.88,0.172
BK071820,BK071820.fasta,153156,153.16,0.153
BK071821,BK071821.fasta,153151,153.15,0.153
BK071822,BK071822.fasta,152620,152.62,0.153
BK071823,BK071823.fasta,152707,152.71,0.153
BK071824,BK071824.fasta,152707,152.71,0.153
BK071825,BK071825.fasta,153391,153.39,0.153
BK071826,BK071826.fasta,153428,153.43,0.153
BK071827,BK071827.fasta,152639,152.64,0.153
BK071828,BK071828.fasta,152640,152.64,0.153
BK071829,BK071829.fasta,153470,153.47,0.153
BK071830,BK071830.fasta,153137,153.14,0.153
BK071831,BK071831.fasta,152706,152.71,0.153
BK071832,BK071832.fasta,152890,152.89,0.153
BK071833,BK071833.fasta,152769,152.77,0.153
BK071834,BK071834.fasta,152632,152.63,0.153
BK071835,BK071835.fasta,152523,152.52,0.153
BK071836,BK071836.fasta,152478,152.48,0.152
BK071837,BK071837.fasta,152689,152.69,0.153
BK071839,BK071839.fasta,152752,152.75,0.153
BK071840,BK071840.fasta,152612,152.61,0.153
BK071841,BK071841.fasta,151098,151.1,0.151
BK071842,BK071842.fasta,153178,153.18,0.153
BK071843,BK071843.fasta,153261,153.26,0.153
BK071844,BK071844.fasta,153176,153.18,0.153
BK071845,BK071845.fasta,152674,152.67,0.153
BK071846,BK071846.fasta,152687,152.69,0.153
BK071847,BK071847.fasta,152575,152.57,0.153
BK071848,BK071848.fasta,152639,152.64,0.153
BK071849,BK071849.fasta,152577,152.58,0.153
BK071850,BK071850.fasta,152975,152.97,0.153
BK071851,BK071851.fasta,152883,152.88,0.153
BK071852,BK071852.fasta,151666,151.67,0.152
BK071853,BK071853.fasta,152226,152.23,0.152
BK071854,BK071854.fasta,153131,153.13,0.153
BK071855,BK071855.fasta,153069,153.07,0.153
BK071856,BK071856.fasta,153069,153.07,0.153
BK071857,BK071857.fasta,152534,152.53,0.153
BK071858,BK071858.fasta,152506,152.51,0.153
BK071859,BK071859.fasta,152840,152.84,0.153
BK071860,BK071860.fasta,152566,152.57,0.153
BK071861,BK071861.fasta,153009,153.01,0.153
BK071862,BK071862.fasta,152120,152.12,0.152
BK071863,BK071863.fasta,153100,153.1,0.153
BK071864,BK071864.fasta,152086,152.09,0.152
BK071865,BK071865.fasta,152671,152.67,0.153
BK071866,BK071866.fasta,152195,152.19,0.152
BK071867,BK071867.fasta,153106,153.11,0.153
BK071868,BK071868.fasta,152896,152.9,0.153
BK071869,BK071869.fasta,152515,152.51,0.153
BK071870,BK071870.fasta,152542,152.54,0.153
BK071871,BK071871.fasta,152241,152.24,0.152
BK071872,BK071872.fasta,151924,151.92,0.152
BK071873,BK071873.fasta,152127,152.13,0.152
BR002395,BR002395.fasta,179156,179.16,0.179
BR002547,BR002547.1.fasta,117592,117.59,0.118
BR002548,BR002548.1.fasta,114091,114.09,0.114
BR002549,BR002549.1.fasta,113524,113.52,0.114
BR002550,BR002550.1.fasta,112847,112.85,0.113
CP157865,CP157865.fasta,135949,135.95,0.136
KC598086,KC598086.1.fasta,117549,117.55,0.118
LC727398,LC727398.fasta,151219,151.22,0.151
LC774945,LC774945.fasta,150478,150.48,0.15
LC849113,LC849113.fasta,160074,160.07,0.16
LC858458,LC858458.fasta,158427,158.43,0.158
LC899288,LC899288.fasta,162254,162.25,0.162
LC914692,LC914692.1.fasta,91673,91.67,0.092
LC915730,LC915730.fasta,138172,138.17,0.138
LC919526,LC919526.fasta,162376,162.38,0.162
LC923089,LC923089.fasta,153125,153.12,0.153
MH649286,MH649286.fasta,151752,151.75,0.152
MH649287,MH649287.fasta,157047,157.05,0.157
MH706712,MH706712.1.fasta,120063,120.06,0.12
MK033526,MK033526.fasta,156942,156.94,0.157
MK033538,MK033538.fasta,157578,157.58,0.158
MK033543,MK033543.fasta,156856,156.86,0.157
MK033549,MK033549.fasta,157561,157.56,0.158
MK204359,MK204359.fasta,156089,156.09,0.156
MK234901,MK234901.fasta,159502,159.5,0.16
MK234902,MK234902.fasta,159054,159.05,0.159
MK351805,MK351805.fasta,153793,153.79,0.154
MK751398,MK751398.fasta,152026,152.03,0.152
MK908406,MK908406.fasta,157190,157.19,0.157
MN064718,MN064718.fasta,150040,150.04,0.15
MN229512,MN229512.fasta,156282,156.28,0.156
MT052998,MT052998.fasta,160068,160.07,0.16
MT052999,MT052999.fasta,160094,160.09,0.16
MT053000,MT053000.fasta,159891,159.89,0.16
MT053001,MT053001.fasta,160072,160.07,0.16
MT053002,MT053002.fasta,160230,160.23,0.16
MT053003,MT053003.fasta,159710,159.71,0.16
MT053004,MT053004.fasta,160322,160.32,0.16
MT053005,MT053005.fasta,160621,160.62,0.161
MT053006,MT053006.fasta,160449,160.45,0.16
MT053007,MT053007.fasta,160361,160.36,0.16
MT053008,MT053008.fasta,157936,157.94,0.158
MT506232,MT506232.fasta,157325,157.32,0.157
MT656596,MT656596.fasta,157315,157.31,0.157
MT762166,MT762166.fasta,164687,164.69,0.165
MT948191,MT948191.fasta,155898,155.9,0.156
MT974496,MT974496.fasta,161880,161.88,0.162
MW029456,MW029456.fasta,160322,160.32,0.16
MW029457,MW029457.fasta,160748,160.75,0.161
MW029458,MW029458.fasta,161817,161.82,0.162
MW029459,MW029459.fasta,163800,163.8,0.164
MW250870,MW250870.1.fasta,195356,195.36,0.195
MW413436,MW413436.fasta,151763,151.76,0.152
MW420933,MW420933.fasta,152176,152.18,0.152
MW420934,MW420934.fasta,152333,152.33,0.152
MW420935,MW420935.fasta,151551,151.55,0.152
MW420937,MW420937.fasta,151908,151.91,0.152
MW420938,MW420938.fasta,152365,152.37,0.152
MW420939,MW420939.fasta,152016,152.02,0.152
MW420940,MW420940.fasta,152146,152.15,0.152
MW420941,MW420941.fasta,152110,152.11,0.152
MW420942,MW420942.fasta,152042,152.04,0.152
MW420943,MW420943.fasta,151777,151.78,0.152
MW420944,MW420944.fasta,152008,152.01,0.152
MW420945,MW420945.fasta,151745,151.75,0.152
MW420946,MW420946.fasta,151915,151.91,0.152
MW420947,MW420947.fasta,152558,152.56,0.153
MW420948,MW420948.fasta,151813,151.81,0.152
MW420949,MW420949.fasta,152484,152.48,0.152
MW420950,MW420950.fasta,151750,151.75,0.152
MW420951,MW420951.fasta,151762,151.76,0.152
MW420952,MW420952.fasta,152434,152.43,0.152
MW420953,MW420953.fasta,152530,152.53,0.153
MW420954,MW420954.fasta,152594,152.59,0.153
MW420955,MW420955.fasta,151827,151.83,0.152
MW420956,MW420956.fasta,152578,152.58,0.153
MW420957,MW420957.fasta,151521,151.52,0.152
MW420958,MW420958.fasta,152339,152.34,0.152
MW420959,MW420959.fasta,151030,151.03,0.151
MW420960,MW420960.fasta,152523,152.52,0.153
MW420961,MW420961.fasta,151544,151.54,0.152
MW420962,MW420962.fasta,151744,151.74,0.152
MW420963,MW420963.fasta,151861,151.86,0.152
MW420964,MW420964.fasta,152584,152.58,0.153
MW420965,MW420965.fasta,152330,152.33,0.152
MW420966,MW420966.fasta,151742,151.74,0.152
MW420967,MW420967.fasta,152184,152.18,0.152
MW420968,MW420968.fasta,152099,152.1,0.152
MW420969,MW420969.fasta,152529,152.53,0.153
MW420970,MW420970.fasta,151637,151.64,0.152
MW420971,MW420971.fasta,153186,153.19,0.153
MW420972,MW420972.fasta,152310,152.31,0.152
MW420973,MW420973.fasta,151823,151.82,0.152
MW420974,MW420974.fasta,152266,152.27,0.152
MW420975,MW420975.fasta,151634,151.63,0.152
MW420976,MW420976.fasta,152544,152.54,0.153
MW420977,MW420977.fasta,152533,152.53,0.153
MW420978,MW420978.fasta,152539,152.54,0.153
MW470954,MW470954.fasta,157343,157.34,0.157
MW483086,MW483086.fasta,157208,157.21,0.157
MW483087,MW483087.fasta,157218,157.22,0.157
MW483095,MW483095.fasta,157272,157.27,0.157
MW646912,MW646912.fasta,151267,151.27,0.151
MW646913,MW646913.fasta,151659,151.66,0.152
MW646914,MW646914.fasta,152341,152.34,0.152
MW646915,MW646915.fasta,152761,152.76,0.153
MW646916,MW646916.fasta,151452,151.45,0.151
MW646917,MW646917.fasta,152051,152.05,0.152
MW683061,MW683061.fasta,152612,152.61,0.153
MW683062,MW683062.fasta,152346,152.35,0.152
MW683063,MW683063.fasta,151889,151.89,0.152
MW683064,MW683064.fasta,152169,152.17,0.152
MW683065,MW683065.fasta,152988,152.99,0.153
MW683066,MW683066.fasta,152057,152.06,0.152
MW683067,MW683067.fasta,151731,151.73,0.152
MW683068,MW683068.fasta,151772,151.77,0.152
MW683070,MW683070.fasta,152642,152.64,0.153
MW785254,MW785254.fasta,157806,157.81,0.158
MW785255,MW785255.fasta,157990,157.99,0.158
MW785258,MW785258.fasta,158692,158.69,0.159
MW785260,MW785260.fasta,158433,158.43,0.158
MW785262,MW785262.fasta,157588,157.59,0.158
MW829277,MW829277.fasta,156709,156.71,0.157
MW829278,MW829278.fasta,154844,154.84,0.155
MW829284,MW829284.fasta,156165,156.16,0.156
MZ337548,MZ337548.fasta,133249,133.25,0.133
MZ520130,MZ520130.1.fasta,135219,135.22,0.135
MZ520131,MZ520131.1.fasta,131544,131.54,0.132
MZ520132,MZ520132.1.fasta,131858,131.86,0.132
MZ520133,MZ520133.1.fasta,131224,131.22,0.131
MZ520134,MZ520134.1.fasta,135289,135.29,0.135
MZ557567,MZ557567.fasta,156183,156.18,0.156
MZ662759,MZ662759.fasta,139664,139.66,0.14
OK509171,OK509171.fasta,156883,156.88,0.157
OK509172,OK509172.fasta,156657,156.66,0.157
OK509173,OK509173.fasta,156617,156.62,0.157
OK509174,OK509174.fasta,156582,156.58,0.157
OK509175,OK509175.fasta,157026,157.03,0.157
OK509176,OK509176.fasta,156618,156.62,0.157
OK509178,OK509178.fasta,156551,156.55,0.157
OL444889,OL444889.fasta,135127,135.13,0.135
OL804278,OL804278.fasta,160739,160.74,0.161
OL804288,OL804288.fasta,160201,160.2,0.16
OL852088,OL852088.fasta,155075,155.07,0.155
OL852089,OL852089.fasta,154129,154.13,0.154
OL852090,OL852090.fasta,155482,155.48,0.155
OL852091,OL852091.fasta,154320,154.32,0.154
OL852092,OL852092.fasta,153764,153.76,0.154
OL852093,OL852093.fasta,155491,155.49,0.155
OL852094,OL852094.fasta,155439,155.44,0.155
OL852095,OL852095.fasta,155482,155.48,0.155
OL852096,OL852096.fasta,155602,155.6,0.156
OL875059,OL875059.fasta,155759,155.76,0.156
OL875060,OL875060.fasta,155400,155.4,0.155
OL875062,OL875062.fasta,155581,155.58,0.156
OL875063,OL875063.fasta,154534,154.53,0.155
OL875064,OL875064.fasta,153763,153.76,0.154
OL875065,OL875065.fasta,154404,154.4,0.154
OL875066,OL875066.fasta,154808,154.81,0.155
OL875067,OL875067.fasta,154739,154.74,0.155
OL875068,OL875068.fasta,154451,154.45,0.154
OL875069,OL875069.fasta,155645,155.65,0.156
OL875070,OL875070.fasta,153782,153.78,0.154
OL875071,OL875071.fasta,154311,154.31,0.154
OL875072,OL875072.fasta,154107,154.11,0.154
OL891503,OL891503.fasta,160134,160.13,0.16
OL891504,OL891504.fasta,160556,160.56,0.161
OL891505,OL891505.fasta,160532,160.53,0.161
OL891506,OL891506.fasta,160013,160.01,0.16
OL891507,OL891507.fasta,160626,160.63,0.161
OL891508,OL891508.fasta,160666,160.67,0.161
OL891509,OL891509.fasta,160688,160.69,0.161
OL891510,OL891510.fasta,160914,160.91,0.161
OL891511,OL891511.fasta,160902,160.9,0.161
OL891512,OL891512.fasta,160729,160.73,0.161
OL891513,OL891513.fasta,160744,160.74,0.161
OL891514,OL891514.fasta,161108,161.11,0.161
OL891515,OL891515.fasta,160522,160.52,0.161
OL891516,OL891516.fasta,160758,160.76,0.161
OL891517,OL891517.fasta,161117,161.12,0.161
OL891518,OL891518.fasta,160934,160.93,0.161
OL891519,OL891519.fasta,160864,160.86,0.161
OL891520,OL891520.fasta,160577,160.58,0.161
OL891521,OL891521.fasta,161030,161.03,0.161
OL891595,OL891595.fasta,155466,155.47,0.155
OL891596,OL891596.fasta,155285,155.28,0.155
OL944401,OL944401.fasta,155602,155.6,0.156
OM048110,OM048110.fasta,131540,131.54,0.132
OM256484,OM256484.fasta,159414,159.41,0.159
OM272998,OM272998.fasta,153170,153.17,0.153
OM273003,OM273003.fasta,152863,152.86,0.153
OM640181,OM640181.fasta,163287,163.29,0.163
OM640182,OM640182.fasta,166329,166.33,0.166
OM640183,OM640183.fasta,163268,163.27,0.163
OM640185,OM640185.fasta,161699,161.7,0.162
OM640186,OM640186.fasta,162525,162.53,0.163
OM640187,OM640187.fasta,162670,162.67,0.163
OM640188,OM640188.fasta,163099,163.1,0.163
OM640189,OM640189.fasta,162167,162.17,0.162
OM640190,OM640190.fasta,161805,161.81,0.162
OM640192,OM640192.fasta,164590,164.59,0.165
OM826985,OM826985.fasta,166694,166.69,0.167
OM826986,OM826986.fasta,166642,166.64,0.167
OM935756,OM935756.fasta,148866,148.87,0.149
OM948747,OM948747.fasta,150485,150.49,0.15
OM948748,OM948748.fasta,152108,152.11,0.152
OM948749,OM948749.fasta,152455,152.46,0.152
OM948750,OM948750.fasta,152606,152.61,0.153
OM948751,OM948751.fasta,153231,153.23,0.153
OM948752,OM948752.fasta,152087,152.09,0.152
OM948753,OM948753.fasta,152491,152.49,0.152
OM948754,OM948754.fasta,153074,153.07,0.153
OM948755,OM948755.fasta,152382,152.38,0.152
OM948756,OM948756.fasta,152071,152.07,0.152
OM948757,OM948757.fasta,152136,152.14,0.152
OM948758,OM948758.fasta,151542,151.54,0.152
OM948759,OM948759.fasta,152727,152.73,0.153
OM948763,OM948763.fasta,151965,151.97,0.152
OM948764,OM948764.fasta,153737,153.74,0.154
OM948765,OM948765.fasta,150714,150.71,0.151
OM948766,OM948766.fasta,152063,152.06,0.152
OM948767,OM948767.fasta,150625,150.62,0.151
OM948769,OM948769.fasta,152721,152.72,0.153
OM948771,OM948771.fasta,149323,149.32,0.149
OM948773,OM948773.fasta,153111,153.11,0.153
OM948774,OM948774.fasta,153337,153.34,0.153
OM948775,OM948775.fasta,152844,152.84,0.153
OM948776,OM948776.fasta,150825,150.82,0.151
OM948777,OM948777.fasta,152499,152.5,0.152
OM948781,OM948781.fasta,152656,152.66,0.153
OM948782,OM948782.fasta,152177,152.18,0.152
OM949882,OM949882.fasta,159077,159.08,0.159
OM949883,OM949883.fasta,157578,157.58,0.158
OM949884,OM949884.fasta,156230,156.23,0.156
OM949885,OM949885.fasta,156245,156.25,0.156
OM949886,OM949886.fasta,156860,156.86,0.157
OM949887,OM949887.fasta,156672,156.67,0.157
OM949888,OM949888.fasta,156330,156.33,0.156
OM949889,OM949889.fasta,156488,156.49,0.156
OM949890,OM949890.fasta,156828,156.83,0.157
OM949891,OM949891.fasta,156706,156.71,0.157
OM949892,OM949892.fasta,157070,157.07,0.157
OM949893,OM949893.fasta,157171,157.17,0.157
OM949894,OM949894.fasta,156765,156.76,0.157
OM949895,OM949895.fasta,157275,157.28,0.157
OM949896,OM949896.fasta,157551,157.55,0.158
OM949897,OM949897.fasta,157513,157.51,0.158
OM949898,OM949898.fasta,157798,157.8,0.158
OM949899,OM949899.fasta,155401,155.4,0.155
OM949900,OM949900.fasta,156819,156.82,0.157
OM949901,OM949901.fasta,157805,157.81,0.158
OM949902,OM949902.fasta,156891,156.89,0.157
OM949903,OM949903.fasta,156741,156.74,0.157
OM949904,OM949904.fasta,156319,156.32,0.156
OM949905,OM949905.fasta,156440,156.44,0.156
OM949906,OM949906.fasta,157500,157.5,0.158
OM949907,OM949907.fasta,157243,157.24,0.157
OM949908,OM949908.fasta,157022,157.02,0.157
OM949909,OM949909.fasta,156922,156.92,0.157
OM949910,OM949910.fasta,159063,159.06,0.159
OM949911,OM949911.fasta,155612,155.61,0.156
OM949912,OM949912.fasta,156893,156.89,0.157
OM949913,OM949913.fasta,155755,155.75,0.156
OM949914,OM949914.fasta,156389,156.39,0.156
OM949915,OM949915.fasta,156922,156.92,0.157
OM949917,OM949917.fasta,156413,156.41,0.156
OM949918,OM949918.fasta,157281,157.28,0.157
OM949919,OM949919.fasta,155538,155.54,0.156
OM949920,OM949920.fasta,156154,156.15,0.156
OM949921,OM949921.fasta,155992,155.99,0.156
OM949922,OM949922.fasta,156084,156.08,0.156
OM949923,OM949923.fasta,156579,156.58,0.157
OM949924,OM949924.fasta,156170,156.17,0.156
OM949926,OM949926.fasta,156651,156.65,0.157
OM949927,OM949927.fasta,156508,156.51,0.157
OM949928,OM949928.fasta,157173,157.17,0.157
OM949929,OM949929.fasta,155813,155.81,0.156
OM949930,OM949930.fasta,156506,156.51,0.157
OM949931,OM949931.fasta,156786,156.79,0.157
OM949932,OM949932.fasta,155789,155.79,0.156
OM949933,OM949933.fasta,157015,157.01,0.157
OM949934,OM949934.fasta,156282,156.28,0.156
OM949935,OM949935.fasta,156967,156.97,0.157
OM949936,OM949936.fasta,156830,156.83,0.157
OM949937,OM949937.fasta,156283,156.28,0.156
OM961047,OM961047.fasta,153972,153.97,0.154
ON087701,ON087701.fasta,151150,151.15,0.151
ON149840,ON149840.fasta,167974,167.97,0.168
ON470822,ON470822.fasta,146985,146.99,0.147
ON470823,ON470823.fasta,148632,148.63,0.149
ON470826,ON470826.fasta,148609,148.61,0.149
ON470828,ON470828.fasta,148632,148.63,0.149
ON470829,ON470829.fasta,148494,148.49,0.148
ON470830,ON470830.fasta,148470,148.47,0.148
ON470833,ON470833.fasta,155449,155.45,0.155
ON693853,ON693853.fasta,159102,159.1,0.159
ON729341,ON729341.fasta,159053,159.05,0.159
ON729344,ON729344.fasta,160355,160.35,0.16
ON729345,ON729345.fasta,159801,159.8,0.16
ON729346,ON729346.fasta,158090,158.09,0.158
ON729347,ON729347.fasta,159318,159.32,0.159
ON729348,ON729348.fasta,159450,159.45,0.159
ON729349,ON729349.fasta,159182,159.18,0.159
ON729350,ON729350.fasta,159453,159.45,0.159
ON729351,ON729351.fasta,159439,159.44,0.159
ON729352,ON729352.fasta,158939,158.94,0.159
ON729353,ON729353.fasta,158975,158.97,0.159
ON729354,ON729354.fasta,159409,159.41,0.159
ON729355,ON729355.fasta,159402,159.4,0.159
ON729356,ON729356.fasta,159451,159.45,0.159
ON729357,ON729357.fasta,159229,159.23,0.159
ON729358,ON729358.fasta,159014,159.01,0.159
ON729359,ON729359.fasta,159130,159.13,0.159
ON729360,ON729360.fasta,158856,158.86,0.159
ON729361,ON729361.fasta,158787,158.79,0.159
ON729362,ON729362.fasta,158997,159.0,0.159
ON729363,ON729363.fasta,158707,158.71,0.159
ON729364,ON729364.fasta,159035,159.03,0.159
ON729365,ON729365.fasta,159766,159.77,0.16
ON729366,ON729366.fasta,159785,159.78,0.16
ON729367,ON729367.fasta,159641,159.64,0.16
ON729368,ON729368.fasta,158895,158.9,0.159
ON729369,ON729369.fasta,159198,159.2,0.159
ON729370,ON729370.fasta,159170,159.17,0.159
ON729373,ON729373.fasta,159109,159.11,0.159
ON729374,ON729374.fasta,159183,159.18,0.159
ON729375,ON729375.fasta,159055,159.06,0.159
ON729376,ON729376.fasta,160860,160.86,0.161
ON729377,ON729377.fasta,160860,160.86,0.161
ON729378,ON729378.fasta,160432,160.43,0.16
ON729379,ON729379.fasta,160486,160.49,0.16
ON729381,ON729381.fasta,160285,160.28,0.16
ON729382,ON729382.fasta,160621,160.62,0.161
ON729383,ON729383.fasta,159868,159.87,0.16
ON729384,ON729384.fasta,159899,159.9,0.16
ON729385,ON729385.fasta,159775,159.78,0.16
ON729386,ON729386.fasta,159750,159.75,0.16
ON729387,ON729387.fasta,160102,160.1,0.16
ON729388,ON729388.fasta,159737,159.74,0.16
ON868911,ON868911.fasta,163578,163.58,0.164
ON880466,ON880466.fasta,156519,156.52,0.157
ON880467,ON880467.fasta,155786,155.79,0.156
ON880468,ON880468.fasta,157395,157.4,0.157
ON929836,ON929836.fasta,151822,151.82,0.152
ON929837,ON929837.fasta,151507,151.51,0.152
ON929838,ON929838.fasta,152055,152.06,0.152
ON929839,ON929839.fasta,152367,152.37,0.152
ON929840,ON929840.fasta,154084,154.08,0.154
ON929841,ON929841.fasta,151018,151.02,0.151
ON929842,ON929842.fasta,150965,150.97,0.151
ON929843,ON929843.fasta,152051,152.05,0.152
ON929844,ON929844.fasta,151329,151.33,0.151
ON929845,ON929845.fasta,149030,149.03,0.149
ON929846,ON929846.fasta,150961,150.96,0.151
ON929847,ON929847.fasta,150250,150.25,0.15
ON929848,ON929848.fasta,151277,151.28,0.151
ON929849,ON929849.fasta,151145,151.15,0.151
ON929850,ON929850.fasta,150499,150.5,0.15
ON929851,ON929851.fasta,151338,151.34,0.151
ON929852,ON929852.fasta,150081,150.08,0.15
ON929853,ON929853.fasta,151109,151.11,0.151
ON929854,ON929854.fasta,152827,152.83,0.153
ON929855,ON929855.fasta,152890,152.89,0.153
ON929856,ON929856.fasta,152510,152.51,0.153
ON929857,ON929857.fasta,151305,151.31,0.151
ON929858,ON929858.fasta,151305,151.31,0.151
ON929859,ON929859.fasta,152890,152.89,0.153
ON929860,ON929860.fasta,152166,152.17,0.152
ON929861,ON929861.fasta,151288,151.29,0.151
ON929862,ON929862.fasta,152078,152.08,0.152
ON929863,ON929863.fasta,152711,152.71,0.153
ON929864,ON929864.fasta,151239,151.24,0.151
ON929865,ON929865.fasta,150076,150.08,0.15
ON929866,ON929866.fasta,151508,151.51,0.152
ON929867,ON929867.fasta,150232,150.23,0.15
ON929868,ON929868.fasta,149854,149.85,0.15
ON929869,ON929869.fasta,152882,152.88,0.153
ON929870,ON929870.fasta,153800,153.8,0.154
ON929871,ON929871.fasta,153693,153.69,0.154
ON929872,ON929872.fasta,151722,151.72,0.152
ON929873,ON929873.fasta,149863,149.86,0.15
ON929874,ON929874.fasta,151205,151.21,0.151
ON929875,ON929875.fasta,150693,150.69,0.151
ON929876,ON929876.fasta,149270,149.27,0.149
ON929877,ON929877.fasta,151293,151.29,0.151
ON929878,ON929878.fasta,149302,149.3,0.149
ON929879,ON929879.fasta,145543,145.54,0.146
ON929880,ON929880.fasta,145494,145.49,0.145
ON929881,ON929881.fasta,149701,149.7,0.15
ON929882,ON929882.fasta,146654,146.65,0.147
OP133565,OP133565.fasta,155522,155.52,0.156
OP133566,OP133566.fasta,155602,155.6,0.156
OP133567,OP133567.fasta,155367,155.37,0.155
OP133568,OP133568.fasta,154037,154.04,0.154
OP133569,OP133569.fasta,154349,154.35,0.154
OP133570,OP133570.fasta,155013,155.01,0.155
OP133571,OP133571.fasta,161450,161.45,0.161
OP133572,OP133572.fasta,160246,160.25,0.16
OP133573,OP133573.fasta,157158,157.16,0.157
OP133574,OP133574.fasta,178308,178.31,0.178
OP133575,OP133575.fasta,161698,161.7,0.162
OP133576,OP133576.fasta,161290,161.29,0.161
OP133577,OP133577.fasta,161436,161.44,0.161
OP133578,OP133578.fasta,175542,175.54,0.176
OP133579,OP133579.fasta,161256,161.26,0.161
OP133580,OP133580.fasta,161201,161.2,0.161
OP133581,OP133581.fasta,161348,161.35,0.161
OP133582,OP133582.fasta,159812,159.81,0.16
OP133583,OP133583.fasta,158970,158.97,0.159
OP133584,OP133584.fasta,160961,160.96,0.161
OP133585,OP133585.fasta,162509,162.51,0.163
OP133586,OP133586.fasta,161223,161.22,0.161
OP133587,OP133587.fasta,162173,162.17,0.162
OP133588,OP133588.fasta,162640,162.64,0.163
OP133589,OP133589.fasta,154630,154.63,0.155
OP133590,OP133590.fasta,156604,156.6,0.157
OP133591,OP133591.fasta,158925,158.93,0.159
OP133592,OP133592.fasta,161700,161.7,0.162
OP133593,OP133593.fasta,154955,154.96,0.155
OP133594,OP133594.fasta,154916,154.92,0.155
OP133595,OP133595.fasta,154729,154.73,0.155
OP133596,OP133596.fasta,175487,175.49,0.175
OP133597,OP133597.fasta,155680,155.68,0.156
OP133598,OP133598.fasta,154770,154.77,0.155
OP271874,OP271874.fasta,162528,162.53,0.163
OP278172,OP278172.fasta,170207,170.21,0.17
OP425116,OP425116.fasta,164734,164.73,0.165
OP514740,OP514740.fasta,155331,155.33,0.155
OP514741,OP514741.fasta,155501,155.5,0.156
OP514744,OP514744.fasta,160278,160.28,0.16
OP514747,OP514747.fasta,158021,158.02,0.158
OP514748,OP514748.fasta,158473,158.47,0.158
OP514749,OP514749.fasta,158988,158.99,0.159
OP514751,OP514751.fasta,155414,155.41,0.155
OP531898,OP531898.fasta,157131,157.13,0.157
OP531905,OP531905.fasta,156630,156.63,0.157
OP531907,OP531907.fasta,156113,156.11,0.156
OP531908,OP531908.fasta,155574,155.57,0.156
OP531909,OP531909.fasta,155485,155.49,0.155
OP531910,OP531910.fasta,155330,155.33,0.155
OP531911,OP531911.fasta,155676,155.68,0.156
OP574347,OP574347.fasta,160535,160.53,0.161
OP651896,OP651896.fasta,168904,168.9,0.169
OP686973,OP686973.fasta,161637,161.64,0.162
OP688482,OP688482.fasta,155579,155.58,0.156
OP787130,OP787130.fasta,156688,156.69,0.157
OP837513,OP837513.fasta,153425,153.43,0.153
OP837515,OP837515.fasta,151179,151.18,0.151
OP837516,OP837516.fasta,151284,151.28,0.151
OP837518,OP837518.fasta,152968,152.97,0.153
OP837519,OP837519.fasta,153349,153.35,0.153
OP837522,OP837522.fasta,151600,151.6,0.152
OP946451,OP946451.fasta,156990,156.99,0.157
OP946452,OP946452.fasta,157062,157.06,0.157
OP963999,OP963999.fasta,159676,159.68,0.16
OP964000,OP964000.fasta,159656,159.66,0.16
OP964001,OP964001.fasta,159800,159.8,0.16
OP964002,OP964002.fasta,159718,159.72,0.16
OP964004,OP964004.fasta,159744,159.74,0.16
OP964006,OP964006.fasta,159827,159.83,0.16
OP964008,OP964008.fasta,159654,159.65,0.16
OP964009,OP964009.fasta,159717,159.72,0.16
OP964011,OP964011.fasta,159835,159.84,0.16
OP964014,OP964014.fasta,159779,159.78,0.16
OP978504,OP978504.fasta,151179,151.18,0.151
OQ029584,OQ029584.fasta,169477,169.48,0.169
OQ029585,OQ029585.fasta,169121,169.12,0.169
OQ029586,OQ029586.fasta,169957,169.96,0.17
OQ091925,OQ091925.fasta,169986,169.99,0.17
OQ091926,OQ091926.fasta,169372,169.37,0.169
OQ091927,OQ091927.fasta,169870,169.87,0.17
OQ091929,OQ091929.fasta,169444,169.44,0.169
OQ091930,OQ091930.fasta,169866,169.87,0.17
OQ148756,OQ148756.fasta,161911,161.91,0.162
OQ161285,OQ161285.fasta,152958,152.96,0.153
OQ198448,OQ198448.fasta,154034,154.03,0.154
OQ198449,OQ198449.fasta,153941,153.94,0.154
OQ198450,OQ198450.fasta,153494,153.49,0.153
OQ198451,OQ198451.fasta,153893,153.89,0.154
OQ198453,OQ198453.fasta,154544,154.54,0.155
OQ220351,OQ220351.fasta,158356,158.36,0.158
OQ348517,OQ348517.fasta,158134,158.13,0.158
OQ351328,OQ351328.fasta,164831,164.83,0.165
OQ396765,OQ396765.fasta,153837,153.84,0.154
OQ446465,OQ446465.fasta,155864,155.86,0.156
OQ503539,OQ503539.fasta,157098,157.1,0.157
OQ503544,OQ503544.fasta,157058,157.06,0.157
OQ503545,OQ503545.fasta,156765,156.76,0.157
OQ503547,OQ503547.fasta,157033,157.03,0.157
OQ503548,OQ503548.fasta,156778,156.78,0.157
OQ503549,OQ503549.fasta,157002,157.0,0.157
OQ503550,OQ503550.fasta,156759,156.76,0.157
OQ503551,OQ503551.fasta,156611,156.61,0.157
OQ503552,OQ503552.fasta,156655,156.66,0.157
OQ503553,OQ503553.fasta,156546,156.55,0.157
OQ503554,OQ503554.fasta,156894,156.89,0.157
OQ503556,OQ503556.fasta,157026,157.03,0.157
OQ503558,OQ503558.fasta,157129,157.13,0.157
OQ503567,OQ503567.fasta,157029,157.03,0.157
OQ503591,OQ503591.fasta,156973,156.97,0.157
OQ503592,OQ503592.fasta,157034,157.03,0.157
OQ503595,OQ503595.fasta,157169,157.17,0.157
OQ503598,OQ503598.fasta,156850,156.85,0.157
OQ503604,OQ503604.fasta,156990,156.99,0.157
OQ503613,OQ503613.fasta,157092,157.09,0.157
OQ503614,OQ503614.fasta,156450,156.45,0.156
OQ503616,OQ503616.fasta,156892,156.89,0.157
OQ503617,OQ503617.fasta,156978,156.98,0.157
OQ503618,OQ503618.fasta,156988,156.99,0.157
OQ503619,OQ503619.fasta,156651,156.65,0.157
OQ503623,OQ503623.fasta,157098,157.1,0.157
OQ549889,OQ549889.fasta,158010,158.01,0.158
OQ549890,OQ549890.fasta,157929,157.93,0.158
OQ549891,OQ549891.fasta,157951,157.95,0.158
OQ549893,OQ549893.fasta,157805,157.81,0.158
OQ549894,OQ549894.fasta,158037,158.04,0.158
OQ549896,OQ549896.fasta,158509,158.51,0.159
OQ549897,OQ549897.fasta,157937,157.94,0.158
OQ549899,OQ549899.fasta,157965,157.97,0.158
OQ549900,OQ549900.fasta,158468,158.47,0.158
OQ549901,OQ549901.fasta,157929,157.93,0.158
OQ549902,OQ549902.fasta,157966,157.97,0.158
OQ549903,OQ549903.fasta,157708,157.71,0.158
OQ549907,OQ549907.fasta,157890,157.89,0.158
OQ549908,OQ549908.fasta,158023,158.02,0.158
OQ564492,OQ564492.fasta,149384,149.38,0.149
OQ570471,OQ570471.fasta,146960,146.96,0.147
OQ570472,OQ570472.fasta,147946,147.95,0.148
OQ570473,OQ570473.fasta,147473,147.47,0.147
OQ570474,OQ570474.fasta,145374,145.37,0.145
OQ570475,OQ570475.fasta,146848,146.85,0.147
OQ570476,OQ570476.fasta,154215,154.22,0.154
OQ570477,OQ570477.fasta,155651,155.65,0.156
OQ579166,OQ579166.fasta,156751,156.75,0.157
OQ596334,OQ596334.fasta,153871,153.87,0.154
OQ596335,OQ596335.fasta,153780,153.78,0.154
OQ596336,OQ596336.fasta,153833,153.83,0.154
OQ596337,OQ596337.fasta,153626,153.63,0.154
OQ596338,OQ596338.fasta,153675,153.68,0.154
OQ596339,OQ596339.fasta,153866,153.87,0.154
OQ736726,OQ736726.fasta,123522,123.52,0.124
OQ736727,OQ736727.fasta,122365,122.36,0.122
OQ736728,OQ736728.fasta,122367,122.37,0.122
OQ736729,OQ736729.fasta,122773,122.77,0.123
OQ736730,OQ736730.fasta,122603,122.6,0.123
OQ736731,OQ736731.fasta,122800,122.8,0.123
OQ736733,OQ736733.fasta,120689,120.69,0.121
OQ736734,OQ736734.fasta,121614,121.61,0.122
OQ736735,OQ736735.fasta,121141,121.14,0.121
OQ736736,OQ736736.fasta,122717,122.72,0.123
OQ736737,OQ736737.fasta,122450,122.45,0.122
OQ736738,OQ736738.fasta,123032,123.03,0.123
OQ736740,OQ736740.fasta,121428,121.43,0.121
OQ736741,OQ736741.fasta,122066,122.07,0.122
OQ736742,OQ736742.fasta,122963,122.96,0.123
OQ736743,OQ736743.fasta,121220,121.22,0.121
OQ736744,OQ736744.fasta,122957,122.96,0.123
OQ736745,OQ736745.fasta,123126,123.13,0.123
OQ736746,OQ736746.fasta,122682,122.68,0.123
OQ736748,OQ736748.fasta,123005,123.0,0.123
OQ736749,OQ736749.fasta,121344,121.34,0.121
OQ737789,OQ737789.fasta,166634,166.63,0.167
OQ834951,OQ834951.fasta,158323,158.32,0.158
OQ834952,OQ834952.fasta,155163,155.16,0.155
OQ835381,OQ835381.fasta,158641,158.64,0.159
OQ851309,OQ851309.fasta,156998,157.0,0.157
OQ851310,OQ851310.fasta,156744,156.74,0.157
OQ851311,OQ851311.fasta,156787,156.79,0.157
OQ851313,OQ851313.fasta,156735,156.74,0.157
OQ851314,OQ851314.fasta,156828,156.83,0.157
OQ851315,OQ851315.fasta,156735,156.74,0.157
OQ851318,OQ851318.fasta,156757,156.76,0.157
OQ851320,OQ851320.fasta,156779,156.78,0.157
OQ851321,OQ851321.fasta,156683,156.68,0.157
OQ851327,OQ851327.fasta,156779,156.78,0.157
OQ851328,OQ851328.fasta,156875,156.88,0.157
OQ851329,OQ851329.fasta,156766,156.77,0.157
OQ851331,OQ851331.fasta,156997,157.0,0.157
OQ851332,OQ851332.fasta,157064,157.06,0.157
OQ851342,OQ851342.fasta,156786,156.79,0.157
OQ851347,OQ851347.fasta,156968,156.97,0.157
OQ928152,OQ928152.fasta,155333,155.33,0.155
OQ928153,OQ928153.fasta,155618,155.62,0.156
OQ928156,OQ928156.fasta,155572,155.57,0.156
OR134583,OR134583.fasta,175472,175.47,0.175
OR159808,OR159808.fasta,155951,155.95,0.156
OR159810,OR159810.fasta,156284,156.28,0.156
OR159812,OR159812.fasta,156433,156.43,0.156
OR159815,OR159815.fasta,156586,156.59,0.157
OR159817,OR159817.fasta,156869,156.87,0.157
OR159819,OR159819.fasta,156297,156.3,0.156
OR159821,OR159821.fasta,156492,156.49,0.156
OR159822,OR159822.fasta,156354,156.35,0.156
OR159823,OR159823.fasta,156089,156.09,0.156
OR159824,OR159824.fasta,155840,155.84,0.156
OR159829,OR159829.fasta,156284,156.28,0.156
OR162023,OR162023.fasta,160117,160.12,0.16
OR162024,OR162024.fasta,159852,159.85,0.16
OR162025,OR162025.fasta,159147,159.15,0.159
OR162026,OR162026.fasta,160332,160.33,0.16
OR166986,OR166986.fasta,157594,157.59,0.158
OR166987,OR166987.fasta,157748,157.75,0.158
OR166988,OR166988.fasta,159974,159.97,0.16
OR166989,OR166989.fasta,157747,157.75,0.158
OR166992,OR166992.fasta,159727,159.73,0.16
OR166993,OR166993.fasta,159761,159.76,0.16
OR166995,OR166995.fasta,156997,157.0,0.157
OR166996,OR166996.fasta,157517,157.52,0.158
OR178745,OR178745.fasta,151983,151.98,0.152
OR187836,OR187836.fasta,156939,156.94,0.157
OR187837,OR187837.fasta,160927,160.93,0.161
OR187838,OR187838.fasta,156720,156.72,0.157
OR187839,OR187839.fasta,159735,159.74,0.16
OR231924,OR231924.fasta,146493,146.49,0.146
OR231925,OR231925.fasta,159520,159.52,0.16
OR231926,OR231926.fasta,152581,152.58,0.153
OR238388,OR238388.fasta,156358,156.36,0.156
OR260879,OR260879.fasta,163499,163.5,0.163
OR263673,OR263673.fasta,154613,154.61,0.155
OR264207,OR264207.fasta,152682,152.68,0.153
OR264208,OR264208.fasta,152756,152.76,0.153
OR264209,OR264209.fasta,154183,154.18,0.154
OR264210,OR264210.fasta,152773,152.77,0.153
OR264211,OR264211.fasta,158553,158.55,0.159
OR264212,OR264212.fasta,148829,148.83,0.149
OR264213,OR264213.fasta,153519,153.52,0.154
OR264214,OR264214.fasta,154063,154.06,0.154
OR264215,OR264215.fasta,153595,153.59,0.154
OR264216,OR264216.fasta,153937,153.94,0.154
OR264217,OR264217.fasta,152725,152.72,0.153
OR264218,OR264218.fasta,154052,154.05,0.154
OR264219,OR264219.fasta,154087,154.09,0.154
OR264221,OR264221.fasta,160013,160.01,0.16
OR264222,OR264222.fasta,154081,154.08,0.154
OR264223,OR264223.fasta,154069,154.07,0.154
OR264224,OR264224.fasta,154097,154.1,0.154
OR264226,OR264226.fasta,154131,154.13,0.154
OR264227,OR264227.fasta,154121,154.12,0.154
OR264228,OR264228.fasta,154010,154.01,0.154
OR264229,OR264229.fasta,154122,154.12,0.154
OR264231,OR264231.fasta,154086,154.09,0.154
OR264232,OR264232.fasta,154083,154.08,0.154
OR264233,OR264233.fasta,154067,154.07,0.154
OR264234,OR264234.fasta,154082,154.08,0.154
OR264235,OR264235.fasta,153999,154.0,0.154
OR264236,OR264236.fasta,152703,152.7,0.153
OR264237,OR264237.fasta,153261,153.26,0.153
OR264238,OR264238.fasta,154070,154.07,0.154
OR264239,OR264239.fasta,153377,153.38,0.153
OR264240,OR264240.fasta,154083,154.08,0.154
OR264241,OR264241.fasta,159937,159.94,0.16
OR264242,OR264242.fasta,154063,154.06,0.154
OR264243,OR264243.fasta,154087,154.09,0.154
OR264244,OR264244.fasta,154113,154.11,0.154
OR264245,OR264245.fasta,154081,154.08,0.154
OR264246,OR264246.fasta,153973,153.97,0.154
OR264247,OR264247.fasta,154009,154.01,0.154
OR264248,OR264248.fasta,157066,157.07,0.157
OR264249,OR264249.fasta,158566,158.57,0.159
OR264251,OR264251.fasta,154271,154.27,0.154
OR264252,OR264252.fasta,154106,154.11,0.154
OR264253,OR264253.fasta,152736,152.74,0.153
OR264254,OR264254.fasta,152653,152.65,0.153
OR264255,OR264255.fasta,152676,152.68,0.153
OR264256,OR264256.fasta,150950,150.95,0.151
OR264257,OR264257.fasta,150943,150.94,0.151
OR264258,OR264258.fasta,152438,152.44,0.152
OR264259,OR264259.fasta,152652,152.65,0.153
OR264260,OR264260.fasta,154080,154.08,0.154
OR264262,OR264262.fasta,154171,154.17,0.154
OR264263,OR264263.fasta,151798,151.8,0.152
OR344369,OR344369.fasta,158231,158.23,0.158
OR344374,OR344374.fasta,154542,154.54,0.155
OR344375,OR344375.fasta,154542,154.54,0.155
OR344378,OR344378.fasta,154520,154.52,0.155
OR350449,OR350449.fasta,152023,152.02,0.152
OR350450,OR350450.fasta,152469,152.47,0.152
OR387683,OR387683.fasta,159370,159.37,0.159
OR399517,OR399517.fasta,155169,155.17,0.155
OR399518,OR399518.fasta,156008,156.01,0.156
OR400157,OR400157.fasta,152669,152.67,0.153
OR400158,OR400158.fasta,152110,152.11,0.152
OR400159,OR400159.fasta,152573,152.57,0.153
OR400160,OR400160.fasta,152575,152.57,0.153
OR413693,OR413693.fasta,152658,152.66,0.153
OR492287,OR492287.fasta,155697,155.7,0.156
OR493255,OR493255.fasta,160923,160.92,0.161
OR493256,OR493256.fasta,161364,161.36,0.161
OR493260,OR493260.fasta,161230,161.23,0.161
OR493261,OR493261.fasta,161042,161.04,0.161
OR493263,OR493263.fasta,161243,161.24,0.161
OR493265,OR493265.fasta,161064,161.06,0.161
OR493267,OR493267.fasta,161292,161.29,0.161
OR493269,OR493269.fasta,161095,161.09,0.161
OR501608,OR501608.fasta,157661,157.66,0.158
OR501610,OR501610.fasta,157762,157.76,0.158
OR502875,OR502875.fasta,155284,155.28,0.155
OR521093,OR521093.fasta,153395,153.4,0.153
OR521095,OR521095.fasta,153651,153.65,0.154
OR521098,OR521098.fasta,153412,153.41,0.153
OR521100,OR521100.fasta,153525,153.53,0.154
OR521101,OR521101.fasta,153732,153.73,0.154
OR521102,OR521102.fasta,153547,153.55,0.154
OR521103,OR521103.fasta,153603,153.6,0.154
OR521104,OR521104.fasta,153419,153.42,0.153
OR521105,OR521105.fasta,153370,153.37,0.153
OR521106,OR521106.fasta,153607,153.61,0.154
OR521107,OR521107.fasta,153693,153.69,0.154
OR521108,OR521108.fasta,153635,153.63,0.154
OR521109,OR521109.fasta,153588,153.59,0.154
OR555769,OR555769.fasta,154861,154.86,0.155
OR565907,OR565907.fasta,151639,151.64,0.152
OR565909,OR565909.fasta,150851,150.85,0.151
OR565910,OR565910.fasta,151763,151.76,0.152
OR565912,OR565912.fasta,151603,151.6,0.152
OR565913,OR565913.fasta,151991,151.99,0.152
OR565915,OR565915.fasta,152210,152.21,0.152
OR565917,OR565917.fasta,152216,152.22,0.152
OR565918,OR565918.fasta,152212,152.21,0.152
OR565920,OR565920.fasta,152224,152.22,0.152
OR565921,OR565921.fasta,152202,152.2,0.152
OR565925,OR565925.fasta,152156,152.16,0.152
OR565927,OR565927.fasta,152215,152.22,0.152
OR565930,OR565930.fasta,152234,152.23,0.152
OR565931,OR565931.fasta,152219,152.22,0.152
OR565932,OR565932.fasta,152204,152.2,0.152
OR565934,OR565934.fasta,152128,152.13,0.152
OR565935,OR565935.fasta,152245,152.25,0.152
OR565937,OR565937.fasta,152248,152.25,0.152
OR565938,OR565938.fasta,152206,152.21,0.152
OR565939,OR565939.fasta,152141,152.14,0.152
OR565940,OR565940.fasta,152208,152.21,0.152
OR565942,OR565942.fasta,152211,152.21,0.152
OR565943,OR565943.fasta,152203,152.2,0.152
OR565944,OR565944.fasta,152128,152.13,0.152
OR565945,OR565945.fasta,151681,151.68,0.152
OR565948,OR565948.fasta,152183,152.18,0.152
OR565950,OR565950.fasta,152028,152.03,0.152
OR565952,OR565952.fasta,152231,152.23,0.152
OR565953,OR565953.fasta,152198,152.2,0.152
OR565954,OR565954.fasta,152003,152.0,0.152
OR565955,OR565955.fasta,152214,152.21,0.152
OR565956,OR565956.fasta,152194,152.19,0.152
OR565957,OR565957.fasta,152210,152.21,0.152
OR565958,OR565958.fasta,152222,152.22,0.152
OR565959,OR565959.fasta,152253,152.25,0.152
OR565960,OR565960.fasta,152254,152.25,0.152
OR565961,OR565961.fasta,152206,152.21,0.152
OR565962,OR565962.fasta,152206,152.21,0.152
OR565963,OR565963.fasta,152066,152.07,0.152
OR565964,OR565964.fasta,152145,152.15,0.152
OR601518,OR601518.fasta,152971,152.97,0.153
OR601519,OR601519.fasta,156330,156.33,0.156
OR601522,OR601522.fasta,155530,155.53,0.156
OR601523,OR601523.fasta,156207,156.21,0.156
OR601525,OR601525.fasta,156326,156.33,0.156
OR601527,OR601527.fasta,156248,156.25,0.156
OR601528,OR601528.fasta,152934,152.93,0.153
OR601530,OR601530.fasta,155950,155.95,0.156
OR601533,OR601533.fasta,156461,156.46,0.156
OR601534,OR601534.fasta,154046,154.05,0.154
OR601536,OR601536.fasta,156300,156.3,0.156
OR601537,OR601537.fasta,155670,155.67,0.156
OR601538,OR601538.fasta,155120,155.12,0.155
OR605724,OR605724.fasta,163845,163.84,0.164
OR605725,OR605725.fasta,162495,162.5,0.162
OR605726,OR605726.fasta,162628,162.63,0.163
OR605727,OR605727.fasta,161316,161.32,0.161
OR605728,OR605728.fasta,162276,162.28,0.162
OR609363,OR609363.1.fasta,139372,139.37,0.139
OR643823,OR643823.fasta,157765,157.76,0.158
OR668895,OR668895.fasta,157230,157.23,0.157
OR668896,OR668896.fasta,155949,155.95,0.156
OR683693,OR683693.1.fasta,128318,128.32,0.128
OR684571,OR684571.fasta,151373,151.37,0.151
OR698944,OR698944.fasta,154701,154.7,0.155
OR698945,OR698945.fasta,162590,162.59,0.163
OR698946,OR698946.fasta,163407,163.41,0.163
OR698947,OR698947.fasta,157287,157.29,0.157
OR698948,OR698948.fasta,158855,158.85,0.159
OR701859,OR701859.fasta,151970,151.97,0.152
OR711232,OR711232.fasta,142275,142.28,0.142
OR712469,OR712469.fasta,150027,150.03,0.15
OR712470,OR712470.fasta,143301,143.3,0.143
OR712471,OR712471.fasta,156432,156.43,0.156
OR712472,OR712472.fasta,159584,159.58,0.16
OR712473,OR712473.fasta,156333,156.33,0.156
OR712474,OR712474.fasta,159618,159.62,0.16
OR712475,OR712475.fasta,141146,141.15,0.141
OR712476,OR712476.fasta,161120,161.12,0.161
OR712477,OR712477.fasta,135241,135.24,0.135
OR712478,OR712478.fasta,140372,140.37,0.14
OR712479,OR712479.fasta,160640,160.64,0.161
OR712480,OR712480.fasta,122210,122.21,0.122
OR712481,OR712481.fasta,122120,122.12,0.122
OR712482,OR712482.fasta,159388,159.39,0.159
OR712483,OR712483.fasta,160070,160.07,0.16
OR712484,OR712484.fasta,141066,141.07,0.141
OR712485,OR712485.fasta,128593,128.59,0.129
OR712486,OR712486.fasta,156507,156.51,0.157
OR730818,OR730818.1.fasta,125664,125.66,0.126
OR738465,OR738465.fasta,151161,151.16,0.151
OR738466,OR738466.fasta,152944,152.94,0.153
OR754287,OR754287.fasta,127430,127.43,0.127
OR767373,OR767373.fasta,151223,151.22,0.151
OR771713,OR771713.fasta,174810,174.81,0.175
OR771720,OR771720.fasta,153359,153.36,0.153
OR771721,OR771721.fasta,153769,153.77,0.154
OR771722,OR771722.fasta,152808,152.81,0.153
OR774903,OR774903.fasta,154575,154.57,0.155
OR774907,OR774907.fasta,153761,153.76,0.154
OR778864,OR778864.fasta,156296,156.3,0.156
OR778865,OR778865.fasta,155036,155.04,0.155
OR778866,OR778866.fasta,155557,155.56,0.156
OR778871,OR778871.fasta,155589,155.59,0.156
OR783468,OR783468.fasta,152801,152.8,0.153
OR783469,OR783469.fasta,152103,152.1,0.152
OR783470,OR783470.fasta,151663,151.66,0.152
OR783471,OR783471.fasta,151447,151.45,0.151
OR783472,OR783472.fasta,152484,152.48,0.152
OR783473,OR783473.fasta,152343,152.34,0.152
OR783474,OR783474.fasta,151648,151.65,0.152
OR783475,OR783475.fasta,151224,151.22,0.151
OR783476,OR783476.fasta,152386,152.39,0.152
OR783477,OR783477.fasta,151455,151.46,0.151
OR790517,OR790517.fasta,150750,150.75,0.151
OR790518,OR790518.fasta,153383,153.38,0.153
OR801114,OR801114.fasta,150216,150.22,0.15
OR805597,OR805597.fasta,161212,161.21,0.161
OR811239,OR811239.fasta,155836,155.84,0.156
OR811240,OR811240.fasta,156021,156.02,0.156
OR832175,OR832175.fasta,161476,161.48,0.161
OR832744,OR832744.fasta,159012,159.01,0.159
OR832745,OR832745.fasta,162586,162.59,0.163
OR832748,OR832748.fasta,158658,158.66,0.159
OR832749,OR832749.fasta,143046,143.05,0.143
OR832750,OR832750.fasta,161376,161.38,0.161
OR832752,OR832752.fasta,162016,162.02,0.162
OR832754,OR832754.fasta,161789,161.79,0.162
OR832862,OR832862.fasta,138587,138.59,0.139
OR834760,OR834760.1.fasta,128880,128.88,0.129
OR835155,OR835155.fasta,155803,155.8,0.156
OR839139,OR839139.fasta,153841,153.84,0.154
OR855733,OR855733.fasta,153328,153.33,0.153
OR865876,OR865876.fasta,155708,155.71,0.156
OR865878,OR865878.fasta,155396,155.4,0.155
OR865880,OR865880.fasta,155657,155.66,0.156
OR865883,OR865883.fasta,155653,155.65,0.156
OR865884,OR865884.fasta,155335,155.34,0.155
OR865885,OR865885.fasta,155792,155.79,0.156
OR865886,OR865886.fasta,155693,155.69,0.156
OR865887,OR865887.fasta,155739,155.74,0.156
OR865891,OR865891.fasta,155676,155.68,0.156
OR881377,OR881377.fasta,157146,157.15,0.157
OR881378,OR881378.fasta,157739,157.74,0.158
OR881379,OR881379.fasta,156909,156.91,0.157
OR881380,OR881380.fasta,157840,157.84,0.158
OR884978,OR884978.fasta,152351,152.35,0.152
OR884979,OR884979.fasta,152606,152.61,0.153
OR884980,OR884980.fasta,152261,152.26,0.152
OR884981,OR884981.fasta,152908,152.91,0.153
OR884982,OR884982.fasta,154791,154.79,0.155
OR884983,OR884983.fasta,153482,153.48,0.153
OR884984,OR884984.fasta,152189,152.19,0.152
OR884985,OR884985.fasta,152903,152.9,0.153
OR884986,OR884986.fasta,153665,153.66,0.154
OR884987,OR884987.fasta,155162,155.16,0.155
OR884988,OR884988.fasta,155517,155.52,0.156
OR884989,OR884989.fasta,153923,153.92,0.154
OR884990,OR884990.fasta,153440,153.44,0.153
OR884991,OR884991.fasta,159542,159.54,0.16
OR884992,OR884992.fasta,147701,147.7,0.148
OR884993,OR884993.fasta,157538,157.54,0.158
OR884994,OR884994.fasta,149380,149.38,0.149
OR884995,OR884995.fasta,158204,158.2,0.158
OR884996,OR884996.fasta,156693,156.69,0.157
OR884997,OR884997.fasta,151783,151.78,0.152
OR884998,OR884998.fasta,160731,160.73,0.161
OR884999,OR884999.fasta,153251,153.25,0.153
OR885000,OR885000.fasta,158963,158.96,0.159
OR885128,OR885128.1.fasta,184794,184.79,0.185
OR896644,OR896644.fasta,155859,155.86,0.156
OR896658,OR896658.fasta,155768,155.77,0.156
OR896870,OR896870.fasta,150423,150.42,0.15
OR896871,OR896871.fasta,150405,150.41,0.15
OR896872,OR896872.fasta,155626,155.63,0.156
OR896873,OR896873.fasta,156740,156.74,0.157
OR896874,OR896874.fasta,152906,152.91,0.153
OR896875,OR896875.fasta,155996,156.0,0.156
OR896876,OR896876.fasta,157075,157.07,0.157
OR896877,OR896877.fasta,157028,157.03,0.157
OR896878,OR896878.fasta,155906,155.91,0.156
OR896879,OR896879.fasta,156691,156.69,0.157
OR896880,OR896880.fasta,149122,149.12,0.149
OR896881,OR896881.fasta,158247,158.25,0.158
OR896882,OR896882.fasta,155832,155.83,0.156
OR896883,OR896883.fasta,156990,156.99,0.157
OR896884,OR896884.fasta,154773,154.77,0.155
OR896885,OR896885.fasta,154156,154.16,0.154
OR896886,OR896886.fasta,154118,154.12,0.154
OR896887,OR896887.fasta,155695,155.69,0.156
OR896888,OR896888.fasta,154365,154.37,0.154
OR896889,OR896889.fasta,152412,152.41,0.152
OR896890,OR896890.fasta,152816,152.82,0.153
OR896891,OR896891.fasta,155469,155.47,0.155
OR896892,OR896892.fasta,155346,155.35,0.155
OR896893,OR896893.fasta,155498,155.5,0.155
OR896894,OR896894.fasta,151773,151.77,0.152
OR896896,OR896896.fasta,152115,152.12,0.152
OR896897,OR896897.fasta,152726,152.73,0.153
OR896898,OR896898.fasta,151870,151.87,0.152
OR896899,OR896899.fasta,151305,151.31,0.151
OR896900,OR896900.fasta,150556,150.56,0.151
OR896901,OR896901.fasta,150465,150.47,0.15
OR896902,OR896902.fasta,152377,152.38,0.152
OR896903,OR896903.fasta,152358,152.36,0.152
OR896904,OR896904.fasta,152383,152.38,0.152
OR896905,OR896905.fasta,152477,152.48,0.152
OR896906,OR896906.fasta,152450,152.45,0.152
OR899320,OR899320.fasta,153048,153.05,0.153
OR899322,OR899322.fasta,152876,152.88,0.153
OR899324,OR899324.fasta,152588,152.59,0.153
OR909615,OR909615.fasta,152603,152.6,0.153
OR909616,OR909616.fasta,152617,152.62,0.153
OR909617,OR909617.fasta,152533,152.53,0.153
OR909618,OR909618.fasta,152234,152.23,0.152
OR909619,OR909619.fasta,152564,152.56,0.153
OR909620,OR909620.fasta,152479,152.48,0.152
OR909621,OR909621.fasta,152555,152.56,0.153
OR909622,OR909622.fasta,152563,152.56,0.153
OR909623,OR909623.fasta,152643,152.64,0.153
OR909624,OR909624.fasta,152585,152.59,0.153
OR909625,OR909625.fasta,152611,152.61,0.153
OR909626,OR909626.fasta,152565,152.56,0.153
OR909627,OR909627.fasta,152543,152.54,0.153
OR909628,OR909628.fasta,152585,152.59,0.153
OR909629,OR909629.fasta,152600,152.6,0.153
OR909630,OR909630.fasta,152698,152.7,0.153
OR909631,OR909631.fasta,152701,152.7,0.153
OR909632,OR909632.fasta,152700,152.7,0.153
OR909633,OR909633.fasta,152515,152.51,0.153
OR909634,OR909634.fasta,152987,152.99,0.153
OR909635,OR909635.fasta,153038,153.04,0.153
OR909636,OR909636.fasta,152644,152.64,0.153
OR909637,OR909637.fasta,152648,152.65,0.153
OR909638,OR909638.fasta,153177,153.18,0.153
OR909639,OR909639.fasta,152894,152.89,0.153
OR909640,OR909640.fasta,153203,153.2,0.153
OR909641,OR909641.fasta,152645,152.65,0.153
OR909642,OR909642.fasta,152656,152.66,0.153
OR909643,OR909643.fasta,153195,153.19,0.153
OR909644,OR909644.fasta,153258,153.26,0.153
OR909645,OR909645.fasta,152924,152.92,0.153
OR909646,OR909646.fasta,152830,152.83,0.153
OR909647,OR909647.fasta,153177,153.18,0.153
OR909648,OR909648.fasta,152866,152.87,0.153
OR909649,OR909649.fasta,152970,152.97,0.153
OR909650,OR909650.fasta,152616,152.62,0.153
OR909651,OR909651.fasta,153232,153.23,0.153
OR909652,OR909652.fasta,151349,151.35,0.151
OR909653,OR909653.fasta,150842,150.84,0.151
OR915891,OR915891.fasta,151099,151.1,0.151
OR935788,OR935788.fasta,152027,152.03,0.152
OR935789,OR935789.fasta,151980,151.98,0.152
OR935791,OR935791.fasta,151825,151.82,0.152
OR935793,OR935793.fasta,151725,151.72,0.152
OR935794,OR935794.fasta,152032,152.03,0.152
OR935797,OR935797.fasta,151916,151.92,0.152
OR935799,OR935799.fasta,151945,151.94,0.152
OR935802,OR935802.fasta,151756,151.76,0.152
OR935804,OR935804.fasta,152344,152.34,0.152
OR936138,OR936138.fasta,160350,160.35,0.16
OR936139,OR936139.fasta,161475,161.47,0.161
OR941302,OR941302.fasta,159166,159.17,0.159
OR946452,OR946452.fasta,160205,160.21,0.16
OR946453,OR946453.fasta,160166,160.17,0.16
OR946454,OR946454.fasta,160102,160.1,0.16
OR946455,OR946455.fasta,160134,160.13,0.16
OR946456,OR946456.fasta,160147,160.15,0.16
OR946457,OR946457.fasta,160137,160.14,0.16
OR946458,OR946458.fasta,160150,160.15,0.16
OR946459,OR946459.fasta,160147,160.15,0.16
OR946460,OR946460.fasta,160142,160.14,0.16
OR946461,OR946461.fasta,160093,160.09,0.16
OR966887,OR966887.fasta,161632,161.63,0.162
OR966888,OR966888.fasta,161630,161.63,0.162
OR972714,OR972714.fasta,156630,156.63,0.157
OR972716,OR972716.fasta,155493,155.49,0.155
OR972718,OR972718.fasta,156712,156.71,0.157
OR972719,OR972719.fasta,156882,156.88,0.157
OR978441,OR978441.fasta,151642,151.64,0.152
OR978662,OR978662.fasta,171274,171.27,0.171
OR978663,OR978663.fasta,167282,167.28,0.167
OR978664,OR978664.fasta,166401,166.4,0.166
OR978665,OR978665.fasta,167523,167.52,0.168
OR978666,OR978666.fasta,168879,168.88,0.169
OR990525,OR990525.fasta,151937,151.94,0.152
OR990526,OR990526.fasta,152032,152.03,0.152
OR990527,OR990527.fasta,152204,152.2,0.152
OR990528,OR990528.fasta,149094,149.09,0.149
OR990529,OR990529.fasta,150133,150.13,0.15
OR990530,OR990530.fasta,149729,149.73,0.15
OR990531,OR990531.fasta,152737,152.74,0.153
OR990532,OR990532.fasta,151109,151.11,0.151
OR990533,OR990533.fasta,151105,151.1,0.151
OR990534,OR990534.fasta,151105,151.1,0.151
OR990535,OR990535.fasta,152052,152.05,0.152
OR990536,OR990536.fasta,152001,152.0,0.152
OR990537,OR990537.fasta,152566,152.57,0.153
OR990538,OR990538.fasta,150703,150.7,0.151
OR990539,OR990539.fasta,152161,152.16,0.152
OR990540,OR990540.fasta,152499,152.5,0.152
OR990541,OR990541.fasta,151316,151.32,0.151
OR990542,OR990542.fasta,152636,152.64,0.153
OR990543,OR990543.fasta,152334,152.33,0.152
OR990544,OR990544.fasta,150969,150.97,0.151
OR990545,OR990545.fasta,151193,151.19,0.151
OR990546,OR990546.fasta,151344,151.34,0.151
OR990547,OR990547.fasta,150803,150.8,0.151
OR990548,OR990548.fasta,151809,151.81,0.152
OR990549,OR990549.fasta,151848,151.85,0.152
OR990550,OR990550.fasta,150208,150.21,0.15
OR990551,OR990551.fasta,150540,150.54,0.151
OR990552,OR990552.fasta,153149,153.15,0.153
OR990553,OR990553.fasta,153021,153.02,0.153
OR990554,OR990554.fasta,153159,153.16,0.153
OR990555,OR990555.fasta,150321,150.32,0.15
OR992045,OR992045.1.fasta,173224,173.22,0.173
OR992047,OR992047.1.fasta,173063,173.06,0.173
OR995346,OR995346.fasta,155871,155.87,0.156
OR995413,OR995413.fasta,159558,159.56,0.16
OR995414,OR995414.fasta,159313,159.31,0.159
OR995415,OR995415.fasta,159944,159.94,0.16
OR995416,OR995416.fasta,159650,159.65,0.16
OR995418,OR995418.fasta,160284,160.28,0.16
OR995425,OR995425.fasta,159931,159.93,0.16
OR995426,OR995426.fasta,160098,160.1,0.16
OR995427,OR995427.fasta,160389,160.39,0.16
OR995428,OR995428.fasta,159862,159.86,0.16
OR995433,OR995433.fasta,160165,160.16,0.16
OR995436,OR995436.fasta,159711,159.71,0.16
OR995437,OR995437.fasta,159179,159.18,0.159
OR995438,OR995438.fasta,159880,159.88,0.16
OR995439,OR995439.fasta,159493,159.49,0.159
OR995440,OR995440.fasta,160003,160.0,0.16
OR995443,OR995443.fasta,160179,160.18,0.16
OR995444,OR995444.fasta,159813,159.81,0.16
OR995445,OR995445.fasta,159448,159.45,0.159
OR995447,OR995447.fasta,159765,159.76,0.16
OR995448,OR995448.fasta,160148,160.15,0.16
OR995449,OR995449.fasta,160112,160.11,0.16
OR995451,OR995451.fasta,159890,159.89,0.16
OR995453,OR995453.fasta,159514,159.51,0.16
OR995454,OR995454.fasta,159555,159.56,0.16
OR995457,OR995457.fasta,159679,159.68,0.16
OR995458,OR995458.fasta,159623,159.62,0.16
OR995462,OR995462.fasta,160125,160.12,0.16
OR995464,OR995464.fasta,160017,160.02,0.16
OR995466,OR995466.fasta,159869,159.87,0.16
OR995467,OR995467.fasta,159832,159.83,0.16
OR995469,OR995469.fasta,159867,159.87,0.16
OR995472,OR995472.fasta,159816,159.82,0.16
OR995476,OR995476.fasta,159853,159.85,0.16
OR995477,OR995477.fasta,159429,159.43,0.159
OR995478,OR995478.fasta,159997,160.0,0.16
OR995479,OR995479.fasta,159760,159.76,0.16
OR995480,OR995480.fasta,160050,160.05,0.16
OR995481,OR995481.fasta,160281,160.28,0.16
OR995482,OR995482.fasta,160111,160.11,0.16
OR995483,OR995483.fasta,160281,160.28,0.16
OR995484,OR995484.fasta,160314,160.31,0.16
PP003283,PP003283.fasta,155859,155.86,0.156
PP024531,PP024531.fasta,151983,151.98,0.152
PP024532,PP024532.fasta,149753,149.75,0.15
PP024533,PP024533.fasta,150099,150.1,0.15
PP024534,PP024534.fasta,149976,149.98,0.15
PP024535,PP024535.fasta,150841,150.84,0.151
PP024536,PP024536.fasta,150254,150.25,0.15
PP024537,PP024537.fasta,150977,150.98,0.151
PP024538,PP024538.fasta,150984,150.98,0.151
PP024539,PP024539.fasta,148914,148.91,0.149
PP056230,PP056230.fasta,156799,156.8,0.157
PP056231,PP056231.fasta,158306,158.31,0.158
PP056232,PP056232.fasta,150630,150.63,0.151
PP056233,PP056233.fasta,158525,158.53,0.159
PP056234,PP056234.fasta,146119,146.12,0.146
PP056235,PP056235.fasta,159603,159.6,0.16
PP056236,PP056236.fasta,154780,154.78,0.155
PP056237,PP056237.fasta,151955,151.96,0.152
PP056238,PP056238.fasta,153180,153.18,0.153
PP056239,PP056239.fasta,157798,157.8,0.158
PP056240,PP056240.fasta,154612,154.61,0.155
PP056241,PP056241.fasta,156684,156.68,0.157
PP056242,PP056242.fasta,160923,160.92,0.161
PP056243,PP056243.fasta,156340,156.34,0.156
PP056244,PP056244.fasta,153389,153.39,0.153
PP056245,PP056245.fasta,153430,153.43,0.153
PP056246,PP056246.fasta,161489,161.49,0.161
PP056247,PP056247.fasta,153102,153.1,0.153
PP056248,PP056248.fasta,162837,162.84,0.163
PP056249,PP056249.fasta,160036,160.04,0.16
PP056250,PP056250.fasta,154213,154.21,0.154
PP056251,PP056251.fasta,157083,157.08,0.157
PP056252,PP056252.fasta,161099,161.1,0.161
PP056254,PP056254.fasta,155113,155.11,0.155
PP056256,PP056256.fasta,157235,157.24,0.157
PP056257,PP056257.fasta,156536,156.54,0.157
PP056258,PP056258.fasta,155417,155.42,0.155
PP056259,PP056259.fasta,155002,155.0,0.155
PP056260,PP056260.fasta,156993,156.99,0.157
PP056261,PP056261.fasta,132866,132.87,0.133
PP056262,PP056262.fasta,152437,152.44,0.152
PP056263,PP056263.fasta,157799,157.8,0.158
PP056264,PP056264.fasta,158040,158.04,0.158
PP056265,PP056265.fasta,152183,152.18,0.152
PP056266,PP056266.fasta,152875,152.88,0.153
PP056267,PP056267.fasta,160476,160.48,0.16
PP056268,PP056268.fasta,157521,157.52,0.158
PP056269,PP056269.fasta,157481,157.48,0.157
PP056270,PP056270.fasta,151299,151.3,0.151
PP072303,PP072303.fasta,152119,152.12,0.152
PP073962,PP073962.fasta,158155,158.16,0.158
PP078663,PP078663.fasta,158583,158.58,0.159
PP078664,PP078664.fasta,160180,160.18,0.16
PP078665,PP078665.fasta,159470,159.47,0.159
PP078666,PP078666.fasta,155483,155.48,0.155
PP078667,PP078667.fasta,155611,155.61,0.156
PP078668,PP078668.fasta,156585,156.59,0.157
PP078669,PP078669.fasta,154033,154.03,0.154
PP078670,PP078670.fasta,150959,150.96,0.151
PP078671,PP078671.fasta,156026,156.03,0.156
PP078673,PP078673.fasta,156995,157.0,0.157
PP078674,PP078674.fasta,153676,153.68,0.154
PP078677,PP078677.fasta,157975,157.97,0.158
PP078678,PP078678.fasta,157475,157.47,0.157
PP078679,PP078679.fasta,157188,157.19,0.157
PP078680,PP078680.fasta,152859,152.86,0.153
PP078681,PP078681.fasta,160086,160.09,0.16
PP078682,PP078682.fasta,152007,152.01,0.152
PP078683,PP078683.fasta,152375,152.38,0.152
PP078684,PP078684.fasta,156080,156.08,0.156
PP078685,PP078685.fasta,149336,149.34,0.149
PP078686,PP078686.fasta,154887,154.89,0.155
PP078688,PP078688.fasta,154233,154.23,0.154
PP078689,PP078689.fasta,144878,144.88,0.145
PP078690,PP078690.fasta,153738,153.74,0.154
PP078693,PP078693.fasta,161000,161.0,0.161
PP078694,PP078694.fasta,165216,165.22,0.165
PP078695,PP078695.fasta,158185,158.19,0.158
PP078696,PP078696.fasta,157536,157.54,0.158
PP078847,PP078847.fasta,148015,148.01,0.148
PP078848,PP078848.fasta,147616,147.62,0.148
PP078850,PP078850.fasta,148187,148.19,0.148
PP078852,PP078852.fasta,147310,147.31,0.147
PP078853,PP078853.fasta,147970,147.97,0.148
PP078854,PP078854.fasta,150958,150.96,0.151
PP078855,PP078855.fasta,147844,147.84,0.148
PP078856,PP078856.fasta,147774,147.77,0.148
PP078857,PP078857.fasta,147601,147.6,0.148
PP078858,PP078858.fasta,147570,147.57,0.148
PP078859,PP078859.fasta,150583,150.58,0.151
PP078860,PP078860.fasta,148019,148.02,0.148
PP078861,PP078861.fasta,154227,154.23,0.154
PP083687,PP083687.fasta,133873,133.87,0.134
PP091628,PP091628.fasta,151045,151.04,0.151
PP098462,PP098462.fasta,138173,138.17,0.138
PP098463,PP098463.fasta,138053,138.05,0.138
PP098517,PP098517.fasta,140814,140.81,0.141
PP103296,PP103296.fasta,154822,154.82,0.155
PP103297,PP103297.fasta,146142,146.14,0.146
PP103298,PP103298.fasta,154889,154.89,0.155
PP103299,PP103299.fasta,151644,151.64,0.152
PP103300,PP103300.fasta,152092,152.09,0.152
PP103301,PP103301.fasta,154606,154.61,0.155
PP103302,PP103302.fasta,154588,154.59,0.155
PP103303,PP103303.fasta,154466,154.47,0.154
PP103304,PP103304.fasta,148403,148.4,0.148
PP103305,PP103305.fasta,148669,148.67,0.149
PP103306,PP103306.fasta,148647,148.65,0.149
PP103307,PP103307.fasta,148897,148.9,0.149
PP103308,PP103308.fasta,148664,148.66,0.149
PP103309,PP103309.fasta,148640,148.64,0.149
PP103310,PP103310.fasta,157501,157.5,0.158
PP103311,PP103311.fasta,153328,153.33,0.153
PP103312,PP103312.fasta,153307,153.31,0.153
PP103313,PP103313.1.fasta,131517,131.52,0.132
PP103314,PP103314.1.fasta,133176,133.18,0.133
PP103315,PP103315.1.fasta,132501,132.5,0.133
PP103316,PP103316.1.fasta,132580,132.58,0.133
PP103317,PP103317.1.fasta,130074,130.07,0.13
PP130590,PP130590.fasta,151636,151.64,0.152
PP130591,PP130591.fasta,152145,152.15,0.152
PP133728,PP133728.fasta,152401,152.4,0.152
PP133729,PP133729.fasta,152075,152.07,0.152
PP133730,PP133730.fasta,152067,152.07,0.152
PP133731,PP133731.fasta,152066,152.07,0.152
PP133732,PP133732.fasta,152402,152.4,0.152
PP133733,PP133733.fasta,152037,152.04,0.152
PP133734,PP133734.fasta,152400,152.4,0.152
PP133735,PP133735.fasta,152338,152.34,0.152
PP133736,PP133736.fasta,152053,152.05,0.152
PP133737,PP133737.fasta,152373,152.37,0.152
PP133738,PP133738.fasta,152075,152.07,0.152
PP133739,PP133739.fasta,152387,152.39,0.152
PP133740,PP133740.fasta,152329,152.33,0.152
PP133741,PP133741.fasta,152417,152.42,0.152
PP133742,PP133742.fasta,152414,152.41,0.152
PP140445,PP140445.1.fasta,137075,137.07,0.137
PP155505,PP155505.fasta,153155,153.16,0.153
PP155506,PP155506.fasta,152141,152.14,0.152
PP155507,PP155507.fasta,152989,152.99,0.153
PP165046,PP165046.fasta,153193,153.19,0.153
PP165047,PP165047.fasta,154189,154.19,0.154
PP165048,PP165048.fasta,148697,148.7,0.149
PP165049,PP165049.fasta,151647,151.65,0.152
PP165050,PP165050.fasta,154799,154.8,0.155
PP165051,PP165051.fasta,160589,160.59,0.161
PP165052,PP165052.fasta,160507,160.51,0.161
PP165053,PP165053.fasta,154842,154.84,0.155
PP165054,PP165054.fasta,157405,157.41,0.157
PP165055,PP165055.fasta,146611,146.61,0.147
PP165056,PP165056.fasta,150826,150.83,0.151
PP165057,PP165057.fasta,150805,150.81,0.151
PP165058,PP165058.fasta,147398,147.4,0.147
PP165059,PP165059.fasta,154076,154.08,0.154
PP165060,PP165060.fasta,153216,153.22,0.153
PP165062,PP165062.fasta,152969,152.97,0.153
PP165063,PP165063.fasta,151896,151.9,0.152
PP165064,PP165064.fasta,155692,155.69,0.156
PP165065,PP165065.fasta,150421,150.42,0.15
PP165066,PP165066.fasta,151446,151.45,0.151
PP165067,PP165067.fasta,161453,161.45,0.161
PP165068,PP165068.fasta,162750,162.75,0.163
PP165069,PP165069.fasta,155626,155.63,0.156
PP165070,PP165070.fasta,155124,155.12,0.155
PP165071,PP165071.fasta,154636,154.64,0.155
PP175339,PP175339.fasta,157748,157.75,0.158
PP175340,PP175340.fasta,157609,157.61,0.158
PP175353,PP175353.fasta,149103,149.1,0.149
PP175354,PP175354.fasta,150379,150.38,0.15
PP175355,PP175355.fasta,149667,149.67,0.15
PP175356,PP175356.fasta,150951,150.95,0.151
PP175357,PP175357.fasta,151179,151.18,0.151
PP175358,PP175358.fasta,149644,149.64,0.15
PP175359,PP175359.fasta,154067,154.07,0.154
PP175360,PP175360.fasta,151260,151.26,0.151
PP178667,PP178667.fasta,158195,158.19,0.158
PP179383,PP179383.fasta,158062,158.06,0.158
PP179384,PP179384.fasta,157826,157.83,0.158
PP189928,PP189928.fasta,157043,157.04,0.157
PP190441,PP190441.fasta,160127,160.13,0.16
PP190442,PP190442.fasta,159833,159.83,0.16
PP190443,PP190443.fasta,159789,159.79,0.16
PP190444,PP190444.fasta,159510,159.51,0.16
PP190445,PP190445.fasta,159888,159.89,0.16
PP190446,PP190446.fasta,158720,158.72,0.159
PP190447,PP190447.fasta,159633,159.63,0.16
PP190448,PP190448.fasta,160219,160.22,0.16
PP190449,PP190449.fasta,158583,158.58,0.159
PP190450,PP190450.fasta,155711,155.71,0.156
PP190451,PP190451.fasta,159687,159.69,0.16
PP190452,PP190452.fasta,160089,160.09,0.16
PP190453,PP190453.fasta,160318,160.32,0.16
PP190454,PP190454.fasta,160009,160.01,0.16
PP190455,PP190455.fasta,160124,160.12,0.16
PP190458,PP190458.fasta,159560,159.56,0.16
PP190459,PP190459.fasta,161516,161.52,0.162
PP190460,PP190460.fasta,156487,156.49,0.156
PP190461,PP190461.fasta,159740,159.74,0.16
PP190462,PP190462.fasta,159887,159.89,0.16
PP190463,PP190463.fasta,160083,160.08,0.16
PP190464,PP190464.fasta,160127,160.13,0.16
PP190465,PP190465.fasta,157639,157.64,0.158
PP190466,PP190466.fasta,159293,159.29,0.159
PP190467,PP190467.fasta,158958,158.96,0.159
PP190468,PP190468.fasta,160087,160.09,0.16
PP190469,PP190469.fasta,160031,160.03,0.16
PP190470,PP190470.fasta,159334,159.33,0.159
PP190471,PP190471.fasta,159439,159.44,0.159
PP190472,PP190472.fasta,159659,159.66,0.16
PP190473,PP190473.fasta,159486,159.49,0.159
PP190929,PP190929.fasta,151910,151.91,0.152
PP190930,PP190930.fasta,150983,150.98,0.151
PP190931,PP190931.fasta,153389,153.39,0.153
PP190932,PP190932.fasta,147451,147.45,0.147
PP190933,PP190933.fasta,148667,148.67,0.149
PP190934,PP190934.fasta,147241,147.24,0.147
PP190935,PP190935.fasta,147994,147.99,0.148
PP190936,PP190936.fasta,147211,147.21,0.147
PP190937,PP190937.fasta,156689,156.69,0.157
PP190938,PP190938.fasta,153255,153.25,0.153
PP190939,PP190939.fasta,151793,151.79,0.152
PP190940,PP190940.fasta,151898,151.9,0.152
PP190941,PP190941.fasta,152361,152.36,0.152
PP190942,PP190942.fasta,151074,151.07,0.151
PP190943,PP190943.fasta,151971,151.97,0.152
PP190944,PP190944.fasta,151999,152.0,0.152
PP190945,PP190945.fasta,150098,150.1,0.15
PP190946,PP190946.fasta,158462,158.46,0.158
PP190947,PP190947.fasta,151108,151.11,0.151
PP190948,PP190948.fasta,151800,151.8,0.152
PP190949,PP190949.fasta,150030,150.03,0.15
PP191172,PP191172.fasta,157280,157.28,0.157
PP191178,PP191178.fasta,156698,156.7,0.157
PP191179,PP191179.fasta,156990,156.99,0.157
PP203116,PP203116.fasta,150833,150.83,0.151
PP203117,PP203117.fasta,152113,152.11,0.152
PP203118,PP203118.fasta,150449,150.45,0.15
PP203119,PP203119.fasta,149395,149.4,0.149
PP203120,PP203120.fasta,148936,148.94,0.149
PP203121,PP203121.fasta,150414,150.41,0.15
PP203122,PP203122.fasta,149114,149.11,0.149
PP203123,PP203123.fasta,150429,150.43,0.15
PP203124,PP203124.fasta,151669,151.67,0.152
PP203125,PP203125.fasta,151816,151.82,0.152
PP203126,PP203126.fasta,151802,151.8,0.152
PP203127,PP203127.fasta,151832,151.83,0.152
PP203128,PP203128.fasta,152944,152.94,0.153
PP203129,PP203129.fasta,152942,152.94,0.153
PP203130,PP203130.fasta,150804,150.8,0.151
PP203131,PP203131.fasta,151044,151.04,0.151
PP203132,PP203132.fasta,161305,161.31,0.161
PP203133,PP203133.fasta,157449,157.45,0.157
PP203134,PP203134.fasta,150748,150.75,0.151
PP203135,PP203135.fasta,150514,150.51,0.151
PP203136,PP203136.fasta,151309,151.31,0.151
PP203139,PP203139.fasta,132942,132.94,0.133
PP212897,PP212897.fasta,161356,161.36,0.161
PP216483,PP216483.fasta,160157,160.16,0.16
PP216485,PP216485.fasta,160244,160.24,0.16
PP216486,PP216486.fasta,159344,159.34,0.159
PP216487,PP216487.fasta,160097,160.1,0.16
PP216488,PP216488.fasta,160114,160.11,0.16
PP216490,PP216490.fasta,159359,159.36,0.159
PP216491,PP216491.fasta,156912,156.91,0.157
PP216492,PP216492.fasta,160024,160.02,0.16
PP216493,PP216493.fasta,159543,159.54,0.16
PP216494,PP216494.fasta,158961,158.96,0.159
PP216495,PP216495.fasta,160019,160.02,0.16
PP216496,PP216496.fasta,159116,159.12,0.159
PP216497,PP216497.fasta,159075,159.07,0.159
PP216498,PP216498.fasta,159590,159.59,0.16
PP216499,PP216499.fasta,159872,159.87,0.16
PP216500,PP216500.fasta,159678,159.68,0.16
PP228198,PP228198.fasta,157933,157.93,0.158
PP232718,PP232718.fasta,145861,145.86,0.146
PP234490,PP234490.fasta,149394,149.39,0.149
PP234499,PP234499.fasta,149397,149.4,0.149
PP234501,PP234501.fasta,149453,149.45,0.149
PP234507,PP234507.fasta,159117,159.12,0.159
PP234509,PP234509.fasta,155311,155.31,0.155
PP234511,PP234511.fasta,147929,147.93,0.148
PP234512,PP234512.fasta,154293,154.29,0.154
PP234513,PP234513.fasta,132787,132.79,0.133
PP234515,PP234515.fasta,155136,155.14,0.155
PP234517,PP234517.fasta,154115,154.12,0.154
PP234519,PP234519.fasta,151175,151.18,0.151
PP234520,PP234520.fasta,153429,153.43,0.153
PP234524,PP234524.fasta,151777,151.78,0.152
PP234525,PP234525.fasta,137309,137.31,0.137
PP234527,PP234527.fasta,155053,155.05,0.155
PP234528,PP234528.fasta,152713,152.71,0.153
PP234529,PP234529.fasta,152586,152.59,0.153
PP234530,PP234530.fasta,152047,152.05,0.152
PP234531,PP234531.fasta,151042,151.04,0.151
PP234532,PP234532.fasta,150346,150.35,0.15
PP234533,PP234533.fasta,152374,152.37,0.152
PP234534,PP234534.fasta,136120,136.12,0.136
PP234535,PP234535.fasta,152436,152.44,0.152
PP234537,PP234537.fasta,150615,150.62,0.151
PP234538,PP234538.fasta,152205,152.21,0.152
PP234541,PP234541.fasta,152610,152.61,0.153
PP234542,PP234542.fasta,151956,151.96,0.152
PP234544,PP234544.fasta,147281,147.28,0.147
PP234547,PP234547.fasta,151564,151.56,0.152
PP234548,PP234548.fasta,150976,150.98,0.151
PP234549,PP234549.fasta,153477,153.48,0.153
PP234550,PP234550.fasta,151822,151.82,0.152
PP234551,PP234551.fasta,149968,149.97,0.15
PP234553,PP234553.fasta,147501,147.5,0.148
PP234554,PP234554.fasta,152439,152.44,0.152
PP234555,PP234555.fasta,154316,154.32,0.154
PP234556,PP234556.fasta,156033,156.03,0.156
PP234557,PP234557.fasta,152585,152.59,0.153
PP234558,PP234558.fasta,153079,153.08,0.153
PP234559,PP234559.fasta,147224,147.22,0.147
PP234560,PP234560.fasta,153130,153.13,0.153
PP234561,PP234561.fasta,156184,156.18,0.156
PP234562,PP234562.fasta,151033,151.03,0.151
PP234563,PP234563.fasta,150913,150.91,0.151
PP234564,PP234564.fasta,156586,156.59,0.157
PP234566,PP234566.fasta,152851,152.85,0.153
PP234567,PP234567.fasta,155242,155.24,0.155
PP234569,PP234569.fasta,150016,150.02,0.15
PP234570,PP234570.fasta,149299,149.3,0.149
PP234571,PP234571.fasta,152828,152.83,0.153
PP234573,PP234573.fasta,151035,151.03,0.151
PP234574,PP234574.fasta,152687,152.69,0.153
PP234575,PP234575.fasta,152522,152.52,0.153
PP234576,PP234576.fasta,151158,151.16,0.151
PP234577,PP234577.fasta,137202,137.2,0.137
PP234578,PP234578.fasta,138311,138.31,0.138
PP234579,PP234579.fasta,170498,170.5,0.17
PP234580,PP234580.fasta,151315,151.31,0.151
PP234582,PP234582.fasta,151009,151.01,0.151
PP234583,PP234583.fasta,155487,155.49,0.155
PP234584,PP234584.fasta,156815,156.81,0.157
PP234585,PP234585.fasta,137308,137.31,0.137
PP234587,PP234587.fasta,152739,152.74,0.153
PP234588,PP234588.fasta,150597,150.6,0.151
PP234590,PP234590.fasta,151135,151.13,0.151
PP234591,PP234591.fasta,161347,161.35,0.161
PP234592,PP234592.fasta,155961,155.96,0.156
PP234593,PP234593.fasta,155827,155.83,0.156
PP234596,PP234596.fasta,159568,159.57,0.16
PP234598,PP234598.fasta,152464,152.46,0.152
PP234599,PP234599.fasta,151122,151.12,0.151
PP234600,PP234600.fasta,152692,152.69,0.153
PP234601,PP234601.fasta,152680,152.68,0.153
PP234603,PP234603.fasta,152330,152.33,0.152
PP235253,PP235253.fasta,155826,155.83,0.156
PP235255,PP235255.fasta,155729,155.73,0.156
PP235257,PP235257.fasta,155568,155.57,0.156
PP235258,PP235258.fasta,154680,154.68,0.155
PP235260,PP235260.fasta,156025,156.03,0.156
PP235262,PP235262.fasta,155650,155.65,0.156
PP235264,PP235264.fasta,155775,155.78,0.156
PP235267,PP235267.fasta,155747,155.75,0.156
PP235269,PP235269.fasta,154560,154.56,0.155
PP235275,PP235275.fasta,155767,155.77,0.156
PP235277,PP235277.fasta,155686,155.69,0.156
PP235279,PP235279.fasta,155759,155.76,0.156
PP235281,PP235281.fasta,155766,155.77,0.156
PP235282,PP235282.fasta,155788,155.79,0.156
PP235287,PP235287.fasta,155263,155.26,0.155
PP235289,PP235289.fasta,155734,155.73,0.156
PP235290,PP235290.fasta,155748,155.75,0.156
PP236144,PP236144.fasta,122407,122.41,0.122
PP236145,PP236145.fasta,121238,121.24,0.121
PP262133,PP262133.fasta,151350,151.35,0.151
PP262134,PP262134.fasta,151010,151.01,0.151
PP262135,PP262135.fasta,150932,150.93,0.151
PP262137,PP262137.fasta,151912,151.91,0.152
PP262138,PP262138.fasta,151334,151.33,0.151
PP262143,PP262143.fasta,151768,151.77,0.152
PP262144,PP262144.fasta,151560,151.56,0.152
PP262146,PP262146.fasta,151882,151.88,0.152
PP262147,PP262147.fasta,151882,151.88,0.152
PP262148,PP262148.fasta,151855,151.85,0.152
PP262149,PP262149.fasta,151687,151.69,0.152
PP262150,PP262150.fasta,151729,151.73,0.152
PP262151,PP262151.fasta,151853,151.85,0.152
PP262152,PP262152.fasta,151606,151.61,0.152
PP262153,PP262153.fasta,151606,151.61,0.152
PP262155,PP262155.fasta,151286,151.29,0.151
PP262169,PP262169.fasta,151456,151.46,0.151
PP262170,PP262170.fasta,151271,151.27,0.151
PP262171,PP262171.fasta,151145,151.15,0.151
PP262172,PP262172.fasta,151182,151.18,0.151
PP262173,PP262173.fasta,150845,150.84,0.151
PP262174,PP262174.fasta,151473,151.47,0.151
PP262175,PP262175.fasta,151182,151.18,0.151
PP262176,PP262176.fasta,151275,151.28,0.151
PP272172,PP272172.fasta,149122,149.12,0.149
PP272173,PP272173.fasta,150004,150.0,0.15
PP272174,PP272174.fasta,151370,151.37,0.151
PP272175,PP272175.fasta,151417,151.42,0.151
PP272176,PP272176.fasta,151216,151.22,0.151
PP272177,PP272177.fasta,151367,151.37,0.151
PP272178,PP272178.fasta,150280,150.28,0.15
PP272179,PP272179.fasta,150535,150.53,0.151
PP272180,PP272180.fasta,150312,150.31,0.15
PP272181,PP272181.fasta,151747,151.75,0.152
PP272182,PP272182.fasta,151763,151.76,0.152
PP272183,PP272183.fasta,149963,149.96,0.15
PP272184,PP272184.fasta,150060,150.06,0.15
PP291717,PP291717.fasta,160604,160.6,0.161
PP291718,PP291718.fasta,160603,160.6,0.161
PP291719,PP291719.fasta,160337,160.34,0.16
PP291720,PP291720.fasta,160276,160.28,0.16
PP297065,PP297065.fasta,154675,154.68,0.155
PP297066,PP297066.fasta,154705,154.71,0.155
PP297068,PP297068.fasta,154894,154.89,0.155
PP313080,PP313080.fasta,125427,125.43,0.125
PP315674,PP315674.fasta,157842,157.84,0.158
PP316497,PP316497.fasta,151777,151.78,0.152
PP316498,PP316498.fasta,155234,155.23,0.155
PP316499,PP316499.fasta,154581,154.58,0.155
PP316500,PP316500.fasta,155900,155.9,0.156
PP316501,PP316501.fasta,154832,154.83,0.155
PP316502,PP316502.fasta,137670,137.67,0.138
PP316503,PP316503.fasta,155820,155.82,0.156
PP316504,PP316504.fasta,155849,155.85,0.156
PP316505,PP316505.fasta,159753,159.75,0.16
PP316506,PP316506.fasta,136514,136.51,0.137
PP316507,PP316507.fasta,136553,136.55,0.137
PP316508,PP316508.fasta,151947,151.95,0.152
PP316509,PP316509.fasta,151906,151.91,0.152
PP316510,PP316510.fasta,151881,151.88,0.152
PP316511,PP316511.fasta,152275,152.28,0.152
PP316512,PP316512.fasta,135964,135.96,0.136
PP316513,PP316513.fasta,136150,136.15,0.136
PP316514,PP316514.fasta,149736,149.74,0.15
PP316515,PP316515.fasta,153327,153.33,0.153
PP316516,PP316516.fasta,160856,160.86,0.161
PP316517,PP316517.fasta,135605,135.6,0.136
PP316518,PP316518.fasta,135514,135.51,0.136
PP316519,PP316519.fasta,152621,152.62,0.153
PP316520,PP316520.fasta,136375,136.38,0.136
PP316521,PP316521.fasta,136684,136.68,0.137
PP328572,PP328572.fasta,153126,153.13,0.153
PP328777,PP328777.fasta,135899,135.9,0.136
PP328778,PP328778.fasta,153329,153.33,0.153
PP328779,PP328779.fasta,158819,158.82,0.159
PP328780,PP328780.fasta,135233,135.23,0.135
PP328781,PP328781.fasta,137163,137.16,0.137
PP328782,PP328782.fasta,137153,137.15,0.137
PP328783,PP328783.fasta,137109,137.11,0.137
PP328784,PP328784.fasta,136592,136.59,0.137
PP328785,PP328785.fasta,137297,137.3,0.137
PP328786,PP328786.fasta,136054,136.05,0.136
PP328787,PP328787.fasta,136872,136.87,0.137
PP328788,PP328788.fasta,136771,136.77,0.137
PP328789,PP328789.fasta,155308,155.31,0.155
PP328790,PP328790.fasta,134361,134.36,0.134
PP328791,PP328791.fasta,161951,161.95,0.162
PP328792,PP328792.fasta,162036,162.04,0.162
PP328793,PP328793.fasta,151423,151.42,0.151
PP328794,PP328794.fasta,152491,152.49,0.152
PP328795,PP328795.fasta,156006,156.01,0.156
PP328796,PP328796.fasta,159577,159.58,0.16
PP328797,PP328797.fasta,159596,159.6,0.16
PP328798,PP328798.fasta,159710,159.71,0.16
PP328799,PP328799.fasta,155980,155.98,0.156
PP328800,PP328800.fasta,122967,122.97,0.123
PP328801,PP328801.fasta,123943,123.94,0.124
PP328804,PP328804.fasta,125507,125.51,0.126
PP328805,PP328805.fasta,122461,122.46,0.122
PP328806,PP328806.fasta,121932,121.93,0.122
PP328807,PP328807.fasta,122095,122.09,0.122
PP328808,PP328808.fasta,124912,124.91,0.125
PP328809,PP328809.fasta,122305,122.31,0.122
PP328810,PP328810.fasta,121763,121.76,0.122
PP328811,PP328811.fasta,127983,127.98,0.128
PP328812,PP328812.fasta,126973,126.97,0.127
PP328813,PP328813.fasta,126247,126.25,0.126
PP328814,PP328814.fasta,124243,124.24,0.124
PP328815,PP328815.fasta,127226,127.23,0.127
PP335047,PP335047.fasta,152665,152.66,0.153
PP335048,PP335048.fasta,134808,134.81,0.135
PP335049,PP335049.fasta,134958,134.96,0.135
PP335050,PP335050.fasta,154115,154.12,0.154
PP335051,PP335051.fasta,154113,154.11,0.154
PP335052,PP335052.fasta,153500,153.5,0.153
PP335053,PP335053.fasta,155405,155.41,0.155
PP335054,PP335054.fasta,172081,172.08,0.172
PP335055,PP335055.fasta,171414,171.41,0.171
PP335056,PP335056.fasta,157051,157.05,0.157
PP335057,PP335057.fasta,153115,153.12,0.153
PP335058,PP335058.fasta,153108,153.11,0.153
PP335059,PP335059.fasta,152531,152.53,0.153
PP335060,PP335060.fasta,135177,135.18,0.135
PP335061,PP335061.fasta,135064,135.06,0.135
PP335062,PP335062.fasta,161214,161.21,0.161
PP335063,PP335063.fasta,160856,160.86,0.161
PP335064,PP335064.fasta,161321,161.32,0.161
PP335065,PP335065.fasta,160581,160.58,0.161
PP335066,PP335066.fasta,161282,161.28,0.161
PP335067,PP335067.fasta,159739,159.74,0.16
PP335068,PP335068.fasta,159787,159.79,0.16
PP335069,PP335069.fasta,159122,159.12,0.159
PP335070,PP335070.fasta,144849,144.85,0.145
PP335071,PP335071.fasta,134200,134.2,0.134
PP335072,PP335072.fasta,133624,133.62,0.134
PP335073,PP335073.fasta,133975,133.97,0.134
PP335074,PP335074.fasta,134091,134.09,0.134
PP335075,PP335075.fasta,134010,134.01,0.134
PP335076,PP335076.fasta,133347,133.35,0.133
PP335077,PP335077.fasta,133341,133.34,0.133
PP335078,PP335078.fasta,134435,134.44,0.134
PP335079,PP335079.fasta,152688,152.69,0.153
PP336747,PP336747.fasta,154593,154.59,0.155
PP336748,PP336748.fasta,155601,155.6,0.156
PP336749,PP336749.fasta,161268,161.27,0.161
PP336750,PP336750.fasta,155574,155.57,0.156
PP336751,PP336751.fasta,155680,155.68,0.156
PP336752,PP336752.fasta,149756,149.76,0.15
PP336753,PP336753.fasta,152764,152.76,0.153
PP336754,PP336754.fasta,156064,156.06,0.156
PP336755,PP336755.fasta,152818,152.82,0.153
PP336756,PP336756.fasta,151346,151.35,0.151
PP336757,PP336757.fasta,152024,152.02,0.152
PP336759,PP336759.fasta,153870,153.87,0.154
PP336760,PP336760.fasta,153955,153.96,0.154
PP336761,PP336761.fasta,136538,136.54,0.137
PP336762,PP336762.fasta,134264,134.26,0.134
PP336763,PP336763.fasta,154976,154.98,0.155
PP336764,PP336764.fasta,135678,135.68,0.136
PP336765,PP336765.fasta,136505,136.5,0.137
PP336766,PP336766.fasta,156019,156.02,0.156
PP336767,PP336767.fasta,151368,151.37,0.151
PP336768,PP336768.fasta,150491,150.49,0.15
PP336769,PP336769.fasta,151985,151.99,0.152
PP336770,PP336770.fasta,135154,135.15,0.135
PP336771,PP336771.fasta,161325,161.32,0.161
PP336772,PP336772.fasta,152646,152.65,0.153
PP336773,PP336773.fasta,152598,152.6,0.153
PP336774,PP336774.fasta,154513,154.51,0.155
PP336775,PP336775.fasta,150621,150.62,0.151
PP336776,PP336776.fasta,150628,150.63,0.151
PP346659,PP346659.fasta,152693,152.69,0.153
PP346660,PP346660.fasta,152696,152.7,0.153
PP346777,PP346777.fasta,156029,156.03,0.156
PP346778,PP346778.fasta,155939,155.94,0.156
PP346781,PP346781.fasta,155818,155.82,0.156
PP346783,PP346783.fasta,155315,155.31,0.155
PP346784,PP346784.fasta,155352,155.35,0.155
PP346785,PP346785.fasta,155353,155.35,0.155
PP346786,PP346786.fasta,155203,155.2,0.155
PP346787,PP346787.fasta,154540,154.54,0.155
PP346788,PP346788.fasta,154593,154.59,0.155
PP346789,PP346789.fasta,155367,155.37,0.155
PP346790,PP346790.fasta,154899,154.9,0.155
PP346791,PP346791.fasta,155374,155.37,0.155
PP346792,PP346792.fasta,154551,154.55,0.155
PP346793,PP346793.fasta,154572,154.57,0.155
PP346794,PP346794.fasta,154566,154.57,0.155
PP346795,PP346795.fasta,155281,155.28,0.155
PP346797,PP346797.fasta,155323,155.32,0.155
PP346799,PP346799.fasta,156001,156.0,0.156
PP346800,PP346800.fasta,154537,154.54,0.155
PP346801,PP346801.fasta,156108,156.11,0.156
PP359606,PP359606.fasta,150449,150.45,0.15
PP386168,PP386168.fasta,156069,156.07,0.156
PP386170,PP386170.fasta,156121,156.12,0.156
PP386171,PP386171.fasta,156147,156.15,0.156
PP386174,PP386174.fasta,156304,156.3,0.156
PP391084,PP391084.fasta,162415,162.41,0.162
PP391085,PP391085.fasta,162302,162.3,0.162
PP413691,PP413691.fasta,157725,157.72,0.158
PP413696,PP413696.fasta,157699,157.7,0.158
PP465454,PP465454.fasta,160736,160.74,0.161
PP465455,PP465455.fasta,160811,160.81,0.161
PP465456,PP465456.fasta,160793,160.79,0.161
PP465457,PP465457.fasta,160926,160.93,0.161
PP467378,PP467378.fasta,160178,160.18,0.16
PP471847,PP471847.fasta,160763,160.76,0.161
PP475023,PP475023.fasta,152732,152.73,0.153
PP476258,PP476258.fasta,152519,152.52,0.153
PP476489,PP476489.fasta,155055,155.06,0.155
PP479681,PP479681.fasta,150116,150.12,0.15
PP479682,PP479682.fasta,160055,160.06,0.16
PP479683,PP479683.fasta,160219,160.22,0.16
PP479684,PP479684.fasta,157004,157.0,0.157
PP479685,PP479685.fasta,159451,159.45,0.159
PP479687,PP479687.fasta,151457,151.46,0.151
PP479688,PP479688.fasta,159136,159.14,0.159
PP479690,PP479690.fasta,150565,150.56,0.151
PP479691,PP479691.fasta,147407,147.41,0.147
PP479692,PP479692.fasta,159762,159.76,0.16
PP479693,PP479693.fasta,152285,152.28,0.152
PP479694,PP479694.fasta,160155,160.16,0.16
PP479695,PP479695.fasta,154615,154.62,0.155
PP479697,PP479697.fasta,151891,151.89,0.152
PP479698,PP479698.fasta,146397,146.4,0.146
PP479699,PP479699.fasta,158840,158.84,0.159
PP479702,PP479702.fasta,159984,159.98,0.16
PP479703,PP479703.fasta,151408,151.41,0.151
PP479712,PP479712.fasta,151921,151.92,0.152
PP479714,PP479714.fasta,159835,159.84,0.16
PP479715,PP479715.fasta,160605,160.6,0.161
PP479718,PP479718.fasta,148781,148.78,0.149
PP479719,PP479719.fasta,160001,160.0,0.16
PP479720,PP479720.fasta,153738,153.74,0.154
PP479721,PP479721.fasta,151295,151.29,0.151
PP479722,PP479722.fasta,159890,159.89,0.16
PP479723,PP479723.fasta,158882,158.88,0.159
PP479724,PP479724.fasta,153860,153.86,0.154
PP479725,PP479725.fasta,158793,158.79,0.159
PP479726,PP479726.fasta,153606,153.61,0.154
PP479727,PP479727.fasta,154668,154.67,0.155
PP479729,PP479729.fasta,159608,159.61,0.16
PP479731,PP479731.fasta,153357,153.36,0.153
PP479732,PP479732.fasta,159648,159.65,0.16
PP479733,PP479733.fasta,159074,159.07,0.159
PP479734,PP479734.fasta,154639,154.64,0.155
PP479743,PP479743.fasta,152114,152.11,0.152
PP479744,PP479744.fasta,151364,151.36,0.151
PP479746,PP479746.fasta,159032,159.03,0.159
PP479747,PP479747.fasta,159662,159.66,0.16
PP484609,PP484609.fasta,152123,152.12,0.152
PP484610,PP484610.fasta,153439,153.44,0.153
PP484611,PP484611.fasta,147037,147.04,0.147
PP484612,PP484612.fasta,157444,157.44,0.157
PP484613,PP484613.fasta,135908,135.91,0.136
PP484614,PP484614.fasta,135349,135.35,0.135
PP484615,PP484615.fasta,135344,135.34,0.135
PP484616,PP484616.fasta,155353,155.35,0.155
PP484617,PP484617.fasta,144004,144.0,0.144
PP484618,PP484618.fasta,143163,143.16,0.143
PP484619,PP484619.fasta,143891,143.89,0.144
PP484623,PP484623.fasta,154317,154.32,0.154
PP484624,PP484624.fasta,151436,151.44,0.151
PP484625,PP484625.fasta,152796,152.8,0.153
PP484626,PP484626.fasta,137596,137.6,0.138
PP484627,PP484627.fasta,135491,135.49,0.135
PP484628,PP484628.fasta,153892,153.89,0.154
PP484629,PP484629.fasta,153844,153.84,0.154
PP484630,PP484630.fasta,148908,148.91,0.149
PP484631,PP484631.fasta,146630,146.63,0.147
PP484633,PP484633.fasta,152327,152.33,0.152
PP484634,PP484634.fasta,152284,152.28,0.152
PP484635,PP484635.fasta,147054,147.05,0.147
PP484636,PP484636.fasta,137286,137.29,0.137
PP484637,PP484637.fasta,152539,152.54,0.153
PP484638,PP484638.fasta,152939,152.94,0.153
PP484639,PP484639.fasta,152946,152.95,0.153
PP484641,PP484641.fasta,135613,135.61,0.136
PP484642,PP484642.fasta,135660,135.66,0.136
PP493341,PP493341.fasta,150985,150.99,0.151
PP498687,PP498687.1.fasta,158622,158.62,0.159
PP498800,PP498800.1.fasta,117648,117.65,0.118
PP503005,PP503005.fasta,159959,159.96,0.16
PP504911,PP504911.fasta,152079,152.08,0.152
PP505909,PP505909.fasta,152747,152.75,0.153
PP505911,PP505911.fasta,152224,152.22,0.152
PP505912,PP505912.fasta,152286,152.29,0.152
PP505913,PP505913.fasta,152289,152.29,0.152
PP505914,PP505914.fasta,153572,153.57,0.154
PP505915,PP505915.fasta,152226,152.23,0.152
PP505916,PP505916.fasta,152721,152.72,0.153
PP505918,PP505918.fasta,152708,152.71,0.153
PP505922,PP505922.fasta,153166,153.17,0.153
PP505924,PP505924.fasta,152825,152.82,0.153
PP505926,PP505926.fasta,154032,154.03,0.154
PP505930,PP505930.fasta,152729,152.73,0.153
PP505935,PP505935.fasta,154075,154.07,0.154
PP505941,PP505941.fasta,152774,152.77,0.153
PP505942,PP505942.fasta,152716,152.72,0.153
PP505943,PP505943.fasta,153128,153.13,0.153
PP505945,PP505945.fasta,152555,152.56,0.153
PP505946,PP505946.fasta,152690,152.69,0.153
PP505947,PP505947.fasta,152626,152.63,0.153
PP505949,PP505949.fasta,152796,152.8,0.153
PP505950,PP505950.fasta,152744,152.74,0.153
PP505951,PP505951.fasta,152720,152.72,0.153
PP505952,PP505952.fasta,152925,152.93,0.153
PP505953,PP505953.fasta,152732,152.73,0.153
PP505954,PP505954.fasta,152690,152.69,0.153
PP505955,PP505955.fasta,152747,152.75,0.153
PP505956,PP505956.fasta,152681,152.68,0.153
PP505958,PP505958.fasta,152605,152.6,0.153
PP505959,PP505959.fasta,152782,152.78,0.153
PP505960,PP505960.fasta,152694,152.69,0.153
PP516537,PP516537.fasta,160554,160.55,0.161
PP530883,PP530883.fasta,145734,145.73,0.146
PP530888,PP530888.fasta,155923,155.92,0.156
PP530889,PP530889.fasta,156218,156.22,0.156
PP530890,PP530890.fasta,155733,155.73,0.156
PP530891,PP530891.fasta,164112,164.11,0.164
PP531545,PP531545.fasta,161107,161.11,0.161
PP531552,PP531552.fasta,157255,157.25,0.157
PP531553,PP531553.fasta,157324,157.32,0.157
PP531554,PP531554.fasta,158492,158.49,0.158
PP531555,PP531555.fasta,157285,157.28,0.157
PP531556,PP531556.fasta,159450,159.45,0.159
PP531557,PP531557.fasta,157434,157.43,0.157
PP531558,PP531558.fasta,155763,155.76,0.156
PP531559,PP531559.fasta,153931,153.93,0.154
PP531560,PP531560.fasta,153065,153.06,0.153
PP531561,PP531561.fasta,154713,154.71,0.155
PP531562,PP531562.fasta,156777,156.78,0.157
PP531563,PP531563.fasta,156016,156.02,0.156
PP531564,PP531564.fasta,156869,156.87,0.157
PP531565,PP531565.fasta,156191,156.19,0.156
PP531566,PP531566.fasta,160762,160.76,0.161
PP536053,PP536053.fasta,160603,160.6,0.161
PP541848,PP541848.fasta,158232,158.23,0.158
PP541849,PP541849.fasta,152210,152.21,0.152
PP541850,PP541850.fasta,152211,152.21,0.152
PP541851,PP541851.fasta,148737,148.74,0.149
PP541852,PP541852.fasta,159387,159.39,0.159
PP541853,PP541853.fasta,135016,135.02,0.135
PP541854,PP541854.fasta,135549,135.55,0.136
PP541855,PP541855.fasta,150092,150.09,0.15
PP541856,PP541856.fasta,149381,149.38,0.149
PP541858,PP541858.fasta,158056,158.06,0.158
PP541859,PP541859.fasta,154235,154.24,0.154
PP541860,PP541860.fasta,135846,135.85,0.136
PP541861,PP541861.fasta,135835,135.84,0.136
PP541862,PP541862.fasta,135924,135.92,0.136
PP541863,PP541863.fasta,135455,135.46,0.135
PP541864,PP541864.fasta,136074,136.07,0.136
PP541865,PP541865.fasta,164201,164.2,0.164
PP541866,PP541866.fasta,163440,163.44,0.163
PP541867,PP541867.fasta,156450,156.45,0.156
PP541868,PP541868.fasta,154828,154.83,0.155
PP541869,PP541869.fasta,156267,156.27,0.156
PP541870,PP541870.fasta,155843,155.84,0.156
PP541871,PP541871.fasta,154964,154.96,0.155
PP541872,PP541872.fasta,157759,157.76,0.158
PP541873,PP541873.fasta,157583,157.58,0.158
PP541874,PP541874.fasta,156478,156.48,0.156
PP541875,PP541875.fasta,162635,162.63,0.163
PP541876,PP541876.fasta,156596,156.6,0.157
PP541877,PP541877.fasta,156385,156.38,0.156
PP541878,PP541878.fasta,156391,156.39,0.156
PP541879,PP541879.fasta,157130,157.13,0.157
PP541880,PP541880.fasta,155676,155.68,0.156
PP541881,PP541881.fasta,151907,151.91,0.152
PP541882,PP541882.fasta,154142,154.14,0.154
PP541883,PP541883.fasta,161230,161.23,0.161
PP541884,PP541884.fasta,161105,161.1,0.161
PP541885,PP541885.fasta,145309,145.31,0.145
PP541886,PP541886.fasta,145369,145.37,0.145
PP541887,PP541887.fasta,145323,145.32,0.145
PP541888,PP541888.fasta,156653,156.65,0.157
PP541890,PP541890.fasta,156770,156.77,0.157
PP541891,PP541891.fasta,155722,155.72,0.156
PP541892,PP541892.fasta,159154,159.15,0.159
PP541893,PP541893.fasta,159031,159.03,0.159
PP541894,PP541894.fasta,158876,158.88,0.159
PP541895,PP541895.fasta,158899,158.9,0.159
PP541896,PP541896.fasta,154234,154.23,0.154
PP541897,PP541897.fasta,154656,154.66,0.155
PP541898,PP541898.fasta,153636,153.64,0.154
PP541899,PP541899.fasta,154253,154.25,0.154
PP541900,PP541900.fasta,153559,153.56,0.154
PP541901,PP541901.fasta,153536,153.54,0.154
PP545465,PP545465.fasta,160625,160.62,0.161
PP546823,PP546823.fasta,159129,159.13,0.159
PP551940,PP551940.1.fasta,242589,242.59,0.243
PP551950,PP551950.fasta,160555,160.56,0.161
PP565779,PP565779.fasta,156454,156.45,0.156
PP565780,PP565780.fasta,155753,155.75,0.156
PP565781,PP565781.fasta,156811,156.81,0.157
PP565782,PP565782.fasta,156476,156.48,0.156
PP565783,PP565783.fasta,156417,156.42,0.156
PP565784,PP565784.fasta,156494,156.49,0.156
PP565785,PP565785.fasta,156511,156.51,0.157
PP566025,PP566025.fasta,143972,143.97,0.144
PP577214,PP577214.fasta,152063,152.06,0.152
PP577928,PP577928.fasta,162055,162.06,0.162
PP577929,PP577929.fasta,162140,162.14,0.162
PP579889,PP579889.fasta,120345,120.34,0.12
PP579974,PP579974.fasta,155492,155.49,0.155
PP584592,PP584592.fasta,160702,160.7,0.161
PP584593,PP584593.fasta,159892,159.89,0.16
PP584595,PP584595.fasta,160691,160.69,0.161
PP584596,PP584596.fasta,160500,160.5,0.161
PP584598,PP584598.fasta,159449,159.45,0.159
PP590241,PP590241.fasta,139663,139.66,0.14
PP595826,PP595826.fasta,158243,158.24,0.158
PP595827,PP595827.fasta,157887,157.89,0.158
PP595828,PP595828.fasta,157887,157.89,0.158
PP595829,PP595829.fasta,157867,157.87,0.158
PP595830,PP595830.fasta,157937,157.94,0.158
PP595831,PP595831.fasta,158079,158.08,0.158
PP595832,PP595832.fasta,157898,157.9,0.158
PP595833,PP595833.fasta,157912,157.91,0.158
PP595834,PP595834.fasta,158079,158.08,0.158
PP595835,PP595835.fasta,157866,157.87,0.158
PP595837,PP595837.fasta,157897,157.9,0.158
PP595838,PP595838.fasta,157817,157.82,0.158
PP595839,PP595839.fasta,157929,157.93,0.158
PP595840,PP595840.fasta,158778,158.78,0.159
PP595842,PP595842.fasta,158989,158.99,0.159
PP595843,PP595843.fasta,158996,159.0,0.159
PP595844,PP595844.fasta,159186,159.19,0.159
PP595845,PP595845.fasta,158004,158.0,0.158
PP595846,PP595846.fasta,157915,157.91,0.158
PP595847,PP595847.fasta,157790,157.79,0.158
PP595853,PP595853.fasta,158925,158.93,0.159
PP595859,PP595859.fasta,158948,158.95,0.159
PP595865,PP595865.fasta,158911,158.91,0.159
PP595867,PP595867.fasta,159057,159.06,0.159
PP595868,PP595868.fasta,158078,158.08,0.158
PP595869,PP595869.fasta,158620,158.62,0.159
PP595870,PP595870.fasta,156648,156.65,0.157
PP595871,PP595871.fasta,158074,158.07,0.158
PP595872,PP595872.fasta,158070,158.07,0.158
PP595873,PP595873.fasta,158164,158.16,0.158
PP595874,PP595874.fasta,157903,157.9,0.158
PP595875,PP595875.fasta,158922,158.92,0.159
PP595877,PP595877.fasta,157785,157.78,0.158
PP595878,PP595878.fasta,157927,157.93,0.158
PP595879,PP595879.fasta,158760,158.76,0.159
PP595880,PP595880.fasta,158071,158.07,0.158
PP595881,PP595881.fasta,157517,157.52,0.158
PP595882,PP595882.fasta,159289,159.29,0.159
PP595883,PP595883.fasta,157869,157.87,0.158
PP596895,PP596895.fasta,150757,150.76,0.151
PP621515,PP621515.fasta,154653,154.65,0.155
PP622677,PP622677.fasta,155577,155.58,0.156
PP622678,PP622678.fasta,155592,155.59,0.156
PP622679,PP622679.fasta,155550,155.55,0.156
PP622680,PP622680.fasta,155574,155.57,0.156
PP622681,PP622681.fasta,155593,155.59,0.156
PP622682,PP622682.fasta,155677,155.68,0.156
PP622683,PP622683.fasta,153785,153.78,0.154
PP622684,PP622684.fasta,149922,149.92,0.15
PP622685,PP622685.fasta,152089,152.09,0.152
PP622686,PP622686.fasta,152322,152.32,0.152
PP622687,PP622687.fasta,145867,145.87,0.146
PP622688,PP622688.fasta,150025,150.03,0.15
PP622689,PP622689.fasta,152723,152.72,0.153
PP622690,PP622690.fasta,152414,152.41,0.152
PP622691,PP622691.fasta,135799,135.8,0.136
PP622692,PP622692.fasta,152711,152.71,0.153
PP622693,PP622693.fasta,155207,155.21,0.155
PP622694,PP622694.fasta,150577,150.58,0.151
PP622695,PP622695.fasta,137860,137.86,0.138
PP622696,PP622696.fasta,155839,155.84,0.156
PP622697,PP622697.fasta,155935,155.94,0.156
PP622698,PP622698.fasta,156182,156.18,0.156
PP622699,PP622699.fasta,156151,156.15,0.156
PP622700,PP622700.fasta,137095,137.09,0.137
PP622701,PP622701.fasta,138399,138.4,0.138
PP622702,PP622702.fasta,148924,148.92,0.149
PP622703,PP622703.fasta,136300,136.3,0.136
PP622704,PP622704.fasta,136254,136.25,0.136
PP622705,PP622705.fasta,159997,160.0,0.16
PP622706,PP622706.fasta,153668,153.67,0.154
PP622707,PP622707.fasta,153552,153.55,0.154
PP622708,PP622708.fasta,153003,153.0,0.153
PP622709,PP622709.fasta,153392,153.39,0.153
PP622710,PP622710.fasta,153328,153.33,0.153
PP622711,PP622711.fasta,153442,153.44,0.153
PP622712,PP622712.fasta,158035,158.03,0.158
PP622713,PP622713.fasta,158125,158.12,0.158
PP622714,PP622714.fasta,151110,151.11,0.151
PP622715,PP622715.fasta,149381,149.38,0.149
PP622716,PP622716.fasta,150512,150.51,0.151
PP622717,PP622717.fasta,150820,150.82,0.151
PP622718,PP622718.fasta,150625,150.62,0.151
PP622719,PP622719.fasta,151178,151.18,0.151
PP622720,PP622720.fasta,151271,151.27,0.151
PP622721,PP622721.fasta,150614,150.61,0.151
PP622722,PP622722.fasta,150982,150.98,0.151
PP622723,PP622723.fasta,150888,150.89,0.151
PP646449,PP646449.fasta,157351,157.35,0.157
PP646452,PP646452.fasta,162104,162.1,0.162
PP648233,PP648233.fasta,159110,159.11,0.159
PP648240,PP648240.fasta,158936,158.94,0.159
PP648249,PP648249.fasta,158908,158.91,0.159
PP648251,PP648251.fasta,157029,157.03,0.157
PP680763,PP680763.fasta,150307,150.31,0.15
PP681297,PP681297.fasta,139698,139.7,0.14
PP681645,PP681645.fasta,139688,139.69,0.14
PP681646,PP681646.fasta,139674,139.67,0.14
PP681647,PP681647.fasta,139677,139.68,0.14
PP681648,PP681648.fasta,139669,139.67,0.14
PP681649,PP681649.fasta,139643,139.64,0.14
PP681651,PP681651.fasta,139672,139.67,0.14
PP681652,PP681652.fasta,139697,139.7,0.14
PP681653,PP681653.fasta,139709,139.71,0.14
PP681654,PP681654.fasta,139676,139.68,0.14
PP681655,PP681655.fasta,139659,139.66,0.14
PP681656,PP681656.fasta,139678,139.68,0.14
PP681659,PP681659.fasta,139582,139.58,0.14
PP681660,PP681660.fasta,139706,139.71,0.14
PP681661,PP681661.fasta,139566,139.57,0.14
PP681662,PP681662.fasta,139746,139.75,0.14
PP681665,PP681665.fasta,139678,139.68,0.14
PP681667,PP681667.fasta,139681,139.68,0.14
PP681669,PP681669.fasta,139659,139.66,0.14
PP681670,PP681670.fasta,139674,139.67,0.14
PP681673,PP681673.fasta,139788,139.79,0.14
PP693041,PP693041.fasta,166696,166.7,0.167
PP693366,PP693366.fasta,147692,147.69,0.148
PP693367,PP693367.fasta,146163,146.16,0.146
PP693368,PP693368.fasta,148458,148.46,0.148
PP693369,PP693369.fasta,150652,150.65,0.151
PP693370,PP693370.fasta,151592,151.59,0.152
PP693371,PP693371.fasta,151652,151.65,0.152
PP693372,PP693372.fasta,148908,148.91,0.149
PP693373,PP693373.fasta,150614,150.61,0.151
PP693374,PP693374.fasta,151532,151.53,0.152
PP697852,PP697852.fasta,155294,155.29,0.155
PP697853,PP697853.fasta,155149,155.15,0.155
PP697854,PP697854.fasta,155561,155.56,0.156
PP697858,PP697858.fasta,154402,154.4,0.154
PP697860,PP697860.fasta,155093,155.09,0.155
PP697861,PP697861.fasta,156111,156.11,0.156
PP697864,PP697864.fasta,155169,155.17,0.155
PP697865,PP697865.fasta,154622,154.62,0.155
PP697868,PP697868.fasta,154217,154.22,0.154
PP697870,PP697870.fasta,154887,154.89,0.155
PP697871,PP697871.fasta,156174,156.17,0.156
PP697875,PP697875.fasta,154801,154.8,0.155
PP697877,PP697877.fasta,155703,155.7,0.156
PP697878,PP697878.fasta,155269,155.27,0.155
PP697880,PP697880.fasta,156188,156.19,0.156
PP697884,PP697884.fasta,156084,156.08,0.156
PP697885,PP697885.fasta,156861,156.86,0.157
PP697887,PP697887.fasta,155662,155.66,0.156
PP697890,PP697890.fasta,155440,155.44,0.155
PP697892,PP697892.fasta,155612,155.61,0.156
PP697893,PP697893.fasta,155344,155.34,0.155
PP697894,PP697894.fasta,156331,156.33,0.156
PP697895,PP697895.fasta,155089,155.09,0.155
PP697896,PP697896.fasta,155498,155.5,0.155
PP697898,PP697898.fasta,154937,154.94,0.155
PP697900,PP697900.fasta,155327,155.33,0.155
PP697902,PP697902.fasta,154459,154.46,0.154
PP697906,PP697906.fasta,154353,154.35,0.154
PP697910,PP697910.fasta,154220,154.22,0.154
PP697917,PP697917.fasta,154789,154.79,0.155
PP697918,PP697918.fasta,154773,154.77,0.155
PP697920,PP697920.fasta,155138,155.14,0.155
PP697923,PP697923.fasta,155318,155.32,0.155
PP697926,PP697926.fasta,154892,154.89,0.155
PP697929,PP697929.fasta,155135,155.13,0.155
PP697933,PP697933.fasta,156648,156.65,0.157
PP697934,PP697934.fasta,155242,155.24,0.155
PP697937,PP697937.fasta,155606,155.61,0.156
PP697941,PP697941.fasta,155070,155.07,0.155
PP697942,PP697942.fasta,155114,155.11,0.155
PP697946,PP697946.fasta,154955,154.96,0.155
PP706108,PP706108.fasta,157727,157.73,0.158
PP706109,PP706109.fasta,157574,157.57,0.158
PP706110,PP706110.fasta,157593,157.59,0.158
PP706111,PP706111.fasta,159115,159.12,0.159
PP706112,PP706112.fasta,157857,157.86,0.158
PP719683,PP719683.fasta,154276,154.28,0.154
PP719684,PP719684.fasta,155325,155.32,0.155
PP719685,PP719685.fasta,154829,154.83,0.155
PP719686,PP719686.fasta,155307,155.31,0.155
PP719687,PP719687.fasta,155310,155.31,0.155
PP722976,PP722976.fasta,158033,158.03,0.158
PP727288,PP727288.fasta,159277,159.28,0.159
PP727289,PP727289.fasta,159697,159.7,0.16
PP727290,PP727290.fasta,158689,158.69,0.159
PP727291,PP727291.fasta,159575,159.57,0.16
PP727292,PP727292.fasta,159586,159.59,0.16
PP727293,PP727293.fasta,157240,157.24,0.157
PP727294,PP727294.fasta,158992,158.99,0.159
PP727295,PP727295.fasta,158288,158.29,0.158
PP727296,PP727296.fasta,158300,158.3,0.158
PP727297,PP727297.fasta,159300,159.3,0.159
PP728425,PP728425.fasta,150967,150.97,0.151
PP728426,PP728426.fasta,151915,151.91,0.152
PP728427,PP728427.fasta,151226,151.23,0.151
PP737347,PP737347.fasta,159558,159.56,0.16
PP737348,PP737348.fasta,158683,158.68,0.159
PP737349,PP737349.fasta,159852,159.85,0.16
PP737350,PP737350.fasta,159197,159.2,0.159
PP744563,PP744563.fasta,155295,155.29,0.155
PP747016,PP747016.fasta,158507,158.51,0.159
PP765882,PP765882.fasta,176291,176.29,0.176
PP780910,PP780910.fasta,154726,154.73,0.155
PP780911,PP780911.fasta,155449,155.45,0.155
PP780912,PP780912.fasta,155160,155.16,0.155
PP786563,PP786563.fasta,154235,154.24,0.154
PP786657,PP786657.fasta,160942,160.94,0.161
PP786689,PP786689.fasta,159443,159.44,0.159
PP796442,PP796442.fasta,150834,150.83,0.151
PP796443,PP796443.fasta,148953,148.95,0.149
PP796444,PP796444.fasta,151501,151.5,0.152
PP796632,PP796632.fasta,157102,157.1,0.157
PP796841,PP796841.fasta,153323,153.32,0.153
PP799047,PP799047.fasta,155138,155.14,0.155
PP809759,PP809759.fasta,155298,155.3,0.155
PP809760,PP809760.fasta,155516,155.52,0.156
PP809761,PP809761.fasta,155341,155.34,0.155
PP809762,PP809762.fasta,156234,156.23,0.156
PP809764,PP809764.fasta,155291,155.29,0.155
PP809765,PP809765.fasta,155270,155.27,0.155
PP809766,PP809766.fasta,156251,156.25,0.156
PP809768,PP809768.fasta,155516,155.52,0.156
PP809769,PP809769.fasta,155783,155.78,0.156
PP811661,PP811661.fasta,158244,158.24,0.158
PP811663,PP811663.fasta,162092,162.09,0.162
PP811668,PP811668.fasta,176864,176.86,0.177
PP816055,PP816055.1.fasta,132929,132.93,0.133
PP817741,PP817741.fasta,161252,161.25,0.161
PP817742,PP817742.fasta,162158,162.16,0.162
PP817744,PP817744.fasta,162640,162.64,0.163
PP817745,PP817745.fasta,161973,161.97,0.162
PP817747,PP817747.fasta,162388,162.39,0.162
PP817748,PP817748.fasta,162641,162.64,0.163
PP818646,PP818646.fasta,158663,158.66,0.159
PP831690,PP831690.fasta,157244,157.24,0.157
PP831691,PP831691.fasta,157268,157.27,0.157
PP831692,PP831692.fasta,157237,157.24,0.157
PP831693,PP831693.fasta,157270,157.27,0.157
PP831694,PP831694.fasta,157157,157.16,0.157
PP831695,PP831695.fasta,157255,157.25,0.157
PP831696,PP831696.fasta,157150,157.15,0.157
PP833220,PP833220.fasta,159552,159.55,0.16
PP836295,PP836295.fasta,122083,122.08,0.122
PP840334,PP840334.fasta,159723,159.72,0.16
PP840335,PP840335.fasta,149508,149.51,0.15
PP840336,PP840336.fasta,150282,150.28,0.15
PP840337,PP840337.fasta,150916,150.92,0.151
PP840338,PP840338.fasta,151930,151.93,0.152
PP840339,PP840339.fasta,155505,155.5,0.156
PP842194,PP842194.fasta,150962,150.96,0.151
PP843013,PP843013.fasta,151356,151.36,0.151
PP848979,PP848979.fasta,135065,135.06,0.135
PP849681,PP849681.fasta,150489,150.49,0.15
PP857829,PP857829.1.fasta,116837,116.84,0.117
PP868376,PP868376.fasta,149326,149.33,0.149
PP868377,PP868377.fasta,157131,157.13,0.157
PP872287,PP872287.fasta,156311,156.31,0.156
PP882779,PP882779.fasta,159390,159.39,0.159
PP883896,PP883896.fasta,165441,165.44,0.165
PP883900,PP883900.fasta,164734,164.73,0.165
PP883902,PP883902.fasta,164894,164.89,0.165
PP883903,PP883903.fasta,165510,165.51,0.166
PP883906,PP883906.fasta,165358,165.36,0.165
PP883909,PP883909.fasta,165042,165.04,0.165
PP883912,PP883912.fasta,165299,165.3,0.165
PP883913,PP883913.fasta,165248,165.25,0.165
PP883917,PP883917.fasta,165388,165.39,0.165
PP883922,PP883922.fasta,165551,165.55,0.166
PP883923,PP883923.fasta,165415,165.41,0.165
PP883924,PP883924.fasta,165626,165.63,0.166
PP883925,PP883925.fasta,150833,150.83,0.151
PP883927,PP883927.fasta,165280,165.28,0.165
PP883928,PP883928.fasta,165247,165.25,0.165
PP883932,PP883932.fasta,165266,165.27,0.165
PP883934,PP883934.fasta,165695,165.69,0.166
PP883935,PP883935.fasta,164871,164.87,0.165
PP883936,PP883936.fasta,164851,164.85,0.165
PP883938,PP883938.fasta,164359,164.36,0.164
PP883942,PP883942.fasta,164805,164.81,0.165
PP883947,PP883947.fasta,165380,165.38,0.165
PP883949,PP883949.fasta,164748,164.75,0.165
PP883950,PP883950.fasta,150937,150.94,0.151
PP883951,PP883951.fasta,165270,165.27,0.165
PP883952,PP883952.fasta,165174,165.17,0.165
PP883955,PP883955.fasta,165050,165.05,0.165
PP887495,PP887495.fasta,174909,174.91,0.175
PP887496,PP887496.fasta,174804,174.8,0.175
PP887982,PP887982.fasta,161109,161.11,0.161
PP888130,PP888130.fasta,161236,161.24,0.161
PP888222,PP888222.fasta,161229,161.23,0.161
PP889298,PP889298.fasta,161273,161.27,0.161
PP897811,PP897811.fasta,160445,160.44,0.16
PP897849,PP897849.fasta,153033,153.03,0.153
PP897850,PP897850.fasta,153194,153.19,0.153
PP897851,PP897851.fasta,153194,153.19,0.153
PP897852,PP897852.fasta,153138,153.14,0.153
PP897853,PP897853.fasta,153163,153.16,0.153
PP897856,PP897856.fasta,153166,153.17,0.153
PP897859,PP897859.fasta,153161,153.16,0.153
PP897860,PP897860.fasta,153171,153.17,0.153
PP897863,PP897863.fasta,153162,153.16,0.153
PP897864,PP897864.fasta,153160,153.16,0.153
PP897865,PP897865.fasta,153149,153.15,0.153
PP897866,PP897866.fasta,153160,153.16,0.153
PP897867,PP897867.fasta,153173,153.17,0.153
PP897870,PP897870.fasta,153188,153.19,0.153
PP897871,PP897871.fasta,153187,153.19,0.153
PP897872,PP897872.fasta,153122,153.12,0.153
PP897873,PP897873.fasta,153178,153.18,0.153
PP897874,PP897874.fasta,153127,153.13,0.153
PP897875,PP897875.fasta,153149,153.15,0.153
PP897877,PP897877.fasta,153153,153.15,0.153
PP897878,PP897878.fasta,153157,153.16,0.153
PP897879,PP897879.fasta,153153,153.15,0.153
PP897880,PP897880.fasta,153163,153.16,0.153
PP897881,PP897881.fasta,153007,153.01,0.153
PP897882,PP897882.fasta,153279,153.28,0.153
PP897883,PP897883.fasta,153267,153.27,0.153
PP897884,PP897884.fasta,153044,153.04,0.153
PP897885,PP897885.fasta,153261,153.26,0.153
PP897886,PP897886.fasta,153249,153.25,0.153
PP898072,PP898072.fasta,151106,151.11,0.151
PP898073,PP898073.fasta,150870,150.87,0.151
PP898074,PP898074.fasta,151230,151.23,0.151
PP898075,PP898075.fasta,151201,151.2,0.151
PP898076,PP898076.fasta,151087,151.09,0.151
PP898077,PP898077.fasta,151171,151.17,0.151
PP898078,PP898078.fasta,151241,151.24,0.151
PP898079,PP898079.fasta,151298,151.3,0.151
PP898080,PP898080.fasta,151045,151.04,0.151
PP898081,PP898081.fasta,151327,151.33,0.151
PP898082,PP898082.fasta,150770,150.77,0.151
PP898083,PP898083.fasta,151083,151.08,0.151
PP898084,PP898084.fasta,151028,151.03,0.151
PP898085,PP898085.fasta,151269,151.27,0.151
PP898086,PP898086.fasta,151275,151.28,0.151
PP898087,PP898087.fasta,151038,151.04,0.151
PP898088,PP898088.fasta,151274,151.27,0.151
PP898089,PP898089.fasta,151249,151.25,0.151
PP898091,PP898091.fasta,151199,151.2,0.151
PP898092,PP898092.fasta,150636,150.64,0.151
PP898093,PP898093.fasta,151232,151.23,0.151
PP898094,PP898094.fasta,151172,151.17,0.151
PP898095,PP898095.fasta,150654,150.65,0.151
PP898096,PP898096.fasta,151174,151.17,0.151
PP898097,PP898097.fasta,151225,151.22,0.151
PP898098,PP898098.fasta,151181,151.18,0.151
PP898099,PP898099.fasta,151191,151.19,0.151
PP898100,PP898100.fasta,151200,151.2,0.151
PP898101,PP898101.fasta,150908,150.91,0.151
PP898102,PP898102.fasta,151228,151.23,0.151
PP898103,PP898103.fasta,151193,151.19,0.151
PP898104,PP898104.fasta,151117,151.12,0.151
PP898105,PP898105.fasta,151231,151.23,0.151
PP916053,PP916053.fasta,152470,152.47,0.152
PP934438,PP934438.fasta,156487,156.49,0.156
PP934439,PP934439.fasta,156510,156.51,0.157
PP934440,PP934440.fasta,156563,156.56,0.157
PP934441,PP934441.fasta,156510,156.51,0.157
PP934442,PP934442.fasta,156604,156.6,0.157
PP941956,PP941956.fasta,172459,172.46,0.172
PP941957,PP941957.fasta,170054,170.05,0.17
PP942372,PP942372.fasta,146268,146.27,0.146
PP952083,PP952083.fasta,157904,157.9,0.158
PP952454,PP952454.fasta,156655,156.66,0.157
PP952455,PP952455.fasta,155939,155.94,0.156
PP952456,PP952456.fasta,156747,156.75,0.157
PP952457,PP952457.fasta,156899,156.9,0.157
PP952458,PP952458.fasta,156053,156.05,0.156
PP952459,PP952459.fasta,155953,155.95,0.156
PP952461,PP952461.fasta,155919,155.92,0.156
PP952462,PP952462.fasta,155907,155.91,0.156
PP952463,PP952463.fasta,155636,155.64,0.156
PP952464,PP952464.fasta,155731,155.73,0.156
PP952465,PP952465.fasta,155857,155.86,0.156
PP952466,PP952466.fasta,155656,155.66,0.156
PP952467,PP952467.fasta,155604,155.6,0.156
PP952468,PP952468.fasta,155712,155.71,0.156
PP952469,PP952469.fasta,155749,155.75,0.156
PP952470,PP952470.fasta,155664,155.66,0.156
PP952471,PP952471.fasta,155712,155.71,0.156
PP952472,PP952472.fasta,155953,155.95,0.156
PP952473,PP952473.fasta,155756,155.76,0.156
PP952475,PP952475.fasta,155748,155.75,0.156
PP952476,PP952476.fasta,155772,155.77,0.156
PP952477,PP952477.fasta,155866,155.87,0.156
PP952478,PP952478.fasta,155625,155.62,0.156
PP952480,PP952480.fasta,155639,155.64,0.156
PP952481,PP952481.fasta,155702,155.7,0.156
PP952482,PP952482.fasta,155618,155.62,0.156
PP952483,PP952483.fasta,155892,155.89,0.156
PP952484,PP952484.fasta,155712,155.71,0.156
PP952485,PP952485.fasta,155695,155.69,0.156
PP952486,PP952486.fasta,155924,155.92,0.156
PP952487,PP952487.fasta,155718,155.72,0.156
PP952488,PP952488.fasta,155760,155.76,0.156
PP952489,PP952489.fasta,155797,155.8,0.156
PP952490,PP952490.fasta,155758,155.76,0.156
PP952491,PP952491.fasta,155750,155.75,0.156
PP952492,PP952492.fasta,155792,155.79,0.156
PP952493,PP952493.fasta,155467,155.47,0.155
PP952494,PP952494.fasta,155689,155.69,0.156
PP952495,PP952495.fasta,155710,155.71,0.156
PP952497,PP952497.fasta,155775,155.78,0.156
PP952498,PP952498.fasta,155879,155.88,0.156
PP952499,PP952499.fasta,155763,155.76,0.156
PP952500,PP952500.fasta,155877,155.88,0.156
PP952501,PP952501.fasta,155717,155.72,0.156
PP952502,PP952502.fasta,156034,156.03,0.156
PP952503,PP952503.fasta,155696,155.7,0.156
PP952504,PP952504.fasta,155943,155.94,0.156
PP952505,PP952505.fasta,155358,155.36,0.155
PP952506,PP952506.fasta,157007,157.01,0.157
PP952507,PP952507.fasta,156715,156.72,0.157
PP952508,PP952508.fasta,155487,155.49,0.155
PP952510,PP952510.fasta,155461,155.46,0.155
PP952511,PP952511.fasta,155562,155.56,0.156
PP962251,PP962251.fasta,156800,156.8,0.157
PP963516,PP963516.fasta,148666,148.67,0.149
PP963517,PP963517.fasta,148068,148.07,0.148
PP963518,PP963518.fasta,147171,147.17,0.147
PP963519,PP963519.fasta,147925,147.93,0.148
PP963520,PP963520.fasta,147772,147.77,0.148
PP965695,PP965695.fasta,151472,151.47,0.151
PP965697,PP965697.fasta,150968,150.97,0.151
PP965698,PP965698.fasta,151021,151.02,0.151
PP965700,PP965700.fasta,150897,150.9,0.151
PP965701,PP965701.fasta,151644,151.64,0.152
PP968730,PP968730.fasta,167327,167.33,0.167
PP970579,PP970579.fasta,151742,151.74,0.152
PP975593,PP975593.fasta,151740,151.74,0.152
PP975594,PP975594.fasta,150617,150.62,0.151
PP975595,PP975595.fasta,151227,151.23,0.151
PP975596,PP975596.fasta,150819,150.82,0.151
PP975597,PP975597.fasta,151682,151.68,0.152
PP975598,PP975598.fasta,151005,151.0,0.151
PP975599,PP975599.fasta,152178,152.18,0.152
PP975600,PP975600.fasta,151862,151.86,0.152
PP975601,PP975601.fasta,151784,151.78,0.152
PP975604,PP975604.fasta,151714,151.71,0.152
PP975607,PP975607.fasta,150937,150.94,0.151
PP975608,PP975608.fasta,151666,151.67,0.152
PP975609,PP975609.fasta,151689,151.69,0.152
PP975610,PP975610.fasta,151786,151.79,0.152
PP976060,PP976060.fasta,156673,156.67,0.157
PP976064,PP976064.fasta,156377,156.38,0.156
PP976072,PP976072.fasta,156652,156.65,0.157
PP976074,PP976074.fasta,156591,156.59,0.157
PP976076,PP976076.fasta,156591,156.59,0.157
PP976079,PP976079.fasta,156783,156.78,0.157
PP976081,PP976081.fasta,156733,156.73,0.157
PP976089,PP976089.fasta,156652,156.65,0.157
PP976090,PP976090.fasta,156575,156.57,0.157
PP976091,PP976091.fasta,156567,156.57,0.157
PP976092,PP976092.fasta,156575,156.57,0.157
PP976093,PP976093.fasta,157087,157.09,0.157
PP976094,PP976094.fasta,157069,157.07,0.157
PP976095,PP976095.fasta,156998,157.0,0.157
PP976096,PP976096.fasta,156690,156.69,0.157
PP976097,PP976097.fasta,156591,156.59,0.157
PP976098,PP976098.fasta,157151,157.15,0.157
PP979491,PP979491.1.fasta,118156,118.16,0.118
PP979492,PP979492.1.fasta,104326,104.33,0.104
PP979493,PP979493.1.fasta,107456,107.46,0.107
PP979494,PP979494.1.fasta,135923,135.92,0.136
PP979495,PP979495.1.fasta,114528,114.53,0.115
PP979496,PP979496.1.fasta,140621,140.62,0.141
PP979497,PP979497.1.fasta,120913,120.91,0.121
PP979498,PP979498.1.fasta,91572,91.57,0.092
PP979499,PP979499.1.fasta,109068,109.07,0.109
PP979500,PP979500.1.fasta,91680,91.68,0.092
PP979501,PP979501.1.fasta,120320,120.32,0.12
PP979502,PP979502.1.fasta,103547,103.55,0.104
PP979503,PP979503.1.fasta,107355,107.36,0.107
PP979504,PP979504.1.fasta,99548,99.55,0.1
PP979505,PP979505.1.fasta,111663,111.66,0.112
PP979506,PP979506.1.fasta,100659,100.66,0.101
PP979507,PP979507.1.fasta,123790,123.79,0.124
PP979508,PP979508.1.fasta,115389,115.39,0.115
PP979509,PP979509.1.fasta,201553,201.55,0.202
PP979510,PP979510.1.fasta,154651,154.65,0.155
PP979511,PP979511.1.fasta,101871,101.87,0.102
PP979512,PP979512.1.fasta,115391,115.39,0.115
PP979513,PP979513.1.fasta,123262,123.26,0.123
PP979514,PP979514.1.fasta,144727,144.73,0.145
PP979515,PP979515.1.fasta,101355,101.36,0.101
PP979516,PP979516.1.fasta,121527,121.53,0.122
PP979517,PP979517.1.fasta,152796,152.8,0.153
PP979518,PP979518.1.fasta,109068,109.07,0.109
PP979519,PP979519.1.fasta,110467,110.47,0.11
PP979520,PP979520.1.fasta,116568,116.57,0.117
PP979521,PP979521.1.fasta,109730,109.73,0.11
PP979522,PP979522.1.fasta,111480,111.48,0.111
PP979523,PP979523.1.fasta,104682,104.68,0.105
PP979524,PP979524.1.fasta,119363,119.36,0.119
PP979525,PP979525.1.fasta,144384,144.38,0.144
PP979526,PP979526.1.fasta,114490,114.49,0.114
PP979527,PP979527.1.fasta,93778,93.78,0.094
PP979528,PP979528.1.fasta,93947,93.95,0.094
PP979529,PP979529.1.fasta,101364,101.36,0.101
PP979530,PP979530.1.fasta,93791,93.79,0.094
PP979531,PP979531.1.fasta,99702,99.7,0.1
PP979532,PP979532.1.fasta,108232,108.23,0.108
PP979534,PP979534.fasta,158658,158.66,0.159
PP998656,PP998656.fasta,152635,152.63,0.153
PP999314,PP999314.fasta,152860,152.86,0.153
PP999315,PP999315.fasta,152880,152.88,0.153
PP999694,PP999694.fasta,157228,157.23,0.157
PP999719,PP999719.fasta,139615,139.62,0.14
PP999722,PP999722.fasta,139764,139.76,0.14
PP999723,PP999723.fasta,139679,139.68,0.14
PP999725,PP999725.fasta,139784,139.78,0.14
PP999726,PP999726.fasta,139688,139.69,0.14
PP999729,PP999729.fasta,139587,139.59,0.14
PP999730,PP999730.fasta,139704,139.7,0.14
PP999732,PP999732.fasta,139801,139.8,0.14
PP999733,PP999733.fasta,139650,139.65,0.14
PP999734,PP999734.fasta,139602,139.6,0.14
PP999735,PP999735.fasta,139749,139.75,0.14
PP999736,PP999736.fasta,139600,139.6,0.14
PP999739,PP999739.fasta,139699,139.7,0.14
PP999742,PP999742.fasta,139575,139.57,0.14
PQ009216,PQ009216.fasta,149273,149.27,0.149
PQ009217,PQ009217.fasta,146340,146.34,0.146
PQ009218,PQ009218.fasta,149376,149.38,0.149
PQ009219,PQ009219.fasta,146993,146.99,0.147
PQ009220,PQ009220.fasta,149273,149.27,0.149
PQ009256,PQ009256.fasta,168208,168.21,0.168
PQ010071,PQ010071.fasta,164536,164.54,0.165
PQ010072,PQ010072.fasta,161650,161.65,0.162
PQ010073,PQ010073.fasta,161433,161.43,0.161
PQ010074,PQ010074.fasta,161052,161.05,0.161
PQ010075,PQ010075.fasta,161824,161.82,0.162
PQ010076,PQ010076.fasta,161032,161.03,0.161
PQ010077,PQ010077.fasta,161559,161.56,0.162
PQ010078,PQ010078.fasta,161889,161.89,0.162
PQ010079,PQ010079.fasta,161396,161.4,0.161
PQ010082,PQ010082.fasta,161342,161.34,0.161
PQ010083,PQ010083.fasta,161601,161.6,0.162
PQ010084,PQ010084.fasta,160427,160.43,0.16
PQ010085,PQ010085.fasta,160982,160.98,0.161
PQ010086,PQ010086.fasta,160552,160.55,0.161
PQ010087,PQ010087.fasta,161373,161.37,0.161
PQ010088,PQ010088.fasta,160897,160.9,0.161
PQ010089,PQ010089.fasta,160347,160.35,0.16
PQ010090,PQ010090.fasta,160470,160.47,0.16
PQ010091,PQ010091.fasta,160108,160.11,0.16
PQ010092,PQ010092.fasta,161816,161.82,0.162
PQ010093,PQ010093.fasta,161841,161.84,0.162
PQ010094,PQ010094.fasta,162090,162.09,0.162
PQ010096,PQ010096.fasta,125842,125.84,0.126
PQ010097,PQ010097.fasta,162544,162.54,0.163
PQ010098,PQ010098.fasta,163172,163.17,0.163
PQ010099,PQ010099.fasta,163986,163.99,0.164
PQ010100,PQ010100.fasta,161642,161.64,0.162
PQ010101,PQ010101.fasta,162023,162.02,0.162
PQ010102,PQ010102.fasta,162089,162.09,0.162
PQ010103,PQ010103.fasta,161069,161.07,0.161
PQ010623,PQ010623.fasta,139609,139.61,0.14
PQ010624,PQ010624.fasta,165288,165.29,0.165
PQ010625,PQ010625.fasta,165190,165.19,0.165
PQ010626,PQ010626.fasta,143167,143.17,0.143
PQ010627,PQ010627.fasta,142029,142.03,0.142
PQ010628,PQ010628.fasta,138163,138.16,0.138
PQ010629,PQ010629.fasta,167482,167.48,0.167
PQ010630,PQ010630.fasta,155751,155.75,0.156
PQ010631,PQ010631.fasta,150935,150.94,0.151
PQ010632,PQ010632.fasta,176170,176.17,0.176
PQ010633,PQ010633.fasta,174661,174.66,0.175
PQ010634,PQ010634.fasta,157279,157.28,0.157
PQ010635,PQ010635.fasta,166590,166.59,0.167
PQ010636,PQ010636.fasta,156826,156.83,0.157
PQ010637,PQ010637.fasta,158160,158.16,0.158
PQ031217,PQ031217.fasta,160045,160.04,0.16
PQ031219,PQ031219.fasta,159885,159.88,0.16
PQ038330,PQ038330.fasta,154092,154.09,0.154
PQ059902,PQ059902.fasta,160153,160.15,0.16
PQ063988,PQ063988.fasta,149988,149.99,0.15
PQ067316,PQ067316.fasta,132723,132.72,0.133
PQ068595,PQ068595.fasta,155665,155.66,0.156
PQ068613,PQ068613.fasta,156063,156.06,0.156
PQ068620,PQ068620.fasta,155961,155.96,0.156
PQ068634,PQ068634.fasta,156360,156.36,0.156
PQ068662,PQ068662.fasta,156246,156.25,0.156
PQ068666,PQ068666.fasta,156090,156.09,0.156
PQ068679,PQ068679.fasta,156358,156.36,0.156
PQ068691,PQ068691.fasta,155983,155.98,0.156
PQ068696,PQ068696.fasta,155961,155.96,0.156
PQ068705,PQ068705.fasta,155983,155.98,0.156
PQ068713,PQ068713.fasta,155979,155.98,0.156
PQ112543,PQ112543.fasta,160341,160.34,0.16
PQ112544,PQ112544.fasta,160805,160.81,0.161
PQ112545,PQ112545.fasta,161091,161.09,0.161
PQ126534,PQ126534.fasta,160396,160.4,0.16
PQ137794,PQ137794.fasta,146983,146.98,0.147
PQ144595,PQ144595.fasta,155868,155.87,0.156
PQ144597,PQ144597.fasta,155868,155.87,0.156
PQ144599,PQ144599.fasta,156099,156.1,0.156
PQ144601,PQ144601.fasta,155833,155.83,0.156
PQ144603,PQ144603.fasta,156088,156.09,0.156
PQ144604,PQ144604.fasta,155936,155.94,0.156
PQ144607,PQ144607.fasta,155883,155.88,0.156
PQ144610,PQ144610.fasta,156494,156.49,0.156
PQ144612,PQ144612.fasta,156604,156.6,0.157
PQ144616,PQ144616.fasta,156580,156.58,0.157
PQ144620,PQ144620.fasta,156354,156.35,0.156
PQ144622,PQ144622.fasta,160082,160.08,0.16
PQ144623,PQ144623.fasta,155891,155.89,0.156
PQ144624,PQ144624.fasta,155891,155.89,0.156
PQ144625,PQ144625.fasta,156415,156.41,0.156
PQ144626,PQ144626.fasta,156314,156.31,0.156
PQ144627,PQ144627.fasta,156314,156.31,0.156
PQ144640,PQ144640.fasta,156603,156.6,0.157
PQ144644,PQ144644.fasta,156301,156.3,0.156
PQ144645,PQ144645.fasta,155908,155.91,0.156
PQ149858,PQ149858.fasta,153006,153.01,0.153
PQ149859,PQ149859.fasta,152932,152.93,0.153
PQ152229,PQ152229.fasta,152602,152.6,0.153
PQ153239,PQ153239.fasta,138934,138.93,0.139
PQ157937,PQ157937.fasta,160029,160.03,0.16
PQ157938,PQ157938.fasta,160180,160.18,0.16
PQ157955,PQ157955.fasta,160738,160.74,0.161
PQ180372,PQ180372.fasta,152089,152.09,0.152
PQ180373,PQ180373.fasta,151620,151.62,0.152
PQ180377,PQ180377.fasta,151482,151.48,0.151
PQ180378,PQ180378.fasta,151532,151.53,0.152
PQ180379,PQ180379.fasta,151368,151.37,0.151
PQ180380,PQ180380.fasta,151126,151.13,0.151
PQ180381,PQ180381.fasta,151528,151.53,0.152
PQ197388,PQ197388.fasta,160261,160.26,0.16
PQ197389,PQ197389.fasta,160090,160.09,0.16
PQ197390,PQ197390.fasta,159903,159.9,0.16
PQ197391,PQ197391.fasta,160030,160.03,0.16
PQ210127,PQ210127.fasta,154193,154.19,0.154
PQ210128,PQ210128.fasta,154487,154.49,0.154
PQ210133,PQ210133.fasta,154895,154.9,0.155
PQ210135,PQ210135.fasta,154168,154.17,0.154
PQ210138,PQ210138.fasta,154286,154.29,0.154
PQ210140,PQ210140.fasta,154072,154.07,0.154
PQ210144,PQ210144.fasta,155061,155.06,0.155
PQ210145,PQ210145.fasta,154048,154.05,0.154
PQ210146,PQ210146.fasta,154021,154.02,0.154
PQ210149,PQ210149.fasta,154465,154.47,0.154
PQ210150,PQ210150.fasta,154912,154.91,0.155
PQ210152,PQ210152.fasta,154228,154.23,0.154
PQ210153,PQ210153.fasta,152977,152.98,0.153
PQ210154,PQ210154.fasta,154062,154.06,0.154
PQ210155,PQ210155.fasta,154649,154.65,0.155
PQ210156,PQ210156.fasta,154636,154.64,0.155
PQ210157,PQ210157.fasta,154572,154.57,0.155
PQ210159,PQ210159.fasta,154916,154.92,0.155
PQ210160,PQ210160.fasta,154143,154.14,0.154
PQ210161,PQ210161.fasta,154522,154.52,0.155
PQ210162,PQ210162.fasta,154051,154.05,0.154
PQ210163,PQ210163.fasta,154530,154.53,0.155
PQ210164,PQ210164.fasta,154423,154.42,0.154
PQ210165,PQ210165.fasta,154280,154.28,0.154
PQ210170,PQ210170.fasta,154647,154.65,0.155
PQ210171,PQ210171.fasta,154245,154.25,0.154
PQ210174,PQ210174.fasta,155764,155.76,0.156
PQ210177,PQ210177.fasta,154481,154.48,0.154
PQ210178,PQ210178.fasta,153983,153.98,0.154
PQ210180,PQ210180.fasta,154603,154.6,0.155
PQ210182,PQ210182.fasta,154512,154.51,0.155
PQ210183,PQ210183.fasta,154190,154.19,0.154
PQ210185,PQ210185.fasta,154533,154.53,0.155
PQ210186,PQ210186.fasta,154115,154.12,0.154
PQ210191,PQ210191.fasta,154115,154.12,0.154
PQ210193,PQ210193.fasta,154591,154.59,0.155
PQ210194,PQ210194.fasta,154356,154.36,0.154
PQ210195,PQ210195.fasta,153640,153.64,0.154
PQ210196,PQ210196.fasta,154941,154.94,0.155
PQ210198,PQ210198.fasta,155011,155.01,0.155
PQ221484,PQ221484.fasta,157756,157.76,0.158
PQ221922,PQ221922.fasta,158987,158.99,0.159
PQ231080,PQ231080.fasta,151594,151.59,0.152
PQ231082,PQ231082.fasta,151539,151.54,0.152
PQ231086,PQ231086.fasta,151774,151.77,0.152
PQ231087,PQ231087.fasta,151719,151.72,0.152
PQ231089,PQ231089.fasta,150650,150.65,0.151
PQ231090,PQ231090.fasta,151743,151.74,0.152
PQ231092,PQ231092.fasta,151729,151.73,0.152
PQ231095,PQ231095.fasta,151819,151.82,0.152
PQ231096,PQ231096.fasta,151729,151.73,0.152
PQ231097,PQ231097.fasta,151724,151.72,0.152
PQ231098,PQ231098.fasta,151746,151.75,0.152
PQ231099,PQ231099.fasta,151056,151.06,0.151
PQ231101,PQ231101.fasta,151974,151.97,0.152
PQ231104,PQ231104.fasta,151720,151.72,0.152
PQ231107,PQ231107.fasta,152197,152.2,0.152
PQ240605,PQ240605.fasta,152619,152.62,0.153
PQ240608,PQ240608.fasta,152555,152.56,0.153
PQ240609,PQ240609.fasta,152559,152.56,0.153
PQ240610,PQ240610.fasta,152553,152.55,0.153
PQ246280,PQ246280.fasta,159506,159.51,0.16
PQ246290,PQ246290.fasta,160067,160.07,0.16
PQ276427,PQ276427.fasta,151048,151.05,0.151
PQ276655,PQ276655.fasta,147442,147.44,0.147
PQ276656,PQ276656.fasta,161370,161.37,0.161
PQ276657,PQ276657.fasta,161291,161.29,0.161
PQ276658,PQ276658.fasta,161283,161.28,0.161
PQ276659,PQ276659.fasta,161193,161.19,0.161
PQ276660,PQ276660.fasta,161010,161.01,0.161
PQ276661,PQ276661.fasta,161239,161.24,0.161
PQ276662,PQ276662.fasta,161131,161.13,0.161
PQ276663,PQ276663.fasta,161295,161.29,0.161
PQ276664,PQ276664.fasta,161155,161.16,0.161
PQ276665,PQ276665.fasta,161374,161.37,0.161
PQ276666,PQ276666.fasta,161208,161.21,0.161
PQ276667,PQ276667.fasta,161273,161.27,0.161
PQ276669,PQ276669.fasta,161283,161.28,0.161
PQ276670,PQ276670.fasta,163178,163.18,0.163
PQ276671,PQ276671.fasta,161148,161.15,0.161
PQ278975,PQ278975.fasta,158570,158.57,0.159
PQ279583,PQ279583.fasta,151466,151.47,0.151
PQ283266,PQ283266.fasta,159095,159.09,0.159
PQ283267,PQ283267.fasta,159323,159.32,0.159
PQ283862,PQ283862.fasta,154438,154.44,0.154
PQ283864,PQ283864.fasta,154101,154.1,0.154
PQ283865,PQ283865.fasta,153385,153.38,0.153
PQ283867,PQ283867.fasta,154597,154.6,0.155
PQ283868,PQ283868.fasta,154378,154.38,0.154
PQ283871,PQ283871.fasta,154486,154.49,0.154
PQ283873,PQ283873.fasta,154660,154.66,0.155
PQ283874,PQ283874.fasta,154438,154.44,0.154
PQ283875,PQ283875.fasta,154640,154.64,0.155
PQ283877,PQ283877.fasta,154646,154.65,0.155
PQ283878,PQ283878.fasta,153031,153.03,0.153
PQ287278,PQ287278.fasta,154313,154.31,0.154
PQ300131,PQ300131.fasta,159473,159.47,0.159
PQ300633,PQ300633.fasta,157997,158.0,0.158
PQ300634,PQ300634.fasta,158735,158.74,0.159
PQ300635,PQ300635.fasta,158490,158.49,0.158
PQ300636,PQ300636.fasta,158688,158.69,0.159
PQ300637,PQ300637.fasta,158326,158.33,0.158
PQ300638,PQ300638.fasta,158429,158.43,0.158
PQ300639,PQ300639.fasta,158314,158.31,0.158
PQ300640,PQ300640.fasta,158415,158.41,0.158
PQ301464,PQ301464.fasta,154630,154.63,0.155
PQ303609,PQ303609.fasta,159782,159.78,0.16
PQ309072,PQ309072.fasta,159396,159.4,0.159
PQ309106,PQ309106.fasta,159423,159.42,0.159
PQ310231,PQ310231.fasta,159769,159.77,0.16
PQ310233,PQ310233.fasta,157937,157.94,0.158
PQ310498,PQ310498.fasta,149228,149.23,0.149
PQ310499,PQ310499.fasta,149091,149.09,0.149
PQ310501,PQ310501.fasta,149091,149.09,0.149
PQ310502,PQ310502.fasta,149201,149.2,0.149
PQ310503,PQ310503.fasta,149183,149.18,0.149
PQ310504,PQ310504.fasta,149204,149.2,0.149
PQ310505,PQ310505.fasta,149137,149.14,0.149
PQ310506,PQ310506.fasta,149195,149.19,0.149
PQ310507,PQ310507.fasta,149156,149.16,0.149
PQ310508,PQ310508.fasta,149297,149.3,0.149
PQ310509,PQ310509.fasta,149270,149.27,0.149
PQ310524,PQ310524.fasta,150733,150.73,0.151
PQ314360,PQ314360.fasta,154156,154.16,0.154
PQ314372,PQ314372.fasta,154156,154.16,0.154
PQ314379,PQ314379.fasta,154482,154.48,0.154
PQ317942,PQ317942.fasta,150548,150.55,0.151
PQ325521,PQ325521.fasta,139715,139.72,0.14
PQ325522,PQ325522.fasta,139715,139.72,0.14
PQ325523,PQ325523.fasta,139709,139.71,0.14
PQ342007,PQ342007.fasta,136157,136.16,0.136
PQ351816,PQ351816.fasta,152831,152.83,0.153
PQ351923,PQ351923.fasta,154218,154.22,0.154
PQ362383,PQ362383.fasta,138328,138.33,0.138
PQ375111,PQ375111.fasta,150721,150.72,0.151
PQ380007,PQ380007.fasta,156242,156.24,0.156
PQ380099,PQ380099.fasta,135041,135.04,0.135
PQ385618,PQ385618.fasta,156201,156.2,0.156
PQ385828,PQ385828.fasta,135038,135.04,0.135
PQ385829,PQ385829.fasta,135038,135.04,0.135
PQ385830,PQ385830.fasta,135022,135.02,0.135
PQ385850,PQ385850.fasta,150818,150.82,0.151
PQ389802,PQ389802.fasta,152597,152.6,0.153
PQ412302,PQ412302.fasta,150558,150.56,0.151
PQ412530,PQ412530.fasta,162017,162.02,0.162
PQ412531,PQ412531.fasta,170054,170.05,0.17
PQ412534,PQ412534.fasta,149252,149.25,0.149
PQ414921,PQ414921.fasta,151263,151.26,0.151
PQ415178,PQ415178.fasta,159783,159.78,0.16
PQ415180,PQ415180.fasta,160230,160.23,0.16
PQ415182,PQ415182.fasta,159626,159.63,0.16
PQ415548,PQ415548.fasta,151948,151.95,0.152
PQ415549,PQ415549.fasta,151847,151.85,0.152
PQ415551,PQ415551.fasta,153040,153.04,0.153
PQ415552,PQ415552.fasta,157002,157.0,0.157
PQ415554,PQ415554.fasta,152783,152.78,0.153
PQ423863,PQ423863.fasta,122276,122.28,0.122
PQ423866,PQ423866.fasta,157044,157.04,0.157
PQ423868,PQ423868.fasta,157556,157.56,0.158
PQ431398,PQ431398.fasta,156515,156.51,0.157
PQ432182,PQ432182.fasta,160019,160.02,0.16
PQ432183,PQ432183.fasta,159714,159.71,0.16
PQ432185,PQ432185.fasta,159971,159.97,0.16
PQ432193,PQ432193.fasta,159853,159.85,0.16
PQ432195,PQ432195.fasta,160137,160.14,0.16
PQ432196,PQ432196.fasta,160096,160.1,0.16
PQ432197,PQ432197.fasta,159672,159.67,0.16
PQ432198,PQ432198.fasta,159925,159.93,0.16
PQ432200,PQ432200.fasta,159961,159.96,0.16
PQ432203,PQ432203.fasta,160239,160.24,0.16
PQ432205,PQ432205.fasta,160168,160.17,0.16
PQ432206,PQ432206.fasta,159930,159.93,0.16
PQ432211,PQ432211.fasta,160210,160.21,0.16
PQ432215,PQ432215.fasta,160027,160.03,0.16
PQ432219,PQ432219.fasta,160035,160.03,0.16
PQ432220,PQ432220.fasta,160034,160.03,0.16
PQ436353,PQ436353.fasta,145475,145.47,0.145
PQ443460,PQ443460.fasta,153325,153.32,0.153
PQ448270,PQ448270.fasta,153915,153.91,0.154
PQ450443,PQ450443.fasta,135037,135.04,0.135
PQ450445,PQ450445.fasta,135025,135.03,0.135
PQ450446,PQ450446.fasta,134972,134.97,0.135
PQ450556,PQ450556.fasta,147622,147.62,0.148
PQ451235,PQ451235.fasta,158365,158.37,0.158
PQ451236,PQ451236.fasta,158361,158.36,0.158
PQ451237,PQ451237.fasta,158341,158.34,0.158
PQ451238,PQ451238.fasta,158385,158.38,0.158
PQ451239,PQ451239.fasta,158360,158.36,0.158
PQ451240,PQ451240.fasta,158360,158.36,0.158
PQ456183,PQ456183.fasta,155584,155.58,0.156
PQ456184,PQ456184.fasta,155692,155.69,0.156
PQ456185,PQ456185.fasta,155691,155.69,0.156
PQ456186,PQ456186.fasta,155378,155.38,0.155
PQ456187,PQ456187.fasta,155540,155.54,0.156
PQ456188,PQ456188.fasta,155597,155.6,0.156
PQ456189,PQ456189.fasta,155524,155.52,0.156
PQ456190,PQ456190.fasta,155592,155.59,0.156
PQ456192,PQ456192.fasta,152763,152.76,0.153
PQ456193,PQ456193.fasta,152994,152.99,0.153
PQ456194,PQ456194.fasta,158793,158.79,0.159
PQ456195,PQ456195.fasta,152112,152.11,0.152
PQ456196,PQ456196.fasta,152155,152.16,0.152
PQ456197,PQ456197.fasta,149639,149.64,0.15
PQ456199,PQ456199.fasta,161440,161.44,0.161
PQ456200,PQ456200.fasta,159333,159.33,0.159
PQ456445,PQ456445.fasta,153515,153.51,0.154
PQ459007,PQ459007.fasta,157790,157.79,0.158
PQ459320,PQ459320.fasta,139597,139.6,0.14
PQ459321,PQ459321.fasta,139602,139.6,0.14
PQ459322,PQ459322.fasta,139582,139.58,0.14
PQ459323,PQ459323.fasta,139500,139.5,0.14
PQ459324,PQ459324.fasta,139617,139.62,0.14
PQ459325,PQ459325.fasta,139586,139.59,0.14
PQ462610,PQ462610.fasta,154438,154.44,0.154
PQ463257,PQ463257.fasta,156272,156.27,0.156
PQ463258,PQ463258.fasta,156295,156.29,0.156
PQ463259,PQ463259.fasta,156391,156.39,0.156
PQ463295,PQ463295.fasta,154811,154.81,0.155
PQ463296,PQ463296.fasta,151066,151.07,0.151
PQ464577,PQ464577.fasta,155186,155.19,0.155
PQ468414,PQ468414.fasta,166480,166.48,0.166
PQ468415,PQ468415.fasta,166576,166.58,0.167
PQ468695,PQ468695.fasta,151827,151.83,0.152
PQ468964,PQ468964.fasta,154198,154.2,0.154
PQ468965,PQ468965.fasta,154184,154.18,0.154
PQ468966,PQ468966.fasta,154196,154.2,0.154
PQ468968,PQ468968.fasta,153908,153.91,0.154
PQ468969,PQ468969.fasta,153809,153.81,0.154
PQ468970,PQ468970.fasta,153820,153.82,0.154
PQ468971,PQ468971.fasta,153912,153.91,0.154
PQ468972,PQ468972.fasta,153546,153.55,0.154
PQ468973,PQ468973.fasta,153535,153.53,0.154
PQ468974,PQ468974.fasta,153682,153.68,0.154
PQ468975,PQ468975.fasta,153692,153.69,0.154
PQ468976,PQ468976.fasta,153833,153.83,0.154
PQ468977,PQ468977.fasta,152928,152.93,0.153
PQ468978,PQ468978.fasta,153793,153.79,0.154
PQ468979,PQ468979.fasta,154256,154.26,0.154
PQ468980,PQ468980.fasta,154278,154.28,0.154
PQ468981,PQ468981.fasta,154012,154.01,0.154
PQ468982,PQ468982.fasta,154246,154.25,0.154
PQ468983,PQ468983.fasta,153791,153.79,0.154
PQ468984,PQ468984.fasta,154088,154.09,0.154
PQ468985,PQ468985.fasta,154011,154.01,0.154
PQ468986,PQ468986.fasta,153436,153.44,0.153
PQ468987,PQ468987.fasta,153987,153.99,0.154
PQ468988,PQ468988.fasta,153780,153.78,0.154
PQ468989,PQ468989.fasta,153644,153.64,0.154
PQ468990,PQ468990.fasta,153710,153.71,0.154
PQ468991,PQ468991.fasta,153898,153.9,0.154
PQ468992,PQ468992.fasta,153873,153.87,0.154
PQ468993,PQ468993.fasta,153916,153.92,0.154
PQ468994,PQ468994.fasta,153796,153.8,0.154
PQ468995,PQ468995.fasta,154276,154.28,0.154
PQ468996,PQ468996.fasta,153673,153.67,0.154
PQ469702,PQ469702.fasta,139335,139.34,0.139
PQ469703,PQ469703.fasta,139486,139.49,0.139
PQ469704,PQ469704.fasta,139512,139.51,0.14
PQ469705,PQ469705.1.fasta,201983,201.98,0.202
PQ469841,PQ469841.fasta,161378,161.38,0.161
PQ469842,PQ469842.fasta,152351,152.35,0.152
PQ469844,PQ469844.fasta,151697,151.7,0.152
PQ472910,PQ472910.fasta,139645,139.65,0.14
PQ472911,PQ472911.fasta,139617,139.62,0.14
PQ472912,PQ472912.fasta,139393,139.39,0.139
PQ472913,PQ472913.fasta,139774,139.77,0.14
PQ472914,PQ472914.fasta,139423,139.42,0.139
PQ472916,PQ472916.fasta,139480,139.48,0.139
PQ472917,PQ472917.fasta,139615,139.62,0.14
PQ472918,PQ472918.fasta,139602,139.6,0.14
PQ472919,PQ472919.fasta,139648,139.65,0.14
PQ472920,PQ472920.fasta,139488,139.49,0.139
PQ472921,PQ472921.fasta,135320,135.32,0.135
PQ472922,PQ472922.fasta,139701,139.7,0.14
PQ472923,PQ472923.fasta,139679,139.68,0.14
PQ472924,PQ472924.fasta,139708,139.71,0.14
PQ472925,PQ472925.fasta,139669,139.67,0.14
PQ472926,PQ472926.fasta,139709,139.71,0.14
PQ472927,PQ472927.fasta,139715,139.72,0.14
PQ472929,PQ472929.fasta,139067,139.07,0.139
PQ472930,PQ472930.fasta,139031,139.03,0.139
PQ472931,PQ472931.fasta,139061,139.06,0.139
PQ472932,PQ472932.fasta,139720,139.72,0.14
PQ472933,PQ472933.fasta,139093,139.09,0.139
PQ472934,PQ472934.fasta,139708,139.71,0.14
PQ472935,PQ472935.fasta,139072,139.07,0.139
PQ472936,PQ472936.fasta,139678,139.68,0.14
PQ472937,PQ472937.fasta,139709,139.71,0.14
PQ472938,PQ472938.fasta,139595,139.59,0.14
PQ472940,PQ472940.fasta,139627,139.63,0.14
PQ473692,PQ473692.fasta,156906,156.91,0.157
PQ474252,PQ474252.fasta,153855,153.85,0.154
PQ474254,PQ474254.fasta,152227,152.23,0.152
PQ474255,PQ474255.fasta,152842,152.84,0.153
PQ493646,PQ493646.fasta,159174,159.17,0.159
PQ493654,PQ493654.fasta,160294,160.29,0.16
PQ505027,PQ505027.fasta,148145,148.15,0.148
PQ505028,PQ505028.fasta,148183,148.18,0.148
PQ516712,PQ516712.fasta,151559,151.56,0.152
PQ516714,PQ516714.fasta,151607,151.61,0.152
PQ523294,PQ523294.fasta,164230,164.23,0.164
PQ523295,PQ523295.fasta,164065,164.06,0.164
PQ523385,PQ523385.fasta,153453,153.45,0.153
PQ524041,PQ524041.fasta,151486,151.49,0.151
PQ526705,PQ526705.fasta,155500,155.5,0.155
PQ526730,PQ526730.fasta,160357,160.36,0.16
PQ526731,PQ526731.fasta,160390,160.39,0.16
PQ526732,PQ526732.fasta,160669,160.67,0.161
PQ526734,PQ526734.fasta,160602,160.6,0.161
PQ526735,PQ526735.fasta,160340,160.34,0.16
PQ526736,PQ526736.fasta,160464,160.46,0.16
PQ528002,PQ528002.fasta,155467,155.47,0.155
PQ533854,PQ533854.fasta,149079,149.08,0.149
PQ533855,PQ533855.fasta,150358,150.36,0.15
PQ533856,PQ533856.fasta,150238,150.24,0.15
PQ533857,PQ533857.fasta,151806,151.81,0.152
PQ533858,PQ533858.fasta,145988,145.99,0.146
PQ533859,PQ533859.fasta,152321,152.32,0.152
PQ535232,PQ535232.fasta,157162,157.16,0.157
PQ535891,PQ535891.fasta,154385,154.38,0.154
PQ536122,PQ536122.fasta,154347,154.35,0.154
PQ536123,PQ536123.fasta,154653,154.65,0.155
PQ539039,PQ539039.fasta,167613,167.61,0.168
PQ539367,PQ539367.fasta,152206,152.21,0.152
PQ539368,PQ539368.fasta,151771,151.77,0.152
PQ539369,PQ539369.fasta,150685,150.69,0.151
PQ539370,PQ539370.fasta,150237,150.24,0.15
PQ539371,PQ539371.fasta,150862,150.86,0.151
PQ539372,PQ539372.fasta,151097,151.1,0.151
PQ539373,PQ539373.fasta,151118,151.12,0.151
PQ539374,PQ539374.fasta,151071,151.07,0.151
PQ539375,PQ539375.fasta,151144,151.14,0.151
PQ539376,PQ539376.fasta,151201,151.2,0.151
PQ539377,PQ539377.fasta,151524,151.52,0.152
PQ539378,PQ539378.fasta,150069,150.07,0.15
PQ539379,PQ539379.fasta,151679,151.68,0.152
PQ539948,PQ539948.fasta,156879,156.88,0.157
PQ539949,PQ539949.fasta,156847,156.85,0.157
PQ539950,PQ539950.fasta,156829,156.83,0.157
PQ539951,PQ539951.fasta,156931,156.93,0.157
PQ539952,PQ539952.fasta,157028,157.03,0.157
PQ539953,PQ539953.fasta,156707,156.71,0.157
PQ540593,PQ540593.fasta,151589,151.59,0.152
PQ541021,PQ541021.fasta,154520,154.52,0.155
PQ541237,PQ541237.fasta,170614,170.61,0.171
PQ550047,PQ550047.fasta,163538,163.54,0.164
PQ550128,PQ550128.fasta,151555,151.56,0.152
PQ550994,PQ550994.fasta,139336,139.34,0.139
PQ551007,PQ551007.fasta,157073,157.07,0.157
PQ551008,PQ551008.fasta,157245,157.25,0.157
PQ551010,PQ551010.fasta,156019,156.02,0.156
PQ551012,PQ551012.fasta,153801,153.8,0.154
PQ551014,PQ551014.fasta,164023,164.02,0.164
PQ551017,PQ551017.fasta,159932,159.93,0.16
PQ551018,PQ551018.fasta,157963,157.96,0.158
PQ551022,PQ551022.fasta,156303,156.3,0.156
PQ551023,PQ551023.fasta,156046,156.05,0.156
PQ551024,PQ551024.fasta,154472,154.47,0.154
PQ551025,PQ551025.fasta,155330,155.33,0.155
PQ551026,PQ551026.fasta,146817,146.82,0.147
PQ551027,PQ551027.fasta,155646,155.65,0.156
PQ551028,PQ551028.fasta,154688,154.69,0.155
PQ551029,PQ551029.fasta,155868,155.87,0.156
PQ551030,PQ551030.fasta,155672,155.67,0.156
PQ551033,PQ551033.fasta,153991,153.99,0.154
PQ551034,PQ551034.fasta,159945,159.94,0.16
PQ551036,PQ551036.fasta,165871,165.87,0.166
PQ551037,PQ551037.fasta,161035,161.03,0.161
PQ551038,PQ551038.fasta,161114,161.11,0.161
PQ551046,PQ551046.fasta,161485,161.49,0.161
PQ551048,PQ551048.fasta,163885,163.88,0.164
PQ551050,PQ551050.fasta,146033,146.03,0.146
PQ551053,PQ551053.fasta,172483,172.48,0.172
PQ551054,PQ551054.fasta,161616,161.62,0.162
PQ551055,PQ551055.fasta,158935,158.94,0.159
PQ551056,PQ551056.fasta,159707,159.71,0.16
PQ551058,PQ551058.fasta,157227,157.23,0.157
PQ551059,PQ551059.fasta,155527,155.53,0.156
PQ551060,PQ551060.fasta,155879,155.88,0.156
PQ551061,PQ551061.fasta,168236,168.24,0.168
PQ551063,PQ551063.fasta,156981,156.98,0.157
PQ551064,PQ551064.fasta,155630,155.63,0.156
PQ553215,PQ553215.fasta,163621,163.62,0.164
PQ553216,PQ553216.fasta,164006,164.01,0.164
PQ557619,PQ557619.fasta,155805,155.81,0.156
PQ559726,PQ559726.fasta,154386,154.39,0.154
PQ559727,PQ559727.fasta,154477,154.48,0.154
PQ559728,PQ559728.fasta,154388,154.39,0.154
PQ560536,PQ560536.fasta,153111,153.11,0.153
PQ563254,PQ563254.fasta,147493,147.49,0.147
PQ564432,PQ564432.fasta,152468,152.47,0.152
PQ568378,PQ568378.fasta,152999,153.0,0.153
PQ568881,PQ568881.fasta,163070,163.07,0.163
PQ568954,PQ568954.fasta,158979,158.98,0.159
PQ568955,PQ568955.fasta,157780,157.78,0.158
PQ571141,PQ571141.fasta,156635,156.63,0.157
PQ571142,PQ571142.fasta,155459,155.46,0.155
PQ571143,PQ571143.fasta,157937,157.94,0.158
PQ571144,PQ571144.fasta,156281,156.28,0.156
PQ571145,PQ571145.fasta,158724,158.72,0.159
PQ571146,PQ571146.fasta,158785,158.78,0.159
PQ571147,PQ571147.fasta,158123,158.12,0.158
PQ571148,PQ571148.fasta,158622,158.62,0.159
PQ571149,PQ571149.fasta,158275,158.28,0.158
PQ571150,PQ571150.fasta,150365,150.37,0.15
PQ571151,PQ571151.fasta,153831,153.83,0.154
PQ571152,PQ571152.fasta,154344,154.34,0.154
PQ571153,PQ571153.fasta,151687,151.69,0.152
PQ571154,PQ571154.fasta,152211,152.21,0.152
PQ571155,PQ571155.fasta,143062,143.06,0.143
PQ571156,PQ571156.fasta,145664,145.66,0.146
PQ571157,PQ571157.fasta,144232,144.23,0.144
PQ571158,PQ571158.fasta,158056,158.06,0.158
PQ571250,PQ571250.fasta,158204,158.2,0.158
PQ571326,PQ571326.fasta,147567,147.57,0.148
PQ571327,PQ571327.fasta,147547,147.55,0.148
PQ571329,PQ571329.fasta,147564,147.56,0.148
PQ572742,PQ572742.fasta,153011,153.01,0.153
PQ572754,PQ572754.fasta,169711,169.71,0.17
PQ573026,PQ573026.fasta,151464,151.46,0.151
PQ576418,PQ576418.fasta,174770,174.77,0.175
PQ576483,PQ576483.fasta,152442,152.44,0.152
PQ576484,PQ576484.fasta,149666,149.67,0.15
PQ576485,PQ576485.fasta,160010,160.01,0.16
PQ576487,PQ576487.fasta,159118,159.12,0.159
PQ576488,PQ576488.fasta,158417,158.42,0.158
PQ576490,PQ576490.fasta,150641,150.64,0.151
PQ576492,PQ576492.fasta,155949,155.95,0.156
PQ576493,PQ576493.fasta,146312,146.31,0.146
PQ576494,PQ576494.fasta,159614,159.61,0.16
PQ576496,PQ576496.fasta,159825,159.82,0.16
PQ576718,PQ576718.fasta,152747,152.75,0.153
PQ576719,PQ576719.fasta,150481,150.48,0.15
PQ576733,PQ576733.fasta,125696,125.7,0.126
PQ576946,PQ576946.fasta,139748,139.75,0.14
PQ576947,PQ576947.fasta,139724,139.72,0.14
PQ576948,PQ576948.fasta,139670,139.67,0.14
PQ576950,PQ576950.fasta,139759,139.76,0.14
PQ576951,PQ576951.fasta,139667,139.67,0.14
PQ576952,PQ576952.fasta,139667,139.67,0.14
PQ576953,PQ576953.fasta,139528,139.53,0.14
PQ580665,PQ580665.1.fasta,157001,157.0,0.157
PQ580703,PQ580703.fasta,150119,150.12,0.15
PQ580730,PQ580730.fasta,146814,146.81,0.147
PQ580731,PQ580731.fasta,146781,146.78,0.147
PQ580732,PQ580732.fasta,146478,146.48,0.146
PQ580733,PQ580733.fasta,147617,147.62,0.148
PQ580734,PQ580734.fasta,146286,146.29,0.146
PQ580735,PQ580735.fasta,146519,146.52,0.147
PQ584724,PQ584724.fasta,160518,160.52,0.161
PQ584746,PQ584746.fasta,156433,156.43,0.156
PQ584750,PQ584750.fasta,167964,167.96,0.168
PQ585758,PQ585758.fasta,145686,145.69,0.146
PQ585759,PQ585759.fasta,146674,146.67,0.147
PQ585762,PQ585762.fasta,146538,146.54,0.147
PQ585763,PQ585763.fasta,147576,147.58,0.148
PQ585765,PQ585765.fasta,146049,146.05,0.146
PQ585767,PQ585767.fasta,146063,146.06,0.146
PQ585768,PQ585768.fasta,147535,147.53,0.148
PQ585769,PQ585769.fasta,147556,147.56,0.148
PQ585772,PQ585772.fasta,146504,146.5,0.147
PQ585773,PQ585773.fasta,147335,147.34,0.147
PQ585775,PQ585775.fasta,147564,147.56,0.148
PQ585780,PQ585780.fasta,147288,147.29,0.147
PQ585782,PQ585782.fasta,147650,147.65,0.148
PQ585784,PQ585784.fasta,146060,146.06,0.146
PQ585786,PQ585786.fasta,147686,147.69,0.148
PQ585797,PQ585797.fasta,137546,137.55,0.138
PQ586133,PQ586133.fasta,159192,159.19,0.159
PQ586134,PQ586134.fasta,159215,159.22,0.159
PQ586176,PQ586176.fasta,159212,159.21,0.159
PQ586177,PQ586177.fasta,159210,159.21,0.159
PQ586435,PQ586435.fasta,152497,152.5,0.152
PQ586436,PQ586436.fasta,152533,152.53,0.153
PQ586437,PQ586437.fasta,152542,152.54,0.153
PQ586439,PQ586439.fasta,152541,152.54,0.153
PQ586441,PQ586441.fasta,152544,152.54,0.153
PQ586444,PQ586444.fasta,152550,152.55,0.153
PQ586445,PQ586445.fasta,152558,152.56,0.153
PQ586446,PQ586446.fasta,152522,152.52,0.153
PQ586980,PQ586980.fasta,156398,156.4,0.156
PQ586981,PQ586981.fasta,156970,156.97,0.157
PQ586982,PQ586982.fasta,156897,156.9,0.157
PQ586983,PQ586983.fasta,153672,153.67,0.154
PQ591706,PQ591706.fasta,156378,156.38,0.156
PQ591737,PQ591737.1.fasta,163399,163.4,0.163
PQ591738,PQ591738.1.fasta,162110,162.11,0.162
PQ591739,PQ591739.1.fasta,158643,158.64,0.159
PQ591740,PQ591740.1.fasta,164439,164.44,0.164
PQ591741,PQ591741.1.fasta,162126,162.13,0.162
PQ591742,PQ591742.1.fasta,160902,160.9,0.161
PQ591760,PQ591760.fasta,152730,152.73,0.153
PQ591845,PQ591845.fasta,152261,152.26,0.152
PQ593568,PQ593568.fasta,155445,155.44,0.155
PQ593891,PQ593891.fasta,157706,157.71,0.158
PQ594794,PQ594794.fasta,159247,159.25,0.159
PQ594802,PQ594802.fasta,159272,159.27,0.159
PQ594809,PQ594809.fasta,159135,159.13,0.159
PQ594813,PQ594813.fasta,159330,159.33,0.159
PQ594815,PQ594815.fasta,159332,159.33,0.159
PQ594816,PQ594816.fasta,159235,159.24,0.159
PQ594818,PQ594818.fasta,159519,159.52,0.16
PQ594819,PQ594819.fasta,159220,159.22,0.159
PQ595655,PQ595655.fasta,160586,160.59,0.161
PQ604654,PQ604654.fasta,152976,152.98,0.153
PQ605430,PQ605430.fasta,159192,159.19,0.159
PQ605431,PQ605431.fasta,158978,158.98,0.159
PQ611764,PQ611764.fasta,151084,151.08,0.151
PQ611765,PQ611765.fasta,156323,156.32,0.156
PQ611766,PQ611766.fasta,151115,151.12,0.151
PQ611768,PQ611768.fasta,154837,154.84,0.155
PQ611769,PQ611769.fasta,152040,152.04,0.152
PQ611770,PQ611770.fasta,151840,151.84,0.152
PQ612860,PQ612860.fasta,152628,152.63,0.153
PQ612861,PQ612861.fasta,152590,152.59,0.153
PQ612862,PQ612862.fasta,152088,152.09,0.152
PQ612863,PQ612863.fasta,152222,152.22,0.152
PQ612864,PQ612864.fasta,152184,152.18,0.152
PQ612865,PQ612865.fasta,152222,152.22,0.152
PQ612866,PQ612866.fasta,152390,152.39,0.152
PQ619425,PQ619425.fasta,168614,168.61,0.169
PQ625802,PQ625802.fasta,157611,157.61,0.158
PQ631126,PQ631126.fasta,152592,152.59,0.153
PQ631129,PQ631129.fasta,144713,144.71,0.145
PQ632084,PQ632084.fasta,136163,136.16,0.136
PQ632085,PQ632085.fasta,136911,136.91,0.137
PQ632088,PQ632088.fasta,135675,135.68,0.136
PQ632090,PQ632090.fasta,135899,135.9,0.136
PQ632091,PQ632091.fasta,135897,135.9,0.136
PQ632093,PQ632093.fasta,135898,135.9,0.136
PQ632094,PQ632094.fasta,135899,135.9,0.136
PQ632122,PQ632122.fasta,141071,141.07,0.141
PQ632123,PQ632123.fasta,140936,140.94,0.141
PQ632124,PQ632124.fasta,140925,140.93,0.141
PQ632541,PQ632541.fasta,152143,152.14,0.152
PQ632542,PQ632542.fasta,151996,152.0,0.152
PQ634275,PQ634275.fasta,155264,155.26,0.155
PQ634728,PQ634728.fasta,151965,151.97,0.152
PQ636466,PQ636466.fasta,148318,148.32,0.148
PQ636498,PQ636498.fasta,159637,159.64,0.16
PQ636880,PQ636880.fasta,153547,153.55,0.154
PQ636881,PQ636881.fasta,153294,153.29,0.153
PQ636882,PQ636882.fasta,139067,139.07,0.139
PQ638732,PQ638732.fasta,151641,151.64,0.152
PQ638941,PQ638941.fasta,151525,151.53,0.152
PQ638943,PQ638943.fasta,151110,151.11,0.151
PQ638954,PQ638954.fasta,168150,168.15,0.168
PQ639274,PQ639274.fasta,153360,153.36,0.153
PQ639279,PQ639279.fasta,152654,152.65,0.153
PQ639294,PQ639294.fasta,151167,151.17,0.151
PQ639295,PQ639295.fasta,151422,151.42,0.151
PQ639296,PQ639296.fasta,155021,155.02,0.155
PQ639297,PQ639297.fasta,151151,151.15,0.151
PQ639298,PQ639298.fasta,151346,151.35,0.151
PQ639299,PQ639299.fasta,151170,151.17,0.151
PQ639300,PQ639300.fasta,151622,151.62,0.152
PQ639301,PQ639301.fasta,151394,151.39,0.151
PQ639302,PQ639302.fasta,151483,151.48,0.151
PQ639303,PQ639303.fasta,151095,151.09,0.151
PQ639304,PQ639304.fasta,151156,151.16,0.151
PQ643224,PQ643224.fasta,152345,152.34,0.152
PQ645259,PQ645259.fasta,160992,160.99,0.161
PQ645260,PQ645260.fasta,157871,157.87,0.158
PQ647014,PQ647014.fasta,152248,152.25,0.152
PQ647015,PQ647015.fasta,152112,152.11,0.152
PQ647016,PQ647016.fasta,151655,151.66,0.152
PQ647017,PQ647017.fasta,150810,150.81,0.151
PQ647018,PQ647018.fasta,152306,152.31,0.152
PQ647019,PQ647019.fasta,152004,152.0,0.152
PQ649850,PQ649850.fasta,151996,152.0,0.152
PQ651946,PQ651946.fasta,174361,174.36,0.174
PQ652174,PQ652174.fasta,152130,152.13,0.152
PQ652319,PQ652319.fasta,149015,149.01,0.149
PQ652320,PQ652320.fasta,148975,148.97,0.149
PQ652344,PQ652344.fasta,151734,151.73,0.152
PQ653532,PQ653532.fasta,152976,152.98,0.153
PQ653534,PQ653534.fasta,152946,152.95,0.153
PQ658189,PQ658189.fasta,156640,156.64,0.157
PQ658191,PQ658191.fasta,157067,157.07,0.157
PQ663261,PQ663261.fasta,152827,152.83,0.153
PQ663624,PQ663624.fasta,163518,163.52,0.164
PQ663625,PQ663625.fasta,161495,161.5,0.161
PQ663722,PQ663722.fasta,152588,152.59,0.153
PQ675781,PQ675781.fasta,169473,169.47,0.169
PQ675782,PQ675782.fasta,169371,169.37,0.169
PQ675783,PQ675783.fasta,169020,169.02,0.169
PQ675795,PQ675795.fasta,159136,159.14,0.159
PQ675796,PQ675796.fasta,155970,155.97,0.156
PQ675797,PQ675797.fasta,159513,159.51,0.16
PQ675798,PQ675798.fasta,159639,159.64,0.16
PQ675799,PQ675799.fasta,159635,159.63,0.16
PQ676994,PQ676994.fasta,155888,155.89,0.156
PQ677098,PQ677098.fasta,155066,155.07,0.155
PQ679323,PQ679323.fasta,152414,152.41,0.152
PQ679356,PQ679356.fasta,159053,159.05,0.159
PQ685807,PQ685807.fasta,160494,160.49,0.16
PQ720777,PQ720777.fasta,138144,138.14,0.138
PQ722560,PQ722560.fasta,155035,155.03,0.155
PQ722561,PQ722561.fasta,150292,150.29,0.15
PQ723554,PQ723554.fasta,135898,135.9,0.136
PQ723555,PQ723555.fasta,135891,135.89,0.136
PQ723622,PQ723622.fasta,159575,159.57,0.16
PQ723623,PQ723623.fasta,158056,158.06,0.158
PQ723626,PQ723626.fasta,160096,160.1,0.16
PQ723627,PQ723627.fasta,159244,159.24,0.159
PQ723628,PQ723628.fasta,157476,157.48,0.157
PQ726385,PQ726385.fasta,159301,159.3,0.159
PQ726417,PQ726417.fasta,155504,155.5,0.156
PQ728875,PQ728875.fasta,158415,158.41,0.158
PQ728876,PQ728876.fasta,158381,158.38,0.158
PQ728877,PQ728877.fasta,157566,157.57,0.158
PQ728879,PQ728879.fasta,157735,157.74,0.158
PQ728880,PQ728880.fasta,157449,157.45,0.157
PQ728881,PQ728881.fasta,157957,157.96,0.158
PQ728882,PQ728882.fasta,158639,158.64,0.159
PQ728883,PQ728883.fasta,158510,158.51,0.159
PQ728884,PQ728884.fasta,157705,157.71,0.158
PQ728886,PQ728886.fasta,157614,157.61,0.158
PQ728887,PQ728887.fasta,157781,157.78,0.158
PQ728888,PQ728888.fasta,158297,158.3,0.158
PQ728889,PQ728889.fasta,159218,159.22,0.159
PQ728890,PQ728890.fasta,158198,158.2,0.158
PQ728891,PQ728891.fasta,158075,158.07,0.158
PQ728892,PQ728892.fasta,157557,157.56,0.158
PQ728893,PQ728893.fasta,159027,159.03,0.159
PQ728894,PQ728894.fasta,158015,158.01,0.158
PQ728895,PQ728895.fasta,158082,158.08,0.158
PQ728896,PQ728896.fasta,158902,158.9,0.159
PQ736584,PQ736584.fasta,122570,122.57,0.123
PQ740019,PQ740019.fasta,152104,152.1,0.152
PQ740947,PQ740947.fasta,154775,154.78,0.155
PQ742995,PQ742995.fasta,159747,159.75,0.16
PQ742996,PQ742996.fasta,159822,159.82,0.16
PQ759906,PQ759906.fasta,149087,149.09,0.149
PQ760267,PQ760267.fasta,153309,153.31,0.153
PQ762215,PQ762215.fasta,153119,153.12,0.153
PQ763538,PQ763538.fasta,157380,157.38,0.157
PQ766598,PQ766598.fasta,153353,153.35,0.153
PQ766620,PQ766620.fasta,170741,170.74,0.171
PQ768873,PQ768873.fasta,159632,159.63,0.16
PQ768875,PQ768875.fasta,159133,159.13,0.159
PQ772791,PQ772791.fasta,168219,168.22,0.168
PQ773890,PQ773890.fasta,152115,152.12,0.152
PQ774309,PQ774309.fasta,155181,155.18,0.155
PQ776919,PQ776919.fasta,155108,155.11,0.155
PQ777069,PQ777069.fasta,159152,159.15,0.159
PQ777070,PQ777070.fasta,159569,159.57,0.16
PQ777072,PQ777072.fasta,159773,159.77,0.16
PQ777076,PQ777076.fasta,159801,159.8,0.16
PQ777077,PQ777077.fasta,159723,159.72,0.16
PQ777078,PQ777078.fasta,159467,159.47,0.159
PQ777079,PQ777079.fasta,159841,159.84,0.16
PQ777083,PQ777083.fasta,159694,159.69,0.16
PQ777086,PQ777086.fasta,159793,159.79,0.16
PQ777087,PQ777087.fasta,159795,159.79,0.16
PQ777088,PQ777088.fasta,159825,159.82,0.16
PQ777089,PQ777089.fasta,159825,159.82,0.16
PQ777090,PQ777090.fasta,159679,159.68,0.16
PQ777091,PQ777091.fasta,159660,159.66,0.16
PQ777150,PQ777150.1.fasta,94778,94.78,0.095
PQ777151,PQ777151.1.fasta,89239,89.24,0.089
PQ783041,PQ783041.fasta,151357,151.36,0.151
PQ783626,PQ783626.fasta,153167,153.17,0.153
PQ784118,PQ784118.fasta,153931,153.93,0.154
PQ788851,PQ788851.fasta,151305,151.31,0.151
PQ788856,PQ788856.fasta,150960,150.96,0.151
PQ789229,PQ789229.fasta,151018,151.02,0.151
PQ790014,PQ790014.fasta,160299,160.3,0.16
PQ790046,PQ790046.fasta,164306,164.31,0.164
PQ790067,PQ790067.fasta,158474,158.47,0.158
PQ790176,PQ790176.fasta,127115,127.11,0.127
PQ801841,PQ801841.fasta,132335,132.34,0.132
PQ821705,PQ821705.fasta,159687,159.69,0.16
PQ821839,PQ821839.1.fasta,124918,124.92,0.125
PQ821862,PQ821862.1.fasta,103161,103.16,0.103
PQ824055,PQ824055.fasta,133617,133.62,0.134
PQ824056,PQ824056.fasta,133326,133.33,0.133
PQ824058,PQ824058.fasta,133610,133.61,0.134
PQ824630,PQ824630.fasta,154936,154.94,0.155
PQ824871,PQ824871.fasta,152871,152.87,0.153
PQ824937,PQ824937.fasta,130529,130.53,0.131
PQ824997,PQ824997.fasta,155936,155.94,0.156
PQ826491,PQ826491.fasta,160864,160.86,0.161
PQ826992,PQ826992.fasta,155570,155.57,0.156
PQ826993,PQ826993.fasta,155416,155.42,0.155
PQ826994,PQ826994.fasta,156100,156.1,0.156
PQ826995,PQ826995.fasta,155397,155.4,0.155
PQ826996,PQ826996.fasta,155351,155.35,0.155
PQ834328,PQ834328.fasta,159665,159.66,0.16
PQ834329,PQ834329.fasta,159716,159.72,0.16
PQ834331,PQ834331.fasta,159317,159.32,0.159
PQ834332,PQ834332.fasta,159570,159.57,0.16
PQ834333,PQ834333.fasta,159670,159.67,0.16
PQ834334,PQ834334.fasta,159737,159.74,0.16
PQ834335,PQ834335.fasta,159752,159.75,0.16
PQ834336,PQ834336.fasta,159495,159.5,0.159
PQ834337,PQ834337.fasta,159900,159.9,0.16
PQ834338,PQ834338.fasta,159480,159.48,0.159
PQ834339,PQ834339.fasta,159709,159.71,0.16
PQ834340,PQ834340.fasta,159720,159.72,0.16
PQ834341,PQ834341.fasta,159711,159.71,0.16
PQ834343,PQ834343.fasta,159570,159.57,0.16
PQ834344,PQ834344.fasta,159742,159.74,0.16
PQ834811,PQ834811.fasta,157191,157.19,0.157
PQ834813,PQ834813.fasta,169213,169.21,0.169
PQ834833,PQ834833.fasta,163887,163.89,0.164
PQ834960,PQ834960.fasta,154579,154.58,0.155
PQ835002,PQ835002.fasta,155661,155.66,0.156
PQ835010,PQ835010.fasta,155713,155.71,0.156
PQ835014,PQ835014.fasta,154890,154.89,0.155
PQ835017,PQ835017.fasta,155638,155.64,0.156
PQ835019,PQ835019.fasta,155662,155.66,0.156
PQ835022,PQ835022.fasta,154892,154.89,0.155
PQ835028,PQ835028.fasta,155614,155.61,0.156
PQ835030,PQ835030.fasta,155620,155.62,0.156
PQ835411,PQ835411.fasta,160390,160.39,0.16
PQ835412,PQ835412.fasta,160387,160.39,0.16
PQ835413,PQ835413.fasta,172781,172.78,0.173
PQ835415,PQ835415.fasta,166843,166.84,0.167
PQ835418,PQ835418.fasta,166936,166.94,0.167
PQ835423,PQ835423.fasta,172065,172.06,0.172
PQ835425,PQ835425.fasta,171807,171.81,0.172
PQ835429,PQ835429.fasta,169474,169.47,0.169
PQ835439,PQ835439.fasta,166815,166.81,0.167
PQ835442,PQ835442.fasta,166694,166.69,0.167
PQ835443,PQ835443.fasta,162492,162.49,0.162
PQ835452,PQ835452.fasta,167870,167.87,0.168
PQ838414,PQ838414.fasta,163327,163.33,0.163
PQ838415,PQ838415.fasta,164767,164.77,0.165
PQ838449,PQ838449.fasta,154286,154.29,0.154
PQ841432,PQ841432.fasta,161601,161.6,0.162
PQ842550,PQ842550.fasta,155688,155.69,0.156
PQ842552,PQ842552.fasta,155695,155.69,0.156
PQ842554,PQ842554.fasta,155689,155.69,0.156
PQ845753,PQ845753.fasta,154258,154.26,0.154
PQ846075,PQ846075.fasta,153483,153.48,0.153
PQ846489,PQ846489.fasta,147958,147.96,0.148
PQ846559,PQ846559.fasta,157100,157.1,0.157
PQ849573,PQ849573.fasta,157172,157.17,0.157
PQ850001,PQ850001.fasta,151052,151.05,0.151
PQ850004,PQ850004.fasta,151042,151.04,0.151
PQ850006,PQ850006.fasta,151031,151.03,0.151
PQ850009,PQ850009.fasta,151009,151.01,0.151
PQ850011,PQ850011.fasta,151045,151.04,0.151
PQ850012,PQ850012.fasta,151032,151.03,0.151
PQ850015,PQ850015.fasta,150988,150.99,0.151
PQ850016,PQ850016.fasta,151105,151.1,0.151
PQ850018,PQ850018.fasta,151125,151.12,0.151
PQ850019,PQ850019.fasta,151061,151.06,0.151
PQ851672,PQ851672.fasta,147853,147.85,0.148
PQ851683,PQ851683.fasta,160677,160.68,0.161
PQ851684,PQ851684.fasta,163979,163.98,0.164
PQ851685,PQ851685.fasta,166362,166.36,0.166
PQ851716,PQ851716.fasta,156225,156.22,0.156
PQ858234,PQ858234.fasta,164037,164.04,0.164
PQ858235,PQ858235.fasta,153731,153.73,0.154
PQ858236,PQ858236.fasta,161218,161.22,0.161
PQ858238,PQ858238.fasta,153962,153.96,0.154
PQ858239,PQ858239.fasta,160174,160.17,0.16
PQ858248,PQ858248.fasta,171190,171.19,0.171
PQ859556,PQ859556.fasta,159967,159.97,0.16
PQ859558,PQ859558.fasta,160070,160.07,0.16
PQ869153,PQ869153.fasta,158250,158.25,0.158
PQ869154,PQ869154.fasta,157009,157.01,0.157
PQ869155,PQ869155.fasta,158238,158.24,0.158
PQ869157,PQ869157.fasta,155926,155.93,0.156
PQ869158,PQ869158.fasta,161255,161.25,0.161
PQ869159,PQ869159.fasta,156020,156.02,0.156
PQ873013,PQ873013.fasta,156189,156.19,0.156
PQ874706,PQ874706.fasta,159670,159.67,0.16
PQ874707,PQ874707.fasta,159665,159.66,0.16
PQ874708,PQ874708.fasta,159505,159.5,0.16
PQ874709,PQ874709.fasta,159594,159.59,0.16
PQ874710,PQ874710.fasta,159577,159.58,0.16
PQ874711,PQ874711.fasta,159643,159.64,0.16
PQ874712,PQ874712.fasta,159557,159.56,0.16
PQ874713,PQ874713.fasta,159717,159.72,0.16
PQ874714,PQ874714.fasta,159599,159.6,0.16
PQ874715,PQ874715.fasta,159816,159.82,0.16
PQ874716,PQ874716.fasta,159649,159.65,0.16
PQ874718,PQ874718.fasta,159697,159.7,0.16
PQ874719,PQ874719.fasta,159535,159.53,0.16
PQ874720,PQ874720.fasta,159616,159.62,0.16
PQ874722,PQ874722.fasta,159321,159.32,0.159
PQ874723,PQ874723.fasta,159613,159.61,0.16
PQ874724,PQ874724.fasta,159777,159.78,0.16
PQ874725,PQ874725.fasta,159758,159.76,0.16
PQ874726,PQ874726.fasta,159483,159.48,0.159
PQ874727,PQ874727.fasta,159699,159.7,0.16
PQ874728,PQ874728.fasta,159509,159.51,0.16
PQ874729,PQ874729.fasta,159714,159.71,0.16
PQ874731,PQ874731.fasta,159746,159.75,0.16
PQ874732,PQ874732.fasta,159581,159.58,0.16
PQ874733,PQ874733.fasta,159546,159.55,0.16
PQ874734,PQ874734.fasta,159846,159.85,0.16
PQ874735,PQ874735.fasta,159719,159.72,0.16
PQ874736,PQ874736.fasta,159641,159.64,0.16
PQ874737,PQ874737.fasta,159601,159.6,0.16
PQ874738,PQ874738.fasta,159623,159.62,0.16
PQ874739,PQ874739.fasta,159733,159.73,0.16
PQ874740,PQ874740.fasta,159639,159.64,0.16
PQ874741,PQ874741.fasta,159536,159.54,0.16
PQ874742,PQ874742.fasta,159568,159.57,0.16
PQ874743,PQ874743.fasta,159520,159.52,0.16
PQ874744,PQ874744.fasta,159639,159.64,0.16
PQ874745,PQ874745.fasta,159744,159.74,0.16
PQ874746,PQ874746.fasta,159295,159.29,0.159
PQ874747,PQ874747.fasta,159660,159.66,0.16
PQ874748,PQ874748.fasta,159553,159.55,0.16
PQ874749,PQ874749.fasta,159636,159.64,0.16
PQ874751,PQ874751.fasta,159814,159.81,0.16
PQ874753,PQ874753.fasta,159624,159.62,0.16
PQ874754,PQ874754.fasta,159664,159.66,0.16
PQ874755,PQ874755.fasta,159657,159.66,0.16
PQ874756,PQ874756.fasta,159553,159.55,0.16
PQ874757,PQ874757.fasta,159735,159.74,0.16
PQ874758,PQ874758.fasta,159633,159.63,0.16
PQ874760,PQ874760.fasta,159623,159.62,0.16
PQ874761,PQ874761.fasta,159740,159.74,0.16
PQ874762,PQ874762.fasta,159609,159.61,0.16
PQ874763,PQ874763.fasta,159294,159.29,0.159
PQ874764,PQ874764.fasta,159608,159.61,0.16
PQ874765,PQ874765.fasta,159783,159.78,0.16
PQ874766,PQ874766.fasta,159682,159.68,0.16
PQ874767,PQ874767.fasta,159646,159.65,0.16
PQ874768,PQ874768.fasta,159301,159.3,0.159
PQ874769,PQ874769.fasta,159699,159.7,0.16
PQ874770,PQ874770.fasta,159543,159.54,0.16
PQ877658,PQ877658.fasta,152156,152.16,0.152
PQ877659,PQ877659.fasta,152273,152.27,0.152
PQ877660,PQ877660.fasta,152221,152.22,0.152
PQ877661,PQ877661.fasta,151840,151.84,0.152
PQ877662,PQ877662.fasta,151598,151.6,0.152
PQ877663,PQ877663.fasta,151589,151.59,0.152
PQ877664,PQ877664.fasta,151939,151.94,0.152
PQ877665,PQ877665.fasta,151789,151.79,0.152
PQ877686,PQ877686.fasta,150068,150.07,0.15
PQ878552,PQ878552.fasta,155020,155.02,0.155
PQ878626,PQ878626.fasta,152709,152.71,0.153
PQ891887,PQ891887.fasta,159068,159.07,0.159
PQ891888,PQ891888.fasta,160128,160.13,0.16
PQ891889,PQ891889.fasta,160283,160.28,0.16
PQ898998,PQ898998.fasta,154749,154.75,0.155
PQ899000,PQ899000.fasta,160430,160.43,0.16
PQ899002,PQ899002.fasta,160261,160.26,0.16
PQ899004,PQ899004.fasta,160517,160.52,0.161
PQ899220,PQ899220.fasta,158263,158.26,0.158
PQ899492,PQ899492.fasta,158400,158.4,0.158
PQ899493,PQ899493.fasta,158621,158.62,0.159
PQ899494,PQ899494.fasta,158275,158.28,0.158
PQ899495,PQ899495.fasta,158411,158.41,0.158
PQ899496,PQ899496.fasta,158536,158.54,0.159
PQ899497,PQ899497.fasta,158423,158.42,0.158
PQ899558,PQ899558.fasta,160280,160.28,0.16
PQ899559,PQ899559.fasta,159466,159.47,0.159
PQ899560,PQ899560.fasta,159466,159.47,0.159
PQ899562,PQ899562.fasta,160366,160.37,0.16
PQ899564,PQ899564.fasta,159794,159.79,0.16
PQ932579,PQ932579.fasta,151565,151.56,0.152
PQ963003,PQ963003.fasta,150896,150.9,0.151
PQ963024,PQ963024.fasta,159189,159.19,0.159
PQ963207,PQ963207.fasta,162150,162.15,0.162
PQ963377,PQ963377.fasta,149031,149.03,0.149
PQ963857,PQ963857.fasta,139075,139.07,0.139
PQ997912,PQ997912.fasta,148200,148.2,0.148
PV005926,PV005926.fasta,139418,139.42,0.139
PV008705,PV008705.fasta,155785,155.78,0.156
PV008706,PV008706.fasta,161352,161.35,0.161
PV008707,PV008707.fasta,159709,159.71,0.16
PV008708,PV008708.fasta,147515,147.51,0.148
PV008709,PV008709.fasta,162897,162.9,0.163
PV008710,PV008710.fasta,153565,153.56,0.154
PV008711,PV008711.fasta,157296,157.3,0.157
PV008712,PV008712.fasta,158919,158.92,0.159
PV008713,PV008713.fasta,161732,161.73,0.162
PV010369,PV010369.fasta,158743,158.74,0.159
PV010370,PV010370.fasta,160712,160.71,0.161
PV011954,PV011954.fasta,155421,155.42,0.155
PV017257,PV017257.fasta,152084,152.08,0.152
PV021566,PV021566.fasta,158755,158.75,0.159
PV021571,PV021571.fasta,139964,139.96,0.14
PV021911,PV021911.fasta,155189,155.19,0.155
PV026015,PV026015.fasta,163889,163.89,0.164
PV026016,PV026016.fasta,164000,164.0,0.164
PV026018,PV026018.fasta,153985,153.99,0.154
PV026028,PV026028.fasta,152931,152.93,0.153
PV026107,PV026107.fasta,156610,156.61,0.157
PV026310,PV026310.fasta,152442,152.44,0.152
PV026539,PV026539.fasta,151680,151.68,0.152
PV026543,PV026543.fasta,150452,150.45,0.15
PV026546,PV026546.fasta,150153,150.15,0.15
PV026548,PV026548.fasta,152292,152.29,0.152
PV032006,PV032006.fasta,149040,149.04,0.149
PV040725,PV040725.fasta,151757,151.76,0.152
PV040735,PV040735.1.fasta,151313,151.31,0.151
PV054326,PV054326.fasta,135037,135.04,0.135
PV054327,PV054327.fasta,135010,135.01,0.135
PV055053,PV055053.fasta,155635,155.63,0.156
PV055054,PV055054.fasta,155987,155.99,0.156
PV055055,PV055055.fasta,155329,155.33,0.155
PV055058,PV055058.fasta,155211,155.21,0.155
PV055059,PV055059.fasta,154613,154.61,0.155
PV055060,PV055060.fasta,154578,154.58,0.155
PV055061,PV055061.fasta,155520,155.52,0.156
PV055065,PV055065.fasta,155931,155.93,0.156
PV055066,PV055066.fasta,155965,155.97,0.156
PV055067,PV055067.fasta,155335,155.34,0.155
PV055143,PV055143.1.fasta,195850,195.85,0.196
PV067999,PV067999.fasta,168126,168.13,0.168
PV068279,PV068279.fasta,169523,169.52,0.17
PV069734,PV069734.fasta,154218,154.22,0.154
PV069736,PV069736.fasta,149722,149.72,0.15
PV069737,PV069737.fasta,149713,149.71,0.15
PV069741,PV069741.fasta,161930,161.93,0.162
PV077810,PV077810.fasta,155184,155.18,0.155
PV078023,PV078023.fasta,155594,155.59,0.156
PV078024,PV078024.fasta,155599,155.6,0.156
PV078025,PV078025.fasta,154290,154.29,0.154
PV083600,PV083600.fasta,158100,158.1,0.158
PV083601,PV083601.fasta,158441,158.44,0.158
PV083602,PV083602.fasta,158022,158.02,0.158
PV083603,PV083603.fasta,157923,157.92,0.158
PV083604,PV083604.fasta,157950,157.95,0.158
PV083605,PV083605.fasta,158030,158.03,0.158
PV083606,PV083606.fasta,158176,158.18,0.158
PV083607,PV083607.fasta,158227,158.23,0.158
PV083608,PV083608.fasta,158452,158.45,0.158
PV083609,PV083609.fasta,158120,158.12,0.158
PV083610,PV083610.fasta,158408,158.41,0.158
PV083611,PV083611.fasta,158641,158.64,0.159
PV083612,PV083612.fasta,158458,158.46,0.158
PV083613,PV083613.fasta,158424,158.42,0.158
PV083614,PV083614.fasta,158332,158.33,0.158
PV083615,PV083615.fasta,158361,158.36,0.158
PV083616,PV083616.fasta,158530,158.53,0.159
PV083617,PV083617.fasta,158304,158.3,0.158
PV083618,PV083618.fasta,158426,158.43,0.158
PV083619,PV083619.fasta,157793,157.79,0.158
PV083620,PV083620.fasta,158396,158.4,0.158
PV083621,PV083621.fasta,158589,158.59,0.159
PV083622,PV083622.fasta,158416,158.42,0.158
PV084569,PV084569.fasta,159365,159.37,0.159
PV085078,PV085078.fasta,139701,139.7,0.14
PV087144,PV087144.fasta,155011,155.01,0.155
PV087148,PV087148.fasta,156141,156.14,0.156
PV087149,PV087149.fasta,155291,155.29,0.155
PV087150,PV087150.fasta,157001,157.0,0.157
PV087151,PV087151.fasta,155835,155.84,0.156
PV087152,PV087152.fasta,155943,155.94,0.156
PV087154,PV087154.fasta,157115,157.12,0.157
PV087155,PV087155.fasta,156799,156.8,0.157
PV087156,PV087156.fasta,156842,156.84,0.157
PV087157,PV087157.fasta,156882,156.88,0.157
PV087158,PV087158.fasta,156836,156.84,0.157
PV087159,PV087159.fasta,156979,156.98,0.157
PV087161,PV087161.fasta,155273,155.27,0.155
PV087166,PV087166.fasta,155698,155.7,0.156
PV087168,PV087168.fasta,154089,154.09,0.154
PV087169,PV087169.fasta,153882,153.88,0.154
PV087170,PV087170.fasta,154810,154.81,0.155
PV087171,PV087171.fasta,156868,156.87,0.157
PV087172,PV087172.fasta,156581,156.58,0.157
PV087174,PV087174.fasta,157048,157.05,0.157
PV087175,PV087175.fasta,156385,156.38,0.156
PV089644,PV089644.fasta,152441,152.44,0.152
PV089728,PV089728.fasta,159726,159.73,0.16
PV091121,PV091121.fasta,141125,141.12,0.141
PV091122,PV091122.fasta,141133,141.13,0.141
PV094900,PV094900.fasta,153254,153.25,0.153
PV096988,PV096988.fasta,158040,158.04,0.158
PV097193,PV097193.fasta,153238,153.24,0.153
PV097784,PV097784.fasta,157714,157.71,0.158
PV110183,PV110183.fasta,156539,156.54,0.157
PV110184,PV110184.fasta,156773,156.77,0.157
PV112452,PV112452.1.fasta,129227,129.23,0.129
PV116304,PV116304.fasta,151728,151.73,0.152
PV116305,PV116305.fasta,151610,151.61,0.152
PV116306,PV116306.fasta,151693,151.69,0.152
PV130124,PV130124.fasta,160232,160.23,0.16
PV130125,PV130125.fasta,160318,160.32,0.16
PV130126,PV130126.fasta,160209,160.21,0.16
PV130127,PV130127.fasta,160236,160.24,0.16
PV132456,PV132456.fasta,160774,160.77,0.161
PV132460,PV132460.fasta,160814,160.81,0.161
PV132470,PV132470.fasta,160905,160.91,0.161
PV132481,PV132481.fasta,160821,160.82,0.161
PV137603,PV137603.fasta,153206,153.21,0.153
PV137968,PV137968.1.fasta,157784,157.78,0.158
PV138132,PV138132.fasta,151122,151.12,0.151
PV138184,PV138184.fasta,152464,152.46,0.152
PV138186,PV138186.fasta,151725,151.72,0.152
PV138187,PV138187.fasta,151750,151.75,0.152
PV138220,PV138220.fasta,158090,158.09,0.158
PV138221,PV138221.fasta,157886,157.89,0.158
PV138222,PV138222.fasta,158061,158.06,0.158
PV153498,PV153498.fasta,161849,161.85,0.162
PV153503,PV153503.fasta,157957,157.96,0.158
PV156652,PV156652.fasta,125752,125.75,0.126
PV156653,PV156653.fasta,125549,125.55,0.126
PV158116,PV158116.fasta,127891,127.89,0.128
PV158117,PV158117.fasta,127888,127.89,0.128
PV158118,PV158118.fasta,127874,127.87,0.128
PV158119,PV158119.fasta,127796,127.8,0.128
PV158120,PV158120.fasta,127796,127.8,0.128
PV158121,PV158121.fasta,127867,127.87,0.128
PV164577,PV164577.fasta,157283,157.28,0.157
PV170628,PV170628.fasta,142541,142.54,0.143
PV174432,PV174432.fasta,157809,157.81,0.158
PV176888,PV176888.fasta,158757,158.76,0.159
PV177150,PV177150.fasta,149595,149.59,0.15
PV177151,PV177151.fasta,149302,149.3,0.149
PV177152,PV177152.fasta,149262,149.26,0.149
PV177935,PV177935.fasta,154908,154.91,0.155
PV177937,PV177937.fasta,155087,155.09,0.155
PV177938,PV177938.fasta,155040,155.04,0.155
PV185782,PV185782.fasta,135897,135.9,0.136
PV185783,PV185783.fasta,135898,135.9,0.136
PV190327,PV190327.fasta,163957,163.96,0.164
PV191269,PV191269.fasta,161259,161.26,0.161
PV191314,PV191314.fasta,157070,157.07,0.157
PV192894,PV192894.fasta,157298,157.3,0.157
PV192895,PV192895.fasta,157274,157.27,0.157
PV192896,PV192896.fasta,157069,157.07,0.157
PV192897,PV192897.fasta,157326,157.33,0.157
PV192898,PV192898.fasta,157280,157.28,0.157
PV192902,PV192902.fasta,157304,157.3,0.157
PV192904,PV192904.fasta,157154,157.15,0.157
PV192906,PV192906.fasta,156944,156.94,0.157
PV192907,PV192907.fasta,157070,157.07,0.157
PV192909,PV192909.fasta,156720,156.72,0.157
PV192910,PV192910.fasta,158590,158.59,0.159
PV192911,PV192911.fasta,159093,159.09,0.159
PV192912,PV192912.fasta,159159,159.16,0.159
PV192913,PV192913.fasta,159114,159.11,0.159
PV192914,PV192914.fasta,158997,159.0,0.159
PV192915,PV192915.fasta,158995,159.0,0.159
PV192916,PV192916.fasta,157341,157.34,0.157
PV192917,PV192917.fasta,159091,159.09,0.159
PV192918,PV192918.fasta,158542,158.54,0.159
PV192920,PV192920.fasta,159079,159.08,0.159
PV192921,PV192921.fasta,156828,156.83,0.157
PV192922,PV192922.fasta,150329,150.33,0.15
PV192923,PV192923.fasta,155369,155.37,0.155
PV192925,PV192925.fasta,150763,150.76,0.151
PV192927,PV192927.fasta,150719,150.72,0.151
PV199345,PV199345.fasta,154579,154.58,0.155
PV199346,PV199346.fasta,154578,154.58,0.155
PV200167,PV200167.fasta,179999,180.0,0.18
PV200169,PV200169.fasta,150549,150.55,0.151
PV200213,PV200213.fasta,170323,170.32,0.17
PV200281,PV200281.fasta,156632,156.63,0.157
PV207326,PV207326.fasta,160322,160.32,0.16
PV207539,PV207539.fasta,158938,158.94,0.159
PV208095,PV208095.fasta,157828,157.83,0.158
PV208506,PV208506.fasta,151414,151.41,0.151
PV208507,PV208507.fasta,151261,151.26,0.151
PV208531,PV208531.fasta,155140,155.14,0.155
PV216845,PV216845.fasta,157061,157.06,0.157
PV217815,PV217815.fasta,152779,152.78,0.153
PV217816,PV217816.fasta,152851,152.85,0.153
PV217817,PV217817.fasta,152708,152.71,0.153
PV219191,PV219191.fasta,156104,156.1,0.156
PV219390,PV219390.fasta,155548,155.55,0.156
PV219391,PV219391.fasta,154893,154.89,0.155
PV219392,PV219392.fasta,155209,155.21,0.155
PV219393,PV219393.fasta,154996,155.0,0.155
PV219394,PV219394.fasta,155449,155.45,0.155
PV219395,PV219395.fasta,155242,155.24,0.155
PV221539,PV221539.fasta,153692,153.69,0.154
PV221540,PV221540.fasta,153409,153.41,0.153
PV221541,PV221541.fasta,153768,153.77,0.154
PV221542,PV221542.fasta,153614,153.61,0.154
PV221543,PV221543.fasta,153686,153.69,0.154
PV221544,PV221544.fasta,154096,154.1,0.154
PV221545,PV221545.fasta,153858,153.86,0.154
PV221546,PV221546.fasta,153778,153.78,0.154
PV221547,PV221547.fasta,153897,153.9,0.154
PV221548,PV221548.fasta,153921,153.92,0.154
PV221549,PV221549.fasta,153890,153.89,0.154
PV221550,PV221550.fasta,153877,153.88,0.154
PV221551,PV221551.fasta,153946,153.95,0.154
PV221552,PV221552.fasta,153698,153.7,0.154
PV226239,PV226239.fasta,151725,151.72,0.152
PV231676,PV231676.fasta,168650,168.65,0.169
PV231884,PV231884.1.fasta,143367,143.37,0.143
PV231885,PV231885.1.fasta,116161,116.16,0.116
PV235598,PV235598.fasta,151480,151.48,0.151
PV236216,PV236216.fasta,160827,160.83,0.161
PV239466,PV239466.fasta,155276,155.28,0.155
PV239469,PV239469.fasta,155106,155.11,0.155
PV239470,PV239470.fasta,155214,155.21,0.155
PV239471,PV239471.fasta,155487,155.49,0.155
PV239472,PV239472.fasta,155127,155.13,0.155
PV239601,PV239601.fasta,160076,160.08,0.16
PV239602,PV239602.fasta,160067,160.07,0.16
PV239776,PV239776.fasta,162602,162.6,0.163
PV239785,PV239785.fasta,172206,172.21,0.172
PV240322,PV240322.fasta,122413,122.41,0.122
PV241163,PV241163.fasta,157144,157.14,0.157
PV241164,PV241164.fasta,157084,157.08,0.157
PV243281,PV243281.fasta,156143,156.14,0.156
PV243805,PV243805.fasta,150368,150.37,0.15
PV243854,PV243854.fasta,151379,151.38,0.151
PV252188,PV252188.fasta,152432,152.43,0.152
PV256407,PV256407.fasta,150614,150.61,0.151
PV256541,PV256541.fasta,155585,155.59,0.156
PV262343,PV262343.fasta,153714,153.71,0.154
PV274302,PV274302.fasta,160367,160.37,0.16
PV275532,PV275532.fasta,161278,161.28,0.161
PV276164,PV276164.fasta,158160,158.16,0.158
PV276165,PV276165.fasta,157934,157.93,0.158
PV276166,PV276166.fasta,158368,158.37,0.158
PV276167,PV276167.fasta,156648,156.65,0.157
PV276168,PV276168.fasta,155753,155.75,0.156
PV276169,PV276169.fasta,158687,158.69,0.159
PV276170,PV276170.fasta,157302,157.3,0.157
PV276193,PV276193.fasta,156389,156.39,0.156
PV276194,PV276194.fasta,152265,152.26,0.152
PV276231,PV276231.fasta,153495,153.5,0.153
PV276232,PV276232.fasta,153699,153.7,0.154
PV282406,PV282406.fasta,156701,156.7,0.157
PV282407,PV282407.fasta,156971,156.97,0.157
PV282408,PV282408.fasta,156750,156.75,0.157
PV294933,PV294933.fasta,155628,155.63,0.156
PV294935,PV294935.fasta,156791,156.79,0.157
PV294938,PV294938.fasta,153452,153.45,0.153
PV296132,PV296132.fasta,166660,166.66,0.167
PV296135,PV296135.fasta,160126,160.13,0.16
PV299159,PV299159.fasta,155376,155.38,0.155
PV325052,PV325052.fasta,151237,151.24,0.151
PV330080,PV330080.fasta,157288,157.29,0.157
PV330081,PV330081.fasta,157148,157.15,0.157
PV330082,PV330082.fasta,157346,157.35,0.157
PV330083,PV330083.fasta,157177,157.18,0.157
PV330311,PV330311.fasta,169339,169.34,0.169
PV330320,PV330320.fasta,156051,156.05,0.156
PV335037,PV335037.fasta,154985,154.99,0.155
PV335038,PV335038.fasta,155480,155.48,0.155
PV335040,PV335040.fasta,155215,155.22,0.155
PV335044,PV335044.fasta,155209,155.21,0.155
PV335045,PV335045.fasta,154819,154.82,0.155
PV335048,PV335048.fasta,155147,155.15,0.155
PV335050,PV335050.fasta,155097,155.1,0.155
PV335051,PV335051.fasta,154819,154.82,0.155
PV335052,PV335052.fasta,155589,155.59,0.156
PV335054,PV335054.fasta,155243,155.24,0.155
PV335544,PV335544.fasta,159759,159.76,0.16
PV339526,PV339526.fasta,149961,149.96,0.15
PV339527,PV339527.fasta,150164,150.16,0.15
PV339528,PV339528.fasta,151204,151.2,0.151
PV339529,PV339529.fasta,151266,151.27,0.151
PV339530,PV339530.fasta,151479,151.48,0.151
PV339531,PV339531.fasta,150060,150.06,0.15
PV339532,PV339532.fasta,150674,150.67,0.151
PV339537,PV339537.fasta,175721,175.72,0.176
PV340579,PV340579.fasta,151662,151.66,0.152
PV340580,PV340580.fasta,151163,151.16,0.151
PV340581,PV340581.fasta,151260,151.26,0.151
PV340582,PV340582.fasta,151321,151.32,0.151
PV340612,PV340612.fasta,149923,149.92,0.15
PV340613,PV340613.fasta,149913,149.91,0.15
PV340614,PV340614.fasta,150026,150.03,0.15
PV340847,PV340847.fasta,143932,143.93,0.144
PV345991,PV345991.fasta,156984,156.98,0.157
PV356797,PV356797.fasta,149596,149.6,0.15
PV356815,PV356815.1.fasta,133867,133.87,0.134
PV364363,PV364363.fasta,170572,170.57,0.171
PV364364,PV364364.fasta,170726,170.73,0.171
PV364366,PV364366.fasta,171564,171.56,0.172
PV364367,PV364367.fasta,171306,171.31,0.171
PV364368,PV364368.fasta,163923,163.92,0.164
PV364369,PV364369.fasta,163909,163.91,0.164
PV364370,PV364370.fasta,165528,165.53,0.166
PV364371,PV364371.fasta,168278,168.28,0.168
PV364429,PV364429.fasta,124717,124.72,0.125
PV364605,PV364605.fasta,154654,154.65,0.155
PV364606,PV364606.fasta,159241,159.24,0.159
PV364607,PV364607.fasta,154228,154.23,0.154
PV364609,PV364609.fasta,156633,156.63,0.157
PV364611,PV364611.fasta,154523,154.52,0.155
PV365186,PV365186.fasta,153495,153.5,0.153
PV365187,PV365187.fasta,141691,141.69,0.142
PV366311,PV366311.fasta,139589,139.59,0.14
PV367265,PV367265.fasta,139601,139.6,0.14
PV370340,PV370340.fasta,154345,154.34,0.154
PV370355,PV370355.fasta,152056,152.06,0.152
PV394223,PV394223.fasta,161092,161.09,0.161
PV394816,PV394816.fasta,167177,167.18,0.167
PV409667,PV409667.fasta,157851,157.85,0.158
PV409668,PV409668.fasta,155481,155.48,0.155
PV409669,PV409669.fasta,154225,154.22,0.154
PV409670,PV409670.fasta,158401,158.4,0.158
PV409671,PV409671.fasta,158324,158.32,0.158
PV409672,PV409672.fasta,158994,158.99,0.159
PV409673,PV409673.fasta,151761,151.76,0.152
PV409674,PV409674.fasta,157959,157.96,0.158
PV409676,PV409676.fasta,158457,158.46,0.158
PV409677,PV409677.fasta,158402,158.4,0.158
PV409678,PV409678.fasta,158554,158.55,0.159
PV409680,PV409680.fasta,158578,158.58,0.159
PV409681,PV409681.fasta,166949,166.95,0.167
PV409682,PV409682.fasta,157333,157.33,0.157
PV409683,PV409683.fasta,158052,158.05,0.158
PV409684,PV409684.fasta,158230,158.23,0.158
PV414516,PV414516.1.fasta,190579,190.58,0.191
PV415122,PV415122.1.fasta,124286,124.29,0.124
PV415123,PV415123.1.fasta,124093,124.09,0.124
PV415124,PV415124.1.fasta,124574,124.57,0.125
PV415133,PV415133.fasta,156266,156.27,0.156
PV415187,PV415187.fasta,164474,164.47,0.164
PV415188,PV415188.fasta,158884,158.88,0.159
PV423334,PV423334.fasta,159754,159.75,0.16
PV423335,PV423335.fasta,159658,159.66,0.16
PV423336,PV423336.fasta,159661,159.66,0.16
PV423337,PV423337.fasta,159703,159.7,0.16
PV423339,PV423339.fasta,159338,159.34,0.159
PV423340,PV423340.fasta,159593,159.59,0.16
PV423341,PV423341.fasta,159672,159.67,0.16
PV423342,PV423342.fasta,159635,159.63,0.16
PV423343,PV423343.fasta,159743,159.74,0.16
PV423344,PV423344.fasta,159521,159.52,0.16
PV423346,PV423346.fasta,159642,159.64,0.16
PV423347,PV423347.fasta,159493,159.49,0.159
PV423348,PV423348.fasta,159691,159.69,0.16
PV423349,PV423349.fasta,159567,159.57,0.16
PV423350,PV423350.fasta,159675,159.68,0.16
PV423351,PV423351.fasta,159711,159.71,0.16
PV423352,PV423352.fasta,159712,159.71,0.16
PV423353,PV423353.fasta,159743,159.74,0.16
PV423355,PV423355.fasta,159641,159.64,0.16
PV423509,PV423509.fasta,151971,151.97,0.152
PV423670,PV423670.1.fasta,133026,133.03,0.133
PV423671,PV423671.1.fasta,129702,129.7,0.13
PV423672,PV423672.1.fasta,128296,128.3,0.128
PV423673,PV423673.1.fasta,131480,131.48,0.131
PV423674,PV423674.1.fasta,130389,130.39,0.13
PV423675,PV423675.1.fasta,129651,129.65,0.13
PV423676,PV423676.1.fasta,127636,127.64,0.128
PV423677,PV423677.1.fasta,126651,126.65,0.127
PV423678,PV423678.1.fasta,129664,129.66,0.13
PV423679,PV423679.1.fasta,127887,127.89,0.128
PV423680,PV423680.1.fasta,133735,133.74,0.134
PV423681,PV423681.1.fasta,123686,123.69,0.124
PV423682,PV423682.1.fasta,129237,129.24,0.129
PV423683,PV423683.1.fasta,154232,154.23,0.154
PV423684,PV423684.1.fasta,129555,129.56,0.13
PV423686,PV423686.1.fasta,126753,126.75,0.127
PV423687,PV423687.1.fasta,131788,131.79,0.132
PV423688,PV423688.1.fasta,127083,127.08,0.127
PV423689,PV423689.1.fasta,199024,199.02,0.199
PV423690,PV423690.1.fasta,127216,127.22,0.127
PV423691,PV423691.1.fasta,130325,130.32,0.13
PV423692,PV423692.1.fasta,141694,141.69,0.142
PV423693,PV423693.1.fasta,129185,129.19,0.129
PV423694,PV423694.1.fasta,132620,132.62,0.133
PV423695,PV423695.1.fasta,133026,133.03,0.133
PV423697,PV423697.1.fasta,144245,144.25,0.144
PV423698,PV423698.1.fasta,131071,131.07,0.131
PV423699,PV423699.1.fasta,129413,129.41,0.129
PV423700,PV423700.1.fasta,127798,127.8,0.128
PV423701,PV423701.1.fasta,143597,143.6,0.144
PV423702,PV423702.1.fasta,129222,129.22,0.129
PV423703,PV423703.1.fasta,129261,129.26,0.129
PV423704,PV423704.1.fasta,132214,132.21,0.132
PV423705,PV423705.1.fasta,129353,129.35,0.129
PV423706,PV423706.1.fasta,132188,132.19,0.132
PV423707,PV423707.1.fasta,138033,138.03,0.138
PV423708,PV423708.1.fasta,129179,129.18,0.129
PV423709,PV423709.1.fasta,131071,131.07,0.131
PV423710,PV423710.1.fasta,130071,130.07,0.13
PV423711,PV423711.1.fasta,129144,129.14,0.129
PV423712,PV423712.1.fasta,123471,123.47,0.123
PV423713,PV423713.1.fasta,128571,128.57,0.129
PV423714,PV423714.1.fasta,128523,128.52,0.129
PV423715,PV423715.1.fasta,131489,131.49,0.131
PV423716,PV423716.1.fasta,129413,129.41,0.129
PV423717,PV423717.1.fasta,127448,127.45,0.127
PV423718,PV423718.1.fasta,132587,132.59,0.133
PV423719,PV423719.1.fasta,127168,127.17,0.127
PV423720,PV423720.1.fasta,131996,132.0,0.132
PV423721,PV423721.1.fasta,129219,129.22,0.129
PV423722,PV423722.1.fasta,131493,131.49,0.131
PV423723,PV423723.1.fasta,130314,130.31,0.13
PV423724,PV423724.1.fasta,127249,127.25,0.127
PV423725,PV423725.1.fasta,129137,129.14,0.129
PV423726,PV423726.1.fasta,136509,136.51,0.137
PV423727,PV423727.1.fasta,133976,133.98,0.134
PV423728,PV423728.1.fasta,127112,127.11,0.127
PV423729,PV423729.1.fasta,129187,129.19,0.129
PV423730,PV423730.1.fasta,129338,129.34,0.129
PV423731,PV423731.1.fasta,126871,126.87,0.127
PV423732,PV423732.1.fasta,130589,130.59,0.131
PV423733,PV423733.1.fasta,131464,131.46,0.131
PV423827,PV423827.fasta,124318,124.32,0.124
PV423828,PV423828.fasta,122796,122.8,0.123
PV424006,PV424006.fasta,147596,147.6,0.148
PV424134,PV424134.fasta,161395,161.4,0.161
PV424135,PV424135.fasta,160801,160.8,0.161
PV424174,PV424174.fasta,137917,137.92,0.138
PV424333,PV424333.fasta,160719,160.72,0.161
PV426729,PV426729.fasta,149600,149.6,0.15
PV426730,PV426730.fasta,149217,149.22,0.149
PV426731,PV426731.fasta,151552,151.55,0.152
PV426732,PV426732.fasta,152082,152.08,0.152
PV426733,PV426733.fasta,151360,151.36,0.151
PV426734,PV426734.fasta,150047,150.05,0.15
PV426735,PV426735.fasta,149685,149.69,0.15
PV426736,PV426736.fasta,150001,150.0,0.15
PV426737,PV426737.fasta,151913,151.91,0.152
PV426739,PV426739.fasta,152017,152.02,0.152
PV426740,PV426740.fasta,151875,151.88,0.152
PV426742,PV426742.fasta,152282,152.28,0.152
PV426743,PV426743.fasta,149363,149.36,0.149
PV426744,PV426744.fasta,151420,151.42,0.151
PV426745,PV426745.fasta,152092,152.09,0.152
PV426746,PV426746.fasta,151925,151.93,0.152
PV426762,PV426762.fasta,156924,156.92,0.157
PV433242,PV433242.fasta,149972,149.97,0.15
PV433318,PV433318.fasta,156541,156.54,0.157
PV435186,PV435186.fasta,135063,135.06,0.135
PV435187,PV435187.fasta,135052,135.05,0.135
PV440225,PV440225.fasta,164435,164.44,0.164
PV443020,PV443020.fasta,156561,156.56,0.157
PV454981,PV454981.fasta,159478,159.48,0.159
PV454982,PV454982.fasta,160515,160.51,0.161
PV455321,PV455321.fasta,134870,134.87,0.135
PV455322,PV455322.fasta,157063,157.06,0.157
PV464028,PV464028.fasta,153024,153.02,0.153
PV464057,PV464057.fasta,158400,158.4,0.158
PV464276,PV464276.1.fasta,180862,180.86,0.181
PV472299,PV472299.fasta,154557,154.56,0.155
PV472654,PV472654.fasta,156352,156.35,0.156
PV472655,PV472655.fasta,156345,156.34,0.156
PV472656,PV472656.fasta,156764,156.76,0.157
PV472657,PV472657.fasta,156838,156.84,0.157
PV472658,PV472658.fasta,156778,156.78,0.157
PV472659,PV472659.fasta,156876,156.88,0.157
PV472660,PV472660.fasta,156924,156.92,0.157
PV472661,PV472661.fasta,156444,156.44,0.156
PV472662,PV472662.fasta,156115,156.12,0.156
PV476682,PV476682.fasta,152788,152.79,0.153
PV476734,PV476734.fasta,138067,138.07,0.138
PV476768,PV476768.fasta,156214,156.21,0.156
PV476769,PV476769.fasta,156408,156.41,0.156
PV476771,PV476771.fasta,156042,156.04,0.156
PV477048,PV477048.fasta,155397,155.4,0.155
PV480542,PV480542.fasta,151924,151.92,0.152
PV480543,PV480543.fasta,151827,151.83,0.152
PV480544,PV480544.fasta,151890,151.89,0.152
PV480546,PV480546.fasta,130223,130.22,0.13
PV480547,PV480547.fasta,123358,123.36,0.123
PV480548,PV480548.fasta,123404,123.4,0.123
PV480549,PV480549.fasta,124953,124.95,0.125
PV487595,PV487595.fasta,156685,156.69,0.157
PV487597,PV487597.fasta,156765,156.76,0.157
PV487598,PV487598.fasta,156591,156.59,0.157
PV487599,PV487599.fasta,156690,156.69,0.157
PV487827,PV487827.fasta,153368,153.37,0.153
PV487828,PV487828.fasta,154341,154.34,0.154
PV495202,PV495202.fasta,152907,152.91,0.153
PV495210,PV495210.fasta,155899,155.9,0.156
PV528435,PV528435.fasta,151666,151.67,0.152
PV530470,PV530470.fasta,157895,157.9,0.158
PV530471,PV530471.fasta,157895,157.9,0.158
PV536199,PV536199.fasta,135891,135.89,0.136
PV541157,PV541157.fasta,151147,151.15,0.151
PV541173,PV541173.fasta,159931,159.93,0.16
PV546309,PV546309.fasta,158990,158.99,0.159
PV546610,PV546610.fasta,164138,164.14,0.164
PV546611,PV546611.fasta,156211,156.21,0.156
PV546613,PV546613.fasta,162227,162.23,0.162
PV546614,PV546614.fasta,153727,153.73,0.154
PV548271,PV548271.fasta,158458,158.46,0.158
PV548679,PV548679.fasta,146084,146.08,0.146
PV548680,PV548680.fasta,146051,146.05,0.146
PV548681,PV548681.fasta,147567,147.57,0.148
PV548682,PV548682.fasta,147555,147.56,0.148
PV548683,PV548683.fasta,147397,147.4,0.147
PV548688,PV548688.fasta,147629,147.63,0.148
PV548689,PV548689.fasta,147603,147.6,0.148
PV548690,PV548690.fasta,146538,146.54,0.147
PV548691,PV548691.fasta,146063,146.06,0.146
PV548692,PV548692.fasta,147617,147.62,0.148
PV548693,PV548693.fasta,147547,147.55,0.148
PV548694,PV548694.fasta,147837,147.84,0.148
PV548695,PV548695.fasta,147362,147.36,0.147
PV548697,PV548697.fasta,147269,147.27,0.147
PV548698,PV548698.fasta,146654,146.65,0.147
PV548701,PV548701.fasta,146993,146.99,0.147
PV548702,PV548702.fasta,147291,147.29,0.147
PV548703,PV548703.fasta,147601,147.6,0.148
PV548705,PV548705.fasta,147626,147.63,0.148
PV548706,PV548706.fasta,147590,147.59,0.148
PV548707,PV548707.fasta,147760,147.76,0.148
PV548709,PV548709.fasta,147039,147.04,0.147
PV548712,PV548712.fasta,147653,147.65,0.148
PV550499,PV550499.fasta,156650,156.65,0.157
PV550751,PV550751.fasta,160803,160.8,0.161
PV550975,PV550975.fasta,160604,160.6,0.161
PV553465,PV553465.fasta,152546,152.55,0.153
PV553466,PV553466.fasta,158470,158.47,0.158
PV553467,PV553467.fasta,152314,152.31,0.152
PV553468,PV553468.fasta,152684,152.68,0.153
PV553469,PV553469.fasta,151556,151.56,0.152
PV553470,PV553470.fasta,152547,152.55,0.153
PV553471,PV553471.fasta,152779,152.78,0.153
PV553472,PV553472.fasta,152600,152.6,0.153
PV553473,PV553473.fasta,151733,151.73,0.152
PV553474,PV553474.fasta,152786,152.79,0.153
PV553475,PV553475.fasta,145493,145.49,0.145
PV553476,PV553476.fasta,152824,152.82,0.153
PV553477,PV553477.fasta,152764,152.76,0.153
PV553478,PV553478.fasta,152698,152.7,0.153
PV553479,PV553479.fasta,152786,152.79,0.153
PV553480,PV553480.fasta,157557,157.56,0.158
PV553481,PV553481.fasta,151484,151.48,0.151
PV553482,PV553482.fasta,156765,156.76,0.157
PV555993,PV555993.fasta,159267,159.27,0.159
PV555994,PV555994.fasta,158814,158.81,0.159
PV558881,PV558881.fasta,152112,152.11,0.152
PV564080,PV564080.fasta,152919,152.92,0.153
PV564728,PV564728.fasta,161345,161.34,0.161
PV564729,PV564729.fasta,160406,160.41,0.16
PV564730,PV564730.fasta,161573,161.57,0.162
PV564731,PV564731.fasta,160973,160.97,0.161
PV564732,PV564732.fasta,161344,161.34,0.161
PV564733,PV564733.fasta,161860,161.86,0.162
PV564734,PV564734.fasta,160253,160.25,0.16
PV564735,PV564735.fasta,161475,161.47,0.161
PV564736,PV564736.fasta,162013,162.01,0.162
PV564737,PV564737.fasta,159782,159.78,0.16
PV564738,PV564738.fasta,161366,161.37,0.161
PV564739,PV564739.fasta,161270,161.27,0.161
PV564740,PV564740.fasta,162202,162.2,0.162
PV564741,PV564741.fasta,161451,161.45,0.161
PV564742,PV564742.fasta,161856,161.86,0.162
PV564743,PV564743.fasta,161929,161.93,0.162
PV564744,PV564744.fasta,161513,161.51,0.162
PV564745,PV564745.fasta,161577,161.58,0.162
PV564746,PV564746.fasta,161900,161.9,0.162
PV564749,PV564749.fasta,161518,161.52,0.162
PV564750,PV564750.fasta,161327,161.33,0.161
PV564751,PV564751.fasta,161275,161.28,0.161
PV564752,PV564752.fasta,161500,161.5,0.162
PV564753,PV564753.fasta,162109,162.11,0.162
PV564754,PV564754.fasta,161549,161.55,0.162
PV564755,PV564755.fasta,161854,161.85,0.162
PV564756,PV564756.fasta,161745,161.75,0.162
PV564757,PV564757.fasta,160083,160.08,0.16
PV564758,PV564758.fasta,162025,162.03,0.162
PV564759,PV564759.fasta,161842,161.84,0.162
PV564760,PV564760.fasta,162014,162.01,0.162
PV564761,PV564761.fasta,161537,161.54,0.162
PV564762,PV564762.fasta,161021,161.02,0.161
PV564763,PV564763.fasta,161578,161.58,0.162
PV564764,PV564764.fasta,160521,160.52,0.161
PV564765,PV564765.fasta,162480,162.48,0.162
PV564766,PV564766.fasta,161525,161.53,0.162
PV564767,PV564767.fasta,161474,161.47,0.161
PV564768,PV564768.fasta,162276,162.28,0.162
PV564769,PV564769.fasta,160997,161.0,0.161
PV564770,PV564770.fasta,161991,161.99,0.162
PV564771,PV564771.fasta,161765,161.76,0.162
PV564772,PV564772.fasta,161104,161.1,0.161
PV564773,PV564773.fasta,162284,162.28,0.162
PV564774,PV564774.fasta,161985,161.99,0.162
PV564775,PV564775.fasta,162086,162.09,0.162
PV564776,PV564776.fasta,161574,161.57,0.162
PV564777,PV564777.fasta,161328,161.33,0.161
PV564778,PV564778.fasta,161995,162.0,0.162
PV564779,PV564779.fasta,161368,161.37,0.161
PV564780,PV564780.fasta,161361,161.36,0.161
PV564781,PV564781.fasta,161745,161.75,0.162
PV564782,PV564782.fasta,161473,161.47,0.161
PV564783,PV564783.fasta,161499,161.5,0.161
PV564784,PV564784.fasta,161442,161.44,0.161
PV564785,PV564785.fasta,162132,162.13,0.162
PV564786,PV564786.fasta,161941,161.94,0.162
PV564787,PV564787.fasta,161353,161.35,0.161
PV564788,PV564788.fasta,162167,162.17,0.162
PV564789,PV564789.fasta,162074,162.07,0.162
PV564790,PV564790.fasta,161894,161.89,0.162
PV564791,PV564791.fasta,161372,161.37,0.161
PV564792,PV564792.fasta,161378,161.38,0.161
PV564793,PV564793.fasta,162188,162.19,0.162
PV564794,PV564794.fasta,161422,161.42,0.161
PV564795,PV564795.fasta,161549,161.55,0.162
PV564796,PV564796.fasta,160595,160.59,0.161
PV564797,PV564797.fasta,161572,161.57,0.162
PV564798,PV564798.fasta,160995,161.0,0.161
PV564799,PV564799.fasta,160503,160.5,0.161
PV564800,PV564800.fasta,161923,161.92,0.162
PV564801,PV564801.fasta,161245,161.25,0.161
PV564802,PV564802.fasta,162457,162.46,0.162
PV567261,PV567261.fasta,156479,156.48,0.156
PV567383,PV567383.fasta,151504,151.5,0.152
PV573921,PV573921.fasta,156009,156.01,0.156
PV574233,PV574233.fasta,152232,152.23,0.152
PV575190,PV575190.fasta,156488,156.49,0.156
PV577938,PV577938.1.fasta,129553,129.55,0.13
PV577939,PV577939.1.fasta,129551,129.55,0.13
PV578468,PV578468.fasta,159588,159.59,0.16
PV578473,PV578473.fasta,159141,159.14,0.159
PV579838,PV579838.fasta,155998,156.0,0.156
PV579839,PV579839.fasta,156364,156.36,0.156
PV582056,PV582056.fasta,152540,152.54,0.153
PV583365,PV583365.fasta,158338,158.34,0.158
PV583366,PV583366.fasta,159208,159.21,0.159
PV583367,PV583367.fasta,158978,158.98,0.159
PV583368,PV583368.fasta,159067,159.07,0.159
PV583369,PV583369.fasta,159184,159.18,0.159
PV583371,PV583371.fasta,158954,158.95,0.159
PV588044,PV588044.fasta,154167,154.17,0.154
PV590107,PV590107.fasta,156017,156.02,0.156
PV591335,PV591335.fasta,157032,157.03,0.157
PV591338,PV591338.fasta,151914,151.91,0.152
PV591927,PV591927.fasta,157485,157.49,0.157
PV591952,PV591952.fasta,160670,160.67,0.161
PV591959,PV591959.fasta,151458,151.46,0.151
PV592787,PV592787.fasta,140538,140.54,0.141
PV599774,PV599774.1.fasta,133086,133.09,0.133
PV600490,PV600490.fasta,151288,151.29,0.151
PV600631,PV600631.fasta,159600,159.6,0.16
PV600640,PV600640.fasta,152077,152.08,0.152
PV600761,PV600761.fasta,147057,147.06,0.147
PV600762,PV600762.fasta,147050,147.05,0.147
PV600844,PV600844.fasta,161252,161.25,0.161
PV600845,PV600845.fasta,161101,161.1,0.161
PV600846,PV600846.fasta,161295,161.29,0.161
PV600847,PV600847.fasta,161224,161.22,0.161
PV601297,PV601297.fasta,151184,151.18,0.151
PV601298,PV601298.fasta,150970,150.97,0.151
PV601299,PV601299.fasta,151319,151.32,0.151
PV603801,PV603801.fasta,141193,141.19,0.141
PV604934,PV604934.fasta,158291,158.29,0.158
PV605346,PV605346.fasta,151556,151.56,0.152
PV605568,PV605568.fasta,135067,135.07,0.135
PV605570,PV605570.fasta,135037,135.04,0.135
PV605571,PV605571.fasta,135474,135.47,0.135
PV605572,PV605572.fasta,135448,135.45,0.135
PV605573,PV605573.fasta,135460,135.46,0.135
PV605574,PV605574.fasta,135483,135.48,0.135
PV605575,PV605575.fasta,135472,135.47,0.135
PV605576,PV605576.fasta,135460,135.46,0.135
PV605597,PV605597.fasta,158508,158.51,0.159
PV605700,PV605700.fasta,149987,149.99,0.15
PV605702,PV605702.fasta,154837,154.84,0.155
PV608437,PV608437.fasta,161556,161.56,0.162
PV608446,PV608446.fasta,157186,157.19,0.157
PV608489,PV608489.fasta,155182,155.18,0.155
PV608499,PV608499.fasta,156640,156.64,0.157
PV612622,PV612622.fasta,157090,157.09,0.157
PV613211,PV613211.fasta,146174,146.17,0.146
PV613212,PV613212.fasta,147081,147.08,0.147
PV613213,PV613213.fasta,147996,148.0,0.148
PV613214,PV613214.fasta,147359,147.36,0.147
PV613215,PV613215.fasta,148005,148.0,0.148
PV613218,PV613218.fasta,148564,148.56,0.149
PV613221,PV613221.fasta,148610,148.61,0.149
PV613222,PV613222.fasta,146985,146.99,0.147
PV613223,PV613223.fasta,147500,147.5,0.147
PV613224,PV613224.fasta,135088,135.09,0.135
PV613225,PV613225.fasta,148540,148.54,0.149
PV613227,PV613227.fasta,158320,158.32,0.158
PV613228,PV613228.fasta,148487,148.49,0.148
PV613229,PV613229.fasta,148652,148.65,0.149
PV613230,PV613230.fasta,148489,148.49,0.148
PV613232,PV613232.fasta,148643,148.64,0.149
PV613237,PV613237.fasta,148356,148.36,0.148
PV613238,PV613238.fasta,148553,148.55,0.149
PV613239,PV613239.fasta,148546,148.55,0.149
PV613240,PV613240.fasta,151151,151.15,0.151
PV614722,PV614722.fasta,151998,152.0,0.152
PV618399,PV618399.fasta,155045,155.04,0.155
PV618400,PV618400.fasta,154265,154.26,0.154
PV618401,PV618401.fasta,155032,155.03,0.155
PV621856,PV621856.fasta,162235,162.24,0.162
PV621857,PV621857.fasta,157319,157.32,0.157
PV621858,PV621858.fasta,156238,156.24,0.156
PV621859,PV621859.fasta,156925,156.93,0.157
PV621860,PV621860.fasta,156410,156.41,0.156
PV621861,PV621861.fasta,157020,157.02,0.157
PV621862,PV621862.fasta,155515,155.51,0.156
PV622733,PV622733.fasta,122291,122.29,0.122
PV624663,PV624663.fasta,157807,157.81,0.158
PV626629,PV626629.fasta,163460,163.46,0.163
PV631330,PV631330.1.fasta,138031,138.03,0.138
PV631331,PV631331.1.fasta,126734,126.73,0.127
PV631332,PV631332.1.fasta,135507,135.51,0.136
PV631333,PV631333.fasta,158408,158.41,0.158
PV631426,PV631426.fasta,147554,147.55,0.148
PV631711,PV631711.1.fasta,120572,120.57,0.121
PV631712,PV631712.1.fasta,120209,120.21,0.12
PV631713,PV631713.1.fasta,120641,120.64,0.121
PV631714,PV631714.fasta,157790,157.79,0.158
PV640437,PV640437.fasta,154735,154.74,0.155
PV640843,PV640843.fasta,135734,135.73,0.136
PV640844,PV640844.fasta,139376,139.38,0.139
PV640845,PV640845.fasta,141007,141.01,0.141
PV640846,PV640846.fasta,146320,146.32,0.146
PV640847,PV640847.fasta,134274,134.27,0.134
PV640848,PV640848.fasta,134407,134.41,0.134
PV640849,PV640849.fasta,137506,137.51,0.138
PV640850,PV640850.fasta,135188,135.19,0.135
PV640851,PV640851.fasta,147016,147.02,0.147
PV640852,PV640852.fasta,132834,132.83,0.133
PV641811,PV641811.fasta,160226,160.23,0.16
PV648377,PV648377.fasta,157424,157.42,0.157
PV656444,PV656444.fasta,150086,150.09,0.15
PV656667,PV656667.fasta,160066,160.07,0.16
PV658263,PV658263.fasta,157116,157.12,0.157
PV658283,PV658283.fasta,158158,158.16,0.158
PV658284,PV658284.fasta,157683,157.68,0.158
PV658286,PV658286.fasta,158098,158.1,0.158
PV658298,PV658298.fasta,154328,154.33,0.154
PV660686,PV660686.fasta,122349,122.35,0.122
PV662410,PV662410.fasta,156743,156.74,0.157
PV664701,PV664701.fasta,158198,158.2,0.158
PV664702,PV664702.fasta,157666,157.67,0.158
PV664703,PV664703.fasta,158145,158.15,0.158
PV664704,PV664704.fasta,158333,158.33,0.158
PV664705,PV664705.fasta,157879,157.88,0.158
PV664706,PV664706.fasta,143569,143.57,0.144
PV664707,PV664707.fasta,158975,158.97,0.159
PV666612,PV666612.fasta,159125,159.12,0.159
PV666613,PV666613.fasta,159952,159.95,0.16
PV666614,PV666614.fasta,159242,159.24,0.159
PV666615,PV666615.fasta,159661,159.66,0.16
PV666616,PV666616.fasta,161217,161.22,0.161
PV669993,PV669993.fasta,164070,164.07,0.164
PV669995,PV669995.fasta,162449,162.45,0.162
PV671014,PV671014.fasta,156581,156.58,0.157
PV678985,PV678985.fasta,160110,160.11,0.16
PV678987,PV678987.fasta,160295,160.29,0.16
PV684023,PV684023.fasta,152930,152.93,0.153
PV684024,PV684024.fasta,122228,122.23,0.122
PV684025,PV684025.fasta,122352,122.35,0.122
PV684026,PV684026.fasta,122272,122.27,0.122
PV684027,PV684027.fasta,122411,122.41,0.122
PV684028,PV684028.fasta,122012,122.01,0.122
PV684029,PV684029.fasta,122453,122.45,0.122
PV684030,PV684030.fasta,122195,122.19,0.122
PV684031,PV684031.fasta,122121,122.12,0.122
PV684032,PV684032.fasta,122356,122.36,0.122
PV684033,PV684033.fasta,122321,122.32,0.122
PV684034,PV684034.fasta,122387,122.39,0.122
PV684035,PV684035.fasta,122405,122.41,0.122
PV684037,PV684037.fasta,122172,122.17,0.122
PV685028,PV685028.fasta,152234,152.23,0.152
PV685034,PV685034.fasta,152226,152.23,0.152
PV685786,PV685786.fasta,152755,152.75,0.153
PV685905,PV685905.fasta,154730,154.73,0.155
PV693365,PV693365.fasta,150847,150.85,0.151
PV694276,PV694276.fasta,123621,123.62,0.124
PV694277,PV694277.fasta,122480,122.48,0.122
PV694278,PV694278.fasta,121854,121.85,0.122
PV694280,PV694280.fasta,122363,122.36,0.122
PV700086,PV700086.fasta,150050,150.05,0.15
PV700452,PV700452.fasta,155923,155.92,0.156
PV700461,PV700461.fasta,163097,163.1,0.163
PV700501,PV700501.fasta,157133,157.13,0.157
PV712657,PV712657.fasta,154027,154.03,0.154
PV712658,PV712658.fasta,153989,153.99,0.154
PV712659,PV712659.fasta,154358,154.36,0.154
PV712660,PV712660.fasta,154733,154.73,0.155
PV712661,PV712661.fasta,154997,155.0,0.155
PV712662,PV712662.fasta,154851,154.85,0.155
PV712663,PV712663.fasta,154622,154.62,0.155
PV712664,PV712664.fasta,154942,154.94,0.155
PV712665,PV712665.fasta,153803,153.8,0.154
PV712666,PV712666.fasta,154145,154.15,0.154
PV712667,PV712667.fasta,154305,154.31,0.154
PV718158,PV718158.fasta,159770,159.77,0.16
PV738961,PV738961.fasta,162857,162.86,0.163
PV739060,PV739060.fasta,151906,151.91,0.152
PV739433,PV739433.fasta,150688,150.69,0.151
PV741117,PV741117.fasta,152257,152.26,0.152
PV744374,PV744374.fasta,156597,156.6,0.157
PV744375,PV744375.fasta,156615,156.62,0.157
PV744376,PV744376.fasta,156594,156.59,0.157
PV744377,PV744377.fasta,156599,156.6,0.157
PV744378,PV744378.fasta,156521,156.52,0.157
PV744379,PV744379.fasta,156528,156.53,0.157
PV744385,PV744385.fasta,156515,156.51,0.157
PV744386,PV744386.fasta,156508,156.51,0.157
PV744387,PV744387.fasta,156527,156.53,0.157
PV744391,PV744391.fasta,156499,156.5,0.156
PV744396,PV744396.fasta,156558,156.56,0.157
PV744397,PV744397.fasta,156589,156.59,0.157
PV744398,PV744398.fasta,156640,156.64,0.157
PV744399,PV744399.fasta,156580,156.58,0.157
PV744400,PV744400.fasta,156642,156.64,0.157
PV744402,PV744402.fasta,156654,156.65,0.157
PV744404,PV744404.fasta,156567,156.57,0.157
PV744405,PV744405.fasta,156620,156.62,0.157
PV744406,PV744406.fasta,156664,156.66,0.157
PV744408,PV744408.fasta,156659,156.66,0.157
PV744409,PV744409.fasta,156667,156.67,0.157
PV744410,PV744410.fasta,156574,156.57,0.157
PV744411,PV744411.fasta,156516,156.52,0.157
PV744412,PV744412.fasta,156588,156.59,0.157
PV744413,PV744413.fasta,156672,156.67,0.157
PV744414,PV744414.fasta,155129,155.13,0.155
PV744415,PV744415.fasta,157182,157.18,0.157
PV744416,PV744416.fasta,149758,149.76,0.15
PV747498,PV747498.fasta,159426,159.43,0.159
PV747743,PV747743.fasta,160664,160.66,0.161
PV748923,PV748923.fasta,151993,151.99,0.152
PV748924,PV748924.fasta,150344,150.34,0.15
PV750053,PV750053.fasta,153088,153.09,0.153
PV751238,PV751238.fasta,152102,152.1,0.152
PV751239,PV751239.fasta,154913,154.91,0.155
PV752076,PV752076.fasta,162011,162.01,0.162
PV752464,PV752464.fasta,171100,171.1,0.171
PV752465,PV752465.fasta,171019,171.02,0.171
PV761671,PV761671.fasta,123592,123.59,0.124
PV763356,PV763356.fasta,156769,156.77,0.157
PV764656,PV764656.1.fasta,162393,162.39,0.162
PV764657,PV764657.1.fasta,166588,166.59,0.167
PV764658,PV764658.1.fasta,168038,168.04,0.168
PV764659,PV764659.1.fasta,166735,166.74,0.167
PV764660,PV764660.1.fasta,162446,162.45,0.162
PV764661,PV764661.1.fasta,169497,169.5,0.169
PV764662,PV764662.1.fasta,165424,165.42,0.165
PV764663,PV764663.1.fasta,168948,168.95,0.169
PV764664,PV764664.1.fasta,168525,168.53,0.169
PV764665,PV764665.1.fasta,167933,167.93,0.168
PV780506,PV780506.fasta,152294,152.29,0.152
PV785968,PV785968.fasta,152525,152.53,0.153
PV785969,PV785969.fasta,152535,152.53,0.153
PV786059,PV786059.fasta,157215,157.22,0.157
PV786060,PV786060.fasta,157168,157.17,0.157
PV786061,PV786061.fasta,157231,157.23,0.157
PV786079,PV786079.fasta,156924,156.92,0.157
PV786080,PV786080.fasta,157087,157.09,0.157
PV786081,PV786081.fasta,157655,157.66,0.158
PV786082,PV786082.fasta,154657,154.66,0.155
PV786083,PV786083.fasta,155324,155.32,0.155
PV791734,PV791734.fasta,160086,160.09,0.16
PV794569,PV794569.fasta,148557,148.56,0.149
PV794570,PV794570.fasta,140701,140.7,0.141
PV794572,PV794572.fasta,153100,153.1,0.153
PV794573,PV794573.fasta,165877,165.88,0.166
PV794574,PV794574.fasta,153023,153.02,0.153
PV794575,PV794575.fasta,152443,152.44,0.152
PV794576,PV794576.fasta,153106,153.11,0.153
PV794577,PV794577.fasta,153249,153.25,0.153
PV794580,PV794580.fasta,151868,151.87,0.152
PV794581,PV794581.fasta,152943,152.94,0.153
PV794583,PV794583.fasta,152693,152.69,0.153
PV794584,PV794584.fasta,152089,152.09,0.152
PV794586,PV794586.fasta,152446,152.45,0.152
PV794587,PV794587.fasta,153074,153.07,0.153
PV794589,PV794589.fasta,145250,145.25,0.145
PV794591,PV794591.fasta,142339,142.34,0.142
PV794592,PV794592.fasta,165692,165.69,0.166
PV794594,PV794594.fasta,153133,153.13,0.153
PV794595,PV794595.fasta,153200,153.2,0.153
PV794596,PV794596.fasta,153105,153.1,0.153
PV794597,PV794597.fasta,152272,152.27,0.152
PV794598,PV794598.fasta,152285,152.28,0.152
PV794599,PV794599.fasta,152408,152.41,0.152
PV794600,PV794600.fasta,153151,153.15,0.153
PV794602,PV794602.fasta,146243,146.24,0.146
PV794603,PV794603.fasta,153126,153.13,0.153
PV794604,PV794604.fasta,158110,158.11,0.158
PV794605,PV794605.fasta,147181,147.18,0.147
PV794606,PV794606.fasta,154673,154.67,0.155
PV794607,PV794607.fasta,160370,160.37,0.16
PV794609,PV794609.fasta,152637,152.64,0.153
PV794611,PV794611.fasta,152662,152.66,0.153
PV794612,PV794612.fasta,152690,152.69,0.153
PV796054,PV796054.1.fasta,184009,184.01,0.184
PV796056,PV796056.1.fasta,187665,187.66,0.188
PV796057,PV796057.1.fasta,187665,187.66,0.188
PV798115,PV798115.fasta,171017,171.02,0.171
PV798297,PV798297.fasta,155409,155.41,0.155
PV802111,PV802111.fasta,155262,155.26,0.155
PV802119,PV802119.fasta,155593,155.59,0.156
PV802120,PV802120.fasta,155430,155.43,0.155
PV802123,PV802123.fasta,155523,155.52,0.156
PV802124,PV802124.fasta,155766,155.77,0.156
PV802125,PV802125.fasta,155462,155.46,0.155
PV802126,PV802126.fasta,155419,155.42,0.155
PV802128,PV802128.fasta,155766,155.77,0.156
PV802129,PV802129.fasta,155370,155.37,0.155
PV802132,PV802132.fasta,155458,155.46,0.155
PV802134,PV802134.fasta,155267,155.27,0.155
PV802135,PV802135.fasta,155443,155.44,0.155
PV802136,PV802136.fasta,155488,155.49,0.155
PV802395,PV802395.fasta,150887,150.89,0.151
PV802396,PV802396.fasta,151259,151.26,0.151
PV802398,PV802398.fasta,159879,159.88,0.16
PV816213,PV816213.fasta,161853,161.85,0.162
PV816214,PV816214.fasta,161628,161.63,0.162
PV816215,PV816215.fasta,161841,161.84,0.162
PV817865,PV817865.fasta,153633,153.63,0.154
PV817870,PV817870.fasta,153495,153.5,0.153
PV817881,PV817881.fasta,154610,154.61,0.155
PV817886,PV817886.fasta,153889,153.89,0.154
PV817888,PV817888.fasta,154345,154.34,0.154
PV817894,PV817894.fasta,154530,154.53,0.155
PV817901,PV817901.fasta,153857,153.86,0.154
PV821918,PV821918.fasta,156701,156.7,0.157
PV821920,PV821920.fasta,156620,156.62,0.157
PV822555,PV822555.fasta,152592,152.59,0.153
PV822556,PV822556.fasta,152608,152.61,0.153
PV822557,PV822557.fasta,152593,152.59,0.153
PV826133,PV826133.1.fasta,141669,141.67,0.142
PV833097,PV833097.fasta,161688,161.69,0.162
PV833100,PV833100.fasta,161062,161.06,0.161
PV837617,PV837617.fasta,151822,151.82,0.152
PV837933,PV837933.fasta,157429,157.43,0.157
PV839637,PV839637.fasta,154682,154.68,0.155
PV849988,PV849988.fasta,139412,139.41,0.139
PV849990,PV849990.fasta,158144,158.14,0.158
PV850015,PV850015.fasta,156101,156.1,0.156
PV850016,PV850016.fasta,156411,156.41,0.156
PV861827,PV861827.fasta,156525,156.53,0.157
PV862207,PV862207.fasta,163680,163.68,0.164
PV862208,PV862208.fasta,162801,162.8,0.163
PV866628,PV866628.fasta,152063,152.06,0.152
PV866731,PV866731.fasta,156209,156.21,0.156
PV867308,PV867308.fasta,150899,150.9,0.151
PV870666,PV870666.fasta,123427,123.43,0.123
PV870668,PV870668.fasta,123153,123.15,0.123
PV870669,PV870669.fasta,129475,129.47,0.129
PV870670,PV870670.fasta,152393,152.39,0.152
PV870671,PV870671.fasta,121129,121.13,0.121
PV870672,PV870672.fasta,128522,128.52,0.129
PV870674,PV870674.fasta,149426,149.43,0.149
PV870675,PV870675.fasta,123307,123.31,0.123
PV870676,PV870676.fasta,159883,159.88,0.16
PV870677,PV870677.fasta,158724,158.72,0.159
PV870678,PV870678.fasta,152713,152.71,0.153
PV870679,PV870679.fasta,164691,164.69,0.165
PV870680,PV870680.fasta,150904,150.9,0.151
PV870681,PV870681.fasta,158301,158.3,0.158
PV870682,PV870682.fasta,155088,155.09,0.155
PV870683,PV870683.fasta,130877,130.88,0.131
PV870684,PV870684.fasta,157495,157.5,0.157
PV870685,PV870685.fasta,152773,152.77,0.153
PV870686,PV870686.fasta,153326,153.33,0.153
PV870687,PV870687.fasta,175655,175.66,0.176
PV870688,PV870688.fasta,160196,160.2,0.16
PV870689,PV870689.fasta,175547,175.55,0.176
PV870690,PV870690.fasta,152854,152.85,0.153
PV870691,PV870691.fasta,152999,153.0,0.153
PV870692,PV870692.fasta,153912,153.91,0.154
PV870693,PV870693.fasta,155408,155.41,0.155
PV870694,PV870694.fasta,178578,178.58,0.179
PV870695,PV870695.fasta,178809,178.81,0.179
PV870696,PV870696.fasta,160040,160.04,0.16
PV870697,PV870697.fasta,159162,159.16,0.159
PV870699,PV870699.fasta,159549,159.55,0.16
PV870700,PV870700.fasta,164298,164.3,0.164
PV870701,PV870701.fasta,159033,159.03,0.159
PV870702,PV870702.fasta,175351,175.35,0.175
PV870703,PV870703.fasta,164931,164.93,0.165
PV870704,PV870704.fasta,150583,150.58,0.151
PV870705,PV870705.fasta,162697,162.7,0.163
PV870706,PV870706.fasta,158076,158.08,0.158
PV870707,PV870707.fasta,158052,158.05,0.158
PV870708,PV870708.fasta,159667,159.67,0.16
PV870709,PV870709.fasta,159748,159.75,0.16
PV870710,PV870710.fasta,158128,158.13,0.158
PV870711,PV870711.fasta,163406,163.41,0.163
PV870712,PV870712.fasta,149579,149.58,0.15
PV870713,PV870713.fasta,159378,159.38,0.159
PV870714,PV870714.fasta,159619,159.62,0.16
PV870715,PV870715.fasta,177799,177.8,0.178
PV870716,PV870716.fasta,153822,153.82,0.154
PV870717,PV870717.fasta,160017,160.02,0.16
PV870719,PV870719.fasta,176128,176.13,0.176
PV870720,PV870720.fasta,161878,161.88,0.162
PV870721,PV870721.fasta,166143,166.14,0.166
PV870722,PV870722.fasta,153377,153.38,0.153
PV870723,PV870723.fasta,164644,164.64,0.165
PV870724,PV870724.fasta,177664,177.66,0.178
PV870725,PV870725.fasta,158432,158.43,0.158
PV870726,PV870726.fasta,165463,165.46,0.165
PV870728,PV870728.fasta,177302,177.3,0.177
PV870729,PV870729.fasta,165925,165.93,0.166
PV870731,PV870731.fasta,153681,153.68,0.154
PV870732,PV870732.fasta,164112,164.11,0.164
PV870733,PV870733.fasta,163673,163.67,0.164
PV870734,PV870734.fasta,159628,159.63,0.16
PV870735,PV870735.fasta,164009,164.01,0.164
PV870736,PV870736.fasta,149636,149.64,0.15
PV870737,PV870737.fasta,153095,153.09,0.153
PV870738,PV870738.fasta,159772,159.77,0.16
PV870739,PV870739.fasta,160088,160.09,0.16
PV870740,PV870740.fasta,159277,159.28,0.159
PV870741,PV870741.fasta,158535,158.53,0.159
PV870742,PV870742.fasta,159513,159.51,0.16
PV870743,PV870743.fasta,159311,159.31,0.159
PV870744,PV870744.fasta,161681,161.68,0.162
PV870745,PV870745.fasta,155687,155.69,0.156
PV870746,PV870746.fasta,151354,151.35,0.151
PV870747,PV870747.fasta,159285,159.28,0.159
PV870748,PV870748.fasta,165908,165.91,0.166
PV870749,PV870749.fasta,156518,156.52,0.157
PV870750,PV870750.fasta,153398,153.4,0.153
PV870751,PV870751.fasta,164247,164.25,0.164
PV870752,PV870752.fasta,167628,167.63,0.168
PV870753,PV870753.fasta,155063,155.06,0.155
PV870754,PV870754.fasta,123372,123.37,0.123
PV870755,PV870755.fasta,145015,145.01,0.145
PV870756,PV870756.fasta,156717,156.72,0.157
PV870757,PV870757.fasta,156848,156.85,0.157
PV870758,PV870758.fasta,153028,153.03,0.153
PV870759,PV870759.fasta,149964,149.96,0.15
PV870760,PV870760.fasta,175769,175.77,0.176
PV870761,PV870761.fasta,152730,152.73,0.153
PV870762,PV870762.fasta,161801,161.8,0.162
PV870763,PV870763.fasta,154554,154.55,0.155
PV870764,PV870764.fasta,153666,153.67,0.154
PV870765,PV870765.fasta,152542,152.54,0.153
PV870766,PV870766.fasta,158439,158.44,0.158
PV870767,PV870767.fasta,177551,177.55,0.178
PV870768,PV870768.fasta,159339,159.34,0.159
PV870769,PV870769.fasta,155566,155.57,0.156
PV870770,PV870770.fasta,122346,122.35,0.122
PV870771,PV870771.fasta,133647,133.65,0.134
PV870772,PV870772.fasta,123548,123.55,0.124
PV870773,PV870773.fasta,152683,152.68,0.153
PV870774,PV870774.fasta,153056,153.06,0.153
PV870775,PV870775.fasta,156237,156.24,0.156
PV870776,PV870776.fasta,158438,158.44,0.158
PV870777,PV870777.fasta,158741,158.74,0.159
PV870778,PV870778.fasta,158735,158.74,0.159
PV870779,PV870779.fasta,162552,162.55,0.163
PV870780,PV870780.fasta,154280,154.28,0.154
PV870781,PV870781.fasta,159265,159.26,0.159
PV870782,PV870782.fasta,152638,152.64,0.153
PV870783,PV870783.fasta,127791,127.79,0.128
PV870785,PV870785.fasta,153347,153.35,0.153
PV870786,PV870786.fasta,153372,153.37,0.153
PV870787,PV870787.fasta,154693,154.69,0.155
PV870788,PV870788.fasta,158553,158.55,0.159
PV870789,PV870789.fasta,132571,132.57,0.133
PV870790,PV870790.fasta,151974,151.97,0.152
PV870791,PV870791.fasta,174662,174.66,0.175
PV870792,PV870792.fasta,153301,153.3,0.153
PV870793,PV870793.fasta,155771,155.77,0.156
PV870794,PV870794.fasta,154611,154.61,0.155
PV870795,PV870795.fasta,153763,153.76,0.154
PV870796,PV870796.fasta,152058,152.06,0.152
PV870797,PV870797.fasta,123030,123.03,0.123
PV870798,PV870798.fasta,122953,122.95,0.123
PV870799,PV870799.fasta,150332,150.33,0.15
PV870800,PV870800.fasta,153772,153.77,0.154
PV870801,PV870801.fasta,152285,152.28,0.152
PV870802,PV870802.fasta,151225,151.22,0.151
PV870803,PV870803.fasta,151178,151.18,0.151
PV870804,PV870804.fasta,152995,153.0,0.153
PV870805,PV870805.fasta,155214,155.21,0.155
PV870806,PV870806.fasta,152992,152.99,0.153
PV870807,PV870807.fasta,152216,152.22,0.152
PV870808,PV870808.fasta,156626,156.63,0.157
PV870809,PV870809.fasta,152719,152.72,0.153
PV870810,PV870810.fasta,123034,123.03,0.123
PV870811,PV870811.fasta,153564,153.56,0.154
PV870812,PV870812.fasta,158801,158.8,0.159
PV870813,PV870813.fasta,153156,153.16,0.153
PV870814,PV870814.fasta,153229,153.23,0.153
PV870815,PV870815.fasta,152659,152.66,0.153
PV870816,PV870816.fasta,158505,158.5,0.159
PV870817,PV870817.fasta,159082,159.08,0.159
PV870818,PV870818.fasta,154991,154.99,0.155
PV870819,PV870819.fasta,153282,153.28,0.153
PV870820,PV870820.fasta,152920,152.92,0.153
PV870821,PV870821.fasta,132644,132.64,0.133
PV870822,PV870822.fasta,122768,122.77,0.123
PV870823,PV870823.fasta,159171,159.17,0.159
PV870824,PV870824.fasta,158844,158.84,0.159
PV870825,PV870825.fasta,151705,151.71,0.152
PV870826,PV870826.fasta,151990,151.99,0.152
PV870827,PV870827.fasta,156436,156.44,0.156
PV870828,PV870828.fasta,122289,122.29,0.122
PV870829,PV870829.fasta,134290,134.29,0.134
PV870830,PV870830.fasta,158156,158.16,0.158
PV870831,PV870831.fasta,124417,124.42,0.124
PV870832,PV870832.fasta,150805,150.81,0.151
PV870833,PV870833.fasta,152401,152.4,0.152
PV870835,PV870835.fasta,153558,153.56,0.154
PV870836,PV870836.fasta,151807,151.81,0.152
PV870837,PV870837.fasta,151941,151.94,0.152
PV870838,PV870838.fasta,151555,151.56,0.152
PV870839,PV870839.fasta,152019,152.02,0.152
PV870840,PV870840.fasta,152802,152.8,0.153
PV870841,PV870841.fasta,154749,154.75,0.155
PV870842,PV870842.fasta,151135,151.13,0.151
PV870843,PV870843.fasta,124284,124.28,0.124
PV870844,PV870844.fasta,152492,152.49,0.152
PV870845,PV870845.fasta,152032,152.03,0.152
PV870846,PV870846.fasta,127217,127.22,0.127
PV870855,PV870855.fasta,151252,151.25,0.151
PV870856,PV870856.fasta,151039,151.04,0.151
PV870857,PV870857.fasta,151727,151.73,0.152
PV870858,PV870858.fasta,151720,151.72,0.152
PV870859,PV870859.fasta,151105,151.1,0.151
PV870860,PV870860.fasta,151048,151.05,0.151
PV870861,PV870861.fasta,151078,151.08,0.151
PV870862,PV870862.fasta,151174,151.17,0.151
PV870863,PV870863.fasta,151672,151.67,0.152
PV870864,PV870864.fasta,151133,151.13,0.151
PV870865,PV870865.fasta,151269,151.27,0.151
PV870867,PV870867.fasta,151353,151.35,0.151
PV870868,PV870868.fasta,151317,151.32,0.151
PV870869,PV870869.fasta,151727,151.73,0.152
PV870871,PV870871.fasta,151257,151.26,0.151
PV871822,PV871822.fasta,129302,129.3,0.129
PV873133,PV873133.fasta,159128,159.13,0.159
PV873134,PV873134.fasta,159116,159.12,0.159
PV873135,PV873135.fasta,159128,159.13,0.159
PV879616,PV879616.fasta,154003,154.0,0.154
PV879952,PV879952.1.fasta,122441,122.44,0.122
PV890005,PV890005.fasta,152121,152.12,0.152
PV890006,PV890006.fasta,154041,154.04,0.154
PV890009,PV890009.fasta,159476,159.48,0.159
PV890573,PV890573.fasta,158678,158.68,0.159
PV890574,PV890574.fasta,158192,158.19,0.158
PV890880,PV890880.fasta,157472,157.47,0.157
PV904159,PV904159.fasta,157466,157.47,0.157
PV910879,PV910879.fasta,122880,122.88,0.123
PV915198,PV915198.fasta,157112,157.11,0.157
PV915200,PV915200.fasta,146675,146.68,0.147
PV916038,PV916038.fasta,152632,152.63,0.153
PV917083,PV917083.fasta,160242,160.24,0.16
PV928260,PV928260.fasta,155570,155.57,0.156
PV928963,PV928963.fasta,160121,160.12,0.16
PV928964,PV928964.fasta,160185,160.19,0.16
PV928991,PV928991.fasta,153019,153.02,0.153
PV929577,PV929577.fasta,168290,168.29,0.168
PV929578,PV929578.fasta,169449,169.45,0.169
PV929680,PV929680.fasta,151509,151.51,0.152
PV929690,PV929690.fasta,160465,160.47,0.16
PV929691,PV929691.fasta,160199,160.2,0.16
PV929692,PV929692.fasta,159773,159.77,0.16
PV929693,PV929693.fasta,158854,158.85,0.159
PV929694,PV929694.fasta,158643,158.64,0.159
PV929822,PV929822.fasta,159086,159.09,0.159
PV929843,PV929843.fasta,158421,158.42,0.158
PV929844,PV929844.fasta,154160,154.16,0.154
PV930134,PV930134.fasta,152195,152.19,0.152
PV931571,PV931571.1.fasta,140525,140.53,0.141
PV931572,PV931572.1.fasta,128415,128.41,0.128
PV938069,PV938069.fasta,150844,150.84,0.151
PV938070,PV938070.fasta,157553,157.55,0.158
PV938952,PV938952.fasta,165165,165.16,0.165
PV938953,PV938953.fasta,160579,160.58,0.161
PV938954,PV938954.fasta,152079,152.08,0.152
PV938979,PV938979.fasta,166611,166.61,0.167
PV942542,PV942542.1.fasta,109545,109.55,0.11
PV943365,PV943365.1.fasta,242539,242.54,0.243
PV943366,PV943366.1.fasta,294897,294.9,0.295
PV943367,PV943367.1.fasta,305587,305.59,0.306
PV944217,PV944217.fasta,166976,166.98,0.167
PV944218,PV944218.fasta,146299,146.3,0.146
PV946886,PV946886.fasta,155530,155.53,0.156
PV948728,PV948728.fasta,157967,157.97,0.158
PV955039,PV955039.fasta,150601,150.6,0.151
PV955414,PV955414.fasta,156222,156.22,0.156
PV963829,PV963829.fasta,152038,152.04,0.152
PV972776,PV972776.fasta,151286,151.29,0.151
PV972820,PV972820.fasta,154128,154.13,0.154
PV975265,PV975265.fasta,157727,157.73,0.158
PV975267,PV975267.fasta,157758,157.76,0.158
PV975268,PV975268.fasta,158129,158.13,0.158
PV976825,PV976825.fasta,139459,139.46,0.139
PV976833,PV976833.fasta,139527,139.53,0.14
PV976839,PV976839.fasta,139440,139.44,0.139
PV976843,PV976843.fasta,139449,139.45,0.139
PV989638,PV989638.fasta,155932,155.93,0.156
PV990400,PV990400.1.fasta,151295,151.29,0.151
PV991053,PV991053.fasta,151653,151.65,0.152
PV993969,PV993969.fasta,166241,166.24,0.166
PV993971,PV993971.fasta,168964,168.96,0.169
PV995100,PV995100.fasta,153532,153.53,0.154
PV995108,PV995108.fasta,153482,153.48,0.153
PV995244,PV995244.fasta,149532,149.53,0.15
PV995245,PV995245.fasta,151626,151.63,0.152
PV995246,PV995246.fasta,153460,153.46,0.153
PV995351,PV995351.fasta,135909,135.91,0.136
PV998909,PV998909.fasta,166424,166.42,0.166
PX022963,PX022963.fasta,160000,160.0,0.16
PX023001,PX023001.fasta,176280,176.28,0.176
PX023271,PX023271.fasta,154134,154.13,0.154
PX049137,PX049137.fasta,152237,152.24,0.152
PX049138,PX049138.fasta,152250,152.25,0.152
PX057452,PX057452.fasta,150481,150.48,0.15
PX057649,PX057649.fasta,155148,155.15,0.155
PX057650,PX057650.fasta,155709,155.71,0.156
PX057651,PX057651.fasta,155972,155.97,0.156
PX058849,PX058849.fasta,148821,148.82,0.149
PX058850,PX058850.fasta,150408,150.41,0.15
PX058851,PX058851.fasta,147372,147.37,0.147
PX058852,PX058852.fasta,150748,150.75,0.151
PX068036,PX068036.fasta,154478,154.48,0.154
PX070074,PX070074.fasta,156191,156.19,0.156
PX070098,PX070098.fasta,170684,170.68,0.171
PX091988,PX091988.fasta,154471,154.47,0.154
PX091990,PX091990.fasta,154027,154.03,0.154
PX091992,PX091992.fasta,146553,146.55,0.147
PX091994,PX091994.fasta,155856,155.86,0.156
PX092667,PX092667.fasta,156701,156.7,0.157
PX097887,PX097887.fasta,158820,158.82,0.159
PX108613,PX108613.fasta,158955,158.96,0.159
PX108614,PX108614.fasta,158462,158.46,0.158
PX108616,PX108616.fasta,158949,158.95,0.159
PX108617,PX108617.fasta,158941,158.94,0.159
PX108618,PX108618.fasta,159982,159.98,0.16
PX108619,PX108619.fasta,159023,159.02,0.159
PX108620,PX108620.fasta,158540,158.54,0.159
PX108621,PX108621.fasta,158662,158.66,0.159
PX108622,PX108622.fasta,159034,159.03,0.159
PX108668,PX108668.fasta,126973,126.97,0.127
PX108801,PX108801.fasta,154285,154.28,0.154
PX108826,PX108826.fasta,160100,160.1,0.16
PX109645,PX109645.fasta,162525,162.53,0.163
PX109652,PX109652.fasta,151278,151.28,0.151
PX110980,PX110980.fasta,135991,135.99,0.136
PX111449,PX111449.fasta,160174,160.17,0.16
PX111644,PX111644.fasta,158347,158.35,0.158
PX112152,PX112152.fasta,152304,152.3,0.152
PX112427,PX112427.1.fasta,108389,108.39,0.108
PX113344,PX113344.fasta,143972,143.97,0.144
PX113345,PX113345.fasta,151255,151.25,0.151
PX113346,PX113346.fasta,151257,151.26,0.151
PX113349,PX113349.fasta,151390,151.39,0.151
PX114721,PX114721.fasta,155835,155.84,0.156
PX116179,PX116179.fasta,153083,153.08,0.153
PX118598,PX118598.fasta,153823,153.82,0.154
PX119161,PX119161.fasta,139791,139.79,0.14
PX119162,PX119162.fasta,139555,139.56,0.14
PX122074,PX122074.fasta,151599,151.6,0.152
PX122075,PX122075.fasta,151114,151.11,0.151
PX122076,PX122076.fasta,150715,150.72,0.151
PX122077,PX122077.fasta,151312,151.31,0.151
PX122078,PX122078.fasta,150695,150.69,0.151
PX122079,PX122079.fasta,151333,151.33,0.151
PX122080,PX122080.fasta,150647,150.65,0.151
PX122081,PX122081.fasta,151827,151.83,0.152
PX122082,PX122082.fasta,150727,150.73,0.151
PX122083,PX122083.fasta,150651,150.65,0.151
PX122084,PX122084.fasta,150761,150.76,0.151
PX125812,PX125812.fasta,152768,152.77,0.153
PX125813,PX125813.fasta,153376,153.38,0.153
PX125814,PX125814.fasta,153053,153.05,0.153
PX125815,PX125815.fasta,153698,153.7,0.154
PX125816,PX125816.fasta,153284,153.28,0.153
PX125817,PX125817.fasta,153397,153.4,0.153
PX125821,PX125821.fasta,159023,159.02,0.159
PX125822,PX125822.fasta,158652,158.65,0.159
PX125823,PX125823.fasta,159032,159.03,0.159
PX125824,PX125824.fasta,158926,158.93,0.159
PX125825,PX125825.fasta,158582,158.58,0.159
PX125826,PX125826.fasta,158994,158.99,0.159
PX125827,PX125827.fasta,159577,159.58,0.16
PX125828,PX125828.fasta,159267,159.27,0.159
PX125829,PX125829.fasta,159222,159.22,0.159
PX125830,PX125830.fasta,159089,159.09,0.159
PX125900,PX125900.fasta,159211,159.21,0.159
PX125901,PX125901.fasta,158744,158.74,0.159
PX125902,PX125902.fasta,158503,158.5,0.159
PX125903,PX125903.fasta,159129,159.13,0.159
PX125904,PX125904.fasta,159184,159.18,0.159
PX125905,PX125905.fasta,159221,159.22,0.159
PX125906,PX125906.fasta,159041,159.04,0.159
PX125907,PX125907.fasta,157956,157.96,0.158
PX125908,PX125908.fasta,158992,158.99,0.159
PX125909,PX125909.fasta,158724,158.72,0.159
PX125910,PX125910.fasta,158263,158.26,0.158
PX125911,PX125911.fasta,159140,159.14,0.159
PX125912,PX125912.fasta,158996,159.0,0.159
PX125913,PX125913.fasta,157999,158.0,0.158
PX125914,PX125914.fasta,158250,158.25,0.158
PX125915,PX125915.fasta,158745,158.75,0.159
PX125916,PX125916.fasta,158168,158.17,0.158
PX125917,PX125917.fasta,158888,158.89,0.159
PX125918,PX125918.fasta,159153,159.15,0.159
PX125919,PX125919.fasta,159199,159.2,0.159
PX125960,PX125960.fasta,151241,151.24,0.151
PX126038,PX126038.1.fasta,136208,136.21,0.136
PX126039,PX126039.1.fasta,136222,136.22,0.136
PX130167,PX130167.fasta,157916,157.92,0.158
PX130299,PX130299.fasta,158952,158.95,0.159
PX130300,PX130300.fasta,158414,158.41,0.158
PX130301,PX130301.fasta,158393,158.39,0.158
PX130302,PX130302.fasta,159127,159.13,0.159
PX130303,PX130303.fasta,159143,159.14,0.159
PX130304,PX130304.fasta,159004,159.0,0.159
PX130305,PX130305.fasta,159100,159.1,0.159
PX130306,PX130306.fasta,158706,158.71,0.159
PX130307,PX130307.fasta,158661,158.66,0.159
PX130308,PX130308.fasta,158903,158.9,0.159
PX130309,PX130309.fasta,159030,159.03,0.159
PX130310,PX130310.fasta,159076,159.08,0.159
PX130311,PX130311.fasta,158642,158.64,0.159
PX130312,PX130312.fasta,158998,159.0,0.159
PX130313,PX130313.fasta,158771,158.77,0.159
PX130314,PX130314.fasta,159184,159.18,0.159
PX130315,PX130315.fasta,158537,158.54,0.159
PX130316,PX130316.fasta,159041,159.04,0.159
PX130317,PX130317.fasta,159081,159.08,0.159
PX130318,PX130318.fasta,158923,158.92,0.159
PX130320,PX130320.fasta,158675,158.68,0.159
PX130321,PX130321.fasta,158430,158.43,0.158
PX130322,PX130322.fasta,159141,159.14,0.159
PX130323,PX130323.fasta,158469,158.47,0.158
PX130324,PX130324.fasta,159070,159.07,0.159
PX130325,PX130325.fasta,158412,158.41,0.158
PX130326,PX130326.fasta,159161,159.16,0.159
PX130327,PX130327.fasta,158530,158.53,0.159
PX130328,PX130328.fasta,159102,159.1,0.159
PX130329,PX130329.fasta,158861,158.86,0.159
PX130330,PX130330.fasta,159376,159.38,0.159
PX130331,PX130331.fasta,159057,159.06,0.159
PX130332,PX130332.fasta,159062,159.06,0.159
PX130333,PX130333.fasta,158630,158.63,0.159
PX130334,PX130334.fasta,158964,158.96,0.159
PX130335,PX130335.fasta,158964,158.96,0.159
PX130336,PX130336.fasta,158937,158.94,0.159
PX130337,PX130337.fasta,158970,158.97,0.159
PX130338,PX130338.fasta,158326,158.33,0.158
PX130339,PX130339.fasta,158999,159.0,0.159
PX130340,PX130340.fasta,158380,158.38,0.158
PX130341,PX130341.fasta,158996,159.0,0.159
PX130342,PX130342.fasta,159081,159.08,0.159
PX130343,PX130343.fasta,159246,159.25,0.159
PX130344,PX130344.fasta,159046,159.05,0.159
PX130345,PX130345.fasta,159473,159.47,0.159
PX130346,PX130346.fasta,158323,158.32,0.158
PX130347,PX130347.fasta,159119,159.12,0.159
PX130348,PX130348.fasta,158553,158.55,0.159
PX130349,PX130349.fasta,158860,158.86,0.159
PX130350,PX130350.fasta,158980,158.98,0.159
PX130351,PX130351.fasta,158537,158.54,0.159
PX130352,PX130352.fasta,159226,159.23,0.159
PX130353,PX130353.fasta,158994,158.99,0.159
PX130354,PX130354.fasta,159076,159.08,0.159
PX130355,PX130355.fasta,159133,159.13,0.159
PX130356,PX130356.fasta,158420,158.42,0.158
PX130357,PX130357.fasta,159152,159.15,0.159
PX130358,PX130358.fasta,158994,158.99,0.159
PX130360,PX130360.fasta,158173,158.17,0.158
PX130361,PX130361.fasta,159109,159.11,0.159
PX130362,PX130362.fasta,158860,158.86,0.159
PX130363,PX130363.fasta,159035,159.03,0.159
PX130364,PX130364.fasta,158671,158.67,0.159
PX130365,PX130365.fasta,159591,159.59,0.16
PX130366,PX130366.fasta,159139,159.14,0.159
PX130367,PX130367.fasta,159106,159.11,0.159
PX130369,PX130369.fasta,159069,159.07,0.159
PX130370,PX130370.fasta,159273,159.27,0.159
PX130371,PX130371.fasta,158114,158.11,0.158
PX130372,PX130372.fasta,159017,159.02,0.159
PX130374,PX130374.fasta,159070,159.07,0.159
PX130375,PX130375.fasta,159152,159.15,0.159
PX130376,PX130376.fasta,158927,158.93,0.159
PX130378,PX130378.fasta,158531,158.53,0.159
PX130379,PX130379.fasta,158584,158.58,0.159
PX130380,PX130380.fasta,159473,159.47,0.159
PX130726,PX130726.fasta,152110,152.11,0.152
PX136589,PX136589.fasta,169025,169.03,0.169
PX170161,PX170161.fasta,158917,158.92,0.159
PX170162,PX170162.fasta,159060,159.06,0.159
PX170163,PX170163.fasta,159135,159.13,0.159
PX170165,PX170165.fasta,159149,159.15,0.159
PX170166,PX170166.fasta,159068,159.07,0.159
PX170167,PX170167.fasta,157830,157.83,0.158
PX170168,PX170168.fasta,158786,158.79,0.159
PX170169,PX170169.fasta,158831,158.83,0.159
PX170170,PX170170.fasta,159203,159.2,0.159
PX170171,PX170171.fasta,157985,157.99,0.158
PX170254,PX170254.1.fasta,154217,154.22,0.154
PX170676,PX170676.fasta,153789,153.79,0.154
PX171330,PX171330.fasta,153867,153.87,0.154
PX171332,PX171332.fasta,156570,156.57,0.157
PX171333,PX171333.fasta,161591,161.59,0.162
PX208733,PX208733.fasta,154165,154.16,0.154
PX214363,PX214363.fasta,160179,160.18,0.16
PX220297,PX220297.fasta,159851,159.85,0.16
PX220299,PX220299.fasta,159885,159.88,0.16
PX223350,PX223350.fasta,151924,151.92,0.152
PX223371,PX223371.fasta,167210,167.21,0.167
PX223372,PX223372.fasta,162816,162.82,0.163
PX223373,PX223373.fasta,162700,162.7,0.163
PX223374,PX223374.fasta,162688,162.69,0.163
PX223375,PX223375.fasta,162297,162.3,0.162
PX223407,PX223407.fasta,153282,153.28,0.153
PX223807,PX223807.fasta,159524,159.52,0.16
PX223808,PX223808.fasta,159597,159.6,0.16
PX223811,PX223811.fasta,159670,159.67,0.16
PX227293,PX227293.fasta,152592,152.59,0.153
PX229811,PX229811.fasta,162425,162.43,0.162
PX229816,PX229816.fasta,162947,162.95,0.163
PX229819,PX229819.fasta,162632,162.63,0.163
PX229822,PX229822.fasta,161624,161.62,0.162
PX229832,PX229832.fasta,160001,160.0,0.16
PX229833,PX229833.fasta,160535,160.53,0.161
PX230047,PX230047.fasta,152737,152.74,0.153
PX230048,PX230048.fasta,152576,152.58,0.153
PX230049,PX230049.fasta,152614,152.61,0.153
PX230050,PX230050.fasta,152560,152.56,0.153
PX230051,PX230051.fasta,152536,152.54,0.153
PX230052,PX230052.fasta,152553,152.55,0.153
PX230053,PX230053.fasta,152634,152.63,0.153
PX230054,PX230054.fasta,152584,152.58,0.153
PX230055,PX230055.fasta,152667,152.67,0.153
PX230056,PX230056.fasta,152702,152.7,0.153
PX233968,PX233968.1.fasta,119056,119.06,0.119
PX236117,PX236117.fasta,152759,152.76,0.153
PX236118,PX236118.fasta,152538,152.54,0.153
PX240012,PX240012.fasta,155184,155.18,0.155
PX240024,PX240024.fasta,155806,155.81,0.156
PX240736,PX240736.fasta,157074,157.07,0.157
PX240752,PX240752.fasta,153483,153.48,0.153
PX240972,PX240972.fasta,153787,153.79,0.154
PX243412,PX243412.fasta,159516,159.52,0.16
PX243413,PX243413.fasta,159604,159.6,0.16
PX244389,PX244389.fasta,150377,150.38,0.15
PX244390,PX244390.fasta,150405,150.41,0.15
PX244391,PX244391.fasta,150313,150.31,0.15
PX244392,PX244392.fasta,152899,152.9,0.153
PX244393,PX244393.fasta,150419,150.42,0.15
PX244394,PX244394.fasta,166371,166.37,0.166
PX244600,PX244600.fasta,153482,153.48,0.153
PX251231,PX251231.fasta,158664,158.66,0.159
PX251583,PX251583.fasta,160131,160.13,0.16
PX251891,PX251891.fasta,156394,156.39,0.156
PX252291,PX252291.fasta,152820,152.82,0.153
PX257354,PX257354.fasta,150152,150.15,0.15
PX260185,PX260185.fasta,150191,150.19,0.15
PX260186,PX260186.fasta,150238,150.24,0.15
PX262287,PX262287.fasta,144174,144.17,0.144
PX275705,PX275705.fasta,154065,154.06,0.154
PX283821,PX283821.fasta,153748,153.75,0.154
PX283822,PX283822.fasta,151844,151.84,0.152
PX284967,PX284967.fasta,153038,153.04,0.153
PX284968,PX284968.fasta,153325,153.32,0.153
PX289723,PX289723.fasta,136462,136.46,0.136
PX289726,PX289726.fasta,136461,136.46,0.136
PX289983,PX289983.fasta,159714,159.71,0.16
PX297336,PX297336.fasta,152512,152.51,0.153
PX297392,PX297392.fasta,152811,152.81,0.153
PX297394,PX297394.fasta,152785,152.78,0.153
PX297398,PX297398.fasta,152791,152.79,0.153
PX297399,PX297399.fasta,152867,152.87,0.153
PX297400,PX297400.fasta,152808,152.81,0.153
PX297404,PX297404.fasta,152744,152.74,0.153
PX297406,PX297406.fasta,152833,152.83,0.153
PX309297,PX309297.fasta,157451,157.45,0.157
PX309299,PX309299.fasta,151032,151.03,0.151
PX309500,PX309500.fasta,157017,157.02,0.157
PX309501,PX309501.fasta,165870,165.87,0.166
PX309502,PX309502.fasta,155570,155.57,0.156
PX309503,PX309503.fasta,159647,159.65,0.16
PX309504,PX309504.fasta,156093,156.09,0.156
PX309505,PX309505.fasta,137153,137.15,0.137
PX309506,PX309506.fasta,156406,156.41,0.156
PX309507,PX309507.fasta,157494,157.49,0.157
PX309508,PX309508.fasta,154541,154.54,0.155
PX309509,PX309509.fasta,154663,154.66,0.155
PX309510,PX309510.fasta,155686,155.69,0.156
PX309511,PX309511.fasta,160230,160.23,0.16
PX309512,PX309512.fasta,152148,152.15,0.152
PX309513,PX309513.fasta,158262,158.26,0.158
PX309514,PX309514.fasta,169382,169.38,0.169
PX309515,PX309515.fasta,154815,154.81,0.155
PX309516,PX309516.fasta,159615,159.62,0.16
PX309517,PX309517.fasta,150127,150.13,0.15
PX309518,PX309518.fasta,155002,155.0,0.155
PX309519,PX309519.fasta,165531,165.53,0.166
PX309520,PX309520.fasta,152284,152.28,0.152
PX309521,PX309521.fasta,157611,157.61,0.158
PX309522,PX309522.fasta,162244,162.24,0.162
PX309523,PX309523.fasta,154184,154.18,0.154
PX309524,PX309524.fasta,155097,155.1,0.155
PX309525,PX309525.fasta,153133,153.13,0.153
PX309526,PX309526.fasta,161697,161.7,0.162
PX309527,PX309527.fasta,176306,176.31,0.176
PX309528,PX309528.fasta,157216,157.22,0.157
PX309529,PX309529.fasta,153061,153.06,0.153
PX309530,PX309530.fasta,143735,143.74,0.144
PX309531,PX309531.fasta,163251,163.25,0.163
PX309532,PX309532.fasta,161561,161.56,0.162
PX309533,PX309533.fasta,154860,154.86,0.155
PX309534,PX309534.fasta,162024,162.02,0.162
PX309535,PX309535.fasta,157952,157.95,0.158
PX309536,PX309536.fasta,163782,163.78,0.164
PX309537,PX309537.fasta,156260,156.26,0.156
PX309538,PX309538.fasta,158896,158.9,0.159
PX309539,PX309539.fasta,161366,161.37,0.161
PX309540,PX309540.fasta,164914,164.91,0.165
PX309541,PX309541.fasta,156842,156.84,0.157
PX309543,PX309543.fasta,159363,159.36,0.159
PX309544,PX309544.fasta,153476,153.48,0.153
PX309545,PX309545.fasta,155279,155.28,0.155
PX315799,PX315799.fasta,167771,167.77,0.168
PX315800,PX315800.fasta,169357,169.36,0.169
PX316406,PX316406.fasta,162738,162.74,0.163
PX316407,PX316407.fasta,158842,158.84,0.159
PX316408,PX316408.fasta,162443,162.44,0.162
PX316409,PX316409.fasta,159415,159.41,0.159
PX316410,PX316410.fasta,163465,163.47,0.163
PX316411,PX316411.fasta,160321,160.32,0.16
PX316412,PX316412.fasta,163582,163.58,0.164
PX316413,PX316413.fasta,169759,169.76,0.17
PX316414,PX316414.fasta,162758,162.76,0.163
PX316520,PX316520.fasta,151054,151.05,0.151
PX316521,PX316521.fasta,152697,152.7,0.153
PX316522,PX316522.fasta,152730,152.73,0.153
PX316523,PX316523.fasta,151105,151.1,0.151
PX316975,PX316975.fasta,153114,153.11,0.153
PX326348,PX326348.fasta,150101,150.1,0.15
PX328981,PX328981.fasta,155176,155.18,0.155
PX328984,PX328984.fasta,156688,156.69,0.157
PX334442,PX334442.fasta,160301,160.3,0.16
PX334443,PX334443.fasta,160355,160.35,0.16
PX334444,PX334444.fasta,160288,160.29,0.16
PX334445,PX334445.fasta,159458,159.46,0.159
PX334446,PX334446.fasta,159735,159.74,0.16
PX334447,PX334447.fasta,160454,160.45,0.16
PX334449,PX334449.fasta,141336,141.34,0.141
PX334450,PX334450.fasta,141370,141.37,0.141
PX334451,PX334451.fasta,141313,141.31,0.141
PX334452,PX334452.fasta,141372,141.37,0.141
PX334453,PX334453.fasta,141337,141.34,0.141
PX334454,PX334454.fasta,141370,141.37,0.141
PX334460,PX334460.fasta,152213,152.21,0.152
PX354551,PX354551.fasta,155392,155.39,0.155
PX355009,PX355009.1.fasta,127490,127.49,0.127
PX355010,PX355010.1.fasta,127653,127.65,0.128
PX355011,PX355011.1.fasta,127730,127.73,0.128
PX355012,PX355012.1.fasta,128155,128.16,0.128
PX355013,PX355013.1.fasta,127074,127.07,0.127
PX355014,PX355014.1.fasta,127174,127.17,0.127
PX355015,PX355015.1.fasta,127107,127.11,0.127
PX355016,PX355016.1.fasta,129175,129.18,0.129
PX355017,PX355017.1.fasta,128082,128.08,0.128
PX355018,PX355018.1.fasta,127816,127.82,0.128
PX363577,PX363577.fasta,152821,152.82,0.153
PX363579,PX363579.fasta,152805,152.81,0.153
PX363582,PX363582.fasta,152788,152.79,0.153
PX367280,PX367280.fasta,139345,139.34,0.139
PX369354,PX369354.fasta,139153,139.15,0.139
PX370050,PX370050.fasta,152892,152.89,0.153
PX370051,PX370051.fasta,152917,152.92,0.153
PX371942,PX371942.1.fasta,250866,250.87,0.251
PX371943,PX371943.1.fasta,169325,169.32,0.169
PX371944,PX371944.1.fasta,173235,173.24,0.173
PX371945,PX371945.1.fasta,144558,144.56,0.145
PX371946,PX371946.1.fasta,150134,150.13,0.15
PX371947,PX371947.1.fasta,147291,147.29,0.147
PX371948,PX371948.1.fasta,267417,267.42,0.267
PX373531,PX373531.fasta,159036,159.04,0.159
PX380619,PX380619.fasta,155790,155.79,0.156
PX380620,PX380620.fasta,157577,157.58,0.158
PX380622,PX380622.fasta,156908,156.91,0.157
PX380623,PX380623.fasta,157027,157.03,0.157
PX380624,PX380624.fasta,154523,154.52,0.155
PX380625,PX380625.fasta,155648,155.65,0.156
PX380626,PX380626.fasta,155884,155.88,0.156
PX380627,PX380627.fasta,155884,155.88,0.156
PX380629,PX380629.fasta,155806,155.81,0.156
PX380630,PX380630.fasta,155748,155.75,0.156
PX380631,PX380631.fasta,155850,155.85,0.156
PX380632,PX380632.fasta,155837,155.84,0.156
PX380633,PX380633.fasta,157297,157.3,0.157
PX380635,PX380635.fasta,155861,155.86,0.156
PX380636,PX380636.fasta,155654,155.65,0.156
PX380637,PX380637.fasta,155866,155.87,0.156
PX380639,PX380639.fasta,156257,156.26,0.156
PX380640,PX380640.fasta,155691,155.69,0.156
PX380641,PX380641.fasta,155573,155.57,0.156
PX380643,PX380643.fasta,154339,154.34,0.154
PX380644,PX380644.fasta,157622,157.62,0.158
PX380645,PX380645.fasta,156755,156.75,0.157
PX380646,PX380646.fasta,155890,155.89,0.156
PX380647,PX380647.fasta,155753,155.75,0.156
PX380648,PX380648.fasta,157159,157.16,0.157
PX380649,PX380649.fasta,155940,155.94,0.156
PX380650,PX380650.fasta,155855,155.85,0.156
PX380651,PX380651.fasta,155915,155.91,0.156
PX380652,PX380652.fasta,156019,156.02,0.156
PX380654,PX380654.fasta,154989,154.99,0.155
PX380655,PX380655.fasta,154228,154.23,0.154
PX380656,PX380656.fasta,154235,154.24,0.154
PX380657,PX380657.fasta,154314,154.31,0.154
PX380658,PX380658.fasta,154296,154.3,0.154
PX380659,PX380659.fasta,153830,153.83,0.154
PX380660,PX380660.fasta,154320,154.32,0.154
PX380666,PX380666.fasta,154149,154.15,0.154
PX380667,PX380667.fasta,154147,154.15,0.154
PX380668,PX380668.fasta,153936,153.94,0.154
PX380669,PX380669.fasta,153769,153.77,0.154
PX380670,PX380670.fasta,154137,154.14,0.154
PX380671,PX380671.fasta,154222,154.22,0.154
PX380672,PX380672.fasta,154145,154.15,0.154
PX380673,PX380673.fasta,154177,154.18,0.154
PX380676,PX380676.fasta,154210,154.21,0.154
PX380677,PX380677.fasta,154221,154.22,0.154
PX380678,PX380678.fasta,157326,157.33,0.157
PX388148,PX388148.fasta,153190,153.19,0.153
PX389917,PX389917.fasta,140453,140.45,0.14
PX390200,PX390200.fasta,151215,151.22,0.151
PX393107,PX393107.fasta,158414,158.41,0.158
PX394256,PX394256.fasta,151140,151.14,0.151
PX394257,PX394257.fasta,151812,151.81,0.152
PX394258,PX394258.fasta,163218,163.22,0.163
PX394520,PX394520.fasta,151043,151.04,0.151
PX394654,PX394654.fasta,154460,154.46,0.154
PX394660,PX394660.fasta,161545,161.54,0.162
PX395651,PX395651.fasta,155539,155.54,0.156
PX395654,PX395654.fasta,155893,155.89,0.156
PX395922,PX395922.fasta,160140,160.14,0.16
PX395923,PX395923.fasta,160593,160.59,0.161
PX395924,PX395924.fasta,159245,159.25,0.159
PX395925,PX395925.fasta,160535,160.53,0.161
PX396002,PX396002.fasta,159134,159.13,0.159
PX396003,PX396003.fasta,159510,159.51,0.16
PX396005,PX396005.fasta,159123,159.12,0.159
PX396006,PX396006.fasta,132800,132.8,0.133
PX396007,PX396007.fasta,159032,159.03,0.159
PX396008,PX396008.fasta,159804,159.8,0.16
PX396009,PX396009.fasta,158899,158.9,0.159
PX396010,PX396010.fasta,159228,159.23,0.159
PX396011,PX396011.fasta,158757,158.76,0.159
PX396012,PX396012.fasta,159143,159.14,0.159
PX396014,PX396014.fasta,159085,159.09,0.159
PX396015,PX396015.fasta,158794,158.79,0.159
PX396016,PX396016.fasta,159034,159.03,0.159
PX396017,PX396017.fasta,158227,158.23,0.158
PX396018,PX396018.fasta,158873,158.87,0.159
PX396019,PX396019.fasta,159035,159.03,0.159
PX396020,PX396020.fasta,158106,158.11,0.158
PX396021,PX396021.fasta,159035,159.03,0.159
PX396022,PX396022.fasta,159154,159.15,0.159
PX396023,PX396023.fasta,159002,159.0,0.159
PX396024,PX396024.fasta,159199,159.2,0.159
PX398768,PX398768.fasta,148086,148.09,0.148
PX399453,PX399453.fasta,169027,169.03,0.169
PX400300,PX400300.fasta,163314,163.31,0.163
PX400301,PX400301.fasta,156591,156.59,0.157
PX404588,PX404588.fasta,159843,159.84,0.16
PX406250,PX406250.fasta,153600,153.6,0.154
PX406251,PX406251.fasta,152198,152.2,0.152
PX406252,PX406252.fasta,153570,153.57,0.154
PX406253,PX406253.fasta,152397,152.4,0.152
PX406254,PX406254.fasta,155878,155.88,0.156
PX406255,PX406255.fasta,153202,153.2,0.153
PX406256,PX406256.fasta,154636,154.64,0.155
PX406257,PX406257.fasta,154814,154.81,0.155
PX406258,PX406258.fasta,153199,153.2,0.153
PX406260,PX406260.fasta,150169,150.17,0.15
PX409047,PX409047.fasta,156275,156.28,0.156
PX409048,PX409048.fasta,156273,156.27,0.156
PX409049,PX409049.fasta,156336,156.34,0.156
PX409050,PX409050.fasta,156395,156.4,0.156
PX409051,PX409051.fasta,156266,156.27,0.156
PX411857,PX411857.fasta,167691,167.69,0.168
PX412911,PX412911.fasta,163015,163.01,0.163
PX413109,PX413109.1.fasta,202212,202.21,0.202
PX413282,PX413282.fasta,159664,159.66,0.16
PX413283,PX413283.fasta,159782,159.78,0.16
PX413284,PX413284.fasta,159771,159.77,0.16
PX413285,PX413285.fasta,159858,159.86,0.16
PX413287,PX413287.fasta,159826,159.83,0.16
PX413288,PX413288.fasta,159805,159.81,0.16
PX413289,PX413289.fasta,159973,159.97,0.16
PX413290,PX413290.fasta,159858,159.86,0.16
PX413291,PX413291.fasta,159807,159.81,0.16
PX413292,PX413292.fasta,159882,159.88,0.16
PX413293,PX413293.fasta,159815,159.81,0.16
PX413298,PX413298.fasta,159771,159.77,0.16
PX413299,PX413299.fasta,159811,159.81,0.16
PX414090,PX414090.fasta,156038,156.04,0.156
PX414094,PX414094.fasta,156248,156.25,0.156
PX414095,PX414095.fasta,156121,156.12,0.156
PX414097,PX414097.fasta,155291,155.29,0.155
PX414100,PX414100.fasta,156013,156.01,0.156
PX414104,PX414104.fasta,155388,155.39,0.155
PX421529,PX421529.1.fasta,120580,120.58,0.121
PX421530,PX421530.1.fasta,123576,123.58,0.124
PX421531,PX421531.1.fasta,125931,125.93,0.126
PX421532,PX421532.1.fasta,126538,126.54,0.127
PX421566,PX421566.fasta,151306,151.31,0.151
PX421575,PX421575.fasta,157840,157.84,0.158
PX422680,PX422680.fasta,153584,153.58,0.154
PX425319,PX425319.fasta,155302,155.3,0.155
PX425320,PX425320.fasta,155211,155.21,0.155
PX425321,PX425321.fasta,155161,155.16,0.155
PX425322,PX425322.fasta,155156,155.16,0.155
PX427673,PX427673.fasta,149050,149.05,0.149
PX427674,PX427674.fasta,149054,149.05,0.149
PX427808,PX427808.fasta,139461,139.46,0.139
PX427815,PX427815.fasta,152155,152.16,0.152
PX427817,PX427817.fasta,152065,152.06,0.152
PX427819,PX427819.fasta,151858,151.86,0.152
PX427820,PX427820.fasta,152896,152.9,0.153
PX427821,PX427821.fasta,152060,152.06,0.152
PX427823,PX427823.fasta,152046,152.05,0.152
PX427826,PX427826.fasta,152116,152.12,0.152
PX427827,PX427827.fasta,151599,151.6,0.152
PX427828,PX427828.fasta,151071,151.07,0.151
PX427831,PX427831.fasta,152075,152.07,0.152
PX427833,PX427833.fasta,151705,151.71,0.152
PX427834,PX427834.fasta,151996,152.0,0.152
PX427837,PX427837.fasta,151701,151.7,0.152
PX427838,PX427838.fasta,152116,152.12,0.152
PX427839,PX427839.fasta,151073,151.07,0.151
PX427840,PX427840.fasta,151573,151.57,0.152
PX427841,PX427841.fasta,151973,151.97,0.152
PX430557,PX430557.fasta,163321,163.32,0.163
PX436092,PX436092.fasta,149956,149.96,0.15
PX436093,PX436093.fasta,148994,148.99,0.149
PX436094,PX436094.fasta,149052,149.05,0.149
PX436132,PX436132.fasta,152621,152.62,0.153
PX438587,PX438587.fasta,152283,152.28,0.152
PX438801,PX438801.fasta,163911,163.91,0.164
PX501750,PX501750.fasta,159073,159.07,0.159
PX501751,PX501751.fasta,158985,158.99,0.159
PX501752,PX501752.fasta,177536,177.54,0.178
PX501753,PX501753.fasta,159072,159.07,0.159
PX501754,PX501754.fasta,159362,159.36,0.159
PX501755,PX501755.fasta,160650,160.65,0.161
PX501756,PX501756.fasta,149201,149.2,0.149
PX501757,PX501757.fasta,152982,152.98,0.153
PX501758,PX501758.fasta,153383,153.38,0.153
PX501760,PX501760.fasta,162782,162.78,0.163
PX501761,PX501761.fasta,153434,153.43,0.153
PX501762,PX501762.fasta,153144,153.14,0.153
PX501763,PX501763.fasta,160666,160.67,0.161
PX501764,PX501764.fasta,159073,159.07,0.159
PX502309,PX502309.fasta,147236,147.24,0.147
PX503656,PX503656.fasta,160441,160.44,0.16
PX503672,PX503672.fasta,150582,150.58,0.151
PX504240,PX504240.fasta,154358,154.36,0.154
PX505290,PX505290.fasta,153203,153.2,0.153
PX505291,PX505291.fasta,153547,153.55,0.154
PX505292,PX505292.fasta,153198,153.2,0.153
PX505293,PX505293.fasta,153577,153.58,0.154
PX505294,PX505294.fasta,153198,153.2,0.153
PX505513,PX505513.fasta,153453,153.45,0.153
PX505514,PX505514.fasta,152390,152.39,0.152
PX505515,PX505515.fasta,152517,152.52,0.153
PX505516,PX505516.fasta,152391,152.39,0.152
PX505517,PX505517.fasta,153550,153.55,0.154
PX505518,PX505518.fasta,152396,152.4,0.152
PX505519,PX505519.fasta,152410,152.41,0.152
PX505520,PX505520.fasta,153002,153.0,0.153
PX505521,PX505521.fasta,150612,150.61,0.151
PX505522,PX505522.fasta,151278,151.28,0.151
PX505523,PX505523.fasta,151296,151.3,0.151
PX505525,PX505525.fasta,155046,155.05,0.155
PX508261,PX508261.fasta,123115,123.11,0.123
PX508299,PX508299.fasta,175133,175.13,0.175
PX508303,PX508303.fasta,155087,155.09,0.155
PX508913,PX508913.fasta,152964,152.96,0.153
PX508916,PX508916.fasta,154668,154.67,0.155
PX508951,PX508951.fasta,169569,169.57,0.17
PX509271,PX509271.fasta,152958,152.96,0.153
PX512360,PX512360.1.fasta,184093,184.09,0.184
PX512361,PX512361.1.fasta,184793,184.79,0.185
PX512362,PX512362.1.fasta,197076,197.08,0.197
PX512363,PX512363.1.fasta,185496,185.5,0.185
PX512378,PX512378.fasta,154987,154.99,0.155
PX512379,PX512379.fasta,160879,160.88,0.161
PX512474,PX512474.fasta,122708,122.71,0.123
PX512475,PX512475.fasta,154793,154.79,0.155
PX512476,PX512476.fasta,154872,154.87,0.155
PX512477,PX512477.fasta,154680,154.68,0.155
PX512535,PX512535.1.fasta,186201,186.2,0.186
PX512536,PX512536.1.fasta,178665,178.66,0.179
PX512537,PX512537.1.fasta,175331,175.33,0.175
PX512538,PX512538.1.fasta,175332,175.33,0.175
PX512539,PX512539.1.fasta,186257,186.26,0.186
PX512540,PX512540.1.fasta,180843,180.84,0.181
PX512541,PX512541.1.fasta,171270,171.27,0.171
PX512542,PX512542.1.fasta,166932,166.93,0.167
PX512543,PX512543.1.fasta,168159,168.16,0.168
PX512544,PX512544.1.fasta,168103,168.1,0.168
PX512545,PX512545.1.fasta,171509,171.51,0.172
PX512546,PX512546.1.fasta,186093,186.09,0.186
PX512547,PX512547.1.fasta,170796,170.8,0.171
PX512548,PX512548.1.fasta,203945,203.94,0.204
PX512549,PX512549.1.fasta,208184,208.18,0.208
PX512550,PX512550.1.fasta,179623,179.62,0.18
PX512551,PX512551.1.fasta,167559,167.56,0.168
PX512552,PX512552.1.fasta,167578,167.58,0.168
PX512553,PX512553.1.fasta,166827,166.83,0.167
PX512554,PX512554.1.fasta,198867,198.87,0.199
PX512555,PX512555.1.fasta,200459,200.46,0.2
PX512556,PX512556.1.fasta,193431,193.43,0.193
PX512557,PX512557.1.fasta,242214,242.21,0.242
PX512558,PX512558.1.fasta,208400,208.4,0.208
PX512559,PX512559.1.fasta,208308,208.31,0.208
PX512671,PX512671.1.fasta,298895,298.89,0.299
PX512672,PX512672.1.fasta,552967,552.97,0.553
PX512673,PX512673.1.fasta,553457,553.46,0.553
PX512824,PX512824.fasta,154508,154.51,0.155
PX516262,PX516262.fasta,152471,152.47,0.152
PX516301,PX516301.fasta,151547,151.55,0.152
PX523131,PX523131.fasta,164605,164.6,0.165
PX526263,PX526263.fasta,153041,153.04,0.153
PX527522,PX527522.fasta,159208,159.21,0.159
PX530810,PX530810.fasta,158611,158.61,0.159
PX547999,PX547999.fasta,155315,155.31,0.155
PX548365,PX548365.fasta,150870,150.87,0.151
PX549371,PX549371.fasta,167769,167.77,0.168
PX549372,PX549372.fasta,167342,167.34,0.167
PX549438,PX549438.fasta,147679,147.68,0.148
PX549439,PX549439.fasta,147663,147.66,0.148
PX549440,PX549440.fasta,148149,148.15,0.148
PX549441,PX549441.fasta,147426,147.43,0.147
PX549442,PX549442.fasta,147572,147.57,0.148
PX549443,PX549443.fasta,147691,147.69,0.148
PX549444,PX549444.fasta,147995,148.0,0.148
PX549445,PX549445.fasta,148315,148.31,0.148
PX549447,PX549447.fasta,148074,148.07,0.148
PX549448,PX549448.fasta,147087,147.09,0.147
PX549449,PX549449.fasta,157461,157.46,0.157
PX549914,PX549914.fasta,151013,151.01,0.151
PX552231,PX552231.fasta,158345,158.34,0.158
PX562731,PX562731.fasta,151051,151.05,0.151
PX562783,PX562783.fasta,156969,156.97,0.157
PX562784,PX562784.fasta,160255,160.25,0.16
PX562857,PX562857.fasta,159374,159.37,0.159
PX569150,PX569150.fasta,169893,169.89,0.17
PX569468,PX569468.fasta,151323,151.32,0.151
PX570609,PX570609.fasta,163988,163.99,0.164
PX570610,PX570610.fasta,151409,151.41,0.151
PX570735,PX570735.fasta,144261,144.26,0.144
PX571100,PX571100.fasta,155835,155.84,0.156
PX582131,PX582131.fasta,171802,171.8,0.172
PX582132,PX582132.fasta,171644,171.64,0.172
PX591007,PX591007.fasta,151073,151.07,0.151
PX591894,PX591894.fasta,156149,156.15,0.156
PX593256,PX593256.fasta,152251,152.25,0.152
PX593257,PX593257.fasta,152223,152.22,0.152
PX619179,PX619179.fasta,159684,159.68,0.16
PX633638,PX633638.fasta,162041,162.04,0.162
PX641347,PX641347.fasta,154967,154.97,0.155
PX641352,PX641352.fasta,154892,154.89,0.155
PX644693,PX644693.fasta,160349,160.35,0.16
PX644753,PX644753.fasta,157381,157.38,0.157
PX644754,PX644754.fasta,157642,157.64,0.158
PX644816,PX644816.fasta,153918,153.92,0.154
PX644817,PX644817.fasta,154117,154.12,0.154
PX645512,PX645512.fasta,152451,152.45,0.152
PX645513,PX645513.fasta,156361,156.36,0.156
PX647581,PX647581.fasta,150581,150.58,0.151
PX648170,PX648170.fasta,152685,152.69,0.153
PX648172,PX648172.fasta,152393,152.39,0.152
PX648173,PX648173.fasta,152418,152.42,0.152
PX648174,PX648174.fasta,152650,152.65,0.153
PX648175,PX648175.fasta,152851,152.85,0.153
PX648185,PX648185.fasta,152709,152.71,0.153
PX648295,PX648295.fasta,146837,146.84,0.147
PX651954,PX651954.fasta,151215,151.22,0.151
PX652177,PX652177.fasta,135066,135.07,0.135
PX652196,PX652196.fasta,122540,122.54,0.123
PX652373,PX652373.fasta,150538,150.54,0.151
PX652374,PX652374.fasta,150430,150.43,0.15
PX652375,PX652375.fasta,150575,150.57,0.151
PX659751,PX659751.fasta,150441,150.44,0.15
PX659753,PX659753.fasta,150490,150.49,0.15
PX659840,PX659840.fasta,150989,150.99,0.151
PX659841,PX659841.fasta,150811,150.81,0.151
PX659842,PX659842.fasta,124578,124.58,0.125
PX665995,PX665995.fasta,157489,157.49,0.157
PX666000,PX666000.fasta,151270,151.27,0.151
PX666003,PX666003.fasta,151321,151.32,0.151
PX666086,PX666086.fasta,151180,151.18,0.151
PX666091,PX666091.fasta,178282,178.28,0.178
PX672992,PX672992.fasta,139666,139.67,0.14
PX673137,PX673137.fasta,132781,132.78,0.133
PX673849,PX673849.fasta,158284,158.28,0.158
PX673853,PX673853.fasta,159682,159.68,0.16
PX673854,PX673854.fasta,151580,151.58,0.152
PX673993,PX673993.fasta,146244,146.24,0.146
PX673994,PX673994.1.fasta,139868,139.87,0.14
PX682254,PX682254.fasta,156009,156.01,0.156
PX682502,PX682502.fasta,152012,152.01,0.152
PX683778,PX683778.fasta,172779,172.78,0.173
PX683780,PX683780.fasta,151075,151.07,0.151
PX686326,PX686326.fasta,156515,156.51,0.157
PX686327,PX686327.fasta,155922,155.92,0.156
PX686328,PX686328.fasta,156111,156.11,0.156
PX686329,PX686329.fasta,155711,155.71,0.156
PX686330,PX686330.fasta,157328,157.33,0.157
PX686331,PX686331.fasta,155752,155.75,0.156
PX686332,PX686332.fasta,154080,154.08,0.154
PX686333,PX686333.fasta,154280,154.28,0.154
PX686334,PX686334.fasta,155984,155.98,0.156
PX686335,PX686335.fasta,158085,158.09,0.158
PX694235,PX694235.fasta,160530,160.53,0.161
PX694236,PX694236.fasta,160280,160.28,0.16
PX694237,PX694237.fasta,163121,163.12,0.163
PX694238,PX694238.fasta,161960,161.96,0.162
PX694239,PX694239.fasta,161868,161.87,0.162
PX694241,PX694241.fasta,161061,161.06,0.161
PX694242,PX694242.fasta,160502,160.5,0.161
PX694243,PX694243.fasta,160549,160.55,0.161
PX694244,PX694244.fasta,162159,162.16,0.162
PX694246,PX694246.fasta,163047,163.05,0.163
PX694247,PX694247.fasta,161092,161.09,0.161
PX694248,PX694248.fasta,161856,161.86,0.162
PX694249,PX694249.fasta,162256,162.26,0.162
PX694252,PX694252.fasta,161038,161.04,0.161
PX694255,PX694255.fasta,160357,160.36,0.16
PX694256,PX694256.fasta,160068,160.07,0.16
PX694257,PX694257.fasta,161249,161.25,0.161
PX694259,PX694259.fasta,161058,161.06,0.161
PX694260,PX694260.fasta,161730,161.73,0.162
PX694261,PX694261.fasta,160899,160.9,0.161
PX694262,PX694262.fasta,160233,160.23,0.16
PX694264,PX694264.fasta,163597,163.6,0.164
PX694265,PX694265.fasta,160902,160.9,0.161
PX694266,PX694266.fasta,160324,160.32,0.16
PX694267,PX694267.fasta,160182,160.18,0.16
PX694268,PX694268.fasta,160223,160.22,0.16
PX694279,PX694279.fasta,161249,161.25,0.161
PX696630,PX696630.fasta,160188,160.19,0.16
PX696641,PX696641.fasta,160239,160.24,0.16
PX696961,PX696961.fasta,158101,158.1,0.158
PX696983,PX696983.fasta,161009,161.01,0.161
PX697006,PX697006.fasta,177025,177.03,0.177
PX703143,PX703143.1.fasta,137379,137.38,0.137
PX703144,PX703144.1.fasta,137564,137.56,0.138
PX703145,PX703145.1.fasta,137571,137.57,0.138
PX703146,PX703146.1.fasta,137267,137.27,0.137
PX703147,PX703147.1.fasta,137678,137.68,0.138
PX703148,PX703148.1.fasta,137678,137.68,0.138
PX703149,PX703149.1.fasta,137347,137.35,0.137
PX703150,PX703150.1.fasta,137345,137.34,0.137
PX703151,PX703151.1.fasta,138156,138.16,0.138
PX703152,PX703152.1.fasta,137743,137.74,0.138
PX703153,PX703153.1.fasta,137939,137.94,0.138
PX703154,PX703154.1.fasta,137631,137.63,0.138
PX703155,PX703155.1.fasta,137554,137.55,0.138
PX703156,PX703156.1.fasta,137574,137.57,0.138
PX703157,PX703157.1.fasta,138005,138.0,0.138
PX703158,PX703158.1.fasta,137841,137.84,0.138
PX703159,PX703159.1.fasta,137809,137.81,0.138
PX703160,PX703160.1.fasta,137809,137.81,0.138
PX703161,PX703161.1.fasta,137841,137.84,0.138
PX703162,PX703162.1.fasta,137842,137.84,0.138
PX703163,PX703163.1.fasta,137500,137.5,0.138
PX705446,PX705446.fasta,160564,160.56,0.161
PX710723,PX710723.fasta,168728,168.73,0.169
PX710923,PX710923.fasta,156331,156.33,0.156
PX711948,PX711948.fasta,123542,123.54,0.124
PX711949,PX711949.fasta,123551,123.55,0.124
PX712069,PX712069.fasta,177210,177.21,0.177
PX712345,PX712345.fasta,159826,159.83,0.16
PX724625,PX724625.fasta,157887,157.89,0.158
PX724626,PX724626.fasta,158081,158.08,0.158
PX724627,PX724627.fasta,158357,158.36,0.158
PX724628,PX724628.fasta,158113,158.11,0.158
PX724629,PX724629.fasta,158113,158.11,0.158
PX724630,PX724630.fasta,158072,158.07,0.158
PX724631,PX724631.fasta,158116,158.12,0.158
PX724908,PX724908.fasta,158077,158.08,0.158
PX733921,PX733921.fasta,152709,152.71,0.153
PX733922,PX733922.fasta,152574,152.57,0.153
PX733955,PX733955.fasta,134502,134.5,0.135
PX741072,PX741072.fasta,153158,153.16,0.153
PX752859,PX752859.fasta,153250,153.25,0.153
PX752860,PX752860.fasta,151979,151.98,0.152
PX752861,PX752861.fasta,153186,153.19,0.153
PX752862,PX752862.fasta,152601,152.6,0.153
PX752863,PX752863.fasta,152807,152.81,0.153
PX752864,PX752864.fasta,153228,153.23,0.153
PX753853,PX753853.fasta,156086,156.09,0.156
PX754132,PX754132.fasta,156507,156.51,0.157
PX754581,PX754581.fasta,124633,124.63,0.125
PX754582,PX754582.fasta,123600,123.6,0.124
PX759427,PX759427.fasta,152394,152.39,0.152
PX763611,PX763611.1.fasta,160125,160.12,0.16
PX763726,PX763726.fasta,160107,160.11,0.16
PX763733,PX763733.fasta,160136,160.14,0.16
PX763757,PX763757.fasta,160138,160.14,0.16
PX763759,PX763759.fasta,160080,160.08,0.16
PX763804,PX763804.fasta,160238,160.24,0.16
PX763818,PX763818.fasta,160239,160.24,0.16
PX763841,PX763841.fasta,160232,160.23,0.16
PX763850,PX763850.fasta,159857,159.86,0.16
PX763876,PX763876.fasta,160246,160.25,0.16
PX763891,PX763891.fasta,160069,160.07,0.16
PX763892,PX763892.fasta,160212,160.21,0.16
PX763895,PX763895.fasta,160213,160.21,0.16
PX763903,PX763903.fasta,160213,160.21,0.16
PX764269,PX764269.fasta,152370,152.37,0.152
PX769913,PX769913.fasta,170657,170.66,0.171
PX776076,PX776076.fasta,151098,151.1,0.151
PX776077,PX776077.fasta,150202,150.2,0.15
PX776078,PX776078.fasta,151159,151.16,0.151
PX776104,PX776104.fasta,159262,159.26,0.159
PX776204,PX776204.fasta,148531,148.53,0.149
PX776205,PX776205.fasta,151146,151.15,0.151
PX776206,PX776206.fasta,150129,150.13,0.15
PX776207,PX776207.fasta,154062,154.06,0.154
PX776208,PX776208.fasta,151857,151.86,0.152
PX776209,PX776209.fasta,151168,151.17,0.151
PX776210,PX776210.fasta,149113,149.11,0.149
PX776211,PX776211.fasta,146134,146.13,0.146
PX776296,PX776296.fasta,160317,160.32,0.16
PX776348,PX776348.fasta,152716,152.72,0.153
PX778779,PX778779.fasta,154842,154.84,0.155
PX781195,PX781195.fasta,158062,158.06,0.158
PX781441,PX781441.fasta,157327,157.33,0.157
PX794969,PX794969.fasta,135080,135.08,0.135
PX794973,PX794973.fasta,135178,135.18,0.135
PX794984,PX794984.fasta,135164,135.16,0.135
PX794996,PX794996.fasta,135039,135.04,0.135
PX794999,PX794999.fasta,135080,135.08,0.135
PX795004,PX795004.fasta,135092,135.09,0.135
PX795008,PX795008.fasta,135052,135.05,0.135
PX797413,PX797413.fasta,147365,147.37,0.147
PX797483,PX797483.fasta,158990,158.99,0.159
PX797484,PX797484.fasta,157887,157.89,0.158
PX800900,PX800900.fasta,160302,160.3,0.16
PX802351,PX802351.fasta,165509,165.51,0.166
PX804860,PX804860.fasta,155029,155.03,0.155
PX804935,PX804935.fasta,159915,159.91,0.16
PX804936,PX804936.fasta,172957,172.96,0.173
PX826413,PX826413.1.fasta,122329,122.33,0.122
PX828354,PX828354.fasta,156557,156.56,0.157
PX828355,PX828355.fasta,156112,156.11,0.156
PX828356,PX828356.fasta,156127,156.13,0.156
PX828357,PX828357.fasta,157197,157.2,0.157
PX828358,PX828358.fasta,157573,157.57,0.158
PX828359,PX828359.fasta,157622,157.62,0.158
PX831860,PX831860.fasta,152368,152.37,0.152
PX833238,PX833238.fasta,160037,160.04,0.16
PX833239,PX833239.fasta,160107,160.11,0.16
PX833240,PX833240.fasta,160230,160.23,0.16
PX833242,PX833242.fasta,160169,160.17,0.16
PX833244,PX833244.fasta,160113,160.11,0.16
PX833245,PX833245.fasta,160230,160.23,0.16
PX833246,PX833246.fasta,159846,159.85,0.16
PX833247,PX833247.fasta,160136,160.14,0.16
PX833249,PX833249.fasta,160200,160.2,0.16
PX833250,PX833250.fasta,160095,160.09,0.16
PX833251,PX833251.fasta,160107,160.11,0.16
PX833257,PX833257.fasta,179466,179.47,0.179
PX842504,PX842504.fasta,152334,152.33,0.152
PX843639,PX843639.fasta,151876,151.88,0.152
PX851737,PX851737.fasta,157098,157.1,0.157
PX851741,PX851741.fasta,156071,156.07,0.156
PX852198,PX852198.fasta,173034,173.03,0.173
PX870151,PX870151.fasta,159700,159.7,0.16
PX870152,PX870152.fasta,159971,159.97,0.16
PX870807,PX870807.fasta,152262,152.26,0.152
PX872517,PX872517.fasta,161837,161.84,0.162
PX872519,PX872519.fasta,157171,157.17,0.157
PX872556,PX872556.fasta,171894,171.89,0.172
PX878715,PX878715.fasta,153538,153.54,0.154
PX878805,PX878805.fasta,125934,125.93,0.126
PX878886,PX878886.fasta,160499,160.5,0.16
PX891042,PX891042.fasta,156899,156.9,0.157
PX893070,PX893070.1.fasta,153924,153.92,0.154
PX893663,PX893663.fasta,156957,156.96,0.157
PX899747,PX899747.fasta,170565,170.56,0.171
PX899748,PX899748.fasta,166885,166.88,0.167
PX904544,PX904544.fasta,154509,154.51,0.155
PX910022,PX910022.fasta,151387,151.39,0.151
PX910298,PX910298.fasta,154324,154.32,0.154
PX910299,PX910299.fasta,153209,153.21,0.153
PX911599,PX911599.fasta,158873,158.87,0.159
PX915248,PX915248.fasta,152298,152.3,0.152
PX915249,PX915249.fasta,151365,151.37,0.151
PX915357,PX915357.fasta,126042,126.04,0.126
PX915360,PX915360.fasta,126239,126.24,0.126
PX921620,PX921620.fasta,156475,156.47,0.156
PX921649,PX921649.fasta,151538,151.54,0.152
PX921675,PX921675.fasta,143072,143.07,0.143
PX922769,PX922769.fasta,158365,158.37,0.158
PX923121,PX923121.fasta,152544,152.54,0.153
PX924388,PX924388.fasta,152227,152.23,0.152
PX924389,PX924389.fasta,152061,152.06,0.152
PX924390,PX924390.fasta,152973,152.97,0.153
PX924391,PX924391.fasta,152860,152.86,0.153
PX924392,PX924392.fasta,152236,152.24,0.152
PX924887,PX924887.fasta,157059,157.06,0.157
PX926115,PX926115.fasta,153978,153.98,0.154
PX926796,PX926796.fasta,160683,160.68,0.161
PX926898,PX926898.fasta,152515,152.51,0.153
PX927066,PX927066.fasta,157356,157.36,0.157
PX928789,PX928789.fasta,150880,150.88,0.151
PX928918,PX928918.fasta,122316,122.32,0.122
PX929580,PX929580.fasta,155265,155.26,0.155
PX929666,PX929666.fasta,149186,149.19,0.149
PX932178,PX932178.fasta,159656,159.66,0.16
PX933205,PX933205.1.fasta,119298,119.3,0.119
PX933206,PX933206.1.fasta,119298,119.3,0.119
PX939352,PX939352.fasta,151155,151.16,0.151
PX939970,PX939970.fasta,126924,126.92,0.127
PX943416,PX943416.fasta,134963,134.96,0.135
PX957146,PX957146.fasta,158685,158.69,0.159
PX957237,PX957237.fasta,156983,156.98,0.157
PX957621,PX957621.fasta,150404,150.4,0.15
PX959571,PX959571.fasta,163177,163.18,0.163
PX959588,PX959588.fasta,162913,162.91,0.163
PX961799,PX961799.fasta,159238,159.24,0.159
PX969651,PX969651.fasta,161277,161.28,0.161
PX969653,PX969653.fasta,152555,152.56,0.153
PX969667,PX969667.fasta,152039,152.04,0.152
PX971186,PX971186.fasta,155671,155.67,0.156
PX971240,PX971240.fasta,152149,152.15,0.152
PX971241,PX971241.fasta,152131,152.13,0.152
PX971242,PX971242.fasta,152084,152.08,0.152
PX971243,PX971243.fasta,152045,152.04,0.152
PX971244,PX971244.fasta,151340,151.34,0.151
PX971245,PX971245.fasta,151384,151.38,0.151
PX971246,PX971246.fasta,151338,151.34,0.151
PX971247,PX971247.fasta,151311,151.31,0.151
PX971248,PX971248.fasta,151218,151.22,0.151
PX971249,PX971249.fasta,151058,151.06,0.151
PX972515,PX972515.fasta,125075,125.08,0.125
PX972516,PX972516.fasta,125251,125.25,0.125
PX975500,PX975500.fasta,160787,160.79,0.161
PX975501,PX975501.fasta,160849,160.85,0.161
PX975914,PX975914.fasta,135766,135.77,0.136
PX975915,PX975915.fasta,135776,135.78,0.136
PX975916,PX975916.fasta,135711,135.71,0.136
PX975918,PX975918.fasta,135902,135.9,0.136
PX975920,PX975920.fasta,135922,135.92,0.136
PX975921,PX975921.fasta,135449,135.45,0.135
PX977793,PX977793.fasta,152414,152.41,0.152
PX977812,PX977812.1.fasta,155362,155.36,0.155
PX980496,PX980496.fasta,176619,176.62,0.177
PX984400,PX984400.fasta,150781,150.78,0.151
PX987619,PX987619.fasta,162312,162.31,0.162
PX987620,PX987620.fasta,163763,163.76,0.164
PX991867,PX991867.fasta,156695,156.69,0.157
PX993303,PX993303.fasta,152228,152.23,0.152
PX999251,PX999251.fasta,122847,122.85,0.123
PX999252,PX999252.fasta,123478,123.48,0.123
PX999253,PX999253.fasta,124682,124.68,0.125
PX999255,PX999255.fasta,122187,122.19,0.122
PX999661,PX999661.fasta,154573,154.57,0.155
PZ011229,PZ011229.fasta,163780,163.78,0.164
PZ011248,PZ011248.fasta,155890,155.89,0.156
PZ011249,PZ011249.fasta,152183,152.18,0.152
PZ015912,PZ015912.fasta,153521,153.52,0.154
PZ015913,PZ015913.fasta,153076,153.08,0.153
PZ015914,PZ015914.fasta,152127,152.13,0.152
PZ015915,PZ015915.fasta,152029,152.03,0.152
PZ015916,PZ015916.fasta,153478,153.48,0.153
PZ015917,PZ015917.fasta,152938,152.94,0.153
PZ015918,PZ015918.fasta,153513,153.51,0.154
PZ015919,PZ015919.fasta,153281,153.28,0.153
PZ015920,PZ015920.fasta,153082,153.08,0.153
PZ015921,PZ015921.fasta,153315,153.31,0.153
PZ015922,PZ015922.fasta,152759,152.76,0.153
PZ015923,PZ015923.fasta,153271,153.27,0.153
PZ033175,PZ033175.fasta,153673,153.67,0.154
PZ033183,PZ033183.fasta,156404,156.4,0.156
PZ054906,PZ054906.fasta,156613,156.61,0.157
PZ054916,PZ054916.fasta,153290,153.29,0.153
PZ054917,PZ054917.fasta,161655,161.66,0.162
PZ055112,PZ055112.fasta,150474,150.47,0.15
PZ055524,PZ055524.fasta,160528,160.53,0.161
PZ059920,PZ059920.fasta,160933,160.93,0.161
PZ087074,PZ087074.fasta,158013,158.01,0.158
PZ091436,PZ091436.fasta,155821,155.82,0.156
PZ094841,PZ094841.fasta,150911,150.91,0.151
PZ094977,PZ094977.fasta,144811,144.81,0.145
PZ094978,PZ094978.1.fasta,124702,124.7,0.125
PZ094979,PZ094979.fasta,154550,154.55,0.155
PZ094980,PZ094980.fasta,155512,155.51,0.156
PZ094981,PZ094981.fasta,155430,155.43,0.155
PZ094982,PZ094982.fasta,158514,158.51,0.159
PZ094983,PZ094983.fasta,158429,158.43,0.158
PZ094984,PZ094984.fasta,160640,160.64,0.161
PZ094985,PZ094985.fasta,160524,160.52,0.161
PZ094986,PZ094986.fasta,160629,160.63,0.161
PZ094987,PZ094987.fasta,160438,160.44,0.16
PZ094988,PZ094988.fasta,160560,160.56,0.161
PZ094989,PZ094989.fasta,160624,160.62,0.161
PZ094990,PZ094990.fasta,160309,160.31,0.16
PZ094991,PZ094991.fasta,160284,160.28,0.16
PZ094992,PZ094992.fasta,160405,160.41,0.16
PZ094993,PZ094993.fasta,131295,131.29,0.131
PZ095193,PZ095193.fasta,144735,144.74,0.145
PZ095194,PZ095194.fasta,144812,144.81,0.145
PZ095195,PZ095195.fasta,144829,144.83,0.145
PZ095197,PZ095197.fasta,144811,144.81,0.145
PZ095198,PZ095198.fasta,122518,122.52,0.123
PZ095199,PZ095199.fasta,155145,155.15,0.155
PZ095200,PZ095200.fasta,155895,155.9,0.156
PZ095202,PZ095202.fasta,157180,157.18,0.157
PZ095203,PZ095203.fasta,154796,154.8,0.155
PZ095204,PZ095204.fasta,156282,156.28,0.156
PZ095205,PZ095205.fasta,133171,133.17,0.133
PZ095206,PZ095206.fasta,160223,160.22,0.16
PZ096696,PZ096696.fasta,159308,159.31,0.159
PZ098264,PZ098264.fasta,134652,134.65,0.135
PZ098265,PZ098265.fasta,134682,134.68,0.135
PZ098267,PZ098267.fasta,134748,134.75,0.135
PZ098269,PZ098269.fasta,137367,137.37,0.137
PZ098270,PZ098270.fasta,133074,133.07,0.133
PZ098272,PZ098272.fasta,134507,134.51,0.135
PZ098273,PZ098273.fasta,135621,135.62,0.136
PZ098280,PZ098280.fasta,136402,136.4,0.136
PZ098285,PZ098285.fasta,134735,134.74,0.135
PZ098286,PZ098286.fasta,134282,134.28,0.134
PZ098288,PZ098288.fasta,135827,135.83,0.136
PZ098289,PZ098289.fasta,136138,136.14,0.136
PZ098292,PZ098292.fasta,134830,134.83,0.135
PZ098294,PZ098294.fasta,134615,134.62,0.135
PZ098295,PZ098295.fasta,134587,134.59,0.135
PZ098297,PZ098297.fasta,134803,134.8,0.135
PZ098298,PZ098298.fasta,134787,134.79,0.135
PZ098299,PZ098299.fasta,134711,134.71,0.135
PZ098302,PZ098302.fasta,134706,134.71,0.135
PZ098303,PZ098303.fasta,134893,134.89,0.135
PZ098304,PZ098304.fasta,134660,134.66,0.135
PZ098305,PZ098305.fasta,134697,134.7,0.135
PZ098307,PZ098307.fasta,151747,151.75,0.152
PZ098308,PZ098308.fasta,134905,134.91,0.135
PZ098311,PZ098311.fasta,135730,135.73,0.136
PZ098312,PZ098312.fasta,134056,134.06,0.134
PZ098314,PZ098314.fasta,134506,134.51,0.135
PZ098315,PZ098315.fasta,134281,134.28,0.134
PZ098316,PZ098316.fasta,136641,136.64,0.137
PZ098318,PZ098318.fasta,135921,135.92,0.136
PZ098319,PZ098319.fasta,136442,136.44,0.136
PZ098321,PZ098321.fasta,135742,135.74,0.136
PZ098323,PZ098323.fasta,136110,136.11,0.136
PZ098325,PZ098325.fasta,135199,135.2,0.135
PZ098326,PZ098326.fasta,134388,134.39,0.134
PZ098328,PZ098328.fasta,134753,134.75,0.135
PZ098330,PZ098330.fasta,134546,134.55,0.135
PZ098331,PZ098331.fasta,134657,134.66,0.135
PZ098353,PZ098353.fasta,134231,134.23,0.134
PZ098354,PZ098354.fasta,135409,135.41,0.135
PZ098357,PZ098357.fasta,134665,134.66,0.135
PZ098358,PZ098358.fasta,134730,134.73,0.135
PZ098360,PZ098360.fasta,134790,134.79,0.135
PZ098362,PZ098362.fasta,134738,134.74,0.135
PZ098364,PZ098364.fasta,134771,134.77,0.135
PZ098365,PZ098365.fasta,135218,135.22,0.135
PZ098366,PZ098366.fasta,134311,134.31,0.134
PZ098367,PZ098367.fasta,134669,134.67,0.135
PZ098368,PZ098368.fasta,134697,134.7,0.135
PZ098369,PZ098369.fasta,134809,134.81,0.135
PZ098370,PZ098370.fasta,134691,134.69,0.135
PZ098374,PZ098374.fasta,135984,135.98,0.136
PZ098375,PZ098375.fasta,136504,136.5,0.137
PZ098376,PZ098376.fasta,134229,134.23,0.134
PZ098378,PZ098378.fasta,136038,136.04,0.136
PZ098379,PZ098379.fasta,136263,136.26,0.136
PZ098380,PZ098380.fasta,136027,136.03,0.136
PZ098381,PZ098381.fasta,135808,135.81,0.136
PZ098383,PZ098383.fasta,136115,136.12,0.136
PZ098385,PZ098385.fasta,136293,136.29,0.136
PZ098387,PZ098387.fasta,134771,134.77,0.135
PZ098389,PZ098389.fasta,134770,134.77,0.135
PZ098391,PZ098391.fasta,134778,134.78,0.135
PZ098393,PZ098393.fasta,134509,134.51,0.135
PZ098394,PZ098394.fasta,134742,134.74,0.135
PZ098397,PZ098397.fasta,134703,134.7,0.135
PZ098399,PZ098399.fasta,134820,134.82,0.135
PZ098400,PZ098400.fasta,134966,134.97,0.135
PZ098401,PZ098401.fasta,134771,134.77,0.135
PZ098403,PZ098403.fasta,135943,135.94,0.136
PZ098404,PZ098404.fasta,134325,134.32,0.134
PZ098405,PZ098405.fasta,134869,134.87,0.135
PZ098406,PZ098406.fasta,134626,134.63,0.135
PZ098407,PZ098407.fasta,134777,134.78,0.135
PZ098586,PZ098586.fasta,136103,136.1,0.136
PZ098588,PZ098588.fasta,135317,135.32,0.135
PZ098590,PZ098590.fasta,136264,136.26,0.136
PZ098592,PZ098592.fasta,136416,136.42,0.136
PZ098593,PZ098593.fasta,136385,136.38,0.136
PZ098596,PZ098596.fasta,136637,136.64,0.137
PZ098597,PZ098597.fasta,136688,136.69,0.137
PZ098602,PZ098602.fasta,136013,136.01,0.136
PZ098603,PZ098603.fasta,135879,135.88,0.136
PZ098604,PZ098604.fasta,135910,135.91,0.136
PZ098605,PZ098605.fasta,136316,136.32,0.136
PZ098607,PZ098607.fasta,136346,136.35,0.136
PZ098608,PZ098608.fasta,136488,136.49,0.136
PZ098609,PZ098609.fasta,132947,132.95,0.133
PZ098612,PZ098612.fasta,134842,134.84,0.135
PZ098613,PZ098613.fasta,134635,134.63,0.135
PZ098614,PZ098614.fasta,136135,136.13,0.136
PZ098616,PZ098616.fasta,134899,134.9,0.135
PZ098617,PZ098617.fasta,134757,134.76,0.135
PZ098619,PZ098619.fasta,134545,134.54,0.135
PZ098622,PZ098622.fasta,134820,134.82,0.135
PZ098624,PZ098624.fasta,134774,134.77,0.135
PZ098627,PZ098627.fasta,134788,134.79,0.135
PZ098629,PZ098629.fasta,134749,134.75,0.135
PZ098632,PZ098632.fasta,134400,134.4,0.134
PZ098635,PZ098635.fasta,134817,134.82,0.135
PZ101455,PZ101455.fasta,160925,160.93,0.161
PZ101788,PZ101788.fasta,152544,152.54,0.153
PZ101792,PZ101792.fasta,152565,152.56,0.153
PZ101794,PZ101794.fasta,156492,156.49,0.156
PZ101796,PZ101796.fasta,152532,152.53,0.153
PZ101797,PZ101797.fasta,152514,152.51,0.153
PZ101799,PZ101799.fasta,152646,152.65,0.153
PZ101803,PZ101803.fasta,152545,152.54,0.153
PZ101804,PZ101804.fasta,152543,152.54,0.153
PZ101809,PZ101809.fasta,152564,152.56,0.153
PZ101810,PZ101810.fasta,152568,152.57,0.153
PZ101811,PZ101811.fasta,152549,152.55,0.153
PZ117411,PZ117411.fasta,123160,123.16,0.123
PZ117412,PZ117412.fasta,122884,122.88,0.123
PZ122807,PZ122807.fasta,157702,157.7,0.158
PZ122809,PZ122809.fasta,158083,158.08,0.158
PZ122812,PZ122812.fasta,157745,157.75,0.158
PZ122813,PZ122813.fasta,156998,157.0,0.157
PZ122814,PZ122814.fasta,158039,158.04,0.158
PZ122815,PZ122815.fasta,158235,158.24,0.158
PZ122817,PZ122817.fasta,156997,157.0,0.157
PZ123182,PZ123182.fasta,158462,158.46,0.158
PZ127156,PZ127156.fasta,158237,158.24,0.158
PZ127157,PZ127157.fasta,158489,158.49,0.158
PZ127158,PZ127158.fasta,158179,158.18,0.158
PZ127291,PZ127291.fasta,122537,122.54,0.123
PZ127298,PZ127298.fasta,154425,154.43,0.154
PZ130064,PZ130064.fasta,151891,151.89,0.152
PZ130065,PZ130065.fasta,152168,152.17,0.152
PZ130067,PZ130067.fasta,151771,151.77,0.152
PZ130069,PZ130069.fasta,151789,151.79,0.152
PZ130071,PZ130071.fasta,151814,151.81,0.152
PZ130072,PZ130072.fasta,151638,151.64,0.152
PZ130073,PZ130073.fasta,151784,151.78,0.152
PZ137525,PZ137525.fasta,158159,158.16,0.158
PZ137531,PZ137531.fasta,156975,156.97,0.157
PZ137534,PZ137534.fasta,158159,158.16,0.158
PZ138197,PZ138197.fasta,161467,161.47,0.161
PZ138198,PZ138198.fasta,161288,161.29,0.161
PZ143189,PZ143189.fasta,151206,151.21,0.151
PZ148117,PZ148117.fasta,156044,156.04,0.156
PZ161428,PZ161428.fasta,166011,166.01,0.166
PZ161599,PZ161599.fasta,138428,138.43,0.138
PZ166663,PZ166663.fasta,166147,166.15,0.166
PZ166664,PZ166664.fasta,153750,153.75,0.154
PZ166665,PZ166665.fasta,155836,155.84,0.156
PZ166814,PZ166814.fasta,153168,153.17,0.153
PZ168310,PZ168310.fasta,147323,147.32,0.147
PZ168311,PZ168311.fasta,147557,147.56,0.148
PZ168312,PZ168312.fasta,146874,146.87,0.147
PZ168313,PZ168313.fasta,147202,147.2,0.147
PZ168314,PZ168314.fasta,147357,147.36,0.147
PZ168315,PZ168315.fasta,147464,147.46,0.147
PZ168318,PZ168318.fasta,151448,151.45,0.151
PZ168338,PZ168338.fasta,159993,159.99,0.16
PZ168339,PZ168339.fasta,152906,152.91,0.153
PZ168340,PZ168340.fasta,153846,153.85,0.154
PZ168341,PZ168341.fasta,151264,151.26,0.151
PZ168342,PZ168342.fasta,160869,160.87,0.161
PZ168343,PZ168343.fasta,156425,156.43,0.156
PZ168344,PZ168344.fasta,161549,161.55,0.162
PZ168345,PZ168345.fasta,161739,161.74,0.162
PZ168396,PZ168396.fasta,168352,168.35,0.168
PZ168867,PZ168867.fasta,163065,163.06,0.163
PZ169283,PZ169283.fasta,152057,152.06,0.152
PZ169284,PZ169284.fasta,151765,151.76,0.152
PZ169285,PZ169285.fasta,151891,151.89,0.152
PZ169286,PZ169286.fasta,151765,151.76,0.152
PZ169287,PZ169287.fasta,152274,152.27,0.152
PZ169289,PZ169289.fasta,151772,151.77,0.152
PZ169292,PZ169292.fasta,151777,151.78,0.152
PZ169293,PZ169293.fasta,151940,151.94,0.152
PZ169294,PZ169294.fasta,151781,151.78,0.152
PZ172408,PZ172408.fasta,125542,125.54,0.126
PZ172409,PZ172409.fasta,124287,124.29,0.124
PZ172410,PZ172410.fasta,125748,125.75,0.126
PZ173271,PZ173271.fasta,153338,153.34,0.153
PZ173272,PZ173272.fasta,153121,153.12,0.153
PZ179399,PZ179399.1.fasta,156988,156.99,0.157
PZ179616,PZ179616.1.fasta,122946,122.95,0.123
PZ180086,PZ180086.fasta,156357,156.36,0.156
PZ182191,PZ182191.fasta,153511,153.51,0.154
PZ182828,PZ182828.1.fasta,180035,180.03,0.18
PZ182829,PZ182829.1.fasta,179399,179.4,0.179
PZ182830,PZ182830.1.fasta,183885,183.88,0.184
PZ183444,PZ183444.fasta,155580,155.58,0.156
PZ188322,PZ188322.fasta,158144,158.14,0.158
PZ188367,PZ188367.fasta,124891,124.89,0.125
PZ188496,PZ188496.fasta,151988,151.99,0.152
PZ189089,PZ189089.1.fasta,156988,156.99,0.157
PZ189090,PZ189090.1.fasta,157009,157.01,0.157
PZ189091,PZ189091.1.fasta,157009,157.01,0.157
PZ189092,PZ189092.1.fasta,156938,156.94,0.157
PZ189093,PZ189093.1.fasta,157005,157.0,0.157
PZ211770,PZ211770.fasta,153654,153.65,0.154
PZ211771,PZ211771.fasta,153219,153.22,0.153
PZ211772,PZ211772.fasta,154048,154.05,0.154
PZ211773,PZ211773.fasta,153255,153.25,0.153
PZ211774,PZ211774.fasta,153943,153.94,0.154
PZ211775,PZ211775.fasta,153669,153.67,0.154
PZ226321,PZ226321.1.fasta,180947,180.95,0.181
PZ226531,PZ226531.fasta,152492,152.49,0.152
PZ229033,PZ229033.fasta,151548,151.55,0.152
PZ235491,PZ235491.fasta,171707,171.71,0.172
PZ236443,PZ236443.fasta,161983,161.98,0.162
PZ239384,PZ239384.fasta,158344,158.34,0.158
PZ239385,PZ239385.fasta,158320,158.32,0.158
PZ239387,PZ239387.fasta,158392,158.39,0.158
PZ239389,PZ239389.fasta,158631,158.63,0.159
PZ239390,PZ239390.fasta,157816,157.82,0.158
PZ239391,PZ239391.fasta,157816,157.82,0.158
PZ239404,PZ239404.fasta,155611,155.61,0.156
PZ239405,PZ239405.fasta,157164,157.16,0.157
PZ239406,PZ239406.fasta,155414,155.41,0.155
PZ239407,PZ239407.fasta,157244,157.24,0.157
PZ239408,PZ239408.fasta,156687,156.69,0.157
PZ239409,PZ239409.fasta,156337,156.34,0.156
PZ239410,PZ239410.fasta,155414,155.41,0.155
PZ239411,PZ239411.fasta,156991,156.99,0.157
PZ239412,PZ239412.fasta,156721,156.72,0.157
PZ239413,PZ239413.fasta,156983,156.98,0.157
PZ239414,PZ239414.fasta,155641,155.64,0.156
PZ239415,PZ239415.fasta,157181,157.18,0.157
PZ239416,PZ239416.fasta,157128,157.13,0.157
PZ239417,PZ239417.fasta,156111,156.11,0.156
PZ239418,PZ239418.fasta,158706,158.71,0.159
PZ239419,PZ239419.fasta,155893,155.89,0.156
PZ239420,PZ239420.fasta,155569,155.57,0.156
PZ239421,PZ239421.fasta,155572,155.57,0.156
PZ239422,PZ239422.fasta,155648,155.65,0.156
PZ239423,PZ239423.fasta,160544,160.54,0.161
PZ239424,PZ239424.fasta,157069,157.07,0.157
PZ239425,PZ239425.fasta,155414,155.41,0.155
PZ239426,PZ239426.fasta,157130,157.13,0.157
PZ247530,PZ247530.fasta,159075,159.07,0.159
PZ247582,PZ247582.fasta,161862,161.86,0.162
PZ247708,PZ247708.fasta,152762,152.76,0.153
PZ250435,PZ250435.fasta,157454,157.45,0.157
PZ250460,PZ250460.fasta,152545,152.54,0.153
PZ251004,PZ251004.fasta,149567,149.57,0.15
PZ258326,PZ258326.fasta,149980,149.98,0.15
PZ258586,PZ258586.fasta,168799,168.8,0.169
PZ258588,PZ258588.fasta,168800,168.8,0.169
PZ258589,PZ258589.fasta,169582,169.58,0.17
PZ258590,PZ258590.fasta,168980,168.98,0.169
PZ258591,PZ258591.fasta,169092,169.09,0.169
PZ258592,PZ258592.fasta,168779,168.78,0.169
PZ258593,PZ258593.fasta,169754,169.75,0.17
PZ258594,PZ258594.fasta,169270,169.27,0.169
PZ258595,PZ258595.fasta,168998,169.0,0.169
PZ258596,PZ258596.fasta,168961,168.96,0.169
PZ258597,PZ258597.fasta,169630,169.63,0.17
PZ264131,PZ264131.fasta,155723,155.72,0.156
PZ266516,PZ266516.fasta,176384,176.38,0.176
PZ266517,PZ266517.fasta,170976,170.98,0.171
PZ269784,PZ269784.1.fasta,214461,214.46,0.214
PZ269785,PZ269785.1.fasta,171565,171.56,0.172
PZ269957,PZ269957.fasta,152642,152.64,0.153
PZ270244,PZ270244.fasta,152290,152.29,0.152
PZ270246,PZ270246.fasta,151598,151.6,0.152
PZ270549,PZ270549.fasta,156304,156.3,0.156
PZ270550,PZ270550.fasta,156784,156.78,0.157
PZ270553,PZ270553.fasta,156318,156.32,0.156
PZ270554,PZ270554.fasta,156575,156.57,0.157
PZ270555,PZ270555.fasta,156285,156.28,0.156
PZ270556,PZ270556.fasta,156817,156.82,0.157
PZ270557,PZ270557.fasta,156737,156.74,0.157
PZ270558,PZ270558.fasta,156271,156.27,0.156
PZ270559,PZ270559.fasta,156275,156.28,0.156
PZ270565,PZ270565.fasta,156605,156.6,0.157
PZ270567,PZ270567.fasta,156322,156.32,0.156
PZ270568,PZ270568.fasta,156214,156.21,0.156
PZ276092,PZ276092.fasta,155954,155.95,0.156
PZ281924,PZ281924.fasta,151821,151.82,0.152
PZ282110,PZ282110.fasta,151162,151.16,0.151
PZ282241,PZ282241.fasta,160362,160.36,0.16
PZ286360,PZ286360.fasta,152689,152.69,0.153
PZ289272,PZ289272.fasta,169322,169.32,0.169
PZ289360,PZ289360.fasta,152939,152.94,0.153
PZ290133,PZ290133.1.fasta,126330,126.33,0.126
PZ291083,PZ291083.fasta,163049,163.05,0.163
PZ291594,PZ291594.fasta,138144,138.14,0.138
PZ291610,PZ291610.fasta,166118,166.12,0.166
PZ291611,PZ291611.fasta,165931,165.93,0.166
PZ301186,PZ301186.fasta,161030,161.03,0.161
PZ303173,PZ303173.fasta,163791,163.79,0.164
PZ307143,PZ307143.fasta,123333,123.33,0.123
PZ309718,PZ309718.fasta,169439,169.44,0.169
PZ309721,PZ309721.fasta,178166,178.17,0.178
PZ309722,PZ309722.fasta,173897,173.9,0.174
PZ309723,PZ309723.fasta,162120,162.12,0.162
PZ309724,PZ309724.fasta,167439,167.44,0.167
PZ309725,PZ309725.fasta,158485,158.49,0.158
PZ309726,PZ309726.fasta,175852,175.85,0.176
PZ316348,PZ316348.fasta,155618,155.62,0.156
PZ316349,PZ316349.fasta,157951,157.95,0.158
PZ316350,PZ316350.fasta,156476,156.48,0.156
PZ316380,PZ316380.fasta,170166,170.17,0.17
PZ316381,PZ316381.fasta,169473,169.47,0.169
PZ316382,PZ316382.fasta,169998,170.0,0.17
PZ316383,PZ316383.fasta,175154,175.15,0.175
PZ316384,PZ316384.fasta,169975,169.97,0.17
PZ316385,PZ316385.fasta,167758,167.76,0.168
PZ316386,PZ316386.fasta,170131,170.13,0.17
PZ316387,PZ316387.fasta,170250,170.25,0.17
PZ316388,PZ316388.fasta,170136,170.14,0.17
PZ316389,PZ316389.fasta,169361,169.36,0.169
PZ316390,PZ316390.fasta,169235,169.24,0.169
PZ316391,PZ316391.fasta,169425,169.43,0.169
PZ316392,PZ316392.fasta,169764,169.76,0.17
PZ316393,PZ316393.fasta,169957,169.96,0.17
PZ316394,PZ316394.fasta,169579,169.58,0.17
PZ316395,PZ316395.fasta,169288,169.29,0.169
PZ316396,PZ316396.fasta,169458,169.46,0.169
PZ316397,PZ316397.fasta,170507,170.51,0.171
PZ316398,PZ316398.fasta,170787,170.79,0.171
PZ316399,PZ316399.fasta,169257,169.26,0.169
PZ316400,PZ316400.fasta,168628,168.63,0.169
PZ316401,PZ316401.fasta,170037,170.04,0.17
PZ316402,PZ316402.fasta,170105,170.1,0.17
PZ316403,PZ316403.fasta,168574,168.57,0.169
PZ316404,PZ316404.fasta,169263,169.26,0.169
PZ316405,PZ316405.fasta,169084,169.08,0.169
PZ316406,PZ316406.fasta,169050,169.05,0.169
PZ316407,PZ316407.fasta,170423,170.42,0.17
PZ316408,PZ316408.fasta,168723,168.72,0.169
PZ316409,PZ316409.fasta,170426,170.43,0.17
PZ316410,PZ316410.fasta,168707,168.71,0.169
PZ316411,PZ316411.fasta,169618,169.62,0.17
PZ316412,PZ316412.fasta,169921,169.92,0.17
PZ316413,PZ316413.fasta,170161,170.16,0.17
PZ316414,PZ316414.fasta,169075,169.07,0.169
PZ316415,PZ316415.fasta,169559,169.56,0.17
PZ316416,PZ316416.fasta,169593,169.59,0.17
PZ316417,PZ316417.fasta,170095,170.09,0.17
PZ316418,PZ316418.fasta,168804,168.8,0.169
PZ316419,PZ316419.fasta,170361,170.36,0.17
PZ316420,PZ316420.fasta,169445,169.44,0.169
PZ316421,PZ316421.fasta,170378,170.38,0.17
PZ316422,PZ316422.fasta,167874,167.87,0.168
PZ316423,PZ316423.fasta,169009,169.01,0.169
PZ316424,PZ316424.fasta,169070,169.07,0.169
PZ316425,PZ316425.fasta,166986,166.99,0.167
PZ316426,PZ316426.fasta,169919,169.92,0.17
PZ316427,PZ316427.fasta,169259,169.26,0.169
PZ316428,PZ316428.fasta,179567,179.57,0.18
PZ316429,PZ316429.fasta,170434,170.43,0.17
PZ316430,PZ316430.fasta,170385,170.38,0.17
PZ316431,PZ316431.fasta,167968,167.97,0.168
PZ316432,PZ316432.fasta,169835,169.84,0.17
PZ316433,PZ316433.fasta,170150,170.15,0.17
PZ316434,PZ316434.fasta,170072,170.07,0.17
PZ316435,PZ316435.fasta,169026,169.03,0.169
PZ316436,PZ316436.fasta,169145,169.15,0.169
PZ316437,PZ316437.fasta,170769,170.77,0.171
PZ316438,PZ316438.fasta,171027,171.03,0.171
PZ316439,PZ316439.fasta,168864,168.86,0.169
PZ316440,PZ316440.fasta,170381,170.38,0.17
PZ316441,PZ316441.fasta,170192,170.19,0.17
PZ316442,PZ316442.fasta,133127,133.13,0.133
PZ316443,PZ316443.fasta,169582,169.58,0.17
PZ316444,PZ316444.fasta,169770,169.77,0.17
PZ316445,PZ316445.fasta,169808,169.81,0.17
PZ316446,PZ316446.fasta,169796,169.8,0.17
PZ316447,PZ316447.fasta,169952,169.95,0.17
PZ316448,PZ316448.fasta,169886,169.89,0.17
PZ316449,PZ316449.fasta,169704,169.7,0.17
PZ316450,PZ316450.fasta,168895,168.9,0.169
PZ316595,PZ316595.fasta,151933,151.93,0.152
PZ322776,PZ322776.fasta,164178,164.18,0.164
PZ322778,PZ322778.fasta,153895,153.9,0.154
PZ324722,PZ324722.fasta,151068,151.07,0.151
PZ335589,PZ335589.fasta,166595,166.59,0.167
PZ337562,PZ337562.fasta,161323,161.32,0.161
PZ337663,PZ337663.fasta,161229,161.23,0.161
PZ342510,PZ342510.fasta,152163,152.16,0.152
PZ347669,PZ347669.fasta,162681,162.68,0.163
PZ347914,PZ347914.fasta,177455,177.46,0.177
PZ348023,PZ348023.fasta,160236,160.24,0.16
PZ348025,PZ348025.fasta,160614,160.61,0.161
PZ348028,PZ348028.fasta,160365,160.37,0.16
PZ351331,PZ351331.fasta,155568,155.57,0.156
PZ368383,PZ368383.fasta,123096,123.1,0.123
PZ369174,PZ369174.fasta,160190,160.19,0.16
PZ369833,PZ369833.fasta,122513,122.51,0.123
PZ369834,PZ369834.fasta,123079,123.08,0.123
PZ369835,PZ369835.fasta,122677,122.68,0.123
PZ369836,PZ369836.fasta,123560,123.56,0.124
PZ369837,PZ369837.fasta,123425,123.42,0.123
PZ369839,PZ369839.fasta,123507,123.51,0.124
PZ369840,PZ369840.fasta,122487,122.49,0.122
PZ369841,PZ369841.fasta,124144,124.14,0.124
PZ369842,PZ369842.fasta,123748,123.75,0.124
PZ369843,PZ369843.fasta,123949,123.95,0.124
PZ369860,PZ369860.fasta,154852,154.85,0.155
PZ369861,PZ369861.fasta,157037,157.04,0.157
PZ379501,PZ379501.fasta,153852,153.85,0.154
PZ379502,PZ379502.fasta,156093,156.09,0.156
PZ381150,PZ381150.fasta,141181,141.18,0.141
PZ381390,PZ381390.fasta,139211,139.21,0.139
PZ381391,PZ381391.fasta,154583,154.58,0.155
PZ382285,PZ382285.1.fasta,124153,124.15,0.124
