A._sp._XH2	A._sp._XH2	0.0	0.0	1000/1000
A._thermoaerophilus_strain_AFn2	A._sp._XH2	0.0024636	0.0	904/1000
A._thermoaerophilus_strain_CCM_8960	A._sp._XH2	0.0024636	0.0	904/1000
B._altitudinis_strain_Ba1449	A._sp._XH2	1.0	1.0	0/1000
B._atrophaeus_strain_globigii	A._sp._XH2	1.0	1.0	0/1000
B._borstelensis_strain_SLAM-AEPS2	A._sp._XH2	0.295981	0.00050234	1/1000
B._brevis_strain_DZQ7	A._sp._XH2	1.0	1.0	0/1000
B._cereus_strain_2-6A	A._sp._XH2	1.0	1.0	0/1000
B._laterosporus_strain_Bl-zj	A._sp._XH2	0.295981	0.000488775	1/1000
B._licheniformis_strain_FUA2151	A._sp._XH2	1.0	1.0	0/1000
B._ovatus_strain_BFG-261	A._sp._XH2	1.0	1.0	0/1000
B._paralicheniformis_strain_285-3	A._sp._XH2	1.0	1.0	0/1000
B._paranthracis_strain_PR1	A._sp._XH2	1.0	1.0	0/1000
B._sp._41-22	A._sp._XH2	1.0	1.0	0/1000
B._sp._HF-162	A._sp._XH2	1.0	1.0	0/1000
B._subtilis_strain_75	A._sp._XH2	1.0	1.0	0/1000
B._subtilis_strain_B171	A._sp._XH2	1.0	1.0	0/1000
B._subtilis_strain_JNF2	A._sp._XH2	1.0	1.0	0/1000
B._subtilis_strain_SRCM104011	A._sp._XH2	1.0	1.0	0/1000
B._subtilis_subsp._subtilis_isolate_FELIX_MS9	A._sp._XH2	1.0	1.0	0/1000
B._velezensis_strain_CN026	A._sp._XH2	1.0	1.0	0/1000
B._velezensis_strain_PTA-127065	A._sp._XH2	1.0	1.0	0/1000
B._velezensis_strain_Soil-4-2	A._sp._XH2	1.0	1.0	0/1000
B._velezensis_strain_UA0276	A._sp._XH2	1.0	1.0	0/1000
B._velezensis_strain_W1	A._sp._XH2	1.0	1.0	0/1000
E._coli_strain_2015C-3163	A._sp._XH2	1.0	1.0	0/1000
E._coli_strain_CUVET20-1573	A._sp._XH2	1.0	1.0	0/1000
FO-S2_contigs	A._sp._XH2	1.0	1.0	0/1000
L._capsici_strain_InaCC_B347	A._sp._XH2	1.0	1.0	0/1000
L._fusiformis_strain_MGMM7	A._sp._XH2	1.0	1.0	0/1000
L._sp._FSL_W7-1291	A._sp._XH2	1.0	1.0	0/1000
M._shinjukuense_strain_MSJ-20	A._sp._XH2	1.0	1.0	0/1000
M._tuberculosis_strain_Beijing-like_36918	A._sp._XH2	1.0	1.0	0/1000
P._aeruginosa_strain_SHPHC59	A._sp._XH2	1.0	1.0	0/1000
P._hexagrammi_strain_YPD9-1	A._sp._XH2	0.295981	0.000536781	1/1000
P._polymyxa_strain_P3	A._sp._XH2	1.0	1.0	0/1000
P._simiae_strain_FP689	A._sp._XH2	1.0	1.0	0/1000
P._sp._FSL_L8-0436	A._sp._XH2	1.0	1.0	0/1000
S._aureus_strain_BPH2900_isolate_BPH2900	A._sp._XH2	1.0	1.0	0/1000
S._aureus_strain_MSHS_PS00038.1A	A._sp._XH2	1.0	1.0	0/1000
S._tsukubensis_strain_NRRL_18488	A._sp._XH2	1.0	1.0	0/1000
S._zaomyceticus_strain_NBC_01228	A._sp._XH2	1.0	1.0	0/1000
V._ainsalahensis_strain_JCM_30907	A._sp._XH2	1.0	1.0	0/1000
V._dokdonensis_strain_21D	A._sp._XH2	1.0	1.0	0/1000
V._siamensis_strain_JCM_15395	A._sp._XH2	1.0	1.0	0/1000
A._sp._XH2	A._thermoaerophilus_strain_AFn2	0.0024636	0.0	904/1000
A._thermoaerophilus_strain_AFn2	A._thermoaerophilus_strain_AFn2	0.0	0.0	1000/1000
A._thermoaerophilus_strain_CCM_8960	A._thermoaerophilus_strain_AFn2	0.0	0.0	1000/1000
B._altitudinis_strain_Ba1449	A._thermoaerophilus_strain_AFn2	1.0	1.0	0/1000
B._atrophaeus_strain_globigii	A._thermoaerophilus_strain_AFn2	1.0	1.0	0/1000
B._borstelensis_strain_SLAM-AEPS2	A._thermoaerophilus_strain_AFn2	0.295981	0.000507722	1/1000
B._brevis_strain_DZQ7	A._thermoaerophilus_strain_AFn2	1.0	1.0	0/1000
B._cereus_strain_2-6A	A._thermoaerophilus_strain_AFn2	1.0	1.0	0/1000
B._laterosporus_strain_Bl-zj	A._thermoaerophilus_strain_AFn2	0.295981	0.000493869	1/1000
B._licheniformis_strain_FUA2151	A._thermoaerophilus_strain_AFn2	1.0	1.0	0/1000
B._ovatus_strain_BFG-261	A._thermoaerophilus_strain_AFn2	1.0	1.0	0/1000
B._paralicheniformis_strain_285-3	A._thermoaerophilus_strain_AFn2	1.0	1.0	0/1000
B._paranthracis_strain_PR1	A._thermoaerophilus_strain_AFn2	1.0	1.0	0/1000
B._sp._41-22	A._thermoaerophilus_strain_AFn2	1.0	1.0	0/1000
B._sp._HF-162	A._thermoaerophilus_strain_AFn2	1.0	1.0	0/1000
B._subtilis_strain_75	A._thermoaerophilus_strain_AFn2	1.0	1.0	0/1000
B._subtilis_strain_B171	A._thermoaerophilus_strain_AFn2	1.0	1.0	0/1000
B._subtilis_strain_JNF2	A._thermoaerophilus_strain_AFn2	1.0	1.0	0/1000
B._subtilis_strain_SRCM104011	A._thermoaerophilus_strain_AFn2	1.0	1.0	0/1000
B._subtilis_subsp._subtilis_isolate_FELIX_MS9	A._thermoaerophilus_strain_AFn2	1.0	1.0	0/1000
B._velezensis_strain_CN026	A._thermoaerophilus_strain_AFn2	1.0	1.0	0/1000
B._velezensis_strain_PTA-127065	A._thermoaerophilus_strain_AFn2	1.0	1.0	0/1000
B._velezensis_strain_Soil-4-2	A._thermoaerophilus_strain_AFn2	1.0	1.0	0/1000
B._velezensis_strain_UA0276	A._thermoaerophilus_strain_AFn2	1.0	1.0	0/1000
B._velezensis_strain_W1	A._thermoaerophilus_strain_AFn2	1.0	1.0	0/1000
E._coli_strain_2015C-3163	A._thermoaerophilus_strain_AFn2	1.0	1.0	0/1000
E._coli_strain_CUVET20-1573	A._thermoaerophilus_strain_AFn2	1.0	1.0	0/1000
FO-S2_contigs	A._thermoaerophilus_strain_AFn2	1.0	1.0	0/1000
L._capsici_strain_InaCC_B347	A._thermoaerophilus_strain_AFn2	1.0	1.0	0/1000
L._fusiformis_strain_MGMM7	A._thermoaerophilus_strain_AFn2	1.0	1.0	0/1000
L._sp._FSL_W7-1291	A._thermoaerophilus_strain_AFn2	1.0	1.0	0/1000
M._shinjukuense_strain_MSJ-20	A._thermoaerophilus_strain_AFn2	1.0	1.0	0/1000
M._tuberculosis_strain_Beijing-like_36918	A._thermoaerophilus_strain_AFn2	1.0	1.0	0/1000
P._aeruginosa_strain_SHPHC59	A._thermoaerophilus_strain_AFn2	1.0	1.0	0/1000
P._hexagrammi_strain_YPD9-1	A._thermoaerophilus_strain_AFn2	1.0	1.0	0/1000
P._polymyxa_strain_P3	A._thermoaerophilus_strain_AFn2	1.0	1.0	0/1000
P._simiae_strain_FP689	A._thermoaerophilus_strain_AFn2	1.0	1.0	0/1000
P._sp._FSL_L8-0436	A._thermoaerophilus_strain_AFn2	1.0	1.0	0/1000
S._aureus_strain_BPH2900_isolate_BPH2900	A._thermoaerophilus_strain_AFn2	1.0	1.0	0/1000
S._aureus_strain_MSHS_PS00038.1A	A._thermoaerophilus_strain_AFn2	1.0	1.0	0/1000
S._tsukubensis_strain_NRRL_18488	A._thermoaerophilus_strain_AFn2	1.0	1.0	0/1000
S._zaomyceticus_strain_NBC_01228	A._thermoaerophilus_strain_AFn2	1.0	1.0	0/1000
V._ainsalahensis_strain_JCM_30907	A._thermoaerophilus_strain_AFn2	1.0	1.0	0/1000
V._dokdonensis_strain_21D	A._thermoaerophilus_strain_AFn2	1.0	1.0	0/1000
V._siamensis_strain_JCM_15395	A._thermoaerophilus_strain_AFn2	1.0	1.0	0/1000
A._sp._XH2	A._thermoaerophilus_strain_CCM_8960	0.0024636	0.0	904/1000
A._thermoaerophilus_strain_AFn2	A._thermoaerophilus_strain_CCM_8960	0.0	0.0	1000/1000
A._thermoaerophilus_strain_CCM_8960	A._thermoaerophilus_strain_CCM_8960	0.0	0.0	1000/1000
B._altitudinis_strain_Ba1449	A._thermoaerophilus_strain_CCM_8960	1.0	1.0	0/1000
B._atrophaeus_strain_globigii	A._thermoaerophilus_strain_CCM_8960	1.0	1.0	0/1000
B._borstelensis_strain_SLAM-AEPS2	A._thermoaerophilus_strain_CCM_8960	0.295981	0.000507843	1/1000
B._brevis_strain_DZQ7	A._thermoaerophilus_strain_CCM_8960	1.0	1.0	0/1000
B._cereus_strain_2-6A	A._thermoaerophilus_strain_CCM_8960	1.0	1.0	0/1000
B._laterosporus_strain_Bl-zj	A._thermoaerophilus_strain_CCM_8960	0.295981	0.000493983	1/1000
B._licheniformis_strain_FUA2151	A._thermoaerophilus_strain_CCM_8960	1.0	1.0	0/1000
B._ovatus_strain_BFG-261	A._thermoaerophilus_strain_CCM_8960	1.0	1.0	0/1000
B._paralicheniformis_strain_285-3	A._thermoaerophilus_strain_CCM_8960	1.0	1.0	0/1000
B._paranthracis_strain_PR1	A._thermoaerophilus_strain_CCM_8960	1.0	1.0	0/1000
B._sp._41-22	A._thermoaerophilus_strain_CCM_8960	1.0	1.0	0/1000
B._sp._HF-162	A._thermoaerophilus_strain_CCM_8960	1.0	1.0	0/1000
B._subtilis_strain_75	A._thermoaerophilus_strain_CCM_8960	1.0	1.0	0/1000
B._subtilis_strain_B171	A._thermoaerophilus_strain_CCM_8960	1.0	1.0	0/1000
B._subtilis_strain_JNF2	A._thermoaerophilus_strain_CCM_8960	1.0	1.0	0/1000
B._subtilis_strain_SRCM104011	A._thermoaerophilus_strain_CCM_8960	1.0	1.0	0/1000
B._subtilis_subsp._subtilis_isolate_FELIX_MS9	A._thermoaerophilus_strain_CCM_8960	1.0	1.0	0/1000
B._velezensis_strain_CN026	A._thermoaerophilus_strain_CCM_8960	1.0	1.0	0/1000
B._velezensis_strain_PTA-127065	A._thermoaerophilus_strain_CCM_8960	1.0	1.0	0/1000
B._velezensis_strain_Soil-4-2	A._thermoaerophilus_strain_CCM_8960	1.0	1.0	0/1000
B._velezensis_strain_UA0276	A._thermoaerophilus_strain_CCM_8960	1.0	1.0	0/1000
B._velezensis_strain_W1	A._thermoaerophilus_strain_CCM_8960	1.0	1.0	0/1000
E._coli_strain_2015C-3163	A._thermoaerophilus_strain_CCM_8960	1.0	1.0	0/1000
E._coli_strain_CUVET20-1573	A._thermoaerophilus_strain_CCM_8960	1.0	1.0	0/1000
FO-S2_contigs	A._thermoaerophilus_strain_CCM_8960	1.0	1.0	0/1000
L._capsici_strain_InaCC_B347	A._thermoaerophilus_strain_CCM_8960	1.0	1.0	0/1000
L._fusiformis_strain_MGMM7	A._thermoaerophilus_strain_CCM_8960	1.0	1.0	0/1000
L._sp._FSL_W7-1291	A._thermoaerophilus_strain_CCM_8960	1.0	1.0	0/1000
M._shinjukuense_strain_MSJ-20	A._thermoaerophilus_strain_CCM_8960	1.0	1.0	0/1000
M._tuberculosis_strain_Beijing-like_36918	A._thermoaerophilus_strain_CCM_8960	1.0	1.0	0/1000
P._aeruginosa_strain_SHPHC59	A._thermoaerophilus_strain_CCM_8960	1.0	1.0	0/1000
P._hexagrammi_strain_YPD9-1	A._thermoaerophilus_strain_CCM_8960	1.0	1.0	0/1000
P._polymyxa_strain_P3	A._thermoaerophilus_strain_CCM_8960	1.0	1.0	0/1000
P._simiae_strain_FP689	A._thermoaerophilus_strain_CCM_8960	1.0	1.0	0/1000
P._sp._FSL_L8-0436	A._thermoaerophilus_strain_CCM_8960	1.0	1.0	0/1000
S._aureus_strain_BPH2900_isolate_BPH2900	A._thermoaerophilus_strain_CCM_8960	1.0	1.0	0/1000
S._aureus_strain_MSHS_PS00038.1A	A._thermoaerophilus_strain_CCM_8960	1.0	1.0	0/1000
S._tsukubensis_strain_NRRL_18488	A._thermoaerophilus_strain_CCM_8960	1.0	1.0	0/1000
S._zaomyceticus_strain_NBC_01228	A._thermoaerophilus_strain_CCM_8960	1.0	1.0	0/1000
V._ainsalahensis_strain_JCM_30907	A._thermoaerophilus_strain_CCM_8960	1.0	1.0	0/1000
V._dokdonensis_strain_21D	A._thermoaerophilus_strain_CCM_8960	1.0	1.0	0/1000
V._siamensis_strain_JCM_15395	A._thermoaerophilus_strain_CCM_8960	1.0	1.0	0/1000
A._sp._XH2	B._altitudinis_strain_Ba1449	1.0	1.0	0/1000
A._thermoaerophilus_strain_AFn2	B._altitudinis_strain_Ba1449	1.0	1.0	0/1000
A._thermoaerophilus_strain_CCM_8960	B._altitudinis_strain_Ba1449	1.0	1.0	0/1000
B._altitudinis_strain_Ba1449	B._altitudinis_strain_Ba1449	0.0	0.0	1000/1000
B._atrophaeus_strain_globigii	B._altitudinis_strain_Ba1449	0.263022	9.98718e-08	2/1000
B._borstelensis_strain_SLAM-AEPS2	B._altitudinis_strain_Ba1449	1.0	1.0	0/1000
B._brevis_strain_DZQ7	B._altitudinis_strain_Ba1449	1.0	1.0	0/1000
B._cereus_strain_2-6A	B._altitudinis_strain_Ba1449	0.243761	2.28835e-11	3/1000
B._laterosporus_strain_Bl-zj	B._altitudinis_strain_Ba1449	1.0	1.0	0/1000
B._licheniformis_strain_FUA2151	B._altitudinis_strain_Ba1449	0.263022	1.01464e-07	2/1000
B._ovatus_strain_BFG-261	B._altitudinis_strain_Ba1449	1.0	1.0	0/1000
B._paralicheniformis_strain_285-3	B._altitudinis_strain_Ba1449	0.263022	1.03145e-07	2/1000
B._paranthracis_strain_PR1	B._altitudinis_strain_Ba1449	0.243761	2.04711e-11	3/1000
B._sp._41-22	B._altitudinis_strain_Ba1449	0.243761	2.01961e-11	3/1000
B._sp._HF-162	B._altitudinis_strain_Ba1449	1.0	1.0	0/1000
B._subtilis_strain_75	B._altitudinis_strain_Ba1449	0.295981	0.000446155	1/1000
B._subtilis_strain_B171	B._altitudinis_strain_Ba1449	0.295981	0.000452648	1/1000
B._subtilis_strain_JNF2	B._altitudinis_strain_Ba1449	0.295981	0.000449132	1/1000
B._subtilis_strain_SRCM104011	B._altitudinis_strain_Ba1449	0.263022	9.82783e-08	2/1000
B._subtilis_subsp._subtilis_isolate_FELIX_MS9	B._altitudinis_strain_Ba1449	0.295981	0.000449582	1/1000
B._velezensis_strain_CN026	B._altitudinis_strain_Ba1449	0.295981	0.000437845	1/1000
B._velezensis_strain_PTA-127065	B._altitudinis_strain_Ba1449	0.295981	0.000441392	1/1000
B._velezensis_strain_Soil-4-2	B._altitudinis_strain_Ba1449	0.295981	0.000434441	1/1000
B._velezensis_strain_UA0276	B._altitudinis_strain_Ba1449	0.295981	0.000430874	1/1000
B._velezensis_strain_W1	B._altitudinis_strain_Ba1449	0.295981	0.000450216	1/1000
E._coli_strain_2015C-3163	B._altitudinis_strain_Ba1449	1.0	1.0	0/1000
E._coli_strain_CUVET20-1573	B._altitudinis_strain_Ba1449	1.0	1.0	0/1000
FO-S2_contigs	B._altitudinis_strain_Ba1449	0.295981	0.000446617	1/1000
L._capsici_strain_InaCC_B347	B._altitudinis_strain_Ba1449	0.295981	0.000463308	1/1000
L._fusiformis_strain_MGMM7	B._altitudinis_strain_Ba1449	0.295981	0.000495737	1/1000
L._sp._FSL_W7-1291	B._altitudinis_strain_Ba1449	0.295981	0.00046565	1/1000
M._shinjukuense_strain_MSJ-20	B._altitudinis_strain_Ba1449	1.0	1.0	0/1000
M._tuberculosis_strain_Beijing-like_36918	B._altitudinis_strain_Ba1449	1.0	1.0	0/1000
P._aeruginosa_strain_SHPHC59	B._altitudinis_strain_Ba1449	1.0	1.0	0/1000
P._hexagrammi_strain_YPD9-1	B._altitudinis_strain_Ba1449	0.295981	0.000541818	1/1000
P._polymyxa_strain_P3	B._altitudinis_strain_Ba1449	0.295981	0.000518329	1/1000
P._simiae_strain_FP689	B._altitudinis_strain_Ba1449	1.0	1.0	0/1000
P._sp._FSL_L8-0436	B._altitudinis_strain_Ba1449	0.295981	0.000562645	1/1000
S._aureus_strain_BPH2900_isolate_BPH2900	B._altitudinis_strain_Ba1449	0.295981	0.000365009	1/1000
S._aureus_strain_MSHS_PS00038.1A	B._altitudinis_strain_Ba1449	0.295981	0.000379732	1/1000
S._tsukubensis_strain_NRRL_18488	B._altitudinis_strain_Ba1449	1.0	1.0	0/1000
S._zaomyceticus_strain_NBC_01228	B._altitudinis_strain_Ba1449	1.0	1.0	0/1000
V._ainsalahensis_strain_JCM_30907	B._altitudinis_strain_Ba1449	0.295981	0.000430636	1/1000
V._dokdonensis_strain_21D	B._altitudinis_strain_Ba1449	0.295981	0.000451507	1/1000
V._siamensis_strain_JCM_15395	B._altitudinis_strain_Ba1449	0.295981	0.000420332	1/1000
A._sp._XH2	B._atrophaeus_strain_globigii	1.0	1.0	0/1000
A._thermoaerophilus_strain_AFn2	B._atrophaeus_strain_globigii	1.0	1.0	0/1000
A._thermoaerophilus_strain_CCM_8960	B._atrophaeus_strain_globigii	1.0	1.0	0/1000
B._altitudinis_strain_Ba1449	B._atrophaeus_strain_globigii	0.263022	9.98718e-08	2/1000
B._atrophaeus_strain_globigii	B._atrophaeus_strain_globigii	0.0	0.0	1000/1000
B._borstelensis_strain_SLAM-AEPS2	B._atrophaeus_strain_globigii	1.0	1.0	0/1000
B._brevis_strain_DZQ7	B._atrophaeus_strain_globigii	1.0	1.0	0/1000
B._cereus_strain_2-6A	B._atrophaeus_strain_globigii	0.263022	1.5296e-07	2/1000
B._laterosporus_strain_Bl-zj	B._atrophaeus_strain_globigii	1.0	1.0	0/1000
B._licheniformis_strain_FUA2151	B._atrophaeus_strain_globigii	0.243761	1.82214e-11	3/1000
B._ovatus_strain_BFG-261	B._atrophaeus_strain_globigii	1.0	1.0	0/1000
B._paralicheniformis_strain_285-3	B._atrophaeus_strain_globigii	0.219531	2.16557e-19	5/1000
B._paranthracis_strain_PR1	B._atrophaeus_strain_globigii	0.263022	1.41273e-07	2/1000
B._sp._41-22	B._atrophaeus_strain_globigii	0.263022	1.39918e-07	2/1000
B._sp._HF-162	B._atrophaeus_strain_globigii	1.0	1.0	0/1000
B._subtilis_strain_75	B._atrophaeus_strain_globigii	0.156619	4.71033e-81	19/1000
B._subtilis_strain_B171	B._atrophaeus_strain_globigii	0.156619	6.30474e-81	19/1000
B._subtilis_strain_JNF2	B._atrophaeus_strain_globigii	0.161822	8.3886e-72	17/1000
B._subtilis_strain_SRCM104011	B._atrophaeus_strain_globigii	0.154223	9.657039999999999e-86	20/1000
B._subtilis_subsp._subtilis_isolate_FELIX_MS9	B._atrophaeus_strain_globigii	0.161822	8.54178e-72	17/1000
B._velezensis_strain_CN026	B._atrophaeus_strain_globigii	0.182269	5.1175899999999994e-45	11/1000
B._velezensis_strain_PTA-127065	B._atrophaeus_strain_globigii	0.186761	1.33422e-40	10/1000
B._velezensis_strain_Soil-4-2	B._atrophaeus_strain_globigii	0.186761	1.1275300000000002e-40	10/1000
B._velezensis_strain_UA0276	B._atrophaeus_strain_globigii	0.182269	4.2444099999999994e-45	11/1000
B._velezensis_strain_W1	B._atrophaeus_strain_globigii	0.182269	7.084719999999999e-45	11/1000
E._coli_strain_2015C-3163	B._atrophaeus_strain_globigii	1.0	1.0	0/1000
E._coli_strain_CUVET20-1573	B._atrophaeus_strain_globigii	1.0	1.0	0/1000
FO-S2_contigs	B._atrophaeus_strain_globigii	0.182269	6.450649999999999e-45	11/1000
L._capsici_strain_InaCC_B347	B._atrophaeus_strain_globigii	0.295981	0.000492867	1/1000
L._fusiformis_strain_MGMM7	B._atrophaeus_strain_globigii	0.295981	0.000529731	1/1000
L._sp._FSL_W7-1291	B._atrophaeus_strain_globigii	0.295981	0.000495519	1/1000
M._shinjukuense_strain_MSJ-20	B._atrophaeus_strain_globigii	1.0	1.0	0/1000
M._tuberculosis_strain_Beijing-like_36918	B._atrophaeus_strain_globigii	1.0	1.0	0/1000
P._aeruginosa_strain_SHPHC59	B._atrophaeus_strain_globigii	1.0	1.0	0/1000
P._hexagrammi_strain_YPD9-1	B._atrophaeus_strain_globigii	0.295981	0.000582686	1/1000
P._polymyxa_strain_P3	B._atrophaeus_strain_globigii	0.295981	0.000555609	1/1000
P._simiae_strain_FP689	B._atrophaeus_strain_globigii	1.0	1.0	0/1000
P._sp._FSL_L8-0436	B._atrophaeus_strain_globigii	0.263022	1.83983e-07	2/1000
S._aureus_strain_BPH2900_isolate_BPH2900	B._atrophaeus_strain_globigii	0.295981	0.000383111	1/1000
S._aureus_strain_MSHS_PS00038.1A	B._atrophaeus_strain_globigii	0.295981	0.000399363	1/1000
S._tsukubensis_strain_NRRL_18488	B._atrophaeus_strain_globigii	1.0	1.0	0/1000
S._zaomyceticus_strain_NBC_01228	B._atrophaeus_strain_globigii	1.0	1.0	0/1000
V._ainsalahensis_strain_JCM_30907	B._atrophaeus_strain_globigii	0.295981	0.000456059	1/1000
V._dokdonensis_strain_21D	B._atrophaeus_strain_globigii	0.295981	0.000479535	1/1000
V._siamensis_strain_JCM_15395	B._atrophaeus_strain_globigii	0.295981	0.000444519	1/1000
A._sp._XH2	B._borstelensis_strain_SLAM-AEPS2	0.295981	0.00050234	1/1000
A._thermoaerophilus_strain_AFn2	B._borstelensis_strain_SLAM-AEPS2	0.295981	0.000507722	1/1000
A._thermoaerophilus_strain_CCM_8960	B._borstelensis_strain_SLAM-AEPS2	0.295981	0.000507843	1/1000
B._altitudinis_strain_Ba1449	B._borstelensis_strain_SLAM-AEPS2	1.0	1.0	0/1000
B._atrophaeus_strain_globigii	B._borstelensis_strain_SLAM-AEPS2	1.0	1.0	0/1000
B._borstelensis_strain_SLAM-AEPS2	B._borstelensis_strain_SLAM-AEPS2	0.0	0.0	1000/1000
B._brevis_strain_DZQ7	B._borstelensis_strain_SLAM-AEPS2	0.243761	5.20052e-11	3/1000
B._cereus_strain_2-6A	B._borstelensis_strain_SLAM-AEPS2	1.0	1.0	0/1000
B._laterosporus_strain_Bl-zj	B._borstelensis_strain_SLAM-AEPS2	1.0	1.0	0/1000
B._licheniformis_strain_FUA2151	B._borstelensis_strain_SLAM-AEPS2	1.0	1.0	0/1000
B._ovatus_strain_BFG-261	B._borstelensis_strain_SLAM-AEPS2	1.0	1.0	0/1000
B._paralicheniformis_strain_285-3	B._borstelensis_strain_SLAM-AEPS2	1.0	1.0	0/1000
B._paranthracis_strain_PR1	B._borstelensis_strain_SLAM-AEPS2	1.0	1.0	0/1000
B._sp._41-22	B._borstelensis_strain_SLAM-AEPS2	1.0	1.0	0/1000
B._sp._HF-162	B._borstelensis_strain_SLAM-AEPS2	1.0	1.0	0/1000
B._subtilis_strain_75	B._borstelensis_strain_SLAM-AEPS2	1.0	1.0	0/1000
B._subtilis_strain_B171	B._borstelensis_strain_SLAM-AEPS2	1.0	1.0	0/1000
B._subtilis_strain_JNF2	B._borstelensis_strain_SLAM-AEPS2	1.0	1.0	0/1000
B._subtilis_strain_SRCM104011	B._borstelensis_strain_SLAM-AEPS2	1.0	1.0	0/1000
B._subtilis_subsp._subtilis_isolate_FELIX_MS9	B._borstelensis_strain_SLAM-AEPS2	1.0	1.0	0/1000
B._velezensis_strain_CN026	B._borstelensis_strain_SLAM-AEPS2	1.0	1.0	0/1000
B._velezensis_strain_PTA-127065	B._borstelensis_strain_SLAM-AEPS2	1.0	1.0	0/1000
B._velezensis_strain_Soil-4-2	B._borstelensis_strain_SLAM-AEPS2	1.0	1.0	0/1000
B._velezensis_strain_UA0276	B._borstelensis_strain_SLAM-AEPS2	1.0	1.0	0/1000
B._velezensis_strain_W1	B._borstelensis_strain_SLAM-AEPS2	1.0	1.0	0/1000
E._coli_strain_2015C-3163	B._borstelensis_strain_SLAM-AEPS2	1.0	1.0	0/1000
E._coli_strain_CUVET20-1573	B._borstelensis_strain_SLAM-AEPS2	1.0	1.0	0/1000
FO-S2_contigs	B._borstelensis_strain_SLAM-AEPS2	1.0	1.0	0/1000
L._capsici_strain_InaCC_B347	B._borstelensis_strain_SLAM-AEPS2	1.0	1.0	0/1000
L._fusiformis_strain_MGMM7	B._borstelensis_strain_SLAM-AEPS2	1.0	1.0	0/1000
L._sp._FSL_W7-1291	B._borstelensis_strain_SLAM-AEPS2	1.0	1.0	0/1000
M._shinjukuense_strain_MSJ-20	B._borstelensis_strain_SLAM-AEPS2	0.295981	0.000565026	1/1000
M._tuberculosis_strain_Beijing-like_36918	B._borstelensis_strain_SLAM-AEPS2	1.0	1.0	0/1000
P._aeruginosa_strain_SHPHC59	B._borstelensis_strain_SLAM-AEPS2	1.0	1.0	0/1000
P._hexagrammi_strain_YPD9-1	B._borstelensis_strain_SLAM-AEPS2	1.0	1.0	0/1000
P._polymyxa_strain_P3	B._borstelensis_strain_SLAM-AEPS2	1.0	1.0	0/1000
P._simiae_strain_FP689	B._borstelensis_strain_SLAM-AEPS2	1.0	1.0	0/1000
P._sp._FSL_L8-0436	B._borstelensis_strain_SLAM-AEPS2	0.295981	0.000722185	1/1000
S._aureus_strain_BPH2900_isolate_BPH2900	B._borstelensis_strain_SLAM-AEPS2	1.0	1.0	0/1000
S._aureus_strain_MSHS_PS00038.1A	B._borstelensis_strain_SLAM-AEPS2	1.0	1.0	0/1000
S._tsukubensis_strain_NRRL_18488	B._borstelensis_strain_SLAM-AEPS2	1.0	1.0	0/1000
S._zaomyceticus_strain_NBC_01228	B._borstelensis_strain_SLAM-AEPS2	1.0	1.0	0/1000
V._ainsalahensis_strain_JCM_30907	B._borstelensis_strain_SLAM-AEPS2	1.0	1.0	0/1000
V._dokdonensis_strain_21D	B._borstelensis_strain_SLAM-AEPS2	1.0	1.0	0/1000
V._siamensis_strain_JCM_15395	B._borstelensis_strain_SLAM-AEPS2	1.0	1.0	0/1000
A._sp._XH2	B._brevis_strain_DZQ7	1.0	1.0	0/1000
A._thermoaerophilus_strain_AFn2	B._brevis_strain_DZQ7	1.0	1.0	0/1000
A._thermoaerophilus_strain_CCM_8960	B._brevis_strain_DZQ7	1.0	1.0	0/1000
B._altitudinis_strain_Ba1449	B._brevis_strain_DZQ7	1.0	1.0	0/1000
B._atrophaeus_strain_globigii	B._brevis_strain_DZQ7	1.0	1.0	0/1000
B._borstelensis_strain_SLAM-AEPS2	B._brevis_strain_DZQ7	0.243761	5.20052e-11	3/1000
B._brevis_strain_DZQ7	B._brevis_strain_DZQ7	0.0	0.0	1000/1000
B._cereus_strain_2-6A	B._brevis_strain_DZQ7	1.0	1.0	0/1000
B._laterosporus_strain_Bl-zj	B._brevis_strain_DZQ7	0.295981	0.00065429	1/1000
B._licheniformis_strain_FUA2151	B._brevis_strain_DZQ7	0.295981	0.000581836	1/1000
B._ovatus_strain_BFG-261	B._brevis_strain_DZQ7	1.0	1.0	0/1000
B._paralicheniformis_strain_285-3	B._brevis_strain_DZQ7	0.295981	0.000588049	1/1000
B._paranthracis_strain_PR1	B._brevis_strain_DZQ7	1.0	1.0	0/1000
B._sp._41-22	B._brevis_strain_DZQ7	1.0	1.0	0/1000
B._sp._HF-162	B._brevis_strain_DZQ7	1.0	1.0	0/1000
B._subtilis_strain_75	B._brevis_strain_DZQ7	1.0	1.0	0/1000
B._subtilis_strain_B171	B._brevis_strain_DZQ7	1.0	1.0	0/1000
B._subtilis_strain_JNF2	B._brevis_strain_DZQ7	1.0	1.0	0/1000
B._subtilis_strain_SRCM104011	B._brevis_strain_DZQ7	1.0	1.0	0/1000
B._subtilis_subsp._subtilis_isolate_FELIX_MS9	B._brevis_strain_DZQ7	1.0	1.0	0/1000
B._velezensis_strain_CN026	B._brevis_strain_DZQ7	1.0	1.0	0/1000
B._velezensis_strain_PTA-127065	B._brevis_strain_DZQ7	1.0	1.0	0/1000
B._velezensis_strain_Soil-4-2	B._brevis_strain_DZQ7	1.0	1.0	0/1000
B._velezensis_strain_UA0276	B._brevis_strain_DZQ7	1.0	1.0	0/1000
B._velezensis_strain_W1	B._brevis_strain_DZQ7	1.0	1.0	0/1000
E._coli_strain_2015C-3163	B._brevis_strain_DZQ7	1.0	1.0	0/1000
E._coli_strain_CUVET20-1573	B._brevis_strain_DZQ7	1.0	1.0	0/1000
FO-S2_contigs	B._brevis_strain_DZQ7	1.0	1.0	0/1000
L._capsici_strain_InaCC_B347	B._brevis_strain_DZQ7	1.0	1.0	0/1000
L._fusiformis_strain_MGMM7	B._brevis_strain_DZQ7	1.0	1.0	0/1000
L._sp._FSL_W7-1291	B._brevis_strain_DZQ7	1.0	1.0	0/1000
M._shinjukuense_strain_MSJ-20	B._brevis_strain_DZQ7	1.0	1.0	0/1000
M._tuberculosis_strain_Beijing-like_36918	B._brevis_strain_DZQ7	1.0	1.0	0/1000
P._aeruginosa_strain_SHPHC59	B._brevis_strain_DZQ7	1.0	1.0	0/1000
P._hexagrammi_strain_YPD9-1	B._brevis_strain_DZQ7	1.0	1.0	0/1000
P._polymyxa_strain_P3	B._brevis_strain_DZQ7	1.0	1.0	0/1000
P._simiae_strain_FP689	B._brevis_strain_DZQ7	1.0	1.0	0/1000
P._sp._FSL_L8-0436	B._brevis_strain_DZQ7	1.0	1.0	0/1000
S._aureus_strain_BPH2900_isolate_BPH2900	B._brevis_strain_DZQ7	1.0	1.0	0/1000
S._aureus_strain_MSHS_PS00038.1A	B._brevis_strain_DZQ7	1.0	1.0	0/1000
S._tsukubensis_strain_NRRL_18488	B._brevis_strain_DZQ7	1.0	1.0	0/1000
S._zaomyceticus_strain_NBC_01228	B._brevis_strain_DZQ7	1.0	1.0	0/1000
V._ainsalahensis_strain_JCM_30907	B._brevis_strain_DZQ7	1.0	1.0	0/1000
V._dokdonensis_strain_21D	B._brevis_strain_DZQ7	1.0	1.0	0/1000
V._siamensis_strain_JCM_15395	B._brevis_strain_DZQ7	1.0	1.0	0/1000
A._sp._XH2	B._cereus_strain_2-6A	1.0	1.0	0/1000
A._thermoaerophilus_strain_AFn2	B._cereus_strain_2-6A	1.0	1.0	0/1000
A._thermoaerophilus_strain_CCM_8960	B._cereus_strain_2-6A	1.0	1.0	0/1000
B._altitudinis_strain_Ba1449	B._cereus_strain_2-6A	0.243761	2.28835e-11	3/1000
B._atrophaeus_strain_globigii	B._cereus_strain_2-6A	0.263022	1.5296e-07	2/1000
B._borstelensis_strain_SLAM-AEPS2	B._cereus_strain_2-6A	1.0	1.0	0/1000
B._brevis_strain_DZQ7	B._cereus_strain_2-6A	1.0	1.0	0/1000
B._cereus_strain_2-6A	B._cereus_strain_2-6A	0.0	0.0	1000/1000
B._laterosporus_strain_Bl-zj	B._cereus_strain_2-6A	1.0	1.0	0/1000
B._licheniformis_strain_FUA2151	B._cereus_strain_2-6A	0.243761	2.90021e-11	3/1000
B._ovatus_strain_BFG-261	B._cereus_strain_2-6A	1.0	1.0	0/1000
B._paralicheniformis_strain_285-3	B._cereus_strain_2-6A	0.263022	1.592e-07	2/1000
B._paranthracis_strain_PR1	B._cereus_strain_2-6A	0.0730018	0.0	121/1000
B._sp._41-22	B._cereus_strain_2-6A	0.0893096	0.0	83/1000
B._sp._HF-162	B._cereus_strain_2-6A	1.0	1.0	0/1000
B._subtilis_strain_75	B._cereus_strain_2-6A	0.295981	0.000551853	1/1000
B._subtilis_strain_B171	B._cereus_strain_2-6A	0.295981	0.000561821	1/1000
B._subtilis_strain_JNF2	B._cereus_strain_2-6A	0.295981	0.000556414	1/1000
B._subtilis_strain_SRCM104011	B._cereus_strain_2-6A	0.295981	0.000547851	1/1000
B._subtilis_subsp._subtilis_isolate_FELIX_MS9	B._cereus_strain_2-6A	0.295981	0.000557105	1/1000
B._velezensis_strain_CN026	B._cereus_strain_2-6A	0.295981	0.000539194	1/1000
B._velezensis_strain_PTA-127065	B._cereus_strain_2-6A	0.295981	0.000544584	1/1000
B._velezensis_strain_Soil-4-2	B._cereus_strain_2-6A	0.295981	0.000534041	1/1000
B._velezensis_strain_UA0276	B._cereus_strain_2-6A	0.295981	0.000528662	1/1000
B._velezensis_strain_W1	B._cereus_strain_2-6A	0.295981	0.00055808	1/1000
E._coli_strain_2015C-3163	B._cereus_strain_2-6A	1.0	1.0	0/1000
E._coli_strain_CUVET20-1573	B._cereus_strain_2-6A	1.0	1.0	0/1000
FO-S2_contigs	B._cereus_strain_2-6A	0.295981	0.000552559	1/1000
L._capsici_strain_InaCC_B347	B._cereus_strain_2-6A	0.295981	0.000578336	1/1000
L._fusiformis_strain_MGMM7	B._cereus_strain_2-6A	0.295981	0.000629761	1/1000
L._sp._FSL_W7-1291	B._cereus_strain_2-6A	0.295981	0.000581991	1/1000
M._shinjukuense_strain_MSJ-20	B._cereus_strain_2-6A	1.0	1.0	0/1000
M._tuberculosis_strain_Beijing-like_36918	B._cereus_strain_2-6A	1.0	1.0	0/1000
P._aeruginosa_strain_SHPHC59	B._cereus_strain_2-6A	1.0	1.0	0/1000
P._hexagrammi_strain_YPD9-1	B._cereus_strain_2-6A	0.295981	0.000706044	1/1000
P._polymyxa_strain_P3	B._cereus_strain_2-6A	0.295981	0.000666676	1/1000
P._simiae_strain_FP689	B._cereus_strain_2-6A	1.0	1.0	0/1000
P._sp._FSL_L8-0436	B._cereus_strain_2-6A	0.295981	0.000741826	1/1000
S._aureus_strain_BPH2900_isolate_BPH2900	B._cereus_strain_2-6A	0.295981	0.000432832	1/1000
S._aureus_strain_MSHS_PS00038.1A	B._cereus_strain_2-6A	0.295981	0.000453692	1/1000
S._tsukubensis_strain_NRRL_18488	B._cereus_strain_2-6A	1.0	1.0	0/1000
S._zaomyceticus_strain_NBC_01228	B._cereus_strain_2-6A	1.0	1.0	0/1000
V._ainsalahensis_strain_JCM_30907	B._cereus_strain_2-6A	0.295981	0.000528303	1/1000
V._dokdonensis_strain_21D	B._cereus_strain_2-6A	0.295981	0.000560065	1/1000
V._siamensis_strain_JCM_15395	B._cereus_strain_2-6A	0.295981	0.000512879	1/1000
A._sp._XH2	B._laterosporus_strain_Bl-zj	0.295981	0.000488775	1/1000
A._thermoaerophilus_strain_AFn2	B._laterosporus_strain_Bl-zj	0.295981	0.000493869	1/1000
A._thermoaerophilus_strain_CCM_8960	B._laterosporus_strain_Bl-zj	0.295981	0.000493983	1/1000
B._altitudinis_strain_Ba1449	B._laterosporus_strain_Bl-zj	1.0	1.0	0/1000
B._atrophaeus_strain_globigii	B._laterosporus_strain_Bl-zj	1.0	1.0	0/1000
B._borstelensis_strain_SLAM-AEPS2	B._laterosporus_strain_Bl-zj	1.0	1.0	0/1000
B._brevis_strain_DZQ7	B._laterosporus_strain_Bl-zj	0.295981	0.00065429	1/1000
B._cereus_strain_2-6A	B._laterosporus_strain_Bl-zj	1.0	1.0	0/1000
B._laterosporus_strain_Bl-zj	B._laterosporus_strain_Bl-zj	0.0	0.0	1000/1000
B._licheniformis_strain_FUA2151	B._laterosporus_strain_Bl-zj	1.0	1.0	0/1000
B._ovatus_strain_BFG-261	B._laterosporus_strain_Bl-zj	1.0	1.0	0/1000
B._paralicheniformis_strain_285-3	B._laterosporus_strain_Bl-zj	1.0	1.0	0/1000
B._paranthracis_strain_PR1	B._laterosporus_strain_Bl-zj	1.0	1.0	0/1000
B._sp._41-22	B._laterosporus_strain_Bl-zj	1.0	1.0	0/1000
B._sp._HF-162	B._laterosporus_strain_Bl-zj	1.0	1.0	0/1000
B._subtilis_strain_75	B._laterosporus_strain_Bl-zj	1.0	1.0	0/1000
B._subtilis_strain_B171	B._laterosporus_strain_Bl-zj	1.0	1.0	0/1000
B._subtilis_strain_JNF2	B._laterosporus_strain_Bl-zj	1.0	1.0	0/1000
B._subtilis_strain_SRCM104011	B._laterosporus_strain_Bl-zj	1.0	1.0	0/1000
B._subtilis_subsp._subtilis_isolate_FELIX_MS9	B._laterosporus_strain_Bl-zj	1.0	1.0	0/1000
B._velezensis_strain_CN026	B._laterosporus_strain_Bl-zj	1.0	1.0	0/1000
B._velezensis_strain_PTA-127065	B._laterosporus_strain_Bl-zj	1.0	1.0	0/1000
B._velezensis_strain_Soil-4-2	B._laterosporus_strain_Bl-zj	1.0	1.0	0/1000
B._velezensis_strain_UA0276	B._laterosporus_strain_Bl-zj	1.0	1.0	0/1000
B._velezensis_strain_W1	B._laterosporus_strain_Bl-zj	1.0	1.0	0/1000
E._coli_strain_2015C-3163	B._laterosporus_strain_Bl-zj	1.0	1.0	0/1000
E._coli_strain_CUVET20-1573	B._laterosporus_strain_Bl-zj	1.0	1.0	0/1000
FO-S2_contigs	B._laterosporus_strain_Bl-zj	1.0	1.0	0/1000
L._capsici_strain_InaCC_B347	B._laterosporus_strain_Bl-zj	1.0	1.0	0/1000
L._fusiformis_strain_MGMM7	B._laterosporus_strain_Bl-zj	1.0	1.0	0/1000
L._sp._FSL_W7-1291	B._laterosporus_strain_Bl-zj	1.0	1.0	0/1000
M._shinjukuense_strain_MSJ-20	B._laterosporus_strain_Bl-zj	1.0	1.0	0/1000
M._tuberculosis_strain_Beijing-like_36918	B._laterosporus_strain_Bl-zj	1.0	1.0	0/1000
P._aeruginosa_strain_SHPHC59	B._laterosporus_strain_Bl-zj	1.0	1.0	0/1000
P._hexagrammi_strain_YPD9-1	B._laterosporus_strain_Bl-zj	1.0	1.0	0/1000
P._polymyxa_strain_P3	B._laterosporus_strain_Bl-zj	1.0	1.0	0/1000
P._simiae_strain_FP689	B._laterosporus_strain_Bl-zj	1.0	1.0	0/1000
P._sp._FSL_L8-0436	B._laterosporus_strain_Bl-zj	1.0	1.0	0/1000
S._aureus_strain_BPH2900_isolate_BPH2900	B._laterosporus_strain_Bl-zj	1.0	1.0	0/1000
S._aureus_strain_MSHS_PS00038.1A	B._laterosporus_strain_Bl-zj	1.0	1.0	0/1000
S._tsukubensis_strain_NRRL_18488	B._laterosporus_strain_Bl-zj	1.0	1.0	0/1000
S._zaomyceticus_strain_NBC_01228	B._laterosporus_strain_Bl-zj	1.0	1.0	0/1000
V._ainsalahensis_strain_JCM_30907	B._laterosporus_strain_Bl-zj	1.0	1.0	0/1000
V._dokdonensis_strain_21D	B._laterosporus_strain_Bl-zj	1.0	1.0	0/1000
V._siamensis_strain_JCM_15395	B._laterosporus_strain_Bl-zj	1.0	1.0	0/1000
A._sp._XH2	B._licheniformis_strain_FUA2151	1.0	1.0	0/1000
A._thermoaerophilus_strain_AFn2	B._licheniformis_strain_FUA2151	1.0	1.0	0/1000
A._thermoaerophilus_strain_CCM_8960	B._licheniformis_strain_FUA2151	1.0	1.0	0/1000
B._altitudinis_strain_Ba1449	B._licheniformis_strain_FUA2151	0.263022	1.01464e-07	2/1000
B._atrophaeus_strain_globigii	B._licheniformis_strain_FUA2151	0.243761	1.82214e-11	3/1000
B._borstelensis_strain_SLAM-AEPS2	B._licheniformis_strain_FUA2151	1.0	1.0	0/1000
B._brevis_strain_DZQ7	B._licheniformis_strain_FUA2151	0.295981	0.000581836	1/1000
B._cereus_strain_2-6A	B._licheniformis_strain_FUA2151	0.243761	2.90021e-11	3/1000
B._laterosporus_strain_Bl-zj	B._licheniformis_strain_FUA2151	1.0	1.0	0/1000
B._licheniformis_strain_FUA2151	B._licheniformis_strain_FUA2151	0.0	0.0	1000/1000
B._ovatus_strain_BFG-261	B._licheniformis_strain_FUA2151	1.0	1.0	0/1000
B._paralicheniformis_strain_285-3	B._licheniformis_strain_FUA2151	0.0501998	0.0	211/1000
B._paranthracis_strain_PR1	B._licheniformis_strain_FUA2151	0.243761	2.57128e-11	3/1000
B._sp._41-22	B._licheniformis_strain_FUA2151	0.263022	1.42564e-07	2/1000
B._sp._HF-162	B._licheniformis_strain_FUA2151	1.0	1.0	0/1000
B._subtilis_strain_75	B._licheniformis_strain_FUA2151	0.219531	2.0493200000000002e-19	5/1000
B._subtilis_strain_B171	B._licheniformis_strain_FUA2151	0.23011	2.29163e-15	4/1000
B._subtilis_strain_JNF2	B._licheniformis_strain_FUA2151	0.23011	2.21632e-15	4/1000
B._subtilis_strain_SRCM104011	B._licheniformis_strain_FUA2151	0.23011	2.10049e-15	4/1000
B._subtilis_subsp._subtilis_isolate_FELIX_MS9	B._licheniformis_strain_FUA2151	0.23011	2.22586e-15	4/1000
B._velezensis_strain_CN026	B._licheniformis_strain_FUA2151	0.243761	1.70363e-11	3/1000
B._velezensis_strain_PTA-127065	B._licheniformis_strain_FUA2151	0.23011	2.05738e-15	4/1000
B._velezensis_strain_Soil-4-2	B._licheniformis_strain_FUA2151	0.23011	1.92237e-15	4/1000
B._velezensis_strain_UA0276	B._licheniformis_strain_FUA2151	0.23011	1.85585e-15	4/1000
B._velezensis_strain_W1	B._licheniformis_strain_FUA2151	0.23011	2.23934e-15	4/1000
E._coli_strain_2015C-3163	B._licheniformis_strain_FUA2151	1.0	1.0	0/1000
E._coli_strain_CUVET20-1573	B._licheniformis_strain_FUA2151	1.0	1.0	0/1000
FO-S2_contigs	B._licheniformis_strain_FUA2151	0.23011	2.16366e-15	4/1000
L._capsici_strain_InaCC_B347	B._licheniformis_strain_FUA2151	0.295981	0.000497183	1/1000
L._fusiformis_strain_MGMM7	B._licheniformis_strain_FUA2151	0.295981	0.00053472	1/1000
L._sp._FSL_W7-1291	B._licheniformis_strain_FUA2151	0.295981	0.000499882	1/1000
M._shinjukuense_strain_MSJ-20	B._licheniformis_strain_FUA2151	1.0	1.0	0/1000
M._tuberculosis_strain_Beijing-like_36918	B._licheniformis_strain_FUA2151	1.0	1.0	0/1000
P._aeruginosa_strain_SHPHC59	B._licheniformis_strain_FUA2151	1.0	1.0	0/1000
P._hexagrammi_strain_YPD9-1	B._licheniformis_strain_FUA2151	0.295981	0.000588729	1/1000
P._polymyxa_strain_P3	B._licheniformis_strain_FUA2151	0.295981	0.0005611	1/1000
P._simiae_strain_FP689	B._licheniformis_strain_FUA2151	1.0	1.0	0/1000
P._sp._FSL_L8-0436	B._licheniformis_strain_FUA2151	0.295981	0.0006134	1/1000
S._aureus_strain_BPH2900_isolate_BPH2900	B._licheniformis_strain_FUA2151	0.295981	0.000385714	1/1000
S._aureus_strain_MSHS_PS00038.1A	B._licheniformis_strain_FUA2151	0.295981	0.000402192	1/1000
S._tsukubensis_strain_NRRL_18488	B._licheniformis_strain_FUA2151	1.0	1.0	0/1000
S._zaomyceticus_strain_NBC_01228	B._licheniformis_strain_FUA2151	1.0	1.0	0/1000
V._ainsalahensis_strain_JCM_30907	B._licheniformis_strain_FUA2151	0.295981	0.000459752	1/1000
V._dokdonensis_strain_21D	B._licheniformis_strain_FUA2151	0.295981	0.00048362	1/1000
V._siamensis_strain_JCM_15395	B._licheniformis_strain_FUA2151	0.295981	0.000448027	1/1000
A._sp._XH2	B._ovatus_strain_BFG-261	1.0	1.0	0/1000
A._thermoaerophilus_strain_AFn2	B._ovatus_strain_BFG-261	1.0	1.0	0/1000
A._thermoaerophilus_strain_CCM_8960	B._ovatus_strain_BFG-261	1.0	1.0	0/1000
B._altitudinis_strain_Ba1449	B._ovatus_strain_BFG-261	1.0	1.0	0/1000
B._atrophaeus_strain_globigii	B._ovatus_strain_BFG-261	1.0	1.0	0/1000
B._borstelensis_strain_SLAM-AEPS2	B._ovatus_strain_BFG-261	1.0	1.0	0/1000
B._brevis_strain_DZQ7	B._ovatus_strain_BFG-261	1.0	1.0	0/1000
B._cereus_strain_2-6A	B._ovatus_strain_BFG-261	1.0	1.0	0/1000
B._laterosporus_strain_Bl-zj	B._ovatus_strain_BFG-261	1.0	1.0	0/1000
B._licheniformis_strain_FUA2151	B._ovatus_strain_BFG-261	1.0	1.0	0/1000
B._ovatus_strain_BFG-261	B._ovatus_strain_BFG-261	0.0	0.0	1000/1000
B._paralicheniformis_strain_285-3	B._ovatus_strain_BFG-261	1.0	1.0	0/1000
B._paranthracis_strain_PR1	B._ovatus_strain_BFG-261	1.0	1.0	0/1000
B._sp._41-22	B._ovatus_strain_BFG-261	1.0	1.0	0/1000
B._sp._HF-162	B._ovatus_strain_BFG-261	0.191731	2.74239e-35	9/1000
B._subtilis_strain_75	B._ovatus_strain_BFG-261	1.0	1.0	0/1000
B._subtilis_strain_B171	B._ovatus_strain_BFG-261	1.0	1.0	0/1000
B._subtilis_strain_JNF2	B._ovatus_strain_BFG-261	1.0	1.0	0/1000
B._subtilis_strain_SRCM104011	B._ovatus_strain_BFG-261	1.0	1.0	0/1000
B._subtilis_subsp._subtilis_isolate_FELIX_MS9	B._ovatus_strain_BFG-261	1.0	1.0	0/1000
B._velezensis_strain_CN026	B._ovatus_strain_BFG-261	1.0	1.0	0/1000
B._velezensis_strain_PTA-127065	B._ovatus_strain_BFG-261	1.0	1.0	0/1000
B._velezensis_strain_Soil-4-2	B._ovatus_strain_BFG-261	1.0	1.0	0/1000
B._velezensis_strain_UA0276	B._ovatus_strain_BFG-261	1.0	1.0	0/1000
B._velezensis_strain_W1	B._ovatus_strain_BFG-261	1.0	1.0	0/1000
E._coli_strain_2015C-3163	B._ovatus_strain_BFG-261	1.0	1.0	0/1000
E._coli_strain_CUVET20-1573	B._ovatus_strain_BFG-261	1.0	1.0	0/1000
FO-S2_contigs	B._ovatus_strain_BFG-261	1.0	1.0	0/1000
L._capsici_strain_InaCC_B347	B._ovatus_strain_BFG-261	1.0	1.0	0/1000
L._fusiformis_strain_MGMM7	B._ovatus_strain_BFG-261	1.0	1.0	0/1000
L._sp._FSL_W7-1291	B._ovatus_strain_BFG-261	1.0	1.0	0/1000
M._shinjukuense_strain_MSJ-20	B._ovatus_strain_BFG-261	1.0	1.0	0/1000
M._tuberculosis_strain_Beijing-like_36918	B._ovatus_strain_BFG-261	1.0	1.0	0/1000
P._aeruginosa_strain_SHPHC59	B._ovatus_strain_BFG-261	1.0	1.0	0/1000
P._hexagrammi_strain_YPD9-1	B._ovatus_strain_BFG-261	1.0	1.0	0/1000
P._polymyxa_strain_P3	B._ovatus_strain_BFG-261	1.0	1.0	0/1000
P._simiae_strain_FP689	B._ovatus_strain_BFG-261	1.0	1.0	0/1000
P._sp._FSL_L8-0436	B._ovatus_strain_BFG-261	1.0	1.0	0/1000
S._aureus_strain_BPH2900_isolate_BPH2900	B._ovatus_strain_BFG-261	1.0	1.0	0/1000
S._aureus_strain_MSHS_PS00038.1A	B._ovatus_strain_BFG-261	1.0	1.0	0/1000
S._tsukubensis_strain_NRRL_18488	B._ovatus_strain_BFG-261	1.0	1.0	0/1000
S._zaomyceticus_strain_NBC_01228	B._ovatus_strain_BFG-261	1.0	1.0	0/1000
V._ainsalahensis_strain_JCM_30907	B._ovatus_strain_BFG-261	1.0	1.0	0/1000
V._dokdonensis_strain_21D	B._ovatus_strain_BFG-261	1.0	1.0	0/1000
V._siamensis_strain_JCM_15395	B._ovatus_strain_BFG-261	1.0	1.0	0/1000
A._sp._XH2	B._paralicheniformis_strain_285-3	1.0	1.0	0/1000
A._thermoaerophilus_strain_AFn2	B._paralicheniformis_strain_285-3	1.0	1.0	0/1000
A._thermoaerophilus_strain_CCM_8960	B._paralicheniformis_strain_285-3	1.0	1.0	0/1000
B._altitudinis_strain_Ba1449	B._paralicheniformis_strain_285-3	0.263022	1.03145e-07	2/1000
B._atrophaeus_strain_globigii	B._paralicheniformis_strain_285-3	0.219531	2.16557e-19	5/1000
B._borstelensis_strain_SLAM-AEPS2	B._paralicheniformis_strain_285-3	1.0	1.0	0/1000
B._brevis_strain_DZQ7	B._paralicheniformis_strain_285-3	0.295981	0.000588049	1/1000
B._cereus_strain_2-6A	B._paralicheniformis_strain_285-3	0.263022	1.592e-07	2/1000
B._laterosporus_strain_Bl-zj	B._paralicheniformis_strain_285-3	1.0	1.0	0/1000
B._licheniformis_strain_FUA2151	B._paralicheniformis_strain_285-3	0.0501998	0.0	211/1000
B._ovatus_strain_BFG-261	B._paralicheniformis_strain_285-3	1.0	1.0	0/1000
B._paralicheniformis_strain_285-3	B._paralicheniformis_strain_285-3	0.0	0.0	1000/1000
B._paranthracis_strain_PR1	B._paralicheniformis_strain_285-3	0.263022	1.46805e-07	2/1000
B._sp._41-22	B._paralicheniformis_strain_285-3	0.263022	1.4537e-07	2/1000
B._sp._HF-162	B._paralicheniformis_strain_285-3	1.0	1.0	0/1000
B._subtilis_strain_75	B._paralicheniformis_strain_285-3	0.210897	1.71014e-23	6/1000
B._subtilis_strain_B171	B._paralicheniformis_strain_285-3	0.210897	1.87806e-23	6/1000
B._subtilis_strain_JNF2	B._paralicheniformis_strain_285-3	0.210897	1.78545e-23	6/1000
B._subtilis_strain_SRCM104011	B._paralicheniformis_strain_285-3	0.191731	3.50861e-36	9/1000
B._subtilis_subsp._subtilis_isolate_FELIX_MS9	B._paralicheniformis_strain_285-3	0.210897	1.79709e-23	6/1000
B._velezensis_strain_CN026	B._paralicheniformis_strain_285-3	0.210897	1.51416e-23	6/1000
B._velezensis_strain_PTA-127065	B._paralicheniformis_strain_285-3	0.210897	1.5953200000000001e-23	6/1000
B._velezensis_strain_Soil-4-2	B._paralicheniformis_strain_285-3	0.210897	1.4396200000000002e-23	6/1000
B._velezensis_strain_UA0276	B._paralicheniformis_strain_285-3	0.203604	8.993350000000001e-28	7/1000
B._velezensis_strain_W1	B._paralicheniformis_strain_285-3	0.203604	1.2529099999999999e-27	7/1000
E._coli_strain_2015C-3163	B._paralicheniformis_strain_285-3	1.0	1.0	0/1000
E._coli_strain_CUVET20-1573	B._paralicheniformis_strain_285-3	1.0	1.0	0/1000
FO-S2_contigs	B._paralicheniformis_strain_285-3	0.197292	7.05905e-32	8/1000
L._capsici_strain_InaCC_B347	B._paralicheniformis_strain_285-3	0.295981	0.000501712	1/1000
L._fusiformis_strain_MGMM7	B._paralicheniformis_strain_285-3	0.295981	0.000539963	1/1000
L._sp._FSL_W7-1291	B._paralicheniformis_strain_285-3	0.295981	0.00050446	1/1000
M._shinjukuense_strain_MSJ-20	B._paralicheniformis_strain_285-3	1.0	1.0	0/1000
M._tuberculosis_strain_Beijing-like_36918	B._paralicheniformis_strain_285-3	1.0	1.0	0/1000
P._aeruginosa_strain_SHPHC59	B._paralicheniformis_strain_285-3	1.0	1.0	0/1000
P._hexagrammi_strain_YPD9-1	B._paralicheniformis_strain_285-3	0.295981	0.00059509	1/1000
P._polymyxa_strain_P3	B._paralicheniformis_strain_285-3	0.295981	0.000566876	1/1000
P._simiae_strain_FP689	B._paralicheniformis_strain_285-3	1.0	1.0	0/1000
P._sp._FSL_L8-0436	B._paralicheniformis_strain_285-3	0.263022	1.92239e-07	2/1000
S._aureus_strain_BPH2900_isolate_BPH2900	B._paralicheniformis_strain_285-3	0.295981	0.000388434	1/1000
S._aureus_strain_MSHS_PS00038.1A	B._paralicheniformis_strain_285-3	0.295981	0.000405151	1/1000
S._tsukubensis_strain_NRRL_18488	B._paralicheniformis_strain_285-3	1.0	1.0	0/1000
S._zaomyceticus_strain_NBC_01228	B._paralicheniformis_strain_285-3	1.0	1.0	0/1000
V._ainsalahensis_strain_JCM_30907	B._paralicheniformis_strain_285-3	0.295981	0.000463622	1/1000
V._dokdonensis_strain_21D	B._paralicheniformis_strain_285-3	0.295981	0.000487904	1/1000
V._siamensis_strain_JCM_15395	B._paralicheniformis_strain_285-3	0.295981	0.000451701	1/1000
A._sp._XH2	B._paranthracis_strain_PR1	1.0	1.0	0/1000
A._thermoaerophilus_strain_AFn2	B._paranthracis_strain_PR1	1.0	1.0	0/1000
A._thermoaerophilus_strain_CCM_8960	B._paranthracis_strain_PR1	1.0	1.0	0/1000
B._altitudinis_strain_Ba1449	B._paranthracis_strain_PR1	0.243761	2.04711e-11	3/1000
B._atrophaeus_strain_globigii	B._paranthracis_strain_PR1	0.263022	1.41273e-07	2/1000
B._borstelensis_strain_SLAM-AEPS2	B._paranthracis_strain_PR1	1.0	1.0	0/1000
B._brevis_strain_DZQ7	B._paranthracis_strain_PR1	1.0	1.0	0/1000
B._cereus_strain_2-6A	B._paranthracis_strain_PR1	0.0730018	0.0	121/1000
B._laterosporus_strain_Bl-zj	B._paranthracis_strain_PR1	1.0	1.0	0/1000
B._licheniformis_strain_FUA2151	B._paranthracis_strain_PR1	0.243761	2.57128e-11	3/1000
B._ovatus_strain_BFG-261	B._paranthracis_strain_PR1	1.0	1.0	0/1000
B._paralicheniformis_strain_285-3	B._paranthracis_strain_PR1	0.263022	1.46805e-07	2/1000
B._paranthracis_strain_PR1	B._paranthracis_strain_PR1	0.0	0.0	1000/1000
B._sp._41-22	B._paranthracis_strain_PR1	0.0909306	0.0	80/1000
B._sp._HF-162	B._paranthracis_strain_PR1	1.0	1.0	0/1000
B._subtilis_strain_75	B._paranthracis_strain_PR1	0.295981	0.000530408	1/1000
B._subtilis_strain_B171	B._paranthracis_strain_PR1	0.295981	0.000539611	1/1000
B._subtilis_strain_JNF2	B._paranthracis_strain_PR1	0.295981	0.000534621	1/1000
B._subtilis_strain_SRCM104011	B._paranthracis_strain_PR1	0.295981	0.000526711	1/1000
B._subtilis_subsp._subtilis_isolate_FELIX_MS9	B._paranthracis_strain_PR1	0.295981	0.000535259	1/1000
B._velezensis_strain_CN026	B._paranthracis_strain_PR1	0.295981	0.000518704	1/1000
B._velezensis_strain_PTA-127065	B._paranthracis_strain_PR1	0.295981	0.00052369	1/1000
B._velezensis_strain_Soil-4-2	B._paranthracis_strain_PR1	0.295981	0.000513934	1/1000
B._velezensis_strain_UA0276	B._paranthracis_strain_PR1	0.295981	0.00050895	1/1000
B._velezensis_strain_W1	B._paranthracis_strain_PR1	0.295981	0.000536159	1/1000
E._coli_strain_2015C-3163	B._paranthracis_strain_PR1	1.0	1.0	0/1000
E._coli_strain_CUVET20-1573	B._paranthracis_strain_PR1	1.0	1.0	0/1000
FO-S2_contigs	B._paranthracis_strain_PR1	0.295981	0.000531061	1/1000
L._capsici_strain_InaCC_B347	B._paranthracis_strain_PR1	0.295981	0.000554828	1/1000
L._fusiformis_strain_MGMM7	B._paranthracis_strain_PR1	0.295981	0.000601987	1/1000
L._sp._FSL_W7-1291	B._paranthracis_strain_PR1	0.263022	1.55662e-07	2/1000
M._shinjukuense_strain_MSJ-20	B._paranthracis_strain_PR1	1.0	1.0	0/1000
M._tuberculosis_strain_Beijing-like_36918	B._paranthracis_strain_PR1	1.0	1.0	0/1000
P._aeruginosa_strain_SHPHC59	B._paranthracis_strain_PR1	1.0	1.0	0/1000
P._hexagrammi_strain_YPD9-1	B._paranthracis_strain_PR1	0.295981	0.000671319	1/1000
P._polymyxa_strain_P3	B._paranthracis_strain_PR1	0.295981	0.00063563	1/1000
P._simiae_strain_FP689	B._paranthracis_strain_PR1	1.0	1.0	0/1000
P._sp._FSL_L8-0436	B._paranthracis_strain_PR1	0.295981	0.000703588	1/1000
S._aureus_strain_BPH2900_isolate_BPH2900	B._paranthracis_strain_PR1	0.295981	0.000419529	1/1000
S._aureus_strain_MSHS_PS00038.1A	B._paranthracis_strain_PR1	0.295981	0.000439097	1/1000
S._tsukubensis_strain_NRRL_18488	B._paranthracis_strain_PR1	1.0	1.0	0/1000
S._zaomyceticus_strain_NBC_01228	B._paranthracis_strain_PR1	1.0	1.0	0/1000
V._ainsalahensis_strain_JCM_30907	B._paranthracis_strain_PR1	0.295981	0.000508617	1/1000
V._dokdonensis_strain_21D	B._paranthracis_strain_PR1	0.295981	0.00053799	1/1000
V._siamensis_strain_JCM_15395	B._paranthracis_strain_PR1	0.295981	0.000494306	1/1000
A._sp._XH2	B._sp._41-22	1.0	1.0	0/1000
A._thermoaerophilus_strain_AFn2	B._sp._41-22	1.0	1.0	0/1000
A._thermoaerophilus_strain_CCM_8960	B._sp._41-22	1.0	1.0	0/1000
B._altitudinis_strain_Ba1449	B._sp._41-22	0.243761	2.01961e-11	3/1000
B._atrophaeus_strain_globigii	B._sp._41-22	0.263022	1.39918e-07	2/1000
B._borstelensis_strain_SLAM-AEPS2	B._sp._41-22	1.0	1.0	0/1000
B._brevis_strain_DZQ7	B._sp._41-22	1.0	1.0	0/1000
B._cereus_strain_2-6A	B._sp._41-22	0.0893096	0.0	83/1000
B._laterosporus_strain_Bl-zj	B._sp._41-22	1.0	1.0	0/1000
B._licheniformis_strain_FUA2151	B._sp._41-22	0.263022	1.42564e-07	2/1000
B._ovatus_strain_BFG-261	B._sp._41-22	1.0	1.0	0/1000
B._paralicheniformis_strain_285-3	B._sp._41-22	0.263022	1.4537e-07	2/1000
B._paranthracis_strain_PR1	B._sp._41-22	0.0909306	0.0	80/1000
B._sp._41-22	B._sp._41-22	0.0	0.0	1000/1000
B._sp._HF-162	B._sp._41-22	1.0	1.0	0/1000
B._subtilis_strain_75	B._sp._41-22	0.295981	0.000527866	1/1000
B._subtilis_strain_B171	B._sp._41-22	0.295981	0.000536979	1/1000
B._subtilis_strain_JNF2	B._sp._41-22	0.295981	0.000532038	1/1000
B._subtilis_strain_SRCM104011	B._sp._41-22	0.295981	0.000524204	1/1000
B._subtilis_subsp._subtilis_isolate_FELIX_MS9	B._sp._41-22	0.295981	0.00053267	1/1000
B._velezensis_strain_CN026	B._sp._41-22	0.295981	0.000516273	1/1000
B._velezensis_strain_PTA-127065	B._sp._41-22	0.295981	0.000521211	1/1000
B._velezensis_strain_Soil-4-2	B._sp._41-22	0.295981	0.000511546	1/1000
B._velezensis_strain_UA0276	B._sp._41-22	0.295981	0.000506609	1/1000
B._velezensis_strain_W1	B._sp._41-22	0.295981	0.000533561	1/1000
E._coli_strain_2015C-3163	B._sp._41-22	1.0	1.0	0/1000
E._coli_strain_CUVET20-1573	B._sp._41-22	1.0	1.0	0/1000
FO-S2_contigs	B._sp._41-22	0.295981	0.000528513	1/1000
L._capsici_strain_InaCC_B347	B._sp._41-22	0.295981	0.000552047	1/1000
L._fusiformis_strain_MGMM7	B._sp._41-22	0.295981	0.000598714	1/1000
L._sp._FSL_W7-1291	B._sp._41-22	0.295981	0.000555376	1/1000
M._shinjukuense_strain_MSJ-20	B._sp._41-22	1.0	1.0	0/1000
M._tuberculosis_strain_Beijing-like_36918	B._sp._41-22	1.0	1.0	0/1000
P._aeruginosa_strain_SHPHC59	B._sp._41-22	1.0	1.0	0/1000
P._hexagrammi_strain_YPD9-1	B._sp._41-22	0.295981	0.000667251	1/1000
P._polymyxa_strain_P3	B._sp._41-22	0.295981	0.000631982	1/1000
P._simiae_strain_FP689	B._sp._41-22	1.0	1.0	0/1000
P._sp._FSL_L8-0436	B._sp._41-22	0.295981	0.000699121	1/1000
S._aureus_strain_BPH2900_isolate_BPH2900	B._sp._41-22	0.295981	0.000417937	1/1000
S._aureus_strain_MSHS_PS00038.1A	B._sp._41-22	0.295981	0.000437353	1/1000
S._tsukubensis_strain_NRRL_18488	B._sp._41-22	1.0	1.0	0/1000
S._zaomyceticus_strain_NBC_01228	B._sp._41-22	1.0	1.0	0/1000
V._ainsalahensis_strain_JCM_30907	B._sp._41-22	0.295981	0.000506279	1/1000
V._dokdonensis_strain_21D	B._sp._41-22	0.295981	0.000535375	1/1000
V._siamensis_strain_JCM_15395	B._sp._41-22	0.295981	0.000492097	1/1000
A._sp._XH2	B._sp._HF-162	1.0	1.0	0/1000
A._thermoaerophilus_strain_AFn2	B._sp._HF-162	1.0	1.0	0/1000
A._thermoaerophilus_strain_CCM_8960	B._sp._HF-162	1.0	1.0	0/1000
B._altitudinis_strain_Ba1449	B._sp._HF-162	1.0	1.0	0/1000
B._atrophaeus_strain_globigii	B._sp._HF-162	1.0	1.0	0/1000
B._borstelensis_strain_SLAM-AEPS2	B._sp._HF-162	1.0	1.0	0/1000
B._brevis_strain_DZQ7	B._sp._HF-162	1.0	1.0	0/1000
B._cereus_strain_2-6A	B._sp._HF-162	1.0	1.0	0/1000
B._laterosporus_strain_Bl-zj	B._sp._HF-162	1.0	1.0	0/1000
B._licheniformis_strain_FUA2151	B._sp._HF-162	1.0	1.0	0/1000
B._ovatus_strain_BFG-261	B._sp._HF-162	0.191731	2.74239e-35	9/1000
B._paralicheniformis_strain_285-3	B._sp._HF-162	1.0	1.0	0/1000
B._paranthracis_strain_PR1	B._sp._HF-162	1.0	1.0	0/1000
B._sp._41-22	B._sp._HF-162	1.0	1.0	0/1000
B._sp._HF-162	B._sp._HF-162	0.0	0.0	1000/1000
B._subtilis_strain_75	B._sp._HF-162	1.0	1.0	0/1000
B._subtilis_strain_B171	B._sp._HF-162	1.0	1.0	0/1000
B._subtilis_strain_JNF2	B._sp._HF-162	1.0	1.0	0/1000
B._subtilis_strain_SRCM104011	B._sp._HF-162	1.0	1.0	0/1000
B._subtilis_subsp._subtilis_isolate_FELIX_MS9	B._sp._HF-162	1.0	1.0	0/1000
B._velezensis_strain_CN026	B._sp._HF-162	1.0	1.0	0/1000
B._velezensis_strain_PTA-127065	B._sp._HF-162	1.0	1.0	0/1000
B._velezensis_strain_Soil-4-2	B._sp._HF-162	1.0	1.0	0/1000
B._velezensis_strain_UA0276	B._sp._HF-162	1.0	1.0	0/1000
B._velezensis_strain_W1	B._sp._HF-162	1.0	1.0	0/1000
E._coli_strain_2015C-3163	B._sp._HF-162	1.0	1.0	0/1000
E._coli_strain_CUVET20-1573	B._sp._HF-162	1.0	1.0	0/1000
FO-S2_contigs	B._sp._HF-162	1.0	1.0	0/1000
L._capsici_strain_InaCC_B347	B._sp._HF-162	1.0	1.0	0/1000
L._fusiformis_strain_MGMM7	B._sp._HF-162	1.0	1.0	0/1000
L._sp._FSL_W7-1291	B._sp._HF-162	1.0	1.0	0/1000
M._shinjukuense_strain_MSJ-20	B._sp._HF-162	1.0	1.0	0/1000
M._tuberculosis_strain_Beijing-like_36918	B._sp._HF-162	1.0	1.0	0/1000
P._aeruginosa_strain_SHPHC59	B._sp._HF-162	1.0	1.0	0/1000
P._hexagrammi_strain_YPD9-1	B._sp._HF-162	1.0	1.0	0/1000
P._polymyxa_strain_P3	B._sp._HF-162	1.0	1.0	0/1000
P._simiae_strain_FP689	B._sp._HF-162	1.0	1.0	0/1000
P._sp._FSL_L8-0436	B._sp._HF-162	1.0	1.0	0/1000
S._aureus_strain_BPH2900_isolate_BPH2900	B._sp._HF-162	1.0	1.0	0/1000
S._aureus_strain_MSHS_PS00038.1A	B._sp._HF-162	1.0	1.0	0/1000
S._tsukubensis_strain_NRRL_18488	B._sp._HF-162	1.0	1.0	0/1000
S._zaomyceticus_strain_NBC_01228	B._sp._HF-162	1.0	1.0	0/1000
V._ainsalahensis_strain_JCM_30907	B._sp._HF-162	1.0	1.0	0/1000
V._dokdonensis_strain_21D	B._sp._HF-162	1.0	1.0	0/1000
V._siamensis_strain_JCM_15395	B._sp._HF-162	1.0	1.0	0/1000
A._sp._XH2	B._subtilis_strain_75	1.0	1.0	0/1000
A._thermoaerophilus_strain_AFn2	B._subtilis_strain_75	1.0	1.0	0/1000
A._thermoaerophilus_strain_CCM_8960	B._subtilis_strain_75	1.0	1.0	0/1000
B._altitudinis_strain_Ba1449	B._subtilis_strain_75	0.295981	0.000446155	1/1000
B._atrophaeus_strain_globigii	B._subtilis_strain_75	0.156619	4.71033e-81	19/1000
B._borstelensis_strain_SLAM-AEPS2	B._subtilis_strain_75	1.0	1.0	0/1000
B._brevis_strain_DZQ7	B._subtilis_strain_75	1.0	1.0	0/1000
B._cereus_strain_2-6A	B._subtilis_strain_75	0.295981	0.000551853	1/1000
B._laterosporus_strain_Bl-zj	B._subtilis_strain_75	1.0	1.0	0/1000
B._licheniformis_strain_FUA2151	B._subtilis_strain_75	0.219531	2.0493200000000002e-19	5/1000
B._ovatus_strain_BFG-261	B._subtilis_strain_75	1.0	1.0	0/1000
B._paralicheniformis_strain_285-3	B._subtilis_strain_75	0.210897	1.71014e-23	6/1000
B._paranthracis_strain_PR1	B._subtilis_strain_75	0.295981	0.000530408	1/1000
B._sp._41-22	B._subtilis_strain_75	0.295981	0.000527866	1/1000
B._sp._HF-162	B._subtilis_strain_75	1.0	1.0	0/1000
B._subtilis_strain_75	B._subtilis_strain_75	0.0	0.0	1000/1000
B._subtilis_strain_B171	B._subtilis_strain_75	0.0126819	0.0	621/1000
B._subtilis_strain_JNF2	B._subtilis_strain_75	0.0124	0.0	627/1000
B._subtilis_strain_SRCM104011	B._subtilis_strain_75	0.0135016	0.0	604/1000
B._subtilis_subsp._subtilis_isolate_FELIX_MS9	B._subtilis_strain_75	0.0124	0.0	627/1000
B._velezensis_strain_CN026	B._subtilis_strain_75	0.159146	1.2907800000000001e-76	18/1000
B._velezensis_strain_PTA-127065	B._subtilis_strain_75	0.164662	2.1816e-67	16/1000
B._velezensis_strain_Soil-4-2	B._subtilis_strain_75	0.167688	5.896020000000001e-63	15/1000
B._velezensis_strain_UA0276	B._subtilis_strain_75	0.167688	5.17358e-63	15/1000
B._velezensis_strain_W1	B._subtilis_strain_75	0.161822	8.425499999999999e-72	17/1000
E._coli_strain_2015C-3163	B._subtilis_strain_75	1.0	1.0	0/1000
E._coli_strain_CUVET20-1573	B._subtilis_strain_75	1.0	1.0	0/1000
FO-S2_contigs	B._subtilis_strain_75	0.174408	8.81732e-54	13/1000
L._capsici_strain_InaCC_B347	B._subtilis_strain_75	0.295981	0.000491698	1/1000
L._fusiformis_strain_MGMM7	B._subtilis_strain_75	0.295981	0.000528381	1/1000
L._sp._FSL_W7-1291	B._subtilis_strain_75	0.295981	0.000494337	1/1000
M._shinjukuense_strain_MSJ-20	B._subtilis_strain_75	1.0	1.0	0/1000
M._tuberculosis_strain_Beijing-like_36918	B._subtilis_strain_75	1.0	1.0	0/1000
P._aeruginosa_strain_SHPHC59	B._subtilis_strain_75	1.0	1.0	0/1000
P._hexagrammi_strain_YPD9-1	B._subtilis_strain_75	0.295981	0.000581053	1/1000
P._polymyxa_strain_P3	B._subtilis_strain_75	0.295981	0.000554124	1/1000
P._simiae_strain_FP689	B._subtilis_strain_75	1.0	1.0	0/1000
P._sp._FSL_L8-0436	B._subtilis_strain_75	0.295981	0.000605073	1/1000
S._aureus_strain_BPH2900_isolate_BPH2900	B._subtilis_strain_75	0.295981	0.000382404	1/1000
S._aureus_strain_MSHS_PS00038.1A	B._subtilis_strain_75	0.295981	0.000398595	1/1000
S._tsukubensis_strain_NRRL_18488	B._subtilis_strain_75	1.0	1.0	0/1000
S._zaomyceticus_strain_NBC_01228	B._subtilis_strain_75	1.0	1.0	0/1000
V._ainsalahensis_strain_JCM_30907	B._subtilis_strain_75	0.295981	0.000455058	1/1000
V._dokdonensis_strain_21D	B._subtilis_strain_75	0.295981	0.000478428	1/1000
V._siamensis_strain_JCM_15395	B._subtilis_strain_75	0.263022	9.82924e-08	2/1000
A._sp._XH2	B._subtilis_strain_B171	1.0	1.0	0/1000
A._thermoaerophilus_strain_AFn2	B._subtilis_strain_B171	1.0	1.0	0/1000
A._thermoaerophilus_strain_CCM_8960	B._subtilis_strain_B171	1.0	1.0	0/1000
B._altitudinis_strain_Ba1449	B._subtilis_strain_B171	0.295981	0.000452648	1/1000
B._atrophaeus_strain_globigii	B._subtilis_strain_B171	0.156619	6.30474e-81	19/1000
B._borstelensis_strain_SLAM-AEPS2	B._subtilis_strain_B171	1.0	1.0	0/1000
B._brevis_strain_DZQ7	B._subtilis_strain_B171	1.0	1.0	0/1000
B._cereus_strain_2-6A	B._subtilis_strain_B171	0.295981	0.000561821	1/1000
B._laterosporus_strain_Bl-zj	B._subtilis_strain_B171	1.0	1.0	0/1000
B._licheniformis_strain_FUA2151	B._subtilis_strain_B171	0.23011	2.29163e-15	4/1000
B._ovatus_strain_BFG-261	B._subtilis_strain_B171	1.0	1.0	0/1000
B._paralicheniformis_strain_285-3	B._subtilis_strain_B171	0.210897	1.87806e-23	6/1000
B._paranthracis_strain_PR1	B._subtilis_strain_B171	0.295981	0.000539611	1/1000
B._sp._41-22	B._subtilis_strain_B171	0.295981	0.000536979	1/1000
B._sp._HF-162	B._subtilis_strain_B171	1.0	1.0	0/1000
B._subtilis_strain_75	B._subtilis_strain_B171	0.0126819	0.0	621/1000
B._subtilis_strain_B171	B._subtilis_strain_B171	0.0	0.0	1000/1000
B._subtilis_strain_JNF2	B._subtilis_strain_B171	0.00378594	0.0	858/1000
B._subtilis_strain_SRCM104011	B._subtilis_strain_B171	0.0139988	0.0	594/1000
B._subtilis_subsp._subtilis_isolate_FELIX_MS9	B._subtilis_strain_B171	0.00378594	0.0	858/1000
B._velezensis_strain_CN026	B._subtilis_strain_B171	0.164662	2.41943e-67	16/1000
B._velezensis_strain_PTA-127065	B._subtilis_strain_B171	0.170926	3.0527999999999998e-58	14/1000
B._velezensis_strain_Soil-4-2	B._subtilis_strain_B171	0.167688	7.37054e-63	15/1000
B._velezensis_strain_UA0276	B._subtilis_strain_B171	0.167688	6.45482e-63	15/1000
B._velezensis_strain_W1	B._subtilis_strain_B171	0.164662	3.9071500000000004e-67	16/1000
E._coli_strain_2015C-3163	B._subtilis_strain_B171	1.0	1.0	0/1000
E._coli_strain_CUVET20-1573	B._subtilis_strain_B171	1.0	1.0	0/1000
FO-S2_contigs	B._subtilis_strain_B171	0.178173	2.9477199999999997e-49	12/1000
L._capsici_strain_InaCC_B347	B._subtilis_strain_B171	0.295981	0.000499597	1/1000
L._fusiformis_strain_MGMM7	B._subtilis_strain_B171	0.295981	0.000537513	1/1000
L._sp._FSL_W7-1291	B._subtilis_strain_B171	0.295981	0.000502321	1/1000
M._shinjukuense_strain_MSJ-20	B._subtilis_strain_B171	1.0	1.0	0/1000
M._tuberculosis_strain_Beijing-like_36918	B._subtilis_strain_B171	1.0	1.0	0/1000
P._aeruginosa_strain_SHPHC59	B._subtilis_strain_B171	1.0	1.0	0/1000
P._hexagrammi_strain_YPD9-1	B._subtilis_strain_B171	0.295981	0.000592115	1/1000
P._polymyxa_strain_P3	B._subtilis_strain_B171	0.295981	0.000564176	1/1000
P._simiae_strain_FP689	B._subtilis_strain_B171	1.0	1.0	0/1000
P._sp._FSL_L8-0436	B._subtilis_strain_B171	0.295981	0.000617078	1/1000
S._aureus_strain_BPH2900_isolate_BPH2900	B._subtilis_strain_B171	0.295981	0.000387165	1/1000
S._aureus_strain_MSHS_PS00038.1A	B._subtilis_strain_B171	0.295981	0.00040377	1/1000
S._tsukubensis_strain_NRRL_18488	B._subtilis_strain_B171	1.0	1.0	0/1000
S._zaomyceticus_strain_NBC_01228	B._subtilis_strain_B171	1.0	1.0	0/1000
V._ainsalahensis_strain_JCM_30907	B._subtilis_strain_B171	0.295981	0.000461815	1/1000
V._dokdonensis_strain_21D	B._subtilis_strain_B171	0.295981	0.000485903	1/1000
V._siamensis_strain_JCM_15395	B._subtilis_strain_B171	0.263022	1.01157e-07	2/1000
A._sp._XH2	B._subtilis_strain_JNF2	1.0	1.0	0/1000
A._thermoaerophilus_strain_AFn2	B._subtilis_strain_JNF2	1.0	1.0	0/1000
A._thermoaerophilus_strain_CCM_8960	B._subtilis_strain_JNF2	1.0	1.0	0/1000
B._altitudinis_strain_Ba1449	B._subtilis_strain_JNF2	0.295981	0.000449132	1/1000
B._atrophaeus_strain_globigii	B._subtilis_strain_JNF2	0.161822	8.3886e-72	17/1000
B._borstelensis_strain_SLAM-AEPS2	B._subtilis_strain_JNF2	1.0	1.0	0/1000
B._brevis_strain_DZQ7	B._subtilis_strain_JNF2	1.0	1.0	0/1000
B._cereus_strain_2-6A	B._subtilis_strain_JNF2	0.295981	0.000556414	1/1000
B._laterosporus_strain_Bl-zj	B._subtilis_strain_JNF2	1.0	1.0	0/1000
B._licheniformis_strain_FUA2151	B._subtilis_strain_JNF2	0.23011	2.21632e-15	4/1000
B._ovatus_strain_BFG-261	B._subtilis_strain_JNF2	1.0	1.0	0/1000
B._paralicheniformis_strain_285-3	B._subtilis_strain_JNF2	0.210897	1.78545e-23	6/1000
B._paranthracis_strain_PR1	B._subtilis_strain_JNF2	0.295981	0.000534621	1/1000
B._sp._41-22	B._subtilis_strain_JNF2	0.295981	0.000532038	1/1000
B._sp._HF-162	B._subtilis_strain_JNF2	1.0	1.0	0/1000
B._subtilis_strain_75	B._subtilis_strain_JNF2	0.0124	0.0	627/1000
B._subtilis_strain_B171	B._subtilis_strain_JNF2	0.00378594	0.0	858/1000
B._subtilis_strain_JNF2	B._subtilis_strain_JNF2	0.0	0.0	1000/1000
B._subtilis_strain_SRCM104011	B._subtilis_strain_JNF2	0.0134036	0.0	606/1000
B._subtilis_subsp._subtilis_isolate_FELIX_MS9	B._subtilis_strain_JNF2	7.15897e-05	0.0	997/1000
B._velezensis_strain_CN026	B._subtilis_strain_JNF2	0.161822	5.73799e-72	17/1000
B._velezensis_strain_PTA-127065	B._subtilis_strain_JNF2	0.170926	2.72283e-58	14/1000
B._velezensis_strain_Soil-4-2	B._subtilis_strain_JNF2	0.167688	6.533840000000001e-63	15/1000
B._velezensis_strain_UA0276	B._subtilis_strain_JNF2	0.170926	1.90046e-58	14/1000
B._velezensis_strain_W1	B._subtilis_strain_JNF2	0.164662	3.41875e-67	16/1000
E._coli_strain_2015C-3163	B._subtilis_strain_JNF2	1.0	1.0	0/1000
E._coli_strain_CUVET20-1573	B._subtilis_strain_JNF2	1.0	1.0	0/1000
FO-S2_contigs	B._subtilis_strain_JNF2	0.178173	2.6691e-49	12/1000
L._capsici_strain_InaCC_B347	B._subtilis_strain_JNF2	0.295981	0.000495316	1/1000
L._fusiformis_strain_MGMM7	B._subtilis_strain_JNF2	0.295981	0.000532561	1/1000
L._sp._FSL_W7-1291	B._subtilis_strain_JNF2	0.295981	0.000497994	1/1000
M._shinjukuense_strain_MSJ-20	B._subtilis_strain_JNF2	1.0	1.0	0/1000
M._tuberculosis_strain_Beijing-like_36918	B._subtilis_strain_JNF2	1.0	1.0	0/1000
P._aeruginosa_strain_SHPHC59	B._subtilis_strain_JNF2	1.0	1.0	0/1000
P._hexagrammi_strain_YPD9-1	B._subtilis_strain_JNF2	0.295981	0.000586112	1/1000
P._polymyxa_strain_P3	B._subtilis_strain_JNF2	0.295981	0.000558723	1/1000
P._simiae_strain_FP689	B._subtilis_strain_JNF2	1.0	1.0	0/1000
P._sp._FSL_L8-0436	B._subtilis_strain_JNF2	0.295981	0.000610561	1/1000
S._aureus_strain_BPH2900_isolate_BPH2900	B._subtilis_strain_JNF2	0.295981	0.000384589	1/1000
S._aureus_strain_MSHS_PS00038.1A	B._subtilis_strain_JNF2	0.295981	0.00040097	1/1000
S._tsukubensis_strain_NRRL_18488	B._subtilis_strain_JNF2	1.0	1.0	0/1000
S._zaomyceticus_strain_NBC_01228	B._subtilis_strain_JNF2	1.0	1.0	0/1000
V._ainsalahensis_strain_JCM_30907	B._subtilis_strain_JNF2	0.295981	0.000458155	1/1000
V._dokdonensis_strain_21D	B._subtilis_strain_JNF2	0.295981	0.000481853	1/1000
V._siamensis_strain_JCM_15395	B._subtilis_strain_JNF2	0.263022	9.96008e-08	2/1000
A._sp._XH2	B._subtilis_strain_SRCM104011	1.0	1.0	0/1000
A._thermoaerophilus_strain_AFn2	B._subtilis_strain_SRCM104011	1.0	1.0	0/1000
A._thermoaerophilus_strain_CCM_8960	B._subtilis_strain_SRCM104011	1.0	1.0	0/1000
B._altitudinis_strain_Ba1449	B._subtilis_strain_SRCM104011	0.263022	9.82783e-08	2/1000
B._atrophaeus_strain_globigii	B._subtilis_strain_SRCM104011	0.154223	9.657039999999999e-86	20/1000
B._borstelensis_strain_SLAM-AEPS2	B._subtilis_strain_SRCM104011	1.0	1.0	0/1000
B._brevis_strain_DZQ7	B._subtilis_strain_SRCM104011	1.0	1.0	0/1000
B._cereus_strain_2-6A	B._subtilis_strain_SRCM104011	0.295981	0.000547851	1/1000
B._laterosporus_strain_Bl-zj	B._subtilis_strain_SRCM104011	1.0	1.0	0/1000
B._licheniformis_strain_FUA2151	B._subtilis_strain_SRCM104011	0.23011	2.10049e-15	4/1000
B._ovatus_strain_BFG-261	B._subtilis_strain_SRCM104011	1.0	1.0	0/1000
B._paralicheniformis_strain_285-3	B._subtilis_strain_SRCM104011	0.191731	3.50861e-36	9/1000
B._paranthracis_strain_PR1	B._subtilis_strain_SRCM104011	0.295981	0.000526711	1/1000
B._sp._41-22	B._subtilis_strain_SRCM104011	0.295981	0.000524204	1/1000
B._sp._HF-162	B._subtilis_strain_SRCM104011	1.0	1.0	0/1000
B._subtilis_strain_75	B._subtilis_strain_SRCM104011	0.0135016	0.0	604/1000
B._subtilis_strain_B171	B._subtilis_strain_SRCM104011	0.0139988	0.0	594/1000
B._subtilis_strain_JNF2	B._subtilis_strain_SRCM104011	0.0134036	0.0	606/1000
B._subtilis_strain_SRCM104011	B._subtilis_strain_SRCM104011	0.0	0.0	1000/1000
B._subtilis_subsp._subtilis_isolate_FELIX_MS9	B._subtilis_strain_SRCM104011	0.0134036	0.0	606/1000
B._velezensis_strain_CN026	B._subtilis_strain_SRCM104011	0.151946	1.3350199999999999e-90	21/1000
B._velezensis_strain_PTA-127065	B._subtilis_strain_SRCM104011	0.164662	1.9767200000000002e-67	16/1000
B._velezensis_strain_Soil-4-2	B._subtilis_strain_SRCM104011	0.161822	4.00017e-72	17/1000
B._velezensis_strain_UA0276	B._subtilis_strain_SRCM104011	0.167688	4.72766e-63	15/1000
B._velezensis_strain_W1	B._subtilis_strain_SRCM104011	0.159146	1.9601e-76	18/1000
E._coli_strain_2015C-3163	B._subtilis_strain_SRCM104011	1.0	1.0	0/1000
E._coli_strain_CUVET20-1573	B._subtilis_strain_SRCM104011	1.0	1.0	0/1000
FO-S2_contigs	B._subtilis_strain_SRCM104011	0.170926	2.69458e-58	14/1000
L._capsici_strain_InaCC_B347	B._subtilis_strain_SRCM104011	0.295981	0.000488519	1/1000
L._fusiformis_strain_MGMM7	B._subtilis_strain_SRCM104011	0.295981	0.000524712	1/1000
L._sp._FSL_W7-1291	B._subtilis_strain_SRCM104011	0.295981	0.000491124	1/1000
M._shinjukuense_strain_MSJ-20	B._subtilis_strain_SRCM104011	1.0	1.0	0/1000
M._tuberculosis_strain_Beijing-like_36918	B._subtilis_strain_SRCM104011	1.0	1.0	0/1000
P._aeruginosa_strain_SHPHC59	B._subtilis_strain_SRCM104011	1.0	1.0	0/1000
P._hexagrammi_strain_YPD9-1	B._subtilis_strain_SRCM104011	0.295981	0.000576619	1/1000
P._polymyxa_strain_P3	B._subtilis_strain_SRCM104011	0.295981	0.00055009	1/1000
P._simiae_strain_FP689	B._subtilis_strain_SRCM104011	1.0	1.0	0/1000
P._sp._FSL_L8-0436	B._subtilis_strain_SRCM104011	0.295981	0.000600266	1/1000
S._aureus_strain_BPH2900_isolate_BPH2900	B._subtilis_strain_SRCM104011	0.295981	0.000380479	1/1000
S._aureus_strain_MSHS_PS00038.1A	B._subtilis_strain_SRCM104011	0.295981	0.000396504	1/1000
S._tsukubensis_strain_NRRL_18488	B._subtilis_strain_SRCM104011	1.0	1.0	0/1000
S._zaomyceticus_strain_NBC_01228	B._subtilis_strain_SRCM104011	1.0	1.0	0/1000
V._ainsalahensis_strain_JCM_30907	B._subtilis_strain_SRCM104011	0.295981	0.000452334	1/1000
V._dokdonensis_strain_21D	B._subtilis_strain_SRCM104011	0.295981	0.000475418	1/1000
V._siamensis_strain_JCM_15395	B._subtilis_strain_SRCM104011	0.263022	9.71485e-08	2/1000
A._sp._XH2	B._subtilis_subsp._subtilis_isolate_FELIX_MS9	1.0	1.0	0/1000
A._thermoaerophilus_strain_AFn2	B._subtilis_subsp._subtilis_isolate_FELIX_MS9	1.0	1.0	0/1000
A._thermoaerophilus_strain_CCM_8960	B._subtilis_subsp._subtilis_isolate_FELIX_MS9	1.0	1.0	0/1000
B._altitudinis_strain_Ba1449	B._subtilis_subsp._subtilis_isolate_FELIX_MS9	0.295981	0.000449582	1/1000
B._atrophaeus_strain_globigii	B._subtilis_subsp._subtilis_isolate_FELIX_MS9	0.161822	8.54178e-72	17/1000
B._borstelensis_strain_SLAM-AEPS2	B._subtilis_subsp._subtilis_isolate_FELIX_MS9	1.0	1.0	0/1000
B._brevis_strain_DZQ7	B._subtilis_subsp._subtilis_isolate_FELIX_MS9	1.0	1.0	0/1000
B._cereus_strain_2-6A	B._subtilis_subsp._subtilis_isolate_FELIX_MS9	0.295981	0.000557105	1/1000
B._laterosporus_strain_Bl-zj	B._subtilis_subsp._subtilis_isolate_FELIX_MS9	1.0	1.0	0/1000
B._licheniformis_strain_FUA2151	B._subtilis_subsp._subtilis_isolate_FELIX_MS9	0.23011	2.22586e-15	4/1000
B._ovatus_strain_BFG-261	B._subtilis_subsp._subtilis_isolate_FELIX_MS9	1.0	1.0	0/1000
B._paralicheniformis_strain_285-3	B._subtilis_subsp._subtilis_isolate_FELIX_MS9	0.210897	1.79709e-23	6/1000
B._paranthracis_strain_PR1	B._subtilis_subsp._subtilis_isolate_FELIX_MS9	0.295981	0.000535259	1/1000
B._sp._41-22	B._subtilis_subsp._subtilis_isolate_FELIX_MS9	0.295981	0.00053267	1/1000
B._sp._HF-162	B._subtilis_subsp._subtilis_isolate_FELIX_MS9	1.0	1.0	0/1000
B._subtilis_strain_75	B._subtilis_subsp._subtilis_isolate_FELIX_MS9	0.0124	0.0	627/1000
B._subtilis_strain_B171	B._subtilis_subsp._subtilis_isolate_FELIX_MS9	0.00378594	0.0	858/1000
B._subtilis_strain_JNF2	B._subtilis_subsp._subtilis_isolate_FELIX_MS9	7.15897e-05	0.0	997/1000
B._subtilis_strain_SRCM104011	B._subtilis_subsp._subtilis_isolate_FELIX_MS9	0.0134036	0.0	606/1000
B._subtilis_subsp._subtilis_isolate_FELIX_MS9	B._subtilis_subsp._subtilis_isolate_FELIX_MS9	0.0	0.0	1000/1000
B._velezensis_strain_CN026	B._subtilis_subsp._subtilis_isolate_FELIX_MS9	0.161822	5.84043e-72	17/1000
B._velezensis_strain_PTA-127065	B._subtilis_subsp._subtilis_isolate_FELIX_MS9	0.170926	2.76315e-58	14/1000
B._velezensis_strain_Soil-4-2	B._subtilis_subsp._subtilis_isolate_FELIX_MS9	0.167688	6.635800000000001e-63	15/1000
B._velezensis_strain_UA0276	B._subtilis_subsp._subtilis_isolate_FELIX_MS9	0.170926	1.9278799999999998e-58	14/1000
B._velezensis_strain_W1	B._subtilis_subsp._subtilis_isolate_FELIX_MS9	0.164662	3.47792e-67	16/1000
E._coli_strain_2015C-3163	B._subtilis_subsp._subtilis_isolate_FELIX_MS9	0.295981	0.000547134	1/1000
E._coli_strain_CUVET20-1573	B._subtilis_subsp._subtilis_isolate_FELIX_MS9	0.295981	0.000520983	1/1000
FO-S2_contigs	B._subtilis_subsp._subtilis_isolate_FELIX_MS9	0.178173	2.7033699999999996e-49	12/1000
L._capsici_strain_InaCC_B347	B._subtilis_subsp._subtilis_isolate_FELIX_MS9	0.295981	0.000495864	1/1000
L._fusiformis_strain_MGMM7	B._subtilis_subsp._subtilis_isolate_FELIX_MS9	0.295981	0.000533195	1/1000
L._sp._FSL_W7-1291	B._subtilis_subsp._subtilis_isolate_FELIX_MS9	0.295981	0.000498548	1/1000
M._shinjukuense_strain_MSJ-20	B._subtilis_subsp._subtilis_isolate_FELIX_MS9	1.0	1.0	0/1000
M._tuberculosis_strain_Beijing-like_36918	B._subtilis_subsp._subtilis_isolate_FELIX_MS9	1.0	1.0	0/1000
P._aeruginosa_strain_SHPHC59	B._subtilis_subsp._subtilis_isolate_FELIX_MS9	1.0	1.0	0/1000
P._hexagrammi_strain_YPD9-1	B._subtilis_subsp._subtilis_isolate_FELIX_MS9	0.295981	0.00058688	1/1000
P._polymyxa_strain_P3	B._subtilis_subsp._subtilis_isolate_FELIX_MS9	0.295981	0.000559421	1/1000
P._simiae_strain_FP689	B._subtilis_subsp._subtilis_isolate_FELIX_MS9	1.0	1.0	0/1000
P._sp._FSL_L8-0436	B._subtilis_subsp._subtilis_isolate_FELIX_MS9	0.295981	0.000611393	1/1000
S._aureus_strain_BPH2900_isolate_BPH2900	B._subtilis_subsp._subtilis_isolate_FELIX_MS9	0.295981	0.000384919	1/1000
S._aureus_strain_MSHS_PS00038.1A	B._subtilis_subsp._subtilis_isolate_FELIX_MS9	0.295981	0.000401329	1/1000
S._tsukubensis_strain_NRRL_18488	B._subtilis_subsp._subtilis_isolate_FELIX_MS9	1.0	1.0	0/1000
S._zaomyceticus_strain_NBC_01228	B._subtilis_subsp._subtilis_isolate_FELIX_MS9	1.0	1.0	0/1000
V._ainsalahensis_strain_JCM_30907	B._subtilis_subsp._subtilis_isolate_FELIX_MS9	0.295981	0.000458624	1/1000
V._dokdonensis_strain_21D	B._subtilis_subsp._subtilis_isolate_FELIX_MS9	0.295981	0.000482371	1/1000
V._siamensis_strain_JCM_15395	B._subtilis_subsp._subtilis_isolate_FELIX_MS9	0.263022	9.97995e-08	2/1000
A._sp._XH2	B._velezensis_strain_CN026	1.0	1.0	0/1000
A._thermoaerophilus_strain_AFn2	B._velezensis_strain_CN026	1.0	1.0	0/1000
A._thermoaerophilus_strain_CCM_8960	B._velezensis_strain_CN026	1.0	1.0	0/1000
B._altitudinis_strain_Ba1449	B._velezensis_strain_CN026	0.295981	0.000437845	1/1000
B._atrophaeus_strain_globigii	B._velezensis_strain_CN026	0.182269	5.1175899999999994e-45	11/1000
B._borstelensis_strain_SLAM-AEPS2	B._velezensis_strain_CN026	1.0	1.0	0/1000
B._brevis_strain_DZQ7	B._velezensis_strain_CN026	1.0	1.0	0/1000
B._cereus_strain_2-6A	B._velezensis_strain_CN026	0.295981	0.000539194	1/1000
B._laterosporus_strain_Bl-zj	B._velezensis_strain_CN026	1.0	1.0	0/1000
B._licheniformis_strain_FUA2151	B._velezensis_strain_CN026	0.243761	1.70363e-11	3/1000
B._ovatus_strain_BFG-261	B._velezensis_strain_CN026	1.0	1.0	0/1000
B._paralicheniformis_strain_285-3	B._velezensis_strain_CN026	0.210897	1.51416e-23	6/1000
B._paranthracis_strain_PR1	B._velezensis_strain_CN026	0.295981	0.000518704	1/1000
B._sp._41-22	B._velezensis_strain_CN026	0.295981	0.000516273	1/1000
B._sp._HF-162	B._velezensis_strain_CN026	1.0	1.0	0/1000
B._subtilis_strain_75	B._velezensis_strain_CN026	0.159146	1.2907800000000001e-76	18/1000
B._subtilis_strain_B171	B._velezensis_strain_CN026	0.164662	2.41943e-67	16/1000
B._subtilis_strain_JNF2	B._velezensis_strain_CN026	0.161822	5.73799e-72	17/1000
B._subtilis_strain_SRCM104011	B._velezensis_strain_CN026	0.151946	1.3350199999999999e-90	21/1000
B._subtilis_subsp._subtilis_isolate_FELIX_MS9	B._velezensis_strain_CN026	0.161822	5.84043e-72	17/1000
B._velezensis_strain_CN026	B._velezensis_strain_CN026	0.0	0.0	1000/1000
B._velezensis_strain_PTA-127065	B._velezensis_strain_CN026	0.0219913	0.0	460/1000
B._velezensis_strain_Soil-4-2	B._velezensis_strain_CN026	0.0219913	0.0	460/1000
B._velezensis_strain_UA0276	B._velezensis_strain_CN026	0.0157789	0.0	560/1000
B._velezensis_strain_W1	B._velezensis_strain_CN026	0.00877107	0.0	712/1000
E._coli_strain_2015C-3163	B._velezensis_strain_CN026	1.0	1.0	0/1000
E._coli_strain_CUVET20-1573	B._velezensis_strain_CN026	1.0	1.0	0/1000
FO-S2_contigs	B._velezensis_strain_CN026	0.0174175	0.0	531/1000
L._capsici_strain_InaCC_B347	B._velezensis_strain_CN026	0.295981	0.000481624	1/1000
L._fusiformis_strain_MGMM7	B._velezensis_strain_CN026	0.295981	0.000516766	1/1000
L._sp._FSL_W7-1291	B._velezensis_strain_CN026	0.295981	0.000484156	1/1000
M._shinjukuense_strain_MSJ-20	B._velezensis_strain_CN026	1.0	1.0	0/1000
M._tuberculosis_strain_Beijing-like_36918	B._velezensis_strain_CN026	1.0	1.0	0/1000
P._aeruginosa_strain_SHPHC59	B._velezensis_strain_CN026	1.0	1.0	0/1000
P._hexagrammi_strain_YPD9-1	B._velezensis_strain_CN026	0.295981	0.000567037	1/1000
P._polymyxa_strain_P3	B._velezensis_strain_CN026	0.295981	0.000541363	1/1000
P._simiae_strain_FP689	B._velezensis_strain_CN026	1.0	1.0	0/1000
P._sp._FSL_L8-0436	B._velezensis_strain_CN026	0.295981	0.000589889	1/1000
S._aureus_strain_BPH2900_isolate_BPH2900	B._velezensis_strain_CN026	0.295981	0.000376283	1/1000
S._aureus_strain_MSHS_PS00038.1A	B._velezensis_strain_CN026	0.295981	0.000391949	1/1000
S._tsukubensis_strain_NRRL_18488	B._velezensis_strain_CN026	1.0	1.0	0/1000
S._zaomyceticus_strain_NBC_01228	B._velezensis_strain_CN026	1.0	1.0	0/1000
V._ainsalahensis_strain_JCM_30907	B._velezensis_strain_CN026	0.295981	0.000446416	1/1000
V._dokdonensis_strain_21D	B._velezensis_strain_CN026	0.295981	0.000468885	1/1000
V._siamensis_strain_JCM_15395	B._velezensis_strain_CN026	0.295981	0.000435353	1/1000
A._sp._XH2	B._velezensis_strain_PTA-127065	1.0	1.0	0/1000
A._thermoaerophilus_strain_AFn2	B._velezensis_strain_PTA-127065	1.0	1.0	0/1000
A._thermoaerophilus_strain_CCM_8960	B._velezensis_strain_PTA-127065	1.0	1.0	0/1000
B._altitudinis_strain_Ba1449	B._velezensis_strain_PTA-127065	0.295981	0.000441392	1/1000
B._atrophaeus_strain_globigii	B._velezensis_strain_PTA-127065	0.186761	1.33422e-40	10/1000
B._borstelensis_strain_SLAM-AEPS2	B._velezensis_strain_PTA-127065	1.0	1.0	0/1000
B._brevis_strain_DZQ7	B._velezensis_strain_PTA-127065	1.0	1.0	0/1000
B._cereus_strain_2-6A	B._velezensis_strain_PTA-127065	0.295981	0.000544584	1/1000
B._laterosporus_strain_Bl-zj	B._velezensis_strain_PTA-127065	1.0	1.0	0/1000
B._licheniformis_strain_FUA2151	B._velezensis_strain_PTA-127065	0.23011	2.05738e-15	4/1000
B._ovatus_strain_BFG-261	B._velezensis_strain_PTA-127065	1.0	1.0	0/1000
B._paralicheniformis_strain_285-3	B._velezensis_strain_PTA-127065	0.210897	1.5953200000000001e-23	6/1000
B._paranthracis_strain_PR1	B._velezensis_strain_PTA-127065	0.295981	0.00052369	1/1000
B._sp._41-22	B._velezensis_strain_PTA-127065	0.295981	0.000521211	1/1000
B._sp._HF-162	B._velezensis_strain_PTA-127065	1.0	1.0	0/1000
B._subtilis_strain_75	B._velezensis_strain_PTA-127065	0.164662	2.1816e-67	16/1000
B._subtilis_strain_B171	B._velezensis_strain_PTA-127065	0.170926	3.0527999999999998e-58	14/1000
B._subtilis_strain_JNF2	B._velezensis_strain_PTA-127065	0.170926	2.72283e-58	14/1000
B._subtilis_strain_SRCM104011	B._velezensis_strain_PTA-127065	0.164662	1.9767200000000002e-67	16/1000
B._subtilis_subsp._subtilis_isolate_FELIX_MS9	B._velezensis_strain_PTA-127065	0.170926	2.76315e-58	14/1000
B._velezensis_strain_CN026	B._velezensis_strain_PTA-127065	0.0219913	0.0	460/1000
B._velezensis_strain_PTA-127065	B._velezensis_strain_PTA-127065	0.0	0.0	1000/1000
B._velezensis_strain_Soil-4-2	B._velezensis_strain_PTA-127065	0.00755945	0.0	744/1000
B._velezensis_strain_UA0276	B._velezensis_strain_PTA-127065	0.0204789	0.0	482/1000
B._velezensis_strain_W1	B._velezensis_strain_PTA-127065	0.022205	0.0	457/1000
E._coli_strain_2015C-3163	B._velezensis_strain_PTA-127065	1.0	1.0	0/1000
E._coli_strain_CUVET20-1573	B._velezensis_strain_PTA-127065	1.0	1.0	0/1000
FO-S2_contigs	B._velezensis_strain_PTA-127065	0.0225651	0.0	452/1000
L._capsici_strain_InaCC_B347	B._velezensis_strain_PTA-127065	0.295981	0.000485919	1/1000
L._fusiformis_strain_MGMM7	B._velezensis_strain_PTA-127065	0.295981	0.000521714	1/1000
L._sp._FSL_W7-1291	B._velezensis_strain_PTA-127065	0.295981	0.000488497	1/1000
M._shinjukuense_strain_MSJ-20	B._velezensis_strain_PTA-127065	1.0	1.0	0/1000
M._tuberculosis_strain_Beijing-like_36918	B._velezensis_strain_PTA-127065	1.0	1.0	0/1000
P._aeruginosa_strain_SHPHC59	B._velezensis_strain_PTA-127065	1.0	1.0	0/1000
P._hexagrammi_strain_YPD9-1	B._velezensis_strain_PTA-127065	0.295981	0.000573001	1/1000
P._polymyxa_strain_P3	B._velezensis_strain_PTA-127065	0.295981	0.000546796	1/1000
P._simiae_strain_FP689	B._velezensis_strain_PTA-127065	1.0	1.0	0/1000
P._sp._FSL_L8-0436	B._velezensis_strain_PTA-127065	0.295981	0.000596345	1/1000
S._aureus_strain_BPH2900_isolate_BPH2900	B._velezensis_strain_PTA-127065	0.295981	0.0003789	1/1000
S._aureus_strain_MSHS_PS00038.1A	B._velezensis_strain_PTA-127065	0.295981	0.000394789	1/1000
S._tsukubensis_strain_NRRL_18488	B._velezensis_strain_PTA-127065	1.0	1.0	0/1000
S._zaomyceticus_strain_NBC_01228	B._velezensis_strain_PTA-127065	1.0	1.0	0/1000
V._ainsalahensis_strain_JCM_30907	B._velezensis_strain_PTA-127065	0.295981	0.000450104	1/1000
V._dokdonensis_strain_21D	B._velezensis_strain_PTA-127065	0.295981	0.000472956	1/1000
V._siamensis_strain_JCM_15395	B._velezensis_strain_PTA-127065	0.295981	0.00043886	1/1000
A._sp._XH2	B._velezensis_strain_Soil-4-2	1.0	1.0	0/1000
A._thermoaerophilus_strain_AFn2	B._velezensis_strain_Soil-4-2	1.0	1.0	0/1000
A._thermoaerophilus_strain_CCM_8960	B._velezensis_strain_Soil-4-2	1.0	1.0	0/1000
B._altitudinis_strain_Ba1449	B._velezensis_strain_Soil-4-2	0.295981	0.000434441	1/1000
B._atrophaeus_strain_globigii	B._velezensis_strain_Soil-4-2	0.186761	1.1275300000000002e-40	10/1000
B._borstelensis_strain_SLAM-AEPS2	B._velezensis_strain_Soil-4-2	1.0	1.0	0/1000
B._brevis_strain_DZQ7	B._velezensis_strain_Soil-4-2	1.0	1.0	0/1000
B._cereus_strain_2-6A	B._velezensis_strain_Soil-4-2	0.295981	0.000534041	1/1000
B._laterosporus_strain_Bl-zj	B._velezensis_strain_Soil-4-2	1.0	1.0	0/1000
B._licheniformis_strain_FUA2151	B._velezensis_strain_Soil-4-2	0.23011	1.92237e-15	4/1000
B._ovatus_strain_BFG-261	B._velezensis_strain_Soil-4-2	1.0	1.0	0/1000
B._paralicheniformis_strain_285-3	B._velezensis_strain_Soil-4-2	0.210897	1.4396200000000002e-23	6/1000
B._paranthracis_strain_PR1	B._velezensis_strain_Soil-4-2	0.295981	0.000513934	1/1000
B._sp._41-22	B._velezensis_strain_Soil-4-2	0.295981	0.000511546	1/1000
B._sp._HF-162	B._velezensis_strain_Soil-4-2	1.0	1.0	0/1000
B._subtilis_strain_75	B._velezensis_strain_Soil-4-2	0.167688	5.896020000000001e-63	15/1000
B._subtilis_strain_B171	B._velezensis_strain_Soil-4-2	0.167688	7.37054e-63	15/1000
B._subtilis_strain_JNF2	B._velezensis_strain_Soil-4-2	0.167688	6.533840000000001e-63	15/1000
B._subtilis_strain_SRCM104011	B._velezensis_strain_Soil-4-2	0.161822	4.00017e-72	17/1000
B._subtilis_subsp._subtilis_isolate_FELIX_MS9	B._velezensis_strain_Soil-4-2	0.167688	6.635800000000001e-63	15/1000
B._velezensis_strain_CN026	B._velezensis_strain_Soil-4-2	0.0219913	0.0	460/1000
B._velezensis_strain_PTA-127065	B._velezensis_strain_Soil-4-2	0.00755945	0.0	744/1000
B._velezensis_strain_Soil-4-2	B._velezensis_strain_Soil-4-2	0.0	0.0	1000/1000
B._velezensis_strain_UA0276	B._velezensis_strain_Soil-4-2	0.0199514	0.0	490/1000
B._velezensis_strain_W1	B._velezensis_strain_Soil-4-2	0.0227838	0.0	449/1000
E._coli_strain_2015C-3163	B._velezensis_strain_Soil-4-2	1.0	1.0	0/1000
E._coli_strain_CUVET20-1573	B._velezensis_strain_Soil-4-2	1.0	1.0	0/1000
FO-S2_contigs	B._velezensis_strain_Soil-4-2	0.0236777	0.0	437/1000
L._capsici_strain_InaCC_B347	B._velezensis_strain_Soil-4-2	0.295981	0.000477508	1/1000
L._fusiformis_strain_MGMM7	B._velezensis_strain_Soil-4-2	0.295981	0.00051203	1/1000
L._sp._FSL_W7-1291	B._velezensis_strain_Soil-4-2	0.295981	0.000479997	1/1000
M._shinjukuense_strain_MSJ-20	B._velezensis_strain_Soil-4-2	1.0	1.0	0/1000
M._tuberculosis_strain_Beijing-like_36918	B._velezensis_strain_Soil-4-2	1.0	1.0	0/1000
P._aeruginosa_strain_SHPHC59	B._velezensis_strain_Soil-4-2	1.0	1.0	0/1000
P._hexagrammi_strain_YPD9-1	B._velezensis_strain_Soil-4-2	0.295981	0.000561341	1/1000
P._polymyxa_strain_P3	B._velezensis_strain_Soil-4-2	0.295981	0.000536168	1/1000
P._simiae_strain_FP689	B._velezensis_strain_Soil-4-2	1.0	1.0	0/1000
P._sp._FSL_L8-0436	B._velezensis_strain_Soil-4-2	0.295981	0.000583727	1/1000
S._aureus_strain_BPH2900_isolate_BPH2900	B._velezensis_strain_Soil-4-2	0.295981	0.000373766	1/1000
S._aureus_strain_MSHS_PS00038.1A	B._velezensis_strain_Soil-4-2	0.295981	0.000389219	1/1000
S._tsukubensis_strain_NRRL_18488	B._velezensis_strain_Soil-4-2	1.0	1.0	0/1000
S._zaomyceticus_strain_NBC_01228	B._velezensis_strain_Soil-4-2	1.0	1.0	0/1000
V._ainsalahensis_strain_JCM_30907	B._velezensis_strain_Soil-4-2	0.295981	0.000442878	1/1000
V._dokdonensis_strain_21D	B._velezensis_strain_Soil-4-2	0.295981	0.000464983	1/1000
V._siamensis_strain_JCM_15395	B._velezensis_strain_Soil-4-2	0.295981	0.000431987	1/1000
A._sp._XH2	B._velezensis_strain_UA0276	1.0	1.0	0/1000
A._thermoaerophilus_strain_AFn2	B._velezensis_strain_UA0276	1.0	1.0	0/1000
A._thermoaerophilus_strain_CCM_8960	B._velezensis_strain_UA0276	1.0	1.0	0/1000
B._altitudinis_strain_Ba1449	B._velezensis_strain_UA0276	0.295981	0.000430874	1/1000
B._atrophaeus_strain_globigii	B._velezensis_strain_UA0276	0.182269	4.2444099999999994e-45	11/1000
B._borstelensis_strain_SLAM-AEPS2	B._velezensis_strain_UA0276	1.0	1.0	0/1000
B._brevis_strain_DZQ7	B._velezensis_strain_UA0276	1.0	1.0	0/1000
B._cereus_strain_2-6A	B._velezensis_strain_UA0276	0.295981	0.000528662	1/1000
B._laterosporus_strain_Bl-zj	B._velezensis_strain_UA0276	1.0	1.0	0/1000
B._licheniformis_strain_FUA2151	B._velezensis_strain_UA0276	0.23011	1.85585e-15	4/1000
B._ovatus_strain_BFG-261	B._velezensis_strain_UA0276	1.0	1.0	0/1000
B._paralicheniformis_strain_285-3	B._velezensis_strain_UA0276	0.203604	8.993350000000001e-28	7/1000
B._paranthracis_strain_PR1	B._velezensis_strain_UA0276	0.295981	0.00050895	1/1000
B._sp._41-22	B._velezensis_strain_UA0276	0.295981	0.000506609	1/1000
B._sp._HF-162	B._velezensis_strain_UA0276	1.0	1.0	0/1000
B._subtilis_strain_75	B._velezensis_strain_UA0276	0.167688	5.17358e-63	15/1000
B._subtilis_strain_B171	B._velezensis_strain_UA0276	0.167688	6.45482e-63	15/1000
B._subtilis_strain_JNF2	B._velezensis_strain_UA0276	0.170926	1.90046e-58	14/1000
B._subtilis_strain_SRCM104011	B._velezensis_strain_UA0276	0.167688	4.72766e-63	15/1000
B._subtilis_subsp._subtilis_isolate_FELIX_MS9	B._velezensis_strain_UA0276	0.170926	1.9278799999999998e-58	14/1000
B._velezensis_strain_CN026	B._velezensis_strain_UA0276	0.0157789	0.0	560/1000
B._velezensis_strain_PTA-127065	B._velezensis_strain_UA0276	0.0204789	0.0	482/1000
B._velezensis_strain_Soil-4-2	B._velezensis_strain_UA0276	0.0199514	0.0	490/1000
B._velezensis_strain_UA0276	B._velezensis_strain_UA0276	0.0	0.0	1000/1000
B._velezensis_strain_W1	B._velezensis_strain_UA0276	0.0173006	0.0	533/1000
E._coli_strain_2015C-3163	B._velezensis_strain_UA0276	1.0	1.0	0/1000
E._coli_strain_CUVET20-1573	B._velezensis_strain_UA0276	1.0	1.0	0/1000
FO-S2_contigs	B._velezensis_strain_UA0276	0.015943	0.0	557/1000
L._capsici_strain_InaCC_B347	B._velezensis_strain_UA0276	0.295981	0.000473203	1/1000
L._fusiformis_strain_MGMM7	B._velezensis_strain_UA0276	0.295981	0.000507084	1/1000
L._sp._FSL_W7-1291	B._velezensis_strain_UA0276	0.295981	0.000475647	1/1000
M._shinjukuense_strain_MSJ-20	B._velezensis_strain_UA0276	1.0	1.0	0/1000
M._tuberculosis_strain_Beijing-like_36918	B._velezensis_strain_UA0276	1.0	1.0	0/1000
P._aeruginosa_strain_SHPHC59	B._velezensis_strain_UA0276	1.0	1.0	0/1000
P._hexagrammi_strain_YPD9-1	B._velezensis_strain_UA0276	0.295981	0.000555401	1/1000
P._polymyxa_strain_P3	B._velezensis_strain_UA0276	0.295981	0.000530747	1/1000
P._simiae_strain_FP689	B._velezensis_strain_UA0276	1.0	1.0	0/1000
P._sp._FSL_L8-0436	B._velezensis_strain_UA0276	0.295981	0.000577306	1/1000
S._aureus_strain_BPH2900_isolate_BPH2900	B._velezensis_strain_UA0276	0.295981	0.000371123	1/1000
S._aureus_strain_MSHS_PS00038.1A	B._velezensis_strain_UA0276	0.295981	0.000386354	1/1000
S._tsukubensis_strain_NRRL_18488	B._velezensis_strain_UA0276	1.0	1.0	0/1000
S._zaomyceticus_strain_NBC_01228	B._velezensis_strain_UA0276	1.0	1.0	0/1000
V._ainsalahensis_strain_JCM_30907	B._velezensis_strain_UA0276	0.295981	0.000439172	1/1000
V._dokdonensis_strain_21D	B._velezensis_strain_UA0276	0.295981	0.0004609	1/1000
V._siamensis_strain_JCM_15395	B._velezensis_strain_UA0276	0.295981	0.000428461	1/1000
A._sp._XH2	B._velezensis_strain_W1	1.0	1.0	0/1000
A._thermoaerophilus_strain_AFn2	B._velezensis_strain_W1	1.0	1.0	0/1000
A._thermoaerophilus_strain_CCM_8960	B._velezensis_strain_W1	1.0	1.0	0/1000
B._altitudinis_strain_Ba1449	B._velezensis_strain_W1	0.295981	0.000450216	1/1000
B._atrophaeus_strain_globigii	B._velezensis_strain_W1	0.182269	7.084719999999999e-45	11/1000
B._borstelensis_strain_SLAM-AEPS2	B._velezensis_strain_W1	1.0	1.0	0/1000
B._brevis_strain_DZQ7	B._velezensis_strain_W1	1.0	1.0	0/1000
B._cereus_strain_2-6A	B._velezensis_strain_W1	0.295981	0.00055808	1/1000
B._laterosporus_strain_Bl-zj	B._velezensis_strain_W1	1.0	1.0	0/1000
B._licheniformis_strain_FUA2151	B._velezensis_strain_W1	0.23011	2.23934e-15	4/1000
B._ovatus_strain_BFG-261	B._velezensis_strain_W1	1.0	1.0	0/1000
B._paralicheniformis_strain_285-3	B._velezensis_strain_W1	0.203604	1.2529099999999999e-27	7/1000
B._paranthracis_strain_PR1	B._velezensis_strain_W1	0.295981	0.000536159	1/1000
B._sp._41-22	B._velezensis_strain_W1	0.295981	0.000533561	1/1000
B._sp._HF-162	B._velezensis_strain_W1	1.0	1.0	0/1000
B._subtilis_strain_75	B._velezensis_strain_W1	0.161822	8.425499999999999e-72	17/1000
B._subtilis_strain_B171	B._velezensis_strain_W1	0.164662	3.9071500000000004e-67	16/1000
B._subtilis_strain_JNF2	B._velezensis_strain_W1	0.164662	3.41875e-67	16/1000
B._subtilis_strain_SRCM104011	B._velezensis_strain_W1	0.159146	1.9601e-76	18/1000
B._subtilis_subsp._subtilis_isolate_FELIX_MS9	B._velezensis_strain_W1	0.164662	3.47792e-67	16/1000
B._velezensis_strain_CN026	B._velezensis_strain_W1	0.00877107	0.0	712/1000
B._velezensis_strain_PTA-127065	B._velezensis_strain_W1	0.022205	0.0	457/1000
B._velezensis_strain_Soil-4-2	B._velezensis_strain_W1	0.0227838	0.0	449/1000
B._velezensis_strain_UA0276	B._velezensis_strain_W1	0.0173006	0.0	533/1000
B._velezensis_strain_W1	B._velezensis_strain_W1	0.0	0.0	1000/1000
E._coli_strain_2015C-3163	B._velezensis_strain_W1	1.0	1.0	0/1000
E._coli_strain_CUVET20-1573	B._velezensis_strain_W1	1.0	1.0	0/1000
FO-S2_contigs	B._velezensis_strain_W1	0.0170111	0.0	538/1000
L._capsici_strain_InaCC_B347	B._velezensis_strain_W1	0.295981	0.000496636	1/1000
L._fusiformis_strain_MGMM7	B._velezensis_strain_W1	0.295981	0.000534087	1/1000
L._sp._FSL_W7-1291	B._velezensis_strain_W1	0.295981	0.000499328	1/1000
M._shinjukuense_strain_MSJ-20	B._velezensis_strain_W1	1.0	1.0	0/1000
M._tuberculosis_strain_Beijing-like_36918	B._velezensis_strain_W1	1.0	1.0	0/1000
P._aeruginosa_strain_SHPHC59	B._velezensis_strain_W1	1.0	1.0	0/1000
P._hexagrammi_strain_YPD9-1	B._velezensis_strain_W1	0.295981	0.000587961	1/1000
P._polymyxa_strain_P3	B._velezensis_strain_W1	0.295981	0.000560403	1/1000
P._simiae_strain_FP689	B._velezensis_strain_W1	1.0	1.0	0/1000
P._sp._FSL_L8-0436	B._velezensis_strain_W1	0.295981	0.000612567	1/1000
S._aureus_strain_BPH2900_isolate_BPH2900	B._velezensis_strain_W1	0.295981	0.000385384	1/1000
S._aureus_strain_MSHS_PS00038.1A	B._velezensis_strain_W1	0.295981	0.000401834	1/1000
S._tsukubensis_strain_NRRL_18488	B._velezensis_strain_W1	1.0	1.0	0/1000
S._zaomyceticus_strain_NBC_01228	B._velezensis_strain_W1	1.0	1.0	0/1000
V._ainsalahensis_strain_JCM_30907	B._velezensis_strain_W1	0.295981	0.000459284	1/1000
V._dokdonensis_strain_21D	B._velezensis_strain_W1	0.295981	0.000483102	1/1000
V._siamensis_strain_JCM_15395	B._velezensis_strain_W1	0.295981	0.000447582	1/1000
A._sp._XH2	E._coli_strain_2015C-3163	1.0	1.0	0/1000
A._thermoaerophilus_strain_AFn2	E._coli_strain_2015C-3163	1.0	1.0	0/1000
A._thermoaerophilus_strain_CCM_8960	E._coli_strain_2015C-3163	1.0	1.0	0/1000
B._altitudinis_strain_Ba1449	E._coli_strain_2015C-3163	1.0	1.0	0/1000
B._atrophaeus_strain_globigii	E._coli_strain_2015C-3163	1.0	1.0	0/1000
B._borstelensis_strain_SLAM-AEPS2	E._coli_strain_2015C-3163	1.0	1.0	0/1000
B._brevis_strain_DZQ7	E._coli_strain_2015C-3163	1.0	1.0	0/1000
B._cereus_strain_2-6A	E._coli_strain_2015C-3163	1.0	1.0	0/1000
B._laterosporus_strain_Bl-zj	E._coli_strain_2015C-3163	1.0	1.0	0/1000
B._licheniformis_strain_FUA2151	E._coli_strain_2015C-3163	1.0	1.0	0/1000
B._ovatus_strain_BFG-261	E._coli_strain_2015C-3163	1.0	1.0	0/1000
B._paralicheniformis_strain_285-3	E._coli_strain_2015C-3163	1.0	1.0	0/1000
B._paranthracis_strain_PR1	E._coli_strain_2015C-3163	1.0	1.0	0/1000
B._sp._41-22	E._coli_strain_2015C-3163	1.0	1.0	0/1000
B._sp._HF-162	E._coli_strain_2015C-3163	1.0	1.0	0/1000
B._subtilis_strain_75	E._coli_strain_2015C-3163	1.0	1.0	0/1000
B._subtilis_strain_B171	E._coli_strain_2015C-3163	1.0	1.0	0/1000
B._subtilis_strain_JNF2	E._coli_strain_2015C-3163	1.0	1.0	0/1000
B._subtilis_strain_SRCM104011	E._coli_strain_2015C-3163	1.0	1.0	0/1000
B._subtilis_subsp._subtilis_isolate_FELIX_MS9	E._coli_strain_2015C-3163	0.295981	0.000547134	1/1000
B._velezensis_strain_CN026	E._coli_strain_2015C-3163	1.0	1.0	0/1000
B._velezensis_strain_PTA-127065	E._coli_strain_2015C-3163	1.0	1.0	0/1000
B._velezensis_strain_Soil-4-2	E._coli_strain_2015C-3163	1.0	1.0	0/1000
B._velezensis_strain_UA0276	E._coli_strain_2015C-3163	1.0	1.0	0/1000
B._velezensis_strain_W1	E._coli_strain_2015C-3163	1.0	1.0	0/1000
E._coli_strain_2015C-3163	E._coli_strain_2015C-3163	0.0	0.0	1000/1000
E._coli_strain_CUVET20-1573	E._coli_strain_2015C-3163	0.014871	0.0	577/1000
FO-S2_contigs	E._coli_strain_2015C-3163	1.0	1.0	0/1000
L._capsici_strain_InaCC_B347	E._coli_strain_2015C-3163	1.0	1.0	0/1000
L._fusiformis_strain_MGMM7	E._coli_strain_2015C-3163	1.0	1.0	0/1000
L._sp._FSL_W7-1291	E._coli_strain_2015C-3163	1.0	1.0	0/1000
M._shinjukuense_strain_MSJ-20	E._coli_strain_2015C-3163	1.0	1.0	0/1000
M._tuberculosis_strain_Beijing-like_36918	E._coli_strain_2015C-3163	1.0	1.0	0/1000
P._aeruginosa_strain_SHPHC59	E._coli_strain_2015C-3163	1.0	1.0	0/1000
P._hexagrammi_strain_YPD9-1	E._coli_strain_2015C-3163	1.0	1.0	0/1000
P._polymyxa_strain_P3	E._coli_strain_2015C-3163	1.0	1.0	0/1000
P._simiae_strain_FP689	E._coli_strain_2015C-3163	1.0	1.0	0/1000
P._sp._FSL_L8-0436	E._coli_strain_2015C-3163	1.0	1.0	0/1000
S._aureus_strain_BPH2900_isolate_BPH2900	E._coli_strain_2015C-3163	1.0	1.0	0/1000
S._aureus_strain_MSHS_PS00038.1A	E._coli_strain_2015C-3163	1.0	1.0	0/1000
S._tsukubensis_strain_NRRL_18488	E._coli_strain_2015C-3163	1.0	1.0	0/1000
S._zaomyceticus_strain_NBC_01228	E._coli_strain_2015C-3163	1.0	1.0	0/1000
V._ainsalahensis_strain_JCM_30907	E._coli_strain_2015C-3163	1.0	1.0	0/1000
V._dokdonensis_strain_21D	E._coli_strain_2015C-3163	1.0	1.0	0/1000
V._siamensis_strain_JCM_15395	E._coli_strain_2015C-3163	1.0	1.0	0/1000
A._sp._XH2	E._coli_strain_CUVET20-1573	1.0	1.0	0/1000
A._thermoaerophilus_strain_AFn2	E._coli_strain_CUVET20-1573	1.0	1.0	0/1000
A._thermoaerophilus_strain_CCM_8960	E._coli_strain_CUVET20-1573	1.0	1.0	0/1000
B._altitudinis_strain_Ba1449	E._coli_strain_CUVET20-1573	1.0	1.0	0/1000
B._atrophaeus_strain_globigii	E._coli_strain_CUVET20-1573	1.0	1.0	0/1000
B._borstelensis_strain_SLAM-AEPS2	E._coli_strain_CUVET20-1573	1.0	1.0	0/1000
B._brevis_strain_DZQ7	E._coli_strain_CUVET20-1573	1.0	1.0	0/1000
B._cereus_strain_2-6A	E._coli_strain_CUVET20-1573	1.0	1.0	0/1000
B._laterosporus_strain_Bl-zj	E._coli_strain_CUVET20-1573	1.0	1.0	0/1000
B._licheniformis_strain_FUA2151	E._coli_strain_CUVET20-1573	1.0	1.0	0/1000
B._ovatus_strain_BFG-261	E._coli_strain_CUVET20-1573	1.0	1.0	0/1000
B._paralicheniformis_strain_285-3	E._coli_strain_CUVET20-1573	1.0	1.0	0/1000
B._paranthracis_strain_PR1	E._coli_strain_CUVET20-1573	1.0	1.0	0/1000
B._sp._41-22	E._coli_strain_CUVET20-1573	1.0	1.0	0/1000
B._sp._HF-162	E._coli_strain_CUVET20-1573	1.0	1.0	0/1000
B._subtilis_strain_75	E._coli_strain_CUVET20-1573	1.0	1.0	0/1000
B._subtilis_strain_B171	E._coli_strain_CUVET20-1573	1.0	1.0	0/1000
B._subtilis_strain_JNF2	E._coli_strain_CUVET20-1573	1.0	1.0	0/1000
B._subtilis_strain_SRCM104011	E._coli_strain_CUVET20-1573	1.0	1.0	0/1000
B._subtilis_subsp._subtilis_isolate_FELIX_MS9	E._coli_strain_CUVET20-1573	0.295981	0.000520983	1/1000
B._velezensis_strain_CN026	E._coli_strain_CUVET20-1573	1.0	1.0	0/1000
B._velezensis_strain_PTA-127065	E._coli_strain_CUVET20-1573	1.0	1.0	0/1000
B._velezensis_strain_Soil-4-2	E._coli_strain_CUVET20-1573	1.0	1.0	0/1000
B._velezensis_strain_UA0276	E._coli_strain_CUVET20-1573	1.0	1.0	0/1000
B._velezensis_strain_W1	E._coli_strain_CUVET20-1573	1.0	1.0	0/1000
E._coli_strain_2015C-3163	E._coli_strain_CUVET20-1573	0.014871	0.0	577/1000
E._coli_strain_CUVET20-1573	E._coli_strain_CUVET20-1573	0.0	0.0	1000/1000
FO-S2_contigs	E._coli_strain_CUVET20-1573	1.0	1.0	0/1000
L._capsici_strain_InaCC_B347	E._coli_strain_CUVET20-1573	1.0	1.0	0/1000
L._fusiformis_strain_MGMM7	E._coli_strain_CUVET20-1573	1.0	1.0	0/1000
L._sp._FSL_W7-1291	E._coli_strain_CUVET20-1573	1.0	1.0	0/1000
M._shinjukuense_strain_MSJ-20	E._coli_strain_CUVET20-1573	1.0	1.0	0/1000
M._tuberculosis_strain_Beijing-like_36918	E._coli_strain_CUVET20-1573	1.0	1.0	0/1000
P._aeruginosa_strain_SHPHC59	E._coli_strain_CUVET20-1573	1.0	1.0	0/1000
P._hexagrammi_strain_YPD9-1	E._coli_strain_CUVET20-1573	1.0	1.0	0/1000
P._polymyxa_strain_P3	E._coli_strain_CUVET20-1573	1.0	1.0	0/1000
P._simiae_strain_FP689	E._coli_strain_CUVET20-1573	1.0	1.0	0/1000
P._sp._FSL_L8-0436	E._coli_strain_CUVET20-1573	1.0	1.0	0/1000
S._aureus_strain_BPH2900_isolate_BPH2900	E._coli_strain_CUVET20-1573	1.0	1.0	0/1000
S._aureus_strain_MSHS_PS00038.1A	E._coli_strain_CUVET20-1573	1.0	1.0	0/1000
S._tsukubensis_strain_NRRL_18488	E._coli_strain_CUVET20-1573	1.0	1.0	0/1000
S._zaomyceticus_strain_NBC_01228	E._coli_strain_CUVET20-1573	1.0	1.0	0/1000
V._ainsalahensis_strain_JCM_30907	E._coli_strain_CUVET20-1573	1.0	1.0	0/1000
V._dokdonensis_strain_21D	E._coli_strain_CUVET20-1573	1.0	1.0	0/1000
V._siamensis_strain_JCM_15395	E._coli_strain_CUVET20-1573	1.0	1.0	0/1000
A._sp._XH2	FO-S2_contigs	1.0	1.0	0/1000
A._thermoaerophilus_strain_AFn2	FO-S2_contigs	1.0	1.0	0/1000
A._thermoaerophilus_strain_CCM_8960	FO-S2_contigs	1.0	1.0	0/1000
B._altitudinis_strain_Ba1449	FO-S2_contigs	0.295981	0.000446617	1/1000
B._atrophaeus_strain_globigii	FO-S2_contigs	0.182269	6.450649999999999e-45	11/1000
B._borstelensis_strain_SLAM-AEPS2	FO-S2_contigs	1.0	1.0	0/1000
B._brevis_strain_DZQ7	FO-S2_contigs	1.0	1.0	0/1000
B._cereus_strain_2-6A	FO-S2_contigs	0.295981	0.000552559	1/1000
B._laterosporus_strain_Bl-zj	FO-S2_contigs	1.0	1.0	0/1000
B._licheniformis_strain_FUA2151	FO-S2_contigs	0.23011	2.16366e-15	4/1000
B._ovatus_strain_BFG-261	FO-S2_contigs	1.0	1.0	0/1000
B._paralicheniformis_strain_285-3	FO-S2_contigs	0.197292	7.05905e-32	8/1000
B._paranthracis_strain_PR1	FO-S2_contigs	0.295981	0.000531061	1/1000
B._sp._41-22	FO-S2_contigs	0.295981	0.000528513	1/1000
B._sp._HF-162	FO-S2_contigs	1.0	1.0	0/1000
B._subtilis_strain_75	FO-S2_contigs	0.174408	8.81732e-54	13/1000
B._subtilis_strain_B171	FO-S2_contigs	0.178173	2.9477199999999997e-49	12/1000
B._subtilis_strain_JNF2	FO-S2_contigs	0.178173	2.6691e-49	12/1000
B._subtilis_strain_SRCM104011	FO-S2_contigs	0.170926	2.69458e-58	14/1000
B._subtilis_subsp._subtilis_isolate_FELIX_MS9	FO-S2_contigs	0.178173	2.7033699999999996e-49	12/1000
B._velezensis_strain_CN026	FO-S2_contigs	0.0174175	0.0	531/1000
B._velezensis_strain_PTA-127065	FO-S2_contigs	0.0225651	0.0	452/1000
B._velezensis_strain_Soil-4-2	FO-S2_contigs	0.0236777	0.0	437/1000
B._velezensis_strain_UA0276	FO-S2_contigs	0.015943	0.0	557/1000
B._velezensis_strain_W1	FO-S2_contigs	0.0170111	0.0	538/1000
E._coli_strain_2015C-3163	FO-S2_contigs	1.0	1.0	0/1000
E._coli_strain_CUVET20-1573	FO-S2_contigs	1.0	1.0	0/1000
FO-S2_contigs	FO-S2_contigs	0.0	0.0	1000/1000
L._capsici_strain_InaCC_B347	FO-S2_contigs	0.295981	0.000492259	1/1000
L._fusiformis_strain_MGMM7	FO-S2_contigs	0.295981	0.000529029	1/1000
L._sp._FSL_W7-1291	FO-S2_contigs	0.295981	0.000494904	1/1000
M._shinjukuense_strain_MSJ-20	FO-S2_contigs	1.0	1.0	0/1000
M._tuberculosis_strain_Beijing-like_36918	FO-S2_contigs	1.0	1.0	0/1000
P._aeruginosa_strain_SHPHC59	FO-S2_contigs	1.0	1.0	0/1000
P._hexagrammi_strain_YPD9-1	FO-S2_contigs	0.295981	0.000581837	1/1000
P._polymyxa_strain_P3	FO-S2_contigs	0.295981	0.000554837	1/1000
P._simiae_strain_FP689	FO-S2_contigs	1.0	1.0	0/1000
P._sp._FSL_L8-0436	FO-S2_contigs	0.263022	1.83425e-07	2/1000
S._aureus_strain_BPH2900_isolate_BPH2900	FO-S2_contigs	0.295981	0.000382744	1/1000
S._aureus_strain_MSHS_PS00038.1A	FO-S2_contigs	0.295981	0.000398964	1/1000
S._tsukubensis_strain_NRRL_18488	FO-S2_contigs	1.0	1.0	0/1000
S._zaomyceticus_strain_NBC_01228	FO-S2_contigs	1.0	1.0	0/1000
V._ainsalahensis_strain_JCM_30907	FO-S2_contigs	0.295981	0.000455538	1/1000
V._dokdonensis_strain_21D	FO-S2_contigs	0.295981	0.00047896	1/1000
V._siamensis_strain_JCM_15395	FO-S2_contigs	0.295981	0.000444025	1/1000
A._sp._XH2	L._capsici_strain_InaCC_B347	1.0	1.0	0/1000
A._thermoaerophilus_strain_AFn2	L._capsici_strain_InaCC_B347	1.0	1.0	0/1000
A._thermoaerophilus_strain_CCM_8960	L._capsici_strain_InaCC_B347	1.0	1.0	0/1000
B._altitudinis_strain_Ba1449	L._capsici_strain_InaCC_B347	0.295981	0.000463308	1/1000
B._atrophaeus_strain_globigii	L._capsici_strain_InaCC_B347	0.295981	0.000492867	1/1000
B._borstelensis_strain_SLAM-AEPS2	L._capsici_strain_InaCC_B347	1.0	1.0	0/1000
B._brevis_strain_DZQ7	L._capsici_strain_InaCC_B347	1.0	1.0	0/1000
B._cereus_strain_2-6A	L._capsici_strain_InaCC_B347	0.295981	0.000578336	1/1000
B._laterosporus_strain_Bl-zj	L._capsici_strain_InaCC_B347	1.0	1.0	0/1000
B._licheniformis_strain_FUA2151	L._capsici_strain_InaCC_B347	0.295981	0.000497183	1/1000
B._ovatus_strain_BFG-261	L._capsici_strain_InaCC_B347	1.0	1.0	0/1000
B._paralicheniformis_strain_285-3	L._capsici_strain_InaCC_B347	0.295981	0.000501712	1/1000
B._paranthracis_strain_PR1	L._capsici_strain_InaCC_B347	0.295981	0.000554828	1/1000
B._sp._41-22	L._capsici_strain_InaCC_B347	0.295981	0.000552047	1/1000
B._sp._HF-162	L._capsici_strain_InaCC_B347	1.0	1.0	0/1000
B._subtilis_strain_75	L._capsici_strain_InaCC_B347	0.295981	0.000491698	1/1000
B._subtilis_strain_B171	L._capsici_strain_InaCC_B347	0.295981	0.000499597	1/1000
B._subtilis_strain_JNF2	L._capsici_strain_InaCC_B347	0.295981	0.000495316	1/1000
B._subtilis_strain_SRCM104011	L._capsici_strain_InaCC_B347	0.295981	0.000488519	1/1000
B._subtilis_subsp._subtilis_isolate_FELIX_MS9	L._capsici_strain_InaCC_B347	0.295981	0.000495864	1/1000
B._velezensis_strain_CN026	L._capsici_strain_InaCC_B347	0.295981	0.000481624	1/1000
B._velezensis_strain_PTA-127065	L._capsici_strain_InaCC_B347	0.295981	0.000485919	1/1000
B._velezensis_strain_Soil-4-2	L._capsici_strain_InaCC_B347	0.295981	0.000477508	1/1000
B._velezensis_strain_UA0276	L._capsici_strain_InaCC_B347	0.295981	0.000473203	1/1000
B._velezensis_strain_W1	L._capsici_strain_InaCC_B347	0.295981	0.000496636	1/1000
E._coli_strain_2015C-3163	L._capsici_strain_InaCC_B347	1.0	1.0	0/1000
E._coli_strain_CUVET20-1573	L._capsici_strain_InaCC_B347	1.0	1.0	0/1000
FO-S2_contigs	L._capsici_strain_InaCC_B347	0.295981	0.000492259	1/1000
L._capsici_strain_InaCC_B347	L._capsici_strain_InaCC_B347	0.0	0.0	1000/1000
L._fusiformis_strain_MGMM7	L._capsici_strain_InaCC_B347	0.14383	1.74277e-107	25/1000
L._sp._FSL_W7-1291	L._capsici_strain_InaCC_B347	0.102997	8.60739e-286	61/1000
M._shinjukuense_strain_MSJ-20	L._capsici_strain_InaCC_B347	1.0	1.0	0/1000
M._tuberculosis_strain_Beijing-like_36918	L._capsici_strain_InaCC_B347	1.0	1.0	0/1000
P._aeruginosa_strain_SHPHC59	L._capsici_strain_InaCC_B347	1.0	1.0	0/1000
P._hexagrammi_strain_YPD9-1	L._capsici_strain_InaCC_B347	0.295981	0.000610489	1/1000
P._polymyxa_strain_P3	L._capsici_strain_InaCC_B347	0.295981	0.000580832	1/1000
P._simiae_strain_FP689	L._capsici_strain_InaCC_B347	1.0	1.0	0/1000
P._sp._FSL_L8-0436	L._capsici_strain_InaCC_B347	0.295981	0.000637059	1/1000
S._aureus_strain_BPH2900_isolate_BPH2900	L._capsici_strain_InaCC_B347	0.295981	0.000394936	1/1000
S._aureus_strain_MSHS_PS00038.1A	L._capsici_strain_InaCC_B347	0.295981	0.00041223	1/1000
S._tsukubensis_strain_NRRL_18488	L._capsici_strain_InaCC_B347	1.0	1.0	0/1000
S._zaomyceticus_strain_NBC_01228	L._capsici_strain_InaCC_B347	1.0	1.0	0/1000
V._ainsalahensis_strain_JCM_30907	L._capsici_strain_InaCC_B347	0.295981	0.000472916	1/1000
V._dokdonensis_strain_21D	L._capsici_strain_InaCC_B347	0.295981	0.000498207	1/1000
V._siamensis_strain_JCM_15395	L._capsici_strain_InaCC_B347	0.295981	0.000460518	1/1000
A._sp._XH2	L._fusiformis_strain_MGMM7	1.0	1.0	0/1000
A._thermoaerophilus_strain_AFn2	L._fusiformis_strain_MGMM7	1.0	1.0	0/1000
A._thermoaerophilus_strain_CCM_8960	L._fusiformis_strain_MGMM7	1.0	1.0	0/1000
B._altitudinis_strain_Ba1449	L._fusiformis_strain_MGMM7	0.295981	0.000495737	1/1000
B._atrophaeus_strain_globigii	L._fusiformis_strain_MGMM7	0.295981	0.000529731	1/1000
B._borstelensis_strain_SLAM-AEPS2	L._fusiformis_strain_MGMM7	1.0	1.0	0/1000
B._brevis_strain_DZQ7	L._fusiformis_strain_MGMM7	1.0	1.0	0/1000
B._cereus_strain_2-6A	L._fusiformis_strain_MGMM7	0.295981	0.000629761	1/1000
B._laterosporus_strain_Bl-zj	L._fusiformis_strain_MGMM7	1.0	1.0	0/1000
B._licheniformis_strain_FUA2151	L._fusiformis_strain_MGMM7	0.295981	0.00053472	1/1000
B._ovatus_strain_BFG-261	L._fusiformis_strain_MGMM7	1.0	1.0	0/1000
B._paralicheniformis_strain_285-3	L._fusiformis_strain_MGMM7	0.295981	0.000539963	1/1000
B._paranthracis_strain_PR1	L._fusiformis_strain_MGMM7	0.295981	0.000601987	1/1000
B._sp._41-22	L._fusiformis_strain_MGMM7	0.295981	0.000598714	1/1000
B._sp._HF-162	L._fusiformis_strain_MGMM7	1.0	1.0	0/1000
B._subtilis_strain_75	L._fusiformis_strain_MGMM7	0.295981	0.000528381	1/1000
B._subtilis_strain_B171	L._fusiformis_strain_MGMM7	0.295981	0.000537513	1/1000
B._subtilis_strain_JNF2	L._fusiformis_strain_MGMM7	0.295981	0.000532561	1/1000
B._subtilis_strain_SRCM104011	L._fusiformis_strain_MGMM7	0.295981	0.000524712	1/1000
B._subtilis_subsp._subtilis_isolate_FELIX_MS9	L._fusiformis_strain_MGMM7	0.295981	0.000533195	1/1000
B._velezensis_strain_CN026	L._fusiformis_strain_MGMM7	0.295981	0.000516766	1/1000
B._velezensis_strain_PTA-127065	L._fusiformis_strain_MGMM7	0.295981	0.000521714	1/1000
B._velezensis_strain_Soil-4-2	L._fusiformis_strain_MGMM7	0.295981	0.00051203	1/1000
B._velezensis_strain_UA0276	L._fusiformis_strain_MGMM7	0.295981	0.000507084	1/1000
B._velezensis_strain_W1	L._fusiformis_strain_MGMM7	0.295981	0.000534087	1/1000
E._coli_strain_2015C-3163	L._fusiformis_strain_MGMM7	1.0	1.0	0/1000
E._coli_strain_CUVET20-1573	L._fusiformis_strain_MGMM7	1.0	1.0	0/1000
FO-S2_contigs	L._fusiformis_strain_MGMM7	0.295981	0.000529029	1/1000
L._capsici_strain_InaCC_B347	L._fusiformis_strain_MGMM7	0.14383	1.74277e-107	25/1000
L._fusiformis_strain_MGMM7	L._fusiformis_strain_MGMM7	0.0	0.0	1000/1000
L._sp._FSL_W7-1291	L._fusiformis_strain_MGMM7	0.1233	2.66161e-174	39/1000
M._shinjukuense_strain_MSJ-20	L._fusiformis_strain_MGMM7	1.0	1.0	0/1000
M._tuberculosis_strain_Beijing-like_36918	L._fusiformis_strain_MGMM7	1.0	1.0	0/1000
P._aeruginosa_strain_SHPHC59	L._fusiformis_strain_MGMM7	1.0	1.0	0/1000
P._hexagrammi_strain_YPD9-1	L._fusiformis_strain_MGMM7	0.295981	0.000668075	1/1000
P._polymyxa_strain_P3	L._fusiformis_strain_MGMM7	0.295981	0.000632721	1/1000
P._simiae_strain_FP689	L._fusiformis_strain_MGMM7	1.0	1.0	0/1000
P._sp._FSL_L8-0436	L._fusiformis_strain_MGMM7	0.295981	0.000700026	1/1000
S._aureus_strain_BPH2900_isolate_BPH2900	L._fusiformis_strain_MGMM7	0.295981	0.00041826	1/1000
S._aureus_strain_MSHS_PS00038.1A	L._fusiformis_strain_MGMM7	0.295981	0.000437707	1/1000
S._tsukubensis_strain_NRRL_18488	L._fusiformis_strain_MGMM7	1.0	1.0	0/1000
S._zaomyceticus_strain_NBC_01228	L._fusiformis_strain_MGMM7	1.0	1.0	0/1000
V._ainsalahensis_strain_JCM_30907	L._fusiformis_strain_MGMM7	0.295981	0.000506753	1/1000
V._dokdonensis_strain_21D	L._fusiformis_strain_MGMM7	0.295981	0.000535905	1/1000
V._siamensis_strain_JCM_15395	L._fusiformis_strain_MGMM7	0.295981	0.000492545	1/1000
A._sp._XH2	L._sp._FSL_W7-1291	1.0	1.0	0/1000
A._thermoaerophilus_strain_AFn2	L._sp._FSL_W7-1291	1.0	1.0	0/1000
A._thermoaerophilus_strain_CCM_8960	L._sp._FSL_W7-1291	1.0	1.0	0/1000
B._altitudinis_strain_Ba1449	L._sp._FSL_W7-1291	0.295981	0.00046565	1/1000
B._atrophaeus_strain_globigii	L._sp._FSL_W7-1291	0.295981	0.000495519	1/1000
B._borstelensis_strain_SLAM-AEPS2	L._sp._FSL_W7-1291	1.0	1.0	0/1000
B._brevis_strain_DZQ7	L._sp._FSL_W7-1291	1.0	1.0	0/1000
B._cereus_strain_2-6A	L._sp._FSL_W7-1291	0.295981	0.000581991	1/1000
B._laterosporus_strain_Bl-zj	L._sp._FSL_W7-1291	1.0	1.0	0/1000
B._licheniformis_strain_FUA2151	L._sp._FSL_W7-1291	0.295981	0.000499882	1/1000
B._ovatus_strain_BFG-261	L._sp._FSL_W7-1291	1.0	1.0	0/1000
B._paralicheniformis_strain_285-3	L._sp._FSL_W7-1291	0.295981	0.00050446	1/1000
B._paranthracis_strain_PR1	L._sp._FSL_W7-1291	0.263022	1.55662e-07	2/1000
B._sp._41-22	L._sp._FSL_W7-1291	0.295981	0.000555376	1/1000
B._sp._HF-162	L._sp._FSL_W7-1291	1.0	1.0	0/1000
B._subtilis_strain_75	L._sp._FSL_W7-1291	0.295981	0.000494337	1/1000
B._subtilis_strain_B171	L._sp._FSL_W7-1291	0.295981	0.000502321	1/1000
B._subtilis_strain_JNF2	L._sp._FSL_W7-1291	0.295981	0.000497994	1/1000
B._subtilis_strain_SRCM104011	L._sp._FSL_W7-1291	0.295981	0.000491124	1/1000
B._subtilis_subsp._subtilis_isolate_FELIX_MS9	L._sp._FSL_W7-1291	0.295981	0.000498548	1/1000
B._velezensis_strain_CN026	L._sp._FSL_W7-1291	0.295981	0.000484156	1/1000
B._velezensis_strain_PTA-127065	L._sp._FSL_W7-1291	0.295981	0.000488497	1/1000
B._velezensis_strain_Soil-4-2	L._sp._FSL_W7-1291	0.295981	0.000479997	1/1000
B._velezensis_strain_UA0276	L._sp._FSL_W7-1291	0.295981	0.000475647	1/1000
B._velezensis_strain_W1	L._sp._FSL_W7-1291	0.295981	0.000499328	1/1000
E._coli_strain_2015C-3163	L._sp._FSL_W7-1291	1.0	1.0	0/1000
E._coli_strain_CUVET20-1573	L._sp._FSL_W7-1291	1.0	1.0	0/1000
FO-S2_contigs	L._sp._FSL_W7-1291	0.295981	0.000494904	1/1000
L._capsici_strain_InaCC_B347	L._sp._FSL_W7-1291	0.102997	8.60739e-286	61/1000
L._fusiformis_strain_MGMM7	L._sp._FSL_W7-1291	0.1233	2.66161e-174	39/1000
L._sp._FSL_W7-1291	L._sp._FSL_W7-1291	0.0	0.0	1000/1000
M._shinjukuense_strain_MSJ-20	L._sp._FSL_W7-1291	1.0	1.0	0/1000
M._tuberculosis_strain_Beijing-like_36918	L._sp._FSL_W7-1291	1.0	1.0	0/1000
P._aeruginosa_strain_SHPHC59	L._sp._FSL_W7-1291	1.0	1.0	0/1000
P._hexagrammi_strain_YPD9-1	L._sp._FSL_W7-1291	0.295981	0.000614562	1/1000
P._polymyxa_strain_P3	L._sp._FSL_W7-1291	0.295981	0.000584518	1/1000
P._simiae_strain_FP689	L._sp._FSL_W7-1291	1.0	1.0	0/1000
P._sp._FSL_L8-0436	L._sp._FSL_W7-1291	0.295981	0.000641496	1/1000
S._aureus_strain_BPH2900_isolate_BPH2900	L._sp._FSL_W7-1291	0.263022	7.85923e-08	2/1000
S._aureus_strain_MSHS_PS00038.1A	L._sp._FSL_W7-1291	0.263022	8.56586e-08	2/1000
S._tsukubensis_strain_NRRL_18488	L._sp._FSL_W7-1291	1.0	1.0	0/1000
S._zaomyceticus_strain_NBC_01228	L._sp._FSL_W7-1291	1.0	1.0	0/1000
V._ainsalahensis_strain_JCM_30907	L._sp._FSL_W7-1291	0.295981	0.000475356	1/1000
V._dokdonensis_strain_21D	L._sp._FSL_W7-1291	0.295981	0.000500917	1/1000
V._siamensis_strain_JCM_15395	L._sp._FSL_W7-1291	0.263022	1.07016e-07	2/1000
A._sp._XH2	M._shinjukuense_strain_MSJ-20	1.0	1.0	0/1000
A._thermoaerophilus_strain_AFn2	M._shinjukuense_strain_MSJ-20	1.0	1.0	0/1000
A._thermoaerophilus_strain_CCM_8960	M._shinjukuense_strain_MSJ-20	1.0	1.0	0/1000
B._altitudinis_strain_Ba1449	M._shinjukuense_strain_MSJ-20	1.0	1.0	0/1000
B._atrophaeus_strain_globigii	M._shinjukuense_strain_MSJ-20	1.0	1.0	0/1000
B._borstelensis_strain_SLAM-AEPS2	M._shinjukuense_strain_MSJ-20	0.295981	0.000565026	1/1000
B._brevis_strain_DZQ7	M._shinjukuense_strain_MSJ-20	1.0	1.0	0/1000
B._cereus_strain_2-6A	M._shinjukuense_strain_MSJ-20	1.0	1.0	0/1000
B._laterosporus_strain_Bl-zj	M._shinjukuense_strain_MSJ-20	1.0	1.0	0/1000
B._licheniformis_strain_FUA2151	M._shinjukuense_strain_MSJ-20	1.0	1.0	0/1000
B._ovatus_strain_BFG-261	M._shinjukuense_strain_MSJ-20	1.0	1.0	0/1000
B._paralicheniformis_strain_285-3	M._shinjukuense_strain_MSJ-20	1.0	1.0	0/1000
B._paranthracis_strain_PR1	M._shinjukuense_strain_MSJ-20	1.0	1.0	0/1000
B._sp._41-22	M._shinjukuense_strain_MSJ-20	1.0	1.0	0/1000
B._sp._HF-162	M._shinjukuense_strain_MSJ-20	1.0	1.0	0/1000
B._subtilis_strain_75	M._shinjukuense_strain_MSJ-20	1.0	1.0	0/1000
B._subtilis_strain_B171	M._shinjukuense_strain_MSJ-20	1.0	1.0	0/1000
B._subtilis_strain_JNF2	M._shinjukuense_strain_MSJ-20	1.0	1.0	0/1000
B._subtilis_strain_SRCM104011	M._shinjukuense_strain_MSJ-20	1.0	1.0	0/1000
B._subtilis_subsp._subtilis_isolate_FELIX_MS9	M._shinjukuense_strain_MSJ-20	1.0	1.0	0/1000
B._velezensis_strain_CN026	M._shinjukuense_strain_MSJ-20	1.0	1.0	0/1000
B._velezensis_strain_PTA-127065	M._shinjukuense_strain_MSJ-20	1.0	1.0	0/1000
B._velezensis_strain_Soil-4-2	M._shinjukuense_strain_MSJ-20	1.0	1.0	0/1000
B._velezensis_strain_UA0276	M._shinjukuense_strain_MSJ-20	1.0	1.0	0/1000
B._velezensis_strain_W1	M._shinjukuense_strain_MSJ-20	1.0	1.0	0/1000
E._coli_strain_2015C-3163	M._shinjukuense_strain_MSJ-20	1.0	1.0	0/1000
E._coli_strain_CUVET20-1573	M._shinjukuense_strain_MSJ-20	1.0	1.0	0/1000
FO-S2_contigs	M._shinjukuense_strain_MSJ-20	1.0	1.0	0/1000
L._capsici_strain_InaCC_B347	M._shinjukuense_strain_MSJ-20	1.0	1.0	0/1000
L._fusiformis_strain_MGMM7	M._shinjukuense_strain_MSJ-20	1.0	1.0	0/1000
L._sp._FSL_W7-1291	M._shinjukuense_strain_MSJ-20	1.0	1.0	0/1000
M._shinjukuense_strain_MSJ-20	M._shinjukuense_strain_MSJ-20	0.0	0.0	1000/1000
M._tuberculosis_strain_Beijing-like_36918	M._shinjukuense_strain_MSJ-20	0.12827	2.64453e-156	35/1000
P._aeruginosa_strain_SHPHC59	M._shinjukuense_strain_MSJ-20	1.0	1.0	0/1000
P._hexagrammi_strain_YPD9-1	M._shinjukuense_strain_MSJ-20	1.0	1.0	0/1000
P._polymyxa_strain_P3	M._shinjukuense_strain_MSJ-20	1.0	1.0	0/1000
P._simiae_strain_FP689	M._shinjukuense_strain_MSJ-20	1.0	1.0	0/1000
P._sp._FSL_L8-0436	M._shinjukuense_strain_MSJ-20	1.0	1.0	0/1000
S._aureus_strain_BPH2900_isolate_BPH2900	M._shinjukuense_strain_MSJ-20	1.0	1.0	0/1000
S._aureus_strain_MSHS_PS00038.1A	M._shinjukuense_strain_MSJ-20	1.0	1.0	0/1000
S._tsukubensis_strain_NRRL_18488	M._shinjukuense_strain_MSJ-20	1.0	1.0	0/1000
S._zaomyceticus_strain_NBC_01228	M._shinjukuense_strain_MSJ-20	0.295981	0.000699283	1/1000
V._ainsalahensis_strain_JCM_30907	M._shinjukuense_strain_MSJ-20	1.0	1.0	0/1000
V._dokdonensis_strain_21D	M._shinjukuense_strain_MSJ-20	1.0	1.0	0/1000
V._siamensis_strain_JCM_15395	M._shinjukuense_strain_MSJ-20	1.0	1.0	0/1000
A._sp._XH2	M._tuberculosis_strain_Beijing-like_36918	1.0	1.0	0/1000
A._thermoaerophilus_strain_AFn2	M._tuberculosis_strain_Beijing-like_36918	1.0	1.0	0/1000
A._thermoaerophilus_strain_CCM_8960	M._tuberculosis_strain_Beijing-like_36918	1.0	1.0	0/1000
B._altitudinis_strain_Ba1449	M._tuberculosis_strain_Beijing-like_36918	1.0	1.0	0/1000
B._atrophaeus_strain_globigii	M._tuberculosis_strain_Beijing-like_36918	1.0	1.0	0/1000
B._borstelensis_strain_SLAM-AEPS2	M._tuberculosis_strain_Beijing-like_36918	1.0	1.0	0/1000
B._brevis_strain_DZQ7	M._tuberculosis_strain_Beijing-like_36918	1.0	1.0	0/1000
B._cereus_strain_2-6A	M._tuberculosis_strain_Beijing-like_36918	1.0	1.0	0/1000
B._laterosporus_strain_Bl-zj	M._tuberculosis_strain_Beijing-like_36918	1.0	1.0	0/1000
B._licheniformis_strain_FUA2151	M._tuberculosis_strain_Beijing-like_36918	1.0	1.0	0/1000
B._ovatus_strain_BFG-261	M._tuberculosis_strain_Beijing-like_36918	1.0	1.0	0/1000
B._paralicheniformis_strain_285-3	M._tuberculosis_strain_Beijing-like_36918	1.0	1.0	0/1000
B._paranthracis_strain_PR1	M._tuberculosis_strain_Beijing-like_36918	1.0	1.0	0/1000
B._sp._41-22	M._tuberculosis_strain_Beijing-like_36918	1.0	1.0	0/1000
B._sp._HF-162	M._tuberculosis_strain_Beijing-like_36918	1.0	1.0	0/1000
B._subtilis_strain_75	M._tuberculosis_strain_Beijing-like_36918	1.0	1.0	0/1000
B._subtilis_strain_B171	M._tuberculosis_strain_Beijing-like_36918	1.0	1.0	0/1000
B._subtilis_strain_JNF2	M._tuberculosis_strain_Beijing-like_36918	1.0	1.0	0/1000
B._subtilis_strain_SRCM104011	M._tuberculosis_strain_Beijing-like_36918	1.0	1.0	0/1000
B._subtilis_subsp._subtilis_isolate_FELIX_MS9	M._tuberculosis_strain_Beijing-like_36918	1.0	1.0	0/1000
B._velezensis_strain_CN026	M._tuberculosis_strain_Beijing-like_36918	1.0	1.0	0/1000
B._velezensis_strain_PTA-127065	M._tuberculosis_strain_Beijing-like_36918	1.0	1.0	0/1000
B._velezensis_strain_Soil-4-2	M._tuberculosis_strain_Beijing-like_36918	1.0	1.0	0/1000
B._velezensis_strain_UA0276	M._tuberculosis_strain_Beijing-like_36918	1.0	1.0	0/1000
B._velezensis_strain_W1	M._tuberculosis_strain_Beijing-like_36918	1.0	1.0	0/1000
E._coli_strain_2015C-3163	M._tuberculosis_strain_Beijing-like_36918	1.0	1.0	0/1000
E._coli_strain_CUVET20-1573	M._tuberculosis_strain_Beijing-like_36918	1.0	1.0	0/1000
FO-S2_contigs	M._tuberculosis_strain_Beijing-like_36918	1.0	1.0	0/1000
L._capsici_strain_InaCC_B347	M._tuberculosis_strain_Beijing-like_36918	1.0	1.0	0/1000
L._fusiformis_strain_MGMM7	M._tuberculosis_strain_Beijing-like_36918	1.0	1.0	0/1000
L._sp._FSL_W7-1291	M._tuberculosis_strain_Beijing-like_36918	1.0	1.0	0/1000
M._shinjukuense_strain_MSJ-20	M._tuberculosis_strain_Beijing-like_36918	0.12827	2.64453e-156	35/1000
M._tuberculosis_strain_Beijing-like_36918	M._tuberculosis_strain_Beijing-like_36918	0.0	0.0	1000/1000
P._aeruginosa_strain_SHPHC59	M._tuberculosis_strain_Beijing-like_36918	1.0	1.0	0/1000
P._hexagrammi_strain_YPD9-1	M._tuberculosis_strain_Beijing-like_36918	1.0	1.0	0/1000
P._polymyxa_strain_P3	M._tuberculosis_strain_Beijing-like_36918	1.0	1.0	0/1000
P._simiae_strain_FP689	M._tuberculosis_strain_Beijing-like_36918	1.0	1.0	0/1000
P._sp._FSL_L8-0436	M._tuberculosis_strain_Beijing-like_36918	1.0	1.0	0/1000
S._aureus_strain_BPH2900_isolate_BPH2900	M._tuberculosis_strain_Beijing-like_36918	1.0	1.0	0/1000
S._aureus_strain_MSHS_PS00038.1A	M._tuberculosis_strain_Beijing-like_36918	1.0	1.0	0/1000
S._tsukubensis_strain_NRRL_18488	M._tuberculosis_strain_Beijing-like_36918	1.0	1.0	0/1000
S._zaomyceticus_strain_NBC_01228	M._tuberculosis_strain_Beijing-like_36918	1.0	1.0	0/1000
V._ainsalahensis_strain_JCM_30907	M._tuberculosis_strain_Beijing-like_36918	1.0	1.0	0/1000
V._dokdonensis_strain_21D	M._tuberculosis_strain_Beijing-like_36918	1.0	1.0	0/1000
V._siamensis_strain_JCM_15395	M._tuberculosis_strain_Beijing-like_36918	1.0	1.0	0/1000
A._sp._XH2	P._aeruginosa_strain_SHPHC59	1.0	1.0	0/1000
A._thermoaerophilus_strain_AFn2	P._aeruginosa_strain_SHPHC59	1.0	1.0	0/1000
A._thermoaerophilus_strain_CCM_8960	P._aeruginosa_strain_SHPHC59	1.0	1.0	0/1000
B._altitudinis_strain_Ba1449	P._aeruginosa_strain_SHPHC59	1.0	1.0	0/1000
B._atrophaeus_strain_globigii	P._aeruginosa_strain_SHPHC59	1.0	1.0	0/1000
B._borstelensis_strain_SLAM-AEPS2	P._aeruginosa_strain_SHPHC59	1.0	1.0	0/1000
B._brevis_strain_DZQ7	P._aeruginosa_strain_SHPHC59	1.0	1.0	0/1000
B._cereus_strain_2-6A	P._aeruginosa_strain_SHPHC59	1.0	1.0	0/1000
B._laterosporus_strain_Bl-zj	P._aeruginosa_strain_SHPHC59	1.0	1.0	0/1000
B._licheniformis_strain_FUA2151	P._aeruginosa_strain_SHPHC59	1.0	1.0	0/1000
B._ovatus_strain_BFG-261	P._aeruginosa_strain_SHPHC59	1.0	1.0	0/1000
B._paralicheniformis_strain_285-3	P._aeruginosa_strain_SHPHC59	1.0	1.0	0/1000
B._paranthracis_strain_PR1	P._aeruginosa_strain_SHPHC59	1.0	1.0	0/1000
B._sp._41-22	P._aeruginosa_strain_SHPHC59	1.0	1.0	0/1000
B._sp._HF-162	P._aeruginosa_strain_SHPHC59	1.0	1.0	0/1000
B._subtilis_strain_75	P._aeruginosa_strain_SHPHC59	1.0	1.0	0/1000
B._subtilis_strain_B171	P._aeruginosa_strain_SHPHC59	1.0	1.0	0/1000
B._subtilis_strain_JNF2	P._aeruginosa_strain_SHPHC59	1.0	1.0	0/1000
B._subtilis_strain_SRCM104011	P._aeruginosa_strain_SHPHC59	1.0	1.0	0/1000
B._subtilis_subsp._subtilis_isolate_FELIX_MS9	P._aeruginosa_strain_SHPHC59	1.0	1.0	0/1000
B._velezensis_strain_CN026	P._aeruginosa_strain_SHPHC59	1.0	1.0	0/1000
B._velezensis_strain_PTA-127065	P._aeruginosa_strain_SHPHC59	1.0	1.0	0/1000
B._velezensis_strain_Soil-4-2	P._aeruginosa_strain_SHPHC59	1.0	1.0	0/1000
B._velezensis_strain_UA0276	P._aeruginosa_strain_SHPHC59	1.0	1.0	0/1000
B._velezensis_strain_W1	P._aeruginosa_strain_SHPHC59	1.0	1.0	0/1000
E._coli_strain_2015C-3163	P._aeruginosa_strain_SHPHC59	1.0	1.0	0/1000
E._coli_strain_CUVET20-1573	P._aeruginosa_strain_SHPHC59	1.0	1.0	0/1000
FO-S2_contigs	P._aeruginosa_strain_SHPHC59	1.0	1.0	0/1000
L._capsici_strain_InaCC_B347	P._aeruginosa_strain_SHPHC59	1.0	1.0	0/1000
L._fusiformis_strain_MGMM7	P._aeruginosa_strain_SHPHC59	1.0	1.0	0/1000
L._sp._FSL_W7-1291	P._aeruginosa_strain_SHPHC59	1.0	1.0	0/1000
M._shinjukuense_strain_MSJ-20	P._aeruginosa_strain_SHPHC59	1.0	1.0	0/1000
M._tuberculosis_strain_Beijing-like_36918	P._aeruginosa_strain_SHPHC59	1.0	1.0	0/1000
P._aeruginosa_strain_SHPHC59	P._aeruginosa_strain_SHPHC59	0.0	0.0	1000/1000
P._hexagrammi_strain_YPD9-1	P._aeruginosa_strain_SHPHC59	1.0	1.0	0/1000
P._polymyxa_strain_P3	P._aeruginosa_strain_SHPHC59	1.0	1.0	0/1000
P._simiae_strain_FP689	P._aeruginosa_strain_SHPHC59	0.178173	5.00674e-47	12/1000
P._sp._FSL_L8-0436	P._aeruginosa_strain_SHPHC59	1.0	1.0	0/1000
S._aureus_strain_BPH2900_isolate_BPH2900	P._aeruginosa_strain_SHPHC59	1.0	1.0	0/1000
S._aureus_strain_MSHS_PS00038.1A	P._aeruginosa_strain_SHPHC59	1.0	1.0	0/1000
S._tsukubensis_strain_NRRL_18488	P._aeruginosa_strain_SHPHC59	0.295981	0.000840668	1/1000
S._zaomyceticus_strain_NBC_01228	P._aeruginosa_strain_SHPHC59	1.0	1.0	0/1000
V._ainsalahensis_strain_JCM_30907	P._aeruginosa_strain_SHPHC59	1.0	1.0	0/1000
V._dokdonensis_strain_21D	P._aeruginosa_strain_SHPHC59	1.0	1.0	0/1000
V._siamensis_strain_JCM_15395	P._aeruginosa_strain_SHPHC59	1.0	1.0	0/1000
A._sp._XH2	P._hexagrammi_strain_YPD9-1	0.295981	0.000536781	1/1000
A._thermoaerophilus_strain_AFn2	P._hexagrammi_strain_YPD9-1	1.0	1.0	0/1000
A._thermoaerophilus_strain_CCM_8960	P._hexagrammi_strain_YPD9-1	1.0	1.0	0/1000
B._altitudinis_strain_Ba1449	P._hexagrammi_strain_YPD9-1	0.295981	0.000541818	1/1000
B._atrophaeus_strain_globigii	P._hexagrammi_strain_YPD9-1	0.295981	0.000582686	1/1000
B._borstelensis_strain_SLAM-AEPS2	P._hexagrammi_strain_YPD9-1	1.0	1.0	0/1000
B._brevis_strain_DZQ7	P._hexagrammi_strain_YPD9-1	1.0	1.0	0/1000
B._cereus_strain_2-6A	P._hexagrammi_strain_YPD9-1	0.295981	0.000706044	1/1000
B._laterosporus_strain_Bl-zj	P._hexagrammi_strain_YPD9-1	1.0	1.0	0/1000
B._licheniformis_strain_FUA2151	P._hexagrammi_strain_YPD9-1	0.295981	0.000588729	1/1000
B._ovatus_strain_BFG-261	P._hexagrammi_strain_YPD9-1	1.0	1.0	0/1000
B._paralicheniformis_strain_285-3	P._hexagrammi_strain_YPD9-1	0.295981	0.00059509	1/1000
B._paranthracis_strain_PR1	P._hexagrammi_strain_YPD9-1	0.295981	0.000671319	1/1000
B._sp._41-22	P._hexagrammi_strain_YPD9-1	0.295981	0.000667251	1/1000
B._sp._HF-162	P._hexagrammi_strain_YPD9-1	1.0	1.0	0/1000
B._subtilis_strain_75	P._hexagrammi_strain_YPD9-1	0.295981	0.000581053	1/1000
B._subtilis_strain_B171	P._hexagrammi_strain_YPD9-1	0.295981	0.000592115	1/1000
B._subtilis_strain_JNF2	P._hexagrammi_strain_YPD9-1	0.295981	0.000586112	1/1000
B._subtilis_strain_SRCM104011	P._hexagrammi_strain_YPD9-1	0.295981	0.000576619	1/1000
B._subtilis_subsp._subtilis_isolate_FELIX_MS9	P._hexagrammi_strain_YPD9-1	0.295981	0.00058688	1/1000
B._velezensis_strain_CN026	P._hexagrammi_strain_YPD9-1	0.295981	0.000567037	1/1000
B._velezensis_strain_PTA-127065	P._hexagrammi_strain_YPD9-1	0.295981	0.000573001	1/1000
B._velezensis_strain_Soil-4-2	P._hexagrammi_strain_YPD9-1	0.295981	0.000561341	1/1000
B._velezensis_strain_UA0276	P._hexagrammi_strain_YPD9-1	0.295981	0.000555401	1/1000
B._velezensis_strain_W1	P._hexagrammi_strain_YPD9-1	0.295981	0.000587961	1/1000
E._coli_strain_2015C-3163	P._hexagrammi_strain_YPD9-1	1.0	1.0	0/1000
E._coli_strain_CUVET20-1573	P._hexagrammi_strain_YPD9-1	1.0	1.0	0/1000
FO-S2_contigs	P._hexagrammi_strain_YPD9-1	0.295981	0.000581837	1/1000
L._capsici_strain_InaCC_B347	P._hexagrammi_strain_YPD9-1	0.295981	0.000610489	1/1000
L._fusiformis_strain_MGMM7	P._hexagrammi_strain_YPD9-1	0.295981	0.000668075	1/1000
L._sp._FSL_W7-1291	P._hexagrammi_strain_YPD9-1	0.295981	0.000614562	1/1000
M._shinjukuense_strain_MSJ-20	P._hexagrammi_strain_YPD9-1	1.0	1.0	0/1000
M._tuberculosis_strain_Beijing-like_36918	P._hexagrammi_strain_YPD9-1	1.0	1.0	0/1000
P._aeruginosa_strain_SHPHC59	P._hexagrammi_strain_YPD9-1	1.0	1.0	0/1000
P._hexagrammi_strain_YPD9-1	P._hexagrammi_strain_YPD9-1	0.0	0.0	1000/1000
P._polymyxa_strain_P3	P._hexagrammi_strain_YPD9-1	0.263022	2.51692e-07	2/1000
P._simiae_strain_FP689	P._hexagrammi_strain_YPD9-1	1.0	1.0	0/1000
P._sp._FSL_L8-0436	P._hexagrammi_strain_YPD9-1	0.295981	0.000795571	1/1000
S._aureus_strain_BPH2900_isolate_BPH2900	P._hexagrammi_strain_YPD9-1	0.295981	0.000450593	1/1000
S._aureus_strain_MSHS_PS00038.1A	P._hexagrammi_strain_YPD9-1	0.295981	0.000473244	1/1000
S._tsukubensis_strain_NRRL_18488	P._hexagrammi_strain_YPD9-1	1.0	1.0	0/1000
S._zaomyceticus_strain_NBC_01228	P._hexagrammi_strain_YPD9-1	1.0	1.0	0/1000
V._ainsalahensis_strain_JCM_30907	P._hexagrammi_strain_YPD9-1	0.295981	0.000555005	1/1000
V._dokdonensis_strain_21D	P._hexagrammi_strain_YPD9-1	0.295981	0.000590165	1/1000
V._siamensis_strain_JCM_15395	P._hexagrammi_strain_YPD9-1	0.295981	0.000538007	1/1000
A._sp._XH2	P._polymyxa_strain_P3	1.0	1.0	0/1000
A._thermoaerophilus_strain_AFn2	P._polymyxa_strain_P3	1.0	1.0	0/1000
A._thermoaerophilus_strain_CCM_8960	P._polymyxa_strain_P3	1.0	1.0	0/1000
B._altitudinis_strain_Ba1449	P._polymyxa_strain_P3	0.295981	0.000518329	1/1000
B._atrophaeus_strain_globigii	P._polymyxa_strain_P3	0.295981	0.000555609	1/1000
B._borstelensis_strain_SLAM-AEPS2	P._polymyxa_strain_P3	1.0	1.0	0/1000
B._brevis_strain_DZQ7	P._polymyxa_strain_P3	1.0	1.0	0/1000
B._cereus_strain_2-6A	P._polymyxa_strain_P3	0.295981	0.000666676	1/1000
B._laterosporus_strain_Bl-zj	P._polymyxa_strain_P3	1.0	1.0	0/1000
B._licheniformis_strain_FUA2151	P._polymyxa_strain_P3	0.295981	0.0005611	1/1000
B._ovatus_strain_BFG-261	P._polymyxa_strain_P3	1.0	1.0	0/1000
B._paralicheniformis_strain_285-3	P._polymyxa_strain_P3	0.295981	0.000566876	1/1000
B._paranthracis_strain_PR1	P._polymyxa_strain_P3	0.295981	0.00063563	1/1000
B._sp._41-22	P._polymyxa_strain_P3	0.295981	0.000631982	1/1000
B._sp._HF-162	P._polymyxa_strain_P3	1.0	1.0	0/1000
B._subtilis_strain_75	P._polymyxa_strain_P3	0.295981	0.000554124	1/1000
B._subtilis_strain_B171	P._polymyxa_strain_P3	0.295981	0.000564176	1/1000
B._subtilis_strain_JNF2	P._polymyxa_strain_P3	0.295981	0.000558723	1/1000
B._subtilis_strain_SRCM104011	P._polymyxa_strain_P3	0.295981	0.00055009	1/1000
B._subtilis_subsp._subtilis_isolate_FELIX_MS9	P._polymyxa_strain_P3	0.295981	0.000559421	1/1000
B._velezensis_strain_CN026	P._polymyxa_strain_P3	0.295981	0.000541363	1/1000
B._velezensis_strain_PTA-127065	P._polymyxa_strain_P3	0.295981	0.000546796	1/1000
B._velezensis_strain_Soil-4-2	P._polymyxa_strain_P3	0.295981	0.000536168	1/1000
B._velezensis_strain_UA0276	P._polymyxa_strain_P3	0.295981	0.000530747	1/1000
B._velezensis_strain_W1	P._polymyxa_strain_P3	0.295981	0.000560403	1/1000
E._coli_strain_2015C-3163	P._polymyxa_strain_P3	1.0	1.0	0/1000
E._coli_strain_CUVET20-1573	P._polymyxa_strain_P3	1.0	1.0	0/1000
FO-S2_contigs	P._polymyxa_strain_P3	0.295981	0.000554837	1/1000
L._capsici_strain_InaCC_B347	P._polymyxa_strain_P3	0.295981	0.000580832	1/1000
L._fusiformis_strain_MGMM7	P._polymyxa_strain_P3	0.295981	0.000632721	1/1000
L._sp._FSL_W7-1291	P._polymyxa_strain_P3	0.295981	0.000584518	1/1000
M._shinjukuense_strain_MSJ-20	P._polymyxa_strain_P3	1.0	1.0	0/1000
M._tuberculosis_strain_Beijing-like_36918	P._polymyxa_strain_P3	1.0	1.0	0/1000
P._aeruginosa_strain_SHPHC59	P._polymyxa_strain_P3	1.0	1.0	0/1000
P._hexagrammi_strain_YPD9-1	P._polymyxa_strain_P3	0.263022	2.51692e-07	2/1000
P._polymyxa_strain_P3	P._polymyxa_strain_P3	0.0	0.0	1000/1000
P._simiae_strain_FP689	P._polymyxa_strain_P3	1.0	1.0	0/1000
P._sp._FSL_L8-0436	P._polymyxa_strain_P3	0.243761	6.90073e-11	3/1000
S._aureus_strain_BPH2900_isolate_BPH2900	P._polymyxa_strain_P3	0.295981	0.000434229	1/1000
S._aureus_strain_MSHS_PS00038.1A	P._polymyxa_strain_P3	0.295981	0.000455226	1/1000
S._tsukubensis_strain_NRRL_18488	P._polymyxa_strain_P3	1.0	1.0	0/1000
S._zaomyceticus_strain_NBC_01228	P._polymyxa_strain_P3	1.0	1.0	0/1000
V._ainsalahensis_strain_JCM_30907	P._polymyxa_strain_P3	0.295981	0.000530385	1/1000
V._dokdonensis_strain_21D	P._polymyxa_strain_P3	0.295981	0.000562405	1/1000
V._siamensis_strain_JCM_15395	P._polymyxa_strain_P3	0.295981	0.000514841	1/1000
A._sp._XH2	P._simiae_strain_FP689	1.0	1.0	0/1000
A._thermoaerophilus_strain_AFn2	P._simiae_strain_FP689	1.0	1.0	0/1000
A._thermoaerophilus_strain_CCM_8960	P._simiae_strain_FP689	1.0	1.0	0/1000
B._altitudinis_strain_Ba1449	P._simiae_strain_FP689	1.0	1.0	0/1000
B._atrophaeus_strain_globigii	P._simiae_strain_FP689	1.0	1.0	0/1000
B._borstelensis_strain_SLAM-AEPS2	P._simiae_strain_FP689	1.0	1.0	0/1000
B._brevis_strain_DZQ7	P._simiae_strain_FP689	1.0	1.0	0/1000
B._cereus_strain_2-6A	P._simiae_strain_FP689	1.0	1.0	0/1000
B._laterosporus_strain_Bl-zj	P._simiae_strain_FP689	1.0	1.0	0/1000
B._licheniformis_strain_FUA2151	P._simiae_strain_FP689	1.0	1.0	0/1000
B._ovatus_strain_BFG-261	P._simiae_strain_FP689	1.0	1.0	0/1000
B._paralicheniformis_strain_285-3	P._simiae_strain_FP689	1.0	1.0	0/1000
B._paranthracis_strain_PR1	P._simiae_strain_FP689	1.0	1.0	0/1000
B._sp._41-22	P._simiae_strain_FP689	1.0	1.0	0/1000
B._sp._HF-162	P._simiae_strain_FP689	1.0	1.0	0/1000
B._subtilis_strain_75	P._simiae_strain_FP689	1.0	1.0	0/1000
B._subtilis_strain_B171	P._simiae_strain_FP689	1.0	1.0	0/1000
B._subtilis_strain_JNF2	P._simiae_strain_FP689	1.0	1.0	0/1000
B._subtilis_strain_SRCM104011	P._simiae_strain_FP689	1.0	1.0	0/1000
B._subtilis_subsp._subtilis_isolate_FELIX_MS9	P._simiae_strain_FP689	1.0	1.0	0/1000
B._velezensis_strain_CN026	P._simiae_strain_FP689	1.0	1.0	0/1000
B._velezensis_strain_PTA-127065	P._simiae_strain_FP689	1.0	1.0	0/1000
B._velezensis_strain_Soil-4-2	P._simiae_strain_FP689	1.0	1.0	0/1000
B._velezensis_strain_UA0276	P._simiae_strain_FP689	1.0	1.0	0/1000
B._velezensis_strain_W1	P._simiae_strain_FP689	1.0	1.0	0/1000
E._coli_strain_2015C-3163	P._simiae_strain_FP689	1.0	1.0	0/1000
E._coli_strain_CUVET20-1573	P._simiae_strain_FP689	1.0	1.0	0/1000
FO-S2_contigs	P._simiae_strain_FP689	1.0	1.0	0/1000
L._capsici_strain_InaCC_B347	P._simiae_strain_FP689	1.0	1.0	0/1000
L._fusiformis_strain_MGMM7	P._simiae_strain_FP689	1.0	1.0	0/1000
L._sp._FSL_W7-1291	P._simiae_strain_FP689	1.0	1.0	0/1000
M._shinjukuense_strain_MSJ-20	P._simiae_strain_FP689	1.0	1.0	0/1000
M._tuberculosis_strain_Beijing-like_36918	P._simiae_strain_FP689	1.0	1.0	0/1000
P._aeruginosa_strain_SHPHC59	P._simiae_strain_FP689	0.178173	5.00674e-47	12/1000
P._hexagrammi_strain_YPD9-1	P._simiae_strain_FP689	1.0	1.0	0/1000
P._polymyxa_strain_P3	P._simiae_strain_FP689	1.0	1.0	0/1000
P._simiae_strain_FP689	P._simiae_strain_FP689	0.0	0.0	1000/1000
P._sp._FSL_L8-0436	P._simiae_strain_FP689	1.0	1.0	0/1000
S._aureus_strain_BPH2900_isolate_BPH2900	P._simiae_strain_FP689	1.0	1.0	0/1000
S._aureus_strain_MSHS_PS00038.1A	P._simiae_strain_FP689	1.0	1.0	0/1000
S._tsukubensis_strain_NRRL_18488	P._simiae_strain_FP689	1.0	1.0	0/1000
S._zaomyceticus_strain_NBC_01228	P._simiae_strain_FP689	1.0	1.0	0/1000
V._ainsalahensis_strain_JCM_30907	P._simiae_strain_FP689	1.0	1.0	0/1000
V._dokdonensis_strain_21D	P._simiae_strain_FP689	1.0	1.0	0/1000
V._siamensis_strain_JCM_15395	P._simiae_strain_FP689	1.0	1.0	0/1000
A._sp._XH2	P._sp._FSL_L8-0436	1.0	1.0	0/1000
A._thermoaerophilus_strain_AFn2	P._sp._FSL_L8-0436	1.0	1.0	0/1000
A._thermoaerophilus_strain_CCM_8960	P._sp._FSL_L8-0436	1.0	1.0	0/1000
B._altitudinis_strain_Ba1449	P._sp._FSL_L8-0436	0.295981	0.000562645	1/1000
B._atrophaeus_strain_globigii	P._sp._FSL_L8-0436	0.263022	1.83983e-07	2/1000
B._borstelensis_strain_SLAM-AEPS2	P._sp._FSL_L8-0436	0.295981	0.000722185	1/1000
B._brevis_strain_DZQ7	P._sp._FSL_L8-0436	1.0	1.0	0/1000
B._cereus_strain_2-6A	P._sp._FSL_L8-0436	0.295981	0.000741826	1/1000
B._laterosporus_strain_Bl-zj	P._sp._FSL_L8-0436	1.0	1.0	0/1000
B._licheniformis_strain_FUA2151	P._sp._FSL_L8-0436	0.295981	0.0006134	1/1000
B._ovatus_strain_BFG-261	P._sp._FSL_L8-0436	1.0	1.0	0/1000
B._paralicheniformis_strain_285-3	P._sp._FSL_L8-0436	0.263022	1.92239e-07	2/1000
B._paranthracis_strain_PR1	P._sp._FSL_L8-0436	0.295981	0.000703588	1/1000
B._sp._41-22	P._sp._FSL_L8-0436	0.295981	0.000699121	1/1000
B._sp._HF-162	P._sp._FSL_L8-0436	1.0	1.0	0/1000
B._subtilis_strain_75	P._sp._FSL_L8-0436	0.295981	0.000605073	1/1000
B._subtilis_strain_B171	P._sp._FSL_L8-0436	0.295981	0.000617078	1/1000
B._subtilis_strain_JNF2	P._sp._FSL_L8-0436	0.295981	0.000610561	1/1000
B._subtilis_strain_SRCM104011	P._sp._FSL_L8-0436	0.295981	0.000600266	1/1000
B._subtilis_subsp._subtilis_isolate_FELIX_MS9	P._sp._FSL_L8-0436	0.295981	0.000611393	1/1000
B._velezensis_strain_CN026	P._sp._FSL_L8-0436	0.295981	0.000589889	1/1000
B._velezensis_strain_PTA-127065	P._sp._FSL_L8-0436	0.295981	0.000596345	1/1000
B._velezensis_strain_Soil-4-2	P._sp._FSL_L8-0436	0.295981	0.000583727	1/1000
B._velezensis_strain_UA0276	P._sp._FSL_L8-0436	0.295981	0.000577306	1/1000
B._velezensis_strain_W1	P._sp._FSL_L8-0436	0.295981	0.000612567	1/1000
E._coli_strain_2015C-3163	P._sp._FSL_L8-0436	1.0	1.0	0/1000
E._coli_strain_CUVET20-1573	P._sp._FSL_L8-0436	1.0	1.0	0/1000
FO-S2_contigs	P._sp._FSL_L8-0436	0.263022	1.83425e-07	2/1000
L._capsici_strain_InaCC_B347	P._sp._FSL_L8-0436	0.295981	0.000637059	1/1000
L._fusiformis_strain_MGMM7	P._sp._FSL_L8-0436	0.295981	0.000700026	1/1000
L._sp._FSL_W7-1291	P._sp._FSL_L8-0436	0.295981	0.000641496	1/1000
M._shinjukuense_strain_MSJ-20	P._sp._FSL_L8-0436	1.0	1.0	0/1000
M._tuberculosis_strain_Beijing-like_36918	P._sp._FSL_L8-0436	1.0	1.0	0/1000
P._aeruginosa_strain_SHPHC59	P._sp._FSL_L8-0436	1.0	1.0	0/1000
P._hexagrammi_strain_YPD9-1	P._sp._FSL_L8-0436	0.295981	0.000795571	1/1000
P._polymyxa_strain_P3	P._sp._FSL_L8-0436	0.243761	6.90073e-11	3/1000
P._simiae_strain_FP689	P._sp._FSL_L8-0436	1.0	1.0	0/1000
P._sp._FSL_L8-0436	P._sp._FSL_L8-0436	0.0	0.0	1000/1000
S._aureus_strain_BPH2900_isolate_BPH2900	P._sp._FSL_L8-0436	0.295981	0.000464904	1/1000
S._aureus_strain_MSHS_PS00038.1A	P._sp._FSL_L8-0436	0.295981	0.000489056	1/1000
S._tsukubensis_strain_NRRL_18488	P._sp._FSL_L8-0436	1.0	1.0	0/1000
S._zaomyceticus_strain_NBC_01228	P._sp._FSL_L8-0436	1.0	1.0	0/1000
V._ainsalahensis_strain_JCM_30907	P._sp._FSL_L8-0436	0.295981	0.000576878	1/1000
V._dokdonensis_strain_21D	P._sp._FSL_L8-0436	0.295981	0.00061496	1/1000
V._siamensis_strain_JCM_15395	P._sp._FSL_L8-0436	0.295981	0.000558537	1/1000
A._sp._XH2	S._aureus_strain_BPH2900_isolate_BPH2900	1.0	1.0	0/1000
A._thermoaerophilus_strain_AFn2	S._aureus_strain_BPH2900_isolate_BPH2900	1.0	1.0	0/1000
A._thermoaerophilus_strain_CCM_8960	S._aureus_strain_BPH2900_isolate_BPH2900	1.0	1.0	0/1000
B._altitudinis_strain_Ba1449	S._aureus_strain_BPH2900_isolate_BPH2900	0.295981	0.000365009	1/1000
B._atrophaeus_strain_globigii	S._aureus_strain_BPH2900_isolate_BPH2900	0.295981	0.000383111	1/1000
B._borstelensis_strain_SLAM-AEPS2	S._aureus_strain_BPH2900_isolate_BPH2900	1.0	1.0	0/1000
B._brevis_strain_DZQ7	S._aureus_strain_BPH2900_isolate_BPH2900	1.0	1.0	0/1000
B._cereus_strain_2-6A	S._aureus_strain_BPH2900_isolate_BPH2900	0.295981	0.000432832	1/1000
B._laterosporus_strain_Bl-zj	S._aureus_strain_BPH2900_isolate_BPH2900	1.0	1.0	0/1000
B._licheniformis_strain_FUA2151	S._aureus_strain_BPH2900_isolate_BPH2900	0.295981	0.000385714	1/1000
B._ovatus_strain_BFG-261	S._aureus_strain_BPH2900_isolate_BPH2900	1.0	1.0	0/1000
B._paralicheniformis_strain_285-3	S._aureus_strain_BPH2900_isolate_BPH2900	0.295981	0.000388434	1/1000
B._paranthracis_strain_PR1	S._aureus_strain_BPH2900_isolate_BPH2900	0.295981	0.000419529	1/1000
B._sp._41-22	S._aureus_strain_BPH2900_isolate_BPH2900	0.295981	0.000417937	1/1000
B._sp._HF-162	S._aureus_strain_BPH2900_isolate_BPH2900	1.0	1.0	0/1000
B._subtilis_strain_75	S._aureus_strain_BPH2900_isolate_BPH2900	0.295981	0.000382404	1/1000
B._subtilis_strain_B171	S._aureus_strain_BPH2900_isolate_BPH2900	0.295981	0.000387165	1/1000
B._subtilis_strain_JNF2	S._aureus_strain_BPH2900_isolate_BPH2900	0.295981	0.000384589	1/1000
B._subtilis_strain_SRCM104011	S._aureus_strain_BPH2900_isolate_BPH2900	0.295981	0.000380479	1/1000
B._subtilis_subsp._subtilis_isolate_FELIX_MS9	S._aureus_strain_BPH2900_isolate_BPH2900	0.295981	0.000384919	1/1000
B._velezensis_strain_CN026	S._aureus_strain_BPH2900_isolate_BPH2900	0.295981	0.000376283	1/1000
B._velezensis_strain_PTA-127065	S._aureus_strain_BPH2900_isolate_BPH2900	0.295981	0.0003789	1/1000
B._velezensis_strain_Soil-4-2	S._aureus_strain_BPH2900_isolate_BPH2900	0.295981	0.000373766	1/1000
B._velezensis_strain_UA0276	S._aureus_strain_BPH2900_isolate_BPH2900	0.295981	0.000371123	1/1000
B._velezensis_strain_W1	S._aureus_strain_BPH2900_isolate_BPH2900	0.295981	0.000385384	1/1000
E._coli_strain_2015C-3163	S._aureus_strain_BPH2900_isolate_BPH2900	1.0	1.0	0/1000
E._coli_strain_CUVET20-1573	S._aureus_strain_BPH2900_isolate_BPH2900	1.0	1.0	0/1000
FO-S2_contigs	S._aureus_strain_BPH2900_isolate_BPH2900	0.295981	0.000382744	1/1000
L._capsici_strain_InaCC_B347	S._aureus_strain_BPH2900_isolate_BPH2900	0.295981	0.000394936	1/1000
L._fusiformis_strain_MGMM7	S._aureus_strain_BPH2900_isolate_BPH2900	0.295981	0.00041826	1/1000
L._sp._FSL_W7-1291	S._aureus_strain_BPH2900_isolate_BPH2900	0.263022	7.85923e-08	2/1000
M._shinjukuense_strain_MSJ-20	S._aureus_strain_BPH2900_isolate_BPH2900	1.0	1.0	0/1000
M._tuberculosis_strain_Beijing-like_36918	S._aureus_strain_BPH2900_isolate_BPH2900	1.0	1.0	0/1000
P._aeruginosa_strain_SHPHC59	S._aureus_strain_BPH2900_isolate_BPH2900	1.0	1.0	0/1000
P._hexagrammi_strain_YPD9-1	S._aureus_strain_BPH2900_isolate_BPH2900	0.295981	0.000450593	1/1000
P._polymyxa_strain_P3	S._aureus_strain_BPH2900_isolate_BPH2900	0.295981	0.000434229	1/1000
P._simiae_strain_FP689	S._aureus_strain_BPH2900_isolate_BPH2900	1.0	1.0	0/1000
P._sp._FSL_L8-0436	S._aureus_strain_BPH2900_isolate_BPH2900	0.295981	0.000464904	1/1000
S._aureus_strain_BPH2900_isolate_BPH2900	S._aureus_strain_BPH2900_isolate_BPH2900	0.0	0.0	1000/1000
S._aureus_strain_MSHS_PS00038.1A	S._aureus_strain_BPH2900_isolate_BPH2900	0.0150813	0.0	573/1000
S._tsukubensis_strain_NRRL_18488	S._aureus_strain_BPH2900_isolate_BPH2900	1.0	1.0	0/1000
S._zaomyceticus_strain_NBC_01228	S._aureus_strain_BPH2900_isolate_BPH2900	1.0	1.0	0/1000
V._ainsalahensis_strain_JCM_30907	S._aureus_strain_BPH2900_isolate_BPH2900	0.295981	0.000370946	1/1000
V._dokdonensis_strain_21D	S._aureus_strain_BPH2900_isolate_BPH2900	0.263022	7.45603e-08	2/1000
V._siamensis_strain_JCM_15395	S._aureus_strain_BPH2900_isolate_BPH2900	0.295981	0.000363276	1/1000
A._sp._XH2	S._aureus_strain_MSHS_PS00038.1A	1.0	1.0	0/1000
A._thermoaerophilus_strain_AFn2	S._aureus_strain_MSHS_PS00038.1A	1.0	1.0	0/1000
A._thermoaerophilus_strain_CCM_8960	S._aureus_strain_MSHS_PS00038.1A	1.0	1.0	0/1000
B._altitudinis_strain_Ba1449	S._aureus_strain_MSHS_PS00038.1A	0.295981	0.000379732	1/1000
B._atrophaeus_strain_globigii	S._aureus_strain_MSHS_PS00038.1A	0.295981	0.000399363	1/1000
B._borstelensis_strain_SLAM-AEPS2	S._aureus_strain_MSHS_PS00038.1A	1.0	1.0	0/1000
B._brevis_strain_DZQ7	S._aureus_strain_MSHS_PS00038.1A	1.0	1.0	0/1000
B._cereus_strain_2-6A	S._aureus_strain_MSHS_PS00038.1A	0.295981	0.000453692	1/1000
B._laterosporus_strain_Bl-zj	S._aureus_strain_MSHS_PS00038.1A	1.0	1.0	0/1000
B._licheniformis_strain_FUA2151	S._aureus_strain_MSHS_PS00038.1A	0.295981	0.000402192	1/1000
B._ovatus_strain_BFG-261	S._aureus_strain_MSHS_PS00038.1A	1.0	1.0	0/1000
B._paralicheniformis_strain_285-3	S._aureus_strain_MSHS_PS00038.1A	0.295981	0.000405151	1/1000
B._paranthracis_strain_PR1	S._aureus_strain_MSHS_PS00038.1A	0.295981	0.000439097	1/1000
B._sp._41-22	S._aureus_strain_MSHS_PS00038.1A	0.295981	0.000437353	1/1000
B._sp._HF-162	S._aureus_strain_MSHS_PS00038.1A	1.0	1.0	0/1000
B._subtilis_strain_75	S._aureus_strain_MSHS_PS00038.1A	0.295981	0.000398595	1/1000
B._subtilis_strain_B171	S._aureus_strain_MSHS_PS00038.1A	0.295981	0.00040377	1/1000
B._subtilis_strain_JNF2	S._aureus_strain_MSHS_PS00038.1A	0.295981	0.00040097	1/1000
B._subtilis_strain_SRCM104011	S._aureus_strain_MSHS_PS00038.1A	0.295981	0.000396504	1/1000
B._subtilis_subsp._subtilis_isolate_FELIX_MS9	S._aureus_strain_MSHS_PS00038.1A	0.295981	0.000401329	1/1000
B._velezensis_strain_CN026	S._aureus_strain_MSHS_PS00038.1A	0.295981	0.000391949	1/1000
B._velezensis_strain_PTA-127065	S._aureus_strain_MSHS_PS00038.1A	0.295981	0.000394789	1/1000
B._velezensis_strain_Soil-4-2	S._aureus_strain_MSHS_PS00038.1A	0.295981	0.000389219	1/1000
B._velezensis_strain_UA0276	S._aureus_strain_MSHS_PS00038.1A	0.295981	0.000386354	1/1000
B._velezensis_strain_W1	S._aureus_strain_MSHS_PS00038.1A	0.295981	0.000401834	1/1000
E._coli_strain_2015C-3163	S._aureus_strain_MSHS_PS00038.1A	1.0	1.0	0/1000
E._coli_strain_CUVET20-1573	S._aureus_strain_MSHS_PS00038.1A	1.0	1.0	0/1000
FO-S2_contigs	S._aureus_strain_MSHS_PS00038.1A	0.295981	0.000398964	1/1000
L._capsici_strain_InaCC_B347	S._aureus_strain_MSHS_PS00038.1A	0.295981	0.00041223	1/1000
L._fusiformis_strain_MGMM7	S._aureus_strain_MSHS_PS00038.1A	0.295981	0.000437707	1/1000
L._sp._FSL_W7-1291	S._aureus_strain_MSHS_PS00038.1A	0.263022	8.56586e-08	2/1000
M._shinjukuense_strain_MSJ-20	S._aureus_strain_MSHS_PS00038.1A	1.0	1.0	0/1000
M._tuberculosis_strain_Beijing-like_36918	S._aureus_strain_MSHS_PS00038.1A	1.0	1.0	0/1000
P._aeruginosa_strain_SHPHC59	S._aureus_strain_MSHS_PS00038.1A	1.0	1.0	0/1000
P._hexagrammi_strain_YPD9-1	S._aureus_strain_MSHS_PS00038.1A	0.295981	0.000473244	1/1000
P._polymyxa_strain_P3	S._aureus_strain_MSHS_PS00038.1A	0.295981	0.000455226	1/1000
P._simiae_strain_FP689	S._aureus_strain_MSHS_PS00038.1A	1.0	1.0	0/1000
P._sp._FSL_L8-0436	S._aureus_strain_MSHS_PS00038.1A	0.295981	0.000489056	1/1000
S._aureus_strain_BPH2900_isolate_BPH2900	S._aureus_strain_MSHS_PS00038.1A	0.0150813	0.0	573/1000
S._aureus_strain_MSHS_PS00038.1A	S._aureus_strain_MSHS_PS00038.1A	0.0	0.0	1000/1000
S._tsukubensis_strain_NRRL_18488	S._aureus_strain_MSHS_PS00038.1A	1.0	1.0	0/1000
S._zaomyceticus_strain_NBC_01228	S._aureus_strain_MSHS_PS00038.1A	1.0	1.0	0/1000
V._ainsalahensis_strain_JCM_30907	S._aureus_strain_MSHS_PS00038.1A	0.295981	0.000386162	1/1000
V._dokdonensis_strain_21D	S._aureus_strain_MSHS_PS00038.1A	0.263022	8.10787e-08	2/1000
V._siamensis_strain_JCM_15395	S._aureus_strain_MSHS_PS00038.1A	0.295981	0.000377856	1/1000
A._sp._XH2	S._tsukubensis_strain_NRRL_18488	1.0	1.0	0/1000
A._thermoaerophilus_strain_AFn2	S._tsukubensis_strain_NRRL_18488	1.0	1.0	0/1000
A._thermoaerophilus_strain_CCM_8960	S._tsukubensis_strain_NRRL_18488	1.0	1.0	0/1000
B._altitudinis_strain_Ba1449	S._tsukubensis_strain_NRRL_18488	1.0	1.0	0/1000
B._atrophaeus_strain_globigii	S._tsukubensis_strain_NRRL_18488	1.0	1.0	0/1000
B._borstelensis_strain_SLAM-AEPS2	S._tsukubensis_strain_NRRL_18488	1.0	1.0	0/1000
B._brevis_strain_DZQ7	S._tsukubensis_strain_NRRL_18488	1.0	1.0	0/1000
B._cereus_strain_2-6A	S._tsukubensis_strain_NRRL_18488	1.0	1.0	0/1000
B._laterosporus_strain_Bl-zj	S._tsukubensis_strain_NRRL_18488	1.0	1.0	0/1000
B._licheniformis_strain_FUA2151	S._tsukubensis_strain_NRRL_18488	1.0	1.0	0/1000
B._ovatus_strain_BFG-261	S._tsukubensis_strain_NRRL_18488	1.0	1.0	0/1000
B._paralicheniformis_strain_285-3	S._tsukubensis_strain_NRRL_18488	1.0	1.0	0/1000
B._paranthracis_strain_PR1	S._tsukubensis_strain_NRRL_18488	1.0	1.0	0/1000
B._sp._41-22	S._tsukubensis_strain_NRRL_18488	1.0	1.0	0/1000
B._sp._HF-162	S._tsukubensis_strain_NRRL_18488	1.0	1.0	0/1000
B._subtilis_strain_75	S._tsukubensis_strain_NRRL_18488	1.0	1.0	0/1000
B._subtilis_strain_B171	S._tsukubensis_strain_NRRL_18488	1.0	1.0	0/1000
B._subtilis_strain_JNF2	S._tsukubensis_strain_NRRL_18488	1.0	1.0	0/1000
B._subtilis_strain_SRCM104011	S._tsukubensis_strain_NRRL_18488	1.0	1.0	0/1000
B._subtilis_subsp._subtilis_isolate_FELIX_MS9	S._tsukubensis_strain_NRRL_18488	1.0	1.0	0/1000
B._velezensis_strain_CN026	S._tsukubensis_strain_NRRL_18488	1.0	1.0	0/1000
B._velezensis_strain_PTA-127065	S._tsukubensis_strain_NRRL_18488	1.0	1.0	0/1000
B._velezensis_strain_Soil-4-2	S._tsukubensis_strain_NRRL_18488	1.0	1.0	0/1000
B._velezensis_strain_UA0276	S._tsukubensis_strain_NRRL_18488	1.0	1.0	0/1000
B._velezensis_strain_W1	S._tsukubensis_strain_NRRL_18488	1.0	1.0	0/1000
E._coli_strain_2015C-3163	S._tsukubensis_strain_NRRL_18488	1.0	1.0	0/1000
E._coli_strain_CUVET20-1573	S._tsukubensis_strain_NRRL_18488	1.0	1.0	0/1000
FO-S2_contigs	S._tsukubensis_strain_NRRL_18488	1.0	1.0	0/1000
L._capsici_strain_InaCC_B347	S._tsukubensis_strain_NRRL_18488	1.0	1.0	0/1000
L._fusiformis_strain_MGMM7	S._tsukubensis_strain_NRRL_18488	1.0	1.0	0/1000
L._sp._FSL_W7-1291	S._tsukubensis_strain_NRRL_18488	1.0	1.0	0/1000
M._shinjukuense_strain_MSJ-20	S._tsukubensis_strain_NRRL_18488	1.0	1.0	0/1000
M._tuberculosis_strain_Beijing-like_36918	S._tsukubensis_strain_NRRL_18488	1.0	1.0	0/1000
P._aeruginosa_strain_SHPHC59	S._tsukubensis_strain_NRRL_18488	0.295981	0.000840668	1/1000
P._hexagrammi_strain_YPD9-1	S._tsukubensis_strain_NRRL_18488	1.0	1.0	0/1000
P._polymyxa_strain_P3	S._tsukubensis_strain_NRRL_18488	1.0	1.0	0/1000
P._simiae_strain_FP689	S._tsukubensis_strain_NRRL_18488	1.0	1.0	0/1000
P._sp._FSL_L8-0436	S._tsukubensis_strain_NRRL_18488	1.0	1.0	0/1000
S._aureus_strain_BPH2900_isolate_BPH2900	S._tsukubensis_strain_NRRL_18488	1.0	1.0	0/1000
S._aureus_strain_MSHS_PS00038.1A	S._tsukubensis_strain_NRRL_18488	1.0	1.0	0/1000
S._tsukubensis_strain_NRRL_18488	S._tsukubensis_strain_NRRL_18488	0.0	0.0	1000/1000
S._zaomyceticus_strain_NBC_01228	S._tsukubensis_strain_NRRL_18488	0.174408	1.50812e-49	13/1000
V._ainsalahensis_strain_JCM_30907	S._tsukubensis_strain_NRRL_18488	1.0	1.0	0/1000
V._dokdonensis_strain_21D	S._tsukubensis_strain_NRRL_18488	1.0	1.0	0/1000
V._siamensis_strain_JCM_15395	S._tsukubensis_strain_NRRL_18488	1.0	1.0	0/1000
A._sp._XH2	S._zaomyceticus_strain_NBC_01228	1.0	1.0	0/1000
A._thermoaerophilus_strain_AFn2	S._zaomyceticus_strain_NBC_01228	1.0	1.0	0/1000
A._thermoaerophilus_strain_CCM_8960	S._zaomyceticus_strain_NBC_01228	1.0	1.0	0/1000
B._altitudinis_strain_Ba1449	S._zaomyceticus_strain_NBC_01228	1.0	1.0	0/1000
B._atrophaeus_strain_globigii	S._zaomyceticus_strain_NBC_01228	1.0	1.0	0/1000
B._borstelensis_strain_SLAM-AEPS2	S._zaomyceticus_strain_NBC_01228	1.0	1.0	0/1000
B._brevis_strain_DZQ7	S._zaomyceticus_strain_NBC_01228	1.0	1.0	0/1000
B._cereus_strain_2-6A	S._zaomyceticus_strain_NBC_01228	1.0	1.0	0/1000
B._laterosporus_strain_Bl-zj	S._zaomyceticus_strain_NBC_01228	1.0	1.0	0/1000
B._licheniformis_strain_FUA2151	S._zaomyceticus_strain_NBC_01228	1.0	1.0	0/1000
B._ovatus_strain_BFG-261	S._zaomyceticus_strain_NBC_01228	1.0	1.0	0/1000
B._paralicheniformis_strain_285-3	S._zaomyceticus_strain_NBC_01228	1.0	1.0	0/1000
B._paranthracis_strain_PR1	S._zaomyceticus_strain_NBC_01228	1.0	1.0	0/1000
B._sp._41-22	S._zaomyceticus_strain_NBC_01228	1.0	1.0	0/1000
B._sp._HF-162	S._zaomyceticus_strain_NBC_01228	1.0	1.0	0/1000
B._subtilis_strain_75	S._zaomyceticus_strain_NBC_01228	1.0	1.0	0/1000
B._subtilis_strain_B171	S._zaomyceticus_strain_NBC_01228	1.0	1.0	0/1000
B._subtilis_strain_JNF2	S._zaomyceticus_strain_NBC_01228	1.0	1.0	0/1000
B._subtilis_strain_SRCM104011	S._zaomyceticus_strain_NBC_01228	1.0	1.0	0/1000
B._subtilis_subsp._subtilis_isolate_FELIX_MS9	S._zaomyceticus_strain_NBC_01228	1.0	1.0	0/1000
B._velezensis_strain_CN026	S._zaomyceticus_strain_NBC_01228	1.0	1.0	0/1000
B._velezensis_strain_PTA-127065	S._zaomyceticus_strain_NBC_01228	1.0	1.0	0/1000
B._velezensis_strain_Soil-4-2	S._zaomyceticus_strain_NBC_01228	1.0	1.0	0/1000
B._velezensis_strain_UA0276	S._zaomyceticus_strain_NBC_01228	1.0	1.0	0/1000
B._velezensis_strain_W1	S._zaomyceticus_strain_NBC_01228	1.0	1.0	0/1000
E._coli_strain_2015C-3163	S._zaomyceticus_strain_NBC_01228	1.0	1.0	0/1000
E._coli_strain_CUVET20-1573	S._zaomyceticus_strain_NBC_01228	1.0	1.0	0/1000
FO-S2_contigs	S._zaomyceticus_strain_NBC_01228	1.0	1.0	0/1000
L._capsici_strain_InaCC_B347	S._zaomyceticus_strain_NBC_01228	1.0	1.0	0/1000
L._fusiformis_strain_MGMM7	S._zaomyceticus_strain_NBC_01228	1.0	1.0	0/1000
L._sp._FSL_W7-1291	S._zaomyceticus_strain_NBC_01228	1.0	1.0	0/1000
M._shinjukuense_strain_MSJ-20	S._zaomyceticus_strain_NBC_01228	0.295981	0.000699283	1/1000
M._tuberculosis_strain_Beijing-like_36918	S._zaomyceticus_strain_NBC_01228	1.0	1.0	0/1000
P._aeruginosa_strain_SHPHC59	S._zaomyceticus_strain_NBC_01228	1.0	1.0	0/1000
P._hexagrammi_strain_YPD9-1	S._zaomyceticus_strain_NBC_01228	1.0	1.0	0/1000
P._polymyxa_strain_P3	S._zaomyceticus_strain_NBC_01228	1.0	1.0	0/1000
P._simiae_strain_FP689	S._zaomyceticus_strain_NBC_01228	1.0	1.0	0/1000
P._sp._FSL_L8-0436	S._zaomyceticus_strain_NBC_01228	1.0	1.0	0/1000
S._aureus_strain_BPH2900_isolate_BPH2900	S._zaomyceticus_strain_NBC_01228	1.0	1.0	0/1000
S._aureus_strain_MSHS_PS00038.1A	S._zaomyceticus_strain_NBC_01228	1.0	1.0	0/1000
S._tsukubensis_strain_NRRL_18488	S._zaomyceticus_strain_NBC_01228	0.174408	1.50812e-49	13/1000
S._zaomyceticus_strain_NBC_01228	S._zaomyceticus_strain_NBC_01228	0.0	0.0	1000/1000
V._ainsalahensis_strain_JCM_30907	S._zaomyceticus_strain_NBC_01228	1.0	1.0	0/1000
V._dokdonensis_strain_21D	S._zaomyceticus_strain_NBC_01228	1.0	1.0	0/1000
V._siamensis_strain_JCM_15395	S._zaomyceticus_strain_NBC_01228	1.0	1.0	0/1000
A._sp._XH2	V._ainsalahensis_strain_JCM_30907	1.0	1.0	0/1000
A._thermoaerophilus_strain_AFn2	V._ainsalahensis_strain_JCM_30907	1.0	1.0	0/1000
A._thermoaerophilus_strain_CCM_8960	V._ainsalahensis_strain_JCM_30907	1.0	1.0	0/1000
B._altitudinis_strain_Ba1449	V._ainsalahensis_strain_JCM_30907	0.295981	0.000430636	1/1000
B._atrophaeus_strain_globigii	V._ainsalahensis_strain_JCM_30907	0.295981	0.000456059	1/1000
B._borstelensis_strain_SLAM-AEPS2	V._ainsalahensis_strain_JCM_30907	1.0	1.0	0/1000
B._brevis_strain_DZQ7	V._ainsalahensis_strain_JCM_30907	1.0	1.0	0/1000
B._cereus_strain_2-6A	V._ainsalahensis_strain_JCM_30907	0.295981	0.000528303	1/1000
B._laterosporus_strain_Bl-zj	V._ainsalahensis_strain_JCM_30907	1.0	1.0	0/1000
B._licheniformis_strain_FUA2151	V._ainsalahensis_strain_JCM_30907	0.295981	0.000459752	1/1000
B._ovatus_strain_BFG-261	V._ainsalahensis_strain_JCM_30907	1.0	1.0	0/1000
B._paralicheniformis_strain_285-3	V._ainsalahensis_strain_JCM_30907	0.295981	0.000463622	1/1000
B._paranthracis_strain_PR1	V._ainsalahensis_strain_JCM_30907	0.295981	0.000508617	1/1000
B._sp._41-22	V._ainsalahensis_strain_JCM_30907	0.295981	0.000506279	1/1000
B._sp._HF-162	V._ainsalahensis_strain_JCM_30907	1.0	1.0	0/1000
B._subtilis_strain_75	V._ainsalahensis_strain_JCM_30907	0.295981	0.000455058	1/1000
B._subtilis_strain_B171	V._ainsalahensis_strain_JCM_30907	0.295981	0.000461815	1/1000
B._subtilis_strain_JNF2	V._ainsalahensis_strain_JCM_30907	0.295981	0.000458155	1/1000
B._subtilis_strain_SRCM104011	V._ainsalahensis_strain_JCM_30907	0.295981	0.000452334	1/1000
B._subtilis_subsp._subtilis_isolate_FELIX_MS9	V._ainsalahensis_strain_JCM_30907	0.295981	0.000458624	1/1000
B._velezensis_strain_CN026	V._ainsalahensis_strain_JCM_30907	0.295981	0.000446416	1/1000
B._velezensis_strain_PTA-127065	V._ainsalahensis_strain_JCM_30907	0.295981	0.000450104	1/1000
B._velezensis_strain_Soil-4-2	V._ainsalahensis_strain_JCM_30907	0.295981	0.000442878	1/1000
B._velezensis_strain_UA0276	V._ainsalahensis_strain_JCM_30907	0.295981	0.000439172	1/1000
B._velezensis_strain_W1	V._ainsalahensis_strain_JCM_30907	0.295981	0.000459284	1/1000
E._coli_strain_2015C-3163	V._ainsalahensis_strain_JCM_30907	1.0	1.0	0/1000
E._coli_strain_CUVET20-1573	V._ainsalahensis_strain_JCM_30907	1.0	1.0	0/1000
FO-S2_contigs	V._ainsalahensis_strain_JCM_30907	0.295981	0.000455538	1/1000
L._capsici_strain_InaCC_B347	V._ainsalahensis_strain_JCM_30907	0.295981	0.000472916	1/1000
L._fusiformis_strain_MGMM7	V._ainsalahensis_strain_JCM_30907	0.295981	0.000506753	1/1000
L._sp._FSL_W7-1291	V._ainsalahensis_strain_JCM_30907	0.295981	0.000475356	1/1000
M._shinjukuense_strain_MSJ-20	V._ainsalahensis_strain_JCM_30907	1.0	1.0	0/1000
M._tuberculosis_strain_Beijing-like_36918	V._ainsalahensis_strain_JCM_30907	1.0	1.0	0/1000
P._aeruginosa_strain_SHPHC59	V._ainsalahensis_strain_JCM_30907	1.0	1.0	0/1000
P._hexagrammi_strain_YPD9-1	V._ainsalahensis_strain_JCM_30907	0.295981	0.000555005	1/1000
P._polymyxa_strain_P3	V._ainsalahensis_strain_JCM_30907	0.295981	0.000530385	1/1000
P._simiae_strain_FP689	V._ainsalahensis_strain_JCM_30907	1.0	1.0	0/1000
P._sp._FSL_L8-0436	V._ainsalahensis_strain_JCM_30907	0.295981	0.000576878	1/1000
S._aureus_strain_BPH2900_isolate_BPH2900	V._ainsalahensis_strain_JCM_30907	0.295981	0.000370946	1/1000
S._aureus_strain_MSHS_PS00038.1A	V._ainsalahensis_strain_JCM_30907	0.295981	0.000386162	1/1000
S._tsukubensis_strain_NRRL_18488	V._ainsalahensis_strain_JCM_30907	1.0	1.0	0/1000
S._zaomyceticus_strain_NBC_01228	V._ainsalahensis_strain_JCM_30907	1.0	1.0	0/1000
V._ainsalahensis_strain_JCM_30907	V._ainsalahensis_strain_JCM_30907	0.0	0.0	1000/1000
V._dokdonensis_strain_21D	V._ainsalahensis_strain_JCM_30907	0.263022	1.05999e-07	2/1000
V._siamensis_strain_JCM_15395	V._ainsalahensis_strain_JCM_30907	0.263022	9.16098e-08	2/1000
A._sp._XH2	V._dokdonensis_strain_21D	1.0	1.0	0/1000
A._thermoaerophilus_strain_AFn2	V._dokdonensis_strain_21D	1.0	1.0	0/1000
A._thermoaerophilus_strain_CCM_8960	V._dokdonensis_strain_21D	1.0	1.0	0/1000
B._altitudinis_strain_Ba1449	V._dokdonensis_strain_21D	0.295981	0.000451507	1/1000
B._atrophaeus_strain_globigii	V._dokdonensis_strain_21D	0.295981	0.000479535	1/1000
B._borstelensis_strain_SLAM-AEPS2	V._dokdonensis_strain_21D	1.0	1.0	0/1000
B._brevis_strain_DZQ7	V._dokdonensis_strain_21D	1.0	1.0	0/1000
B._cereus_strain_2-6A	V._dokdonensis_strain_21D	0.295981	0.000560065	1/1000
B._laterosporus_strain_Bl-zj	V._dokdonensis_strain_21D	1.0	1.0	0/1000
B._licheniformis_strain_FUA2151	V._dokdonensis_strain_21D	0.295981	0.00048362	1/1000
B._ovatus_strain_BFG-261	V._dokdonensis_strain_21D	1.0	1.0	0/1000
B._paralicheniformis_strain_285-3	V._dokdonensis_strain_21D	0.295981	0.000487904	1/1000
B._paranthracis_strain_PR1	V._dokdonensis_strain_21D	0.295981	0.00053799	1/1000
B._sp._41-22	V._dokdonensis_strain_21D	0.295981	0.000535375	1/1000
B._sp._HF-162	V._dokdonensis_strain_21D	1.0	1.0	0/1000
B._subtilis_strain_75	V._dokdonensis_strain_21D	0.295981	0.000478428	1/1000
B._subtilis_strain_B171	V._dokdonensis_strain_21D	0.295981	0.000485903	1/1000
B._subtilis_strain_JNF2	V._dokdonensis_strain_21D	0.295981	0.000481853	1/1000
B._subtilis_strain_SRCM104011	V._dokdonensis_strain_21D	0.295981	0.000475418	1/1000
B._subtilis_subsp._subtilis_isolate_FELIX_MS9	V._dokdonensis_strain_21D	0.295981	0.000482371	1/1000
B._velezensis_strain_CN026	V._dokdonensis_strain_21D	0.295981	0.000468885	1/1000
B._velezensis_strain_PTA-127065	V._dokdonensis_strain_21D	0.295981	0.000472956	1/1000
B._velezensis_strain_Soil-4-2	V._dokdonensis_strain_21D	0.295981	0.000464983	1/1000
B._velezensis_strain_UA0276	V._dokdonensis_strain_21D	0.295981	0.0004609	1/1000
B._velezensis_strain_W1	V._dokdonensis_strain_21D	0.295981	0.000483102	1/1000
E._coli_strain_2015C-3163	V._dokdonensis_strain_21D	1.0	1.0	0/1000
E._coli_strain_CUVET20-1573	V._dokdonensis_strain_21D	1.0	1.0	0/1000
FO-S2_contigs	V._dokdonensis_strain_21D	0.295981	0.00047896	1/1000
L._capsici_strain_InaCC_B347	V._dokdonensis_strain_21D	0.295981	0.000498207	1/1000
L._fusiformis_strain_MGMM7	V._dokdonensis_strain_21D	0.295981	0.000535905	1/1000
L._sp._FSL_W7-1291	V._dokdonensis_strain_21D	0.295981	0.000500917	1/1000
M._shinjukuense_strain_MSJ-20	V._dokdonensis_strain_21D	1.0	1.0	0/1000
M._tuberculosis_strain_Beijing-like_36918	V._dokdonensis_strain_21D	1.0	1.0	0/1000
P._aeruginosa_strain_SHPHC59	V._dokdonensis_strain_21D	1.0	1.0	0/1000
P._hexagrammi_strain_YPD9-1	V._dokdonensis_strain_21D	0.295981	0.000590165	1/1000
P._polymyxa_strain_P3	V._dokdonensis_strain_21D	0.295981	0.000562405	1/1000
P._simiae_strain_FP689	V._dokdonensis_strain_21D	1.0	1.0	0/1000
P._sp._FSL_L8-0436	V._dokdonensis_strain_21D	0.295981	0.00061496	1/1000
S._aureus_strain_BPH2900_isolate_BPH2900	V._dokdonensis_strain_21D	0.263022	7.45603e-08	2/1000
S._aureus_strain_MSHS_PS00038.1A	V._dokdonensis_strain_21D	0.263022	8.10787e-08	2/1000
S._tsukubensis_strain_NRRL_18488	V._dokdonensis_strain_21D	1.0	1.0	0/1000
S._zaomyceticus_strain_NBC_01228	V._dokdonensis_strain_21D	1.0	1.0	0/1000
V._ainsalahensis_strain_JCM_30907	V._dokdonensis_strain_21D	0.263022	1.05999e-07	2/1000
V._dokdonensis_strain_21D	V._dokdonensis_strain_21D	0.0	0.0	1000/1000
V._siamensis_strain_JCM_15395	V._dokdonensis_strain_21D	0.295981	0.000448858	1/1000
A._sp._XH2	V._siamensis_strain_JCM_15395	1.0	1.0	0/1000
A._thermoaerophilus_strain_AFn2	V._siamensis_strain_JCM_15395	1.0	1.0	0/1000
A._thermoaerophilus_strain_CCM_8960	V._siamensis_strain_JCM_15395	1.0	1.0	0/1000
B._altitudinis_strain_Ba1449	V._siamensis_strain_JCM_15395	0.295981	0.000420332	1/1000
B._atrophaeus_strain_globigii	V._siamensis_strain_JCM_15395	0.295981	0.000444519	1/1000
B._borstelensis_strain_SLAM-AEPS2	V._siamensis_strain_JCM_15395	1.0	1.0	0/1000
B._brevis_strain_DZQ7	V._siamensis_strain_JCM_15395	1.0	1.0	0/1000
B._cereus_strain_2-6A	V._siamensis_strain_JCM_15395	0.295981	0.000512879	1/1000
B._laterosporus_strain_Bl-zj	V._siamensis_strain_JCM_15395	1.0	1.0	0/1000
B._licheniformis_strain_FUA2151	V._siamensis_strain_JCM_15395	0.295981	0.000448027	1/1000
B._ovatus_strain_BFG-261	V._siamensis_strain_JCM_15395	1.0	1.0	0/1000
B._paralicheniformis_strain_285-3	V._siamensis_strain_JCM_15395	0.295981	0.000451701	1/1000
B._paranthracis_strain_PR1	V._siamensis_strain_JCM_15395	0.295981	0.000494306	1/1000
B._sp._41-22	V._siamensis_strain_JCM_15395	0.295981	0.000492097	1/1000
B._sp._HF-162	V._siamensis_strain_JCM_15395	1.0	1.0	0/1000
B._subtilis_strain_75	V._siamensis_strain_JCM_15395	0.263022	9.82924e-08	2/1000
B._subtilis_strain_B171	V._siamensis_strain_JCM_15395	0.263022	1.01157e-07	2/1000
B._subtilis_strain_JNF2	V._siamensis_strain_JCM_15395	0.263022	9.96008e-08	2/1000
B._subtilis_strain_SRCM104011	V._siamensis_strain_JCM_15395	0.263022	9.71485e-08	2/1000
B._subtilis_subsp._subtilis_isolate_FELIX_MS9	V._siamensis_strain_JCM_15395	0.263022	9.97995e-08	2/1000
B._velezensis_strain_CN026	V._siamensis_strain_JCM_15395	0.295981	0.000435353	1/1000
B._velezensis_strain_PTA-127065	V._siamensis_strain_JCM_15395	0.295981	0.00043886	1/1000
B._velezensis_strain_Soil-4-2	V._siamensis_strain_JCM_15395	0.295981	0.000431987	1/1000
B._velezensis_strain_UA0276	V._siamensis_strain_JCM_15395	0.295981	0.000428461	1/1000
B._velezensis_strain_W1	V._siamensis_strain_JCM_15395	0.295981	0.000447582	1/1000
E._coli_strain_2015C-3163	V._siamensis_strain_JCM_15395	1.0	1.0	0/1000
E._coli_strain_CUVET20-1573	V._siamensis_strain_JCM_15395	1.0	1.0	0/1000
FO-S2_contigs	V._siamensis_strain_JCM_15395	0.295981	0.000444025	1/1000
L._capsici_strain_InaCC_B347	V._siamensis_strain_JCM_15395	0.295981	0.000460518	1/1000
L._fusiformis_strain_MGMM7	V._siamensis_strain_JCM_15395	0.295981	0.000492545	1/1000
L._sp._FSL_W7-1291	V._siamensis_strain_JCM_15395	0.263022	1.07016e-07	2/1000
M._shinjukuense_strain_MSJ-20	V._siamensis_strain_JCM_15395	1.0	1.0	0/1000
M._tuberculosis_strain_Beijing-like_36918	V._siamensis_strain_JCM_15395	1.0	1.0	0/1000
P._aeruginosa_strain_SHPHC59	V._siamensis_strain_JCM_15395	1.0	1.0	0/1000
P._hexagrammi_strain_YPD9-1	V._siamensis_strain_JCM_15395	0.295981	0.000538007	1/1000
P._polymyxa_strain_P3	V._siamensis_strain_JCM_15395	0.295981	0.000514841	1/1000
P._simiae_strain_FP689	V._siamensis_strain_JCM_15395	1.0	1.0	0/1000
P._sp._FSL_L8-0436	V._siamensis_strain_JCM_15395	0.295981	0.000558537	1/1000
S._aureus_strain_BPH2900_isolate_BPH2900	V._siamensis_strain_JCM_15395	0.295981	0.000363276	1/1000
S._aureus_strain_MSHS_PS00038.1A	V._siamensis_strain_JCM_15395	0.295981	0.000377856	1/1000
S._tsukubensis_strain_NRRL_18488	V._siamensis_strain_JCM_15395	1.0	1.0	0/1000
S._zaomyceticus_strain_NBC_01228	V._siamensis_strain_JCM_15395	1.0	1.0	0/1000
V._ainsalahensis_strain_JCM_30907	V._siamensis_strain_JCM_15395	0.263022	9.16098e-08	2/1000
V._dokdonensis_strain_21D	V._siamensis_strain_JCM_15395	0.295981	0.000448858	1/1000
V._siamensis_strain_JCM_15395	V._siamensis_strain_JCM_15395	0.0	0.0	1000/1000
